fromId|toId|createTime|relation
9895604664984|3298534889855|1662677844467|business associate
12094627940536|9895604655327|1656179369645|business associate
12094627940536|2199023261562|1662449722060|business associate
14293651176089|8796093058474|1670237907552|business associate
3298534908331|4398046528201|1672423636808|business associate
5497558143884|4398046536941|1662226669484|business associate
5497558143884|5497558165031|1667452626052|business associate
14293651176092|13194139570741|1669019214521|business associate
14293651176092|12094627942997|1671843296046|business associate
4398046536108|9895604656251|1649166599134|business associate
7696581419437|12094627930559|1666050451967|business associate
7696581419437|5497558164151|1657227301429|business associate
1099511662781|14293651187446|1665191240676|business associate
1099511662781|13194139559965|1665259025550|business associate
2199023260558|13194139560440|1665060306265|business associate
2199023290558|12094627910640|1654348148210|business associate
2199023290558|15393162826130|1672051326132|business associate
5497558143887|5497558175979|1641479100375|business associate
5497558143887|15393162814996|1672150416628|business associate
8796093037216|13194139568619|1667894930541|business associate
8796093037216|15393162815533|1672132203671|business associate
4398046516113|5497558175791|1634018707475|business associate
12094627940545|37149|1665966408302|business associate
5011|6597069793566|1644261355863|business associate
6597069781669|7696581399996|1672399573718|business associate
6597069781669|5497558165433|1630061049724|business associate
13194139538326|9895604675874|1667050109039|business associate
25014|14293651196246|1669336034318|business associate
5015|12094627921924|1661365606702|business associate
3298534908343|3298534909668|1612849281696|business associate
3298534908343|5497558176174|1671794778351|business associate
35015|13194139558318|1657680536086|business associate
13194139538328|14293651197539|1671628395887|business associate
13194139538328|4398046537891|1668348258568|business associate
2199023280568|2199023282659|1654989870304|business associate
14293651196104|5831|1670052935737|business associate
10995116282777|1099511645025|1667012627140|business associate
10995116282777|13194139568965|1671645443142|business associate
6597069791673|9895604685075|1648064417477|business associate
6597069791673|3298534890475|1619686795489|business associate
14293651196105|7696581419532|1671512900047|business associate
3298534908346|13194139568350|1666908830517|business associate
3298534908346|7696581419521|1664329943335|business associate
10995116282779|8796093059312|1651605413261|business associate
8796093037228|8796093048043|1661705612254|business associate
8796093037229|2199023262112|1654622581973|business associate
4398046546125|15393162814897|1671970115227|business associate
4398046546125|4398046547249|1660323562426|business associate
2199023280574|1099511634610|1605434973249|business associate
2199023280574|37191|1655045369942|business associate
5497558173902|6597069804095|1672346200562|business associate
1099511642799|3298534910319|1613830048637|business associate
3298534918351|2199023282526|1641402171834|business associate
9895604665008|3298534919210|1671327493746|business associate
9895604665008|5497558174604|1656597499487|business associate
5497558143905|3298534898455|1620137657539|business associate
15026|2199023282491|1653418806644|business associate
3298534908354|5497558165480|1626398665344|business associate
3298534908354|14293651186605|1668926797482|business associate
8796093037235|3298534898696|1669127094654|business associate
8796093037235|3298534909906|1643497579696|business associate
4398046536131|3298534908343|1630045847987|business associate
4398046536131|14293651187511|1670071542726|business associate
6597069791684|12094627920814|1665590356067|business associate
9895604655013|7696581420865|1646211971859|business associate
12094627930565|10995116283474|1660501601278|business associate
12094627930565|13194139559446|1669897959092|business associate
3298534898358|12094627932067|1660539544732|business associate
3298534898358|12094627932959|1662537492792|business associate
10995116292791|1099511664262|1647918864529|business associate
13194139568343|13194139570259|1666103248070|business associate
10995116282792|4398046517388|1667589479959|business associate
10995116282792|4398046547712|1652433039596|business associate
12094627940568|3298534890800|1667811326173|business associate
5497558143913|7696581409715|1643966767960|business associate
5497558143913|14293651196655|1672145644328|business associate
9895604685017|5497558144507|1646591541276|business associate
2199023270586|35630|1626249808507|business associate
2199023270586|8796093037484|1645922652007|business associate
5035|9895604685588|1661681229937|business associate
6597069801691|3298534918610|1630526994717|business associate
3298534898364|12094627920584|1661499517366|business associate
2199023290588|5497558144273|1618388316450|business associate
1099511642813|7696581400830|1656425802905|business associate
2199023290589|7696581420618|1648288131783|business associate
2199023280590|7696581411173|1658089503513|business associate
2199023280590|9895604657136|1642435948549|business associate
15393162793903|15334|1672474338791|business associate
15393162793903|6597069801864|1671382982146|business associate
9895604675023|2199023282327|1657377265002|business associate
3298534918368|5497558166076|1671906092491|business associate
3298534918368|1099511663709|1617341873959|business associate
5497558173921|8796093059683|1644078891463|business associate
12094627910578|12094627921273|1663494858968|business associate
12094627910578|3298534920238|1669669221490|business associate
6597069791698|7696581431473|1630668348457|business associate
8796093057250|5497558164297|1660189258927|business associate
4398046516147|5497558144496|1637451015129|business associate
4398046516147|7324|1664866662633|business associate
6597069771700|8796093047249|1667139280098|business associate
6597069771700|15393162806341|1672285152471|business associate
6597069801701|2199023291021|1649042230637|business associate
15046|5497558166160|1639587599736|business associate
5497558163926|15614|1670099258145|business associate
5497558163926|8796093047387|1636409468729|business associate
2199023260599|10995116282836|1661778901881|business associate
2199023260599|4398046518010|1610466020604|business associate
13194139548359|13194139549101|1663272992760|business associate
6597069791703|15393162804178|1672255043632|business associate
6597069791703|13194139570098|1667569406421|business associate
13194139568359|2199023261866|1667434099248|business associate
9895604685032|4398046546381|1668120156450|business associate
1099511632825|2199023272538|1628757785476|business associate
12094627920585|1099511634551|1656096871603|business associate
12094627920585|4398046517861|1663330633235|business associate
5497558153930|6597069792640|1628228015947|business associate
14293651186138|7696581409546|1672088747199|business associate
14293651186138|6597069772764|1672456593789|business associate
2199023260604|5497558154284|1660702248143|business associate
13194139558364|10995116314088|1663151217886|business associate
6597069801708|13194139538437|1672229440148|business associate
15393162793917|10995116294559|1671074878613|business associate
15393162793917|8796093057848|1670705068525|business associate
9895604665037|26448|1671447678075|business associate
9895604665037|12094627911717|1670385755474|business associate
5497558163933|7696581429798|1639592181894|business associate
3298534888382|9895604667161|1661927601278|business associate
6597069791710|2199023292861|1668980113379|business associate
12094627940590|6597069803132|1662931435062|business associate
6597069771711|6597069781734|1648357397239|business associate
4398046526159|15393162805009|1670253448693|business associate
7696581419488|13194139570653|1664922811485|business associate
7696581419488|1099511643375|1646477234637|business associate
12094627930593|9895604676727|1660659042310|business associate
12094627930593|12094627942494|1669260903059|business associate
6597069781714|2199023281994|1666048373869|business associate
7696581409491|3298534918477|1655426828048|business associate
4398046546163|9895604667235|1657570913134|business associate
6597069771716|2199023271102|1664387200541|business associate
9895604665044|4398046528530|1657617624946|business associate
8796093027269|1099511633182|1637531223491|business associate
8796093027269|4398046517773|1659569393036|business associate
9895604665045|6597069793815|1650215367241|business associate
8796093027271|12094627922110|1654968785195|business associate
4398046526167|5497558155793|1652714536374|business associate
8796093027272|8796093038320|1661441077508|business associate
14293651166153|3298534899749|1669857763029|business associate
13194139558378|8796093059475|1669478938327|business associate
13194139558378|8796093058226|1668455930953|business associate
6597069771723|2199023260800|1639455345336|business associate
13194139548379|2199023291794|1659349380918|business associate
13194139548379|7696581430367|1658140782365|business associate
10995116302827|2199023272913|1654306652919|business associate
10995116302827|4398046538485|1656684368410|business associate
9895604685051|8796093047875|1661974336501|business associate
14293651166156|4398046527913|1667088787614|business associate
14293651166156|5497558166351|1667861890254|business associate
1099511642844|8796093058232|1641366449264|business associate
12094627940605|8796093027796|1660188883080|business associate
12094627940605|4398046547231|1671903138925|business associate
6597069771726|4398046516296|1637326076476|business associate
6597069771726|4398046517010|1657614384277|business associate
4398046526174|1099511663266|1646098276896|business associate
4398046526174|2199023272237|1626129172042|business associate
15393162813934|36806|1671399652665|business associate
13194139548383|15393162804621|1671143687274|business associate
35071|13194139559915|1661449192948|business associate
35071|5497558165261|1643385247180|business associate
15393162793936|10995116293308|1672412798387|business associate
15393162793936|12094627922823|1671538391207|business associate
12094627920608|3298534909337|1657328048908|business associate
12094627920608|15393162795972|1671535733664|business associate
13194139568384|12094627930811|1661631086332|business associate
9895604665057|12094627921650|1661972364056|business associate
9895604665057|3298534889354|1671150637607|business associate
5497558163953|4398046516279|1637029709457|business associate
5497558163953|5497558156149|1630605041815|business associate
9895604675058|4398046527333|1648741353929|business associate
7696581419507|9895604676662|1651160580146|business associate
10995116292836|15393162794233|1671906727746|business associate
10995116292836|7696581409657|1671549639885|business associate
8796093037285|13194139570414|1668360300520|business associate
8796093037285|14293651178104|1670973382011|business associate
6597069791733|9895604665144|1655592366891|business associate
4398046536182|2199023280978|1633153710909|business associate
4398046536182|7696581420810|1661083111717|business associate
8796093037287|9895604667161|1656602106634|business associate
1099511662855|13194139550329|1660042408147|business associate
1099511662855|10995116283280|1647245577842|business associate
13194139568392|15393162814544|1671896201186|business associate
13194139568392|1099511643908|1663945181766|business associate
1099511632857|8796093049652|1662532047334|business associate
13194139558393|8796093059036|1666745327131|business associate
1099511632858|10995116314511|1655959367243|business associate
9895604665066|7696581429993|1658098989883|business associate
5497558173962|15897|1650148945981|business associate
5497558173962|3298534908860|1653850176709|business associate
14293651176171|9895604656952|1670955212473|business associate
25083|4398046517388|1610514456523|business associate
25083|14293651197288|1669745525562|business associate
5497558173963|8796093038308|1662130331570|business associate
5497558173963|7696581430376|1645953482607|business associate
2199023280636|4398046527264|1620312348330|business associate
2199023280636|2199023281643|1648932016869|business associate
5497558173964|8796093037235|1656918146527|business associate
5497558173964|4398046546687|1629439766244|business associate
2199023260637|13194139550778|1661599572595|business associate
2199023260637|2199023292280|1635179346248|business associate
25085|37482|1608681849021|business associate
15086|8796093037895|1633960093499|business associate
25086|2199023291045|1637108514955|business associate
12094627930623|1099511632989|1653580302334|business associate
7696581399520|9895604675950|1663409916011|business associate
8796093037296|14293651196620|1669724132696|business associate
8796093037296|5497558144438|1633368934282|business associate
6597069791744|4398046527683|1633265173666|business associate
9895604655073|1099511664865|1653981354987|business associate
7696581419521|26623|1633476830213|business associate
7696581419521|10995116302979|1650778297021|business associate
10995116312850|4398046527233|1650158684296|business associate
3298534908419|10995116303415|1665364174981|business associate
3298534908419|2199023262615|1633411324386|business associate
9895604685075|4398046517019|1663421782412|business associate
13194139558404|13194139569088|1670004024782|business associate
13194139558404|4398046536131|1672316390744|business associate
3298534918420|4398046518429|1645893339170|business associate
3298534898421|14293651187027|1668519347554|business associate
12094627910633|25818|1668438605729|business associate
12094627910633|5497558164001|1672435887134|business associate
3298534898425|9895604676464|1641272167035|business associate
3298534898425|10995116294089|1670466483073|business associate
10995116302857|8796093057876|1651564124430|business associate
10995116312858|12094627942086|1665473623735|business associate
10995116312858|5497558174228|1659911770479|business associate
10995116282859|14293651167044|1669601201890|business associate
10995116282859|3298534900153|1661680351123|business associate
13194139538412|8796093059370|1671552259586|business associate
13194139538412|2199023272934|1666851926213|business associate
7696581419532|14293651186845|1670466636630|business associate
8796093057308|12094627912345|1657951544341|business associate
9895604655085|13194139538339|1667917884141|business associate
9895604655085|15393162824482|1672223623195|business associate
15101|5300|1613756671854|business associate
9895604685085|5497558174064|1656883009755|business associate
9895604685085|2199023280943|1651752545289|business associate
7696581399534|10995116293231|1647634262297|business associate
5497558143983|7696581399857|1668944822558|business associate
5497558143983|5497558175365|1619980901811|business associate
2199023280655|5497558174379|1661071231942|business associate
2199023280655|8796093058997|1666705660033|business associate
12094627910640|5497558174742|1664043754157|business associate
12094627910640|7696581410626|1667996333897|business associate
14293651186192|4398046526607|1671346270614|business associate
14293651186192|9895604655433|1665082205937|business associate
8796093027313|2199023261381|1651434344757|business associate
3298534898433|6597069801753|1653580519356|business associate
3298534898433|14293651187441|1668568207899|business associate
6597069791761|10995116303122|1660064043271|business associate
6597069791761|8796093049504|1633513966468|business associate
7696581429537|15393162804246|1669680031457|business associate
5106|36890|1654013217822|business associate
5106|7176|1624420220779|business associate
7696581419538|7696581400292|1655633623018|business associate
7696581419538|10995116313166|1663297911756|business associate
35106|7696581430376|1646480613632|business associate
3298534888435|10995116294580|1662523250480|business associate
14293651166196|2199023271621|1668212023366|business associate
1099511662884|6597069803678|1662319447024|business associate
1099511652885|4398046516251|1649467874257|business associate
12094627930646|12094627910867|1670338239412|business associate
12094627930646|8796093059372|1670017493655|business associate
7696581429542|10995116294160|1651722702116|business associate
5497558143991|14293651166587|1667525320545|business associate
7696581419543|3298534899849|1633428101046|business associate
7696581419543|8796093039610|1664594754776|business associate
15112|7696581420757|1641664330763|business associate
14293651196200|4398046527501|1668646632765|business associate
14293651196200|2199023262191|1666913786662|business associate
4398046526217|14293651168350|1669638801200|business associate
8796093047321|4398046537376|1657604366600|business associate
8796093057321|13194139569005|1663521472304|business associate
8796093057321|5497558144390|1632327968899|business associate
9895604665100|8796093047536|1661365085984|business associate
9895604665100|7696581420889|1651663574126|business associate
5497558163998|15393162795264|1672006870659|business associate
5497558163998|2199023290563|1646031190249|business associate
10995116312878|6597069793783|1651350971778|business associate
5119|15393162824172|1671042386325|business associate
7696581409552|6597069793927|1670041933551|business associate
6597069791776|8796093027269|1654497691872|business associate
5497558164001|1099511635070|1647583060759|business associate
8796093027330|4398046527113|1647282368352|business associate
1099511652899|5497558155417|1662740817897|business associate
1099511652899|12094627931815|1651538565333|business associate
10995116312883|1099511653421|1653785877160|business associate
13194139538437|14293651196387|1667796722508|business associate
13194139538437|10995116283223|1667287056519|business associate
12094627920661|1099511643380|1667406731701|business associate
3298534898455|1099511653273|1601752744135|business associate
3298534898455|3298534890733|1631039817897|business associate
1099511652904|9895604676048|1657901904374|business associate
1099511652904|6597069774035|1640453338011|business associate
12094627910665|9895604687404|1658948789118|business associate
4398046526233|9895604685075|1661987346740|business associate
35130|27179|1638242780646|business associate
35130|8796093049619|1665948404964|business associate
7696581399563|5497558166229|1632801480174|business associate
7696581429563|6597069772260|1633699140425|business associate
4398046516236|7005|1633014536350|business associate
4398046516236|3298534900585|1636630493983|business associate
5497558154014|13194139539854|1670531217069|business associate
4398046536238|10995116283301|1662340701427|business associate
1099511652911|3298534918924|1641476908936|business associate
5497558154016|14293651176885|1669390267317|business associate
5497558154016|5497558154281|1656054744115|business associate
3298534888465|37139|1654784915141|business associate
3298534888465|9895604686202|1656661220526|business associate
3298534898465|1099511643172|1664344247794|business associate
3298534898465|16615|1624498702022|business associate
4398046536241|9895604666830|1667638833679|business associate
15138|6067|1583561417087|business associate
15138|13194139549354|1667643904149|business associate
4398046546242|13194139549697|1665776614246|business associate
2199023260693|14293651186224|1670948969161|business associate
12094627920677|10995116294018|1670204835184|business associate
6597069771798|5180|1657066402148|business associate
6597069771798|9895604675014|1652603277738|business associate
10995116312902|12094627940568|1670120038661|business associate
10995116312902|8796093027511|1668006806290|business associate
7696581399575|9895604656786|1655604278483|business associate
6597069791799|10995116293401|1651272920542|business associate
6597069791799|5497558175596|1626228104995|business associate
10995116292904|13194139570112|1665730280572|business associate
14293651186233|10995116284103|1671876153792|business associate
10995116302906|12094627930854|1667064659555|business associate
10995116302906|6597069793956|1672012627252|business associate
3298534918477|15393162795306|1671635509197|business associate
1099511642926|8796093047714|1664501812703|business associate
6597069771807|10995116314114|1657550638977|business associate
8796093027361|25341|1655247493361|business associate
14293651176241|10995116305259|1671315638037|business associate
10995116312913|4398046518575|1669044928990|business associate
14293651166242|6597069783174|1670770533295|business associate
1099511642931|1099511664927|1640750935895|business associate
15393162814019|12094627942033|1670305295953|business associate
4398046526260|4398046536560|1611203667905|business associate
4398046526260|6597069791698|1656315426000|business associate
7696581429588|5497558155274|1634484681043|business associate
7696581429588|13194139558956|1669087078539|business associate
5497558164037|5497558156207|1634089678791|business associate
5497558164037|7696581421733|1667278418498|business associate
15393162804022|8796093047379|1671450404966|business associate
15393162804022|1099511653144|1672420330961|business associate
14293651196246|7696581420234|1669345297615|business associate
14293651196246|7696581431086|1671583783969|business associate
8796093027367|1099511643665|1640256301923|business associate
10995116292919|27158|1665649021973|business associate
8796093047367|3298534900726|1635961717926|business associate
8796093057367|6597069782548|1651227258619|business associate
8796093057367|5497558174358|1648920657928|business associate
5497558144040|3298534900265|1643778435189|business associate
9895604655145|13194139540630|1665293873265|business associate
13194139538474|14293651166730|1671975141931|business associate
13194139538474|10995116283411|1669211993887|business associate
3298534908490|2199023281448|1618055124987|business associate
3298534908490|13194139550516|1660403376693|business associate
13194139538475|6597069784119|1662164811926|business associate
5497558164043|8796093047903|1652823400321|business associate
5497558164043|14293651168051|1668693885373|business associate
7696581409596|7696581421787|1649164352491|business associate
7696581409596|10995116284887|1669946377083|business associate
2199023280716|7696581430766|1663511195992|business associate
2199023280716|13194139569369|1662223432857|business associate
1099511662940|5497558145737|1645390083694|business associate
1099511662940|5497558174575|1649442130038|business associate
14293651166253|10995116294498|1672263888728|business associate
14293651166253|25721|1666860762801|business associate
2199023270717|3298534918420|1640443289211|business associate
2199023270717|1099511634705|1652730603444|business associate
10995116292926|10995116314393|1652542156983|business associate
3298534918494|2199023283030|1620773468052|business associate
3298534918494|10995116283674|1667278299479|business associate
6597069781823|12094627911619|1653297794529|business associate
12094627940703|26537|1670455033503|business associate
1099511652944|5497558154881|1629261386268|business associate
1099511652944|5497558144755|1630764909197|business associate
14293651196256|7696581401116|1671870247308|business associate
14293651196256|9895604665396|1669053056830|business associate
7696581419601|8796093039139|1639845951428|business associate
6597069771826|16747|1624602720996|business associate
4398046526275|25259|1653913591942|business associate
8796093057379|2199023291206|1644400212282|business associate
8796093057379|4398046518227|1654922254055|business associate
4398046516276|4398046547821|1641154328930|business associate
7696581419604|6597069792640|1645350847141|business associate
8796093027381|14293651168457|1664733796240|business associate
8796093027381|9895604686144|1643324047473|business associate
13194139568485|14293651196151|1668499196271|business associate
13194139568485|13194139539240|1664058347212|business associate
7696581409606|2199023291241|1668160621732|business associate
2199023280726|4398046548591|1633450021318|business associate
2199023280726|6597069773503|1627451093461|business associate
35174|16631|1645382930079|business associate
35174|5497558175272|1633485137916|business associate
4398046516279|4398046517773|1637172788471|business associate
10995116292935|8796093048616|1660500717750|business associate
10995116292935|2199023272247|1670041482863|business associate
12094627940711|7696581400653|1670074561213|business associate
6597069801832|1099511654321|1672292218869|business associate
15177|8796093028815|1663272478778|business associate
15177|1099511654321|1668674140698|business associate
14293651186265|8796093037595|1670859887872|business associate
14293651186265|7696581421529|1667078809442|business associate
6597069791834|17105|1665838210593|business associate
4398046516283|8796093028625|1636875166948|business associate
4398046516283|8796093037229|1643579111775|business associate
8796093047387|3298534900650|1670720614081|business associate
8796093047387|6597069773369|1660134326289|business associate
13194139568491|2199023281621|1666622376915|business associate
6597069801837|4398046548186|1630077790055|business associate
6597069771838|7696581409757|1666816480230|business associate
5497558154062|12094627930968|1653467517001|business associate
5497558154062|14293651186693|1668067170156|business associate
3298534908510|3298534918385|1602335755621|business associate
3298534908510|4398046518425|1612949658636|business associate
9895604655167|1099511633226|1642107984241|business associate
13194139538496|9895604677429|1668789094797|business associate
13194139538496|3298534910019|1667056949450|business associate
5497558174064|4398046547302|1643983671816|business associate
5497558174064|5497558155798|1652593796233|business associate
6597069781841|5497558164157|1626254538961|business associate
2199023270738|8796093037688|1668633797417|business associate
13194139548499|10995116282777|1659877569564|business associate
9895604665172|13194139560042|1660148155977|business associate
10995116312948|4398046536864|1658447015331|business associate
15393162794053|6597069803348|1672428843435|business associate
15393162794053|10995116283302|1672329393696|business associate
9895604655174|13194139558590|1672173306700|business associate
9895604655174|7696581429509|1648829696883|business associate
1099511652966|17225|1657501397231|business associate
12094627940726|7696581411534|1669450612696|business associate
10995116282951|3298534910384|1654250228684|business associate
10995116282951|8796093048649|1660430109290|business associate
3298534908519|9895604656660|1653492230615|business associate
8796093057399|2199023281494|1668127356768|business associate
4398046516296|3298534910610|1632925655166|business associate
9895604675176|6597069782888|1668787586522|business associate
7696581429624|14293651187159|1669979960053|business associate
15393162814058|1099511654632|1672395264034|business associate
5497558174074|4398046517149|1627560253305|business associate
5497558174074|15393162825272|1671628517726|business associate
8796093027403|4398046536369|1665377615222|business associate
8796093027403|5497558155793|1660404833845|business associate
10995116302956|13194139559334|1669382458866|business associate
10995116302956|13194139548499|1669191130461|business associate
12094627910733|10995116304564|1669601000607|business associate
14293651176285|1099511663080|1670799525653|business associate
3298534908526|2199023292799|1627766069406|business associate
3298534908526|9895604675354|1668408239969|business associate
3298534918526|8796093059683|1656573192827|business associate
10995116292959|7696581411183|1664912623416|business associate
10995116292959|5497558146357|1653029725461|business associate
3298534918528|13194139570336|1667953844333|business associate
3298534918528|3298534888896|1604960117996|business associate
9895604665185|10995116294748|1666128588550|business associate
7696581399634|7696581420766|1648098157912|business associate
15203|7696581431311|1638584165556|business associate
7696581429635|1099511652911|1644887634449|business associate
3298534908532|12094627941253|1653405623925|business associate
3298534908532|8796093059475|1652745164950|business associate
1099511642981|3298534909916|1643423431743|business associate
1099511642981|9895604657336|1653867425577|business associate
6597069781862|7696581431164|1638049580328|business associate
3298534908534|7696581431285|1635695630913|business associate
3298534908534|3298534918865|1669287956240|business associate
4398046536311|1099511664016|1651141644900|business associate
1099511652984|12094627941494|1667735548719|business associate
8796093027417|12094627911098|1659795381482|business associate
15393162804073|10995116284706|1672473101088|business associate
2199023280761|13194139568485|1659056478205|business associate
2199023280761|4398046546168|1658553960420|business associate
12094627920746|9895604675264|1652308513866|business associate
12094627920746|15393162814214|1670353349613|business associate
14293651196298|13194139559965|1669877682348|business associate
14293651196298|8796093028181|1671459887054|business associate
12094627910747|8796093037598|1666964483628|business associate
12094627910747|10995116292905|1665404925126|business associate
6597069781867|15393162814544|1671856663351|business associate
13194139568523|35794|1665570666285|business associate
3298534898540|14293651177216|1669889304610|business associate
10995116292973|4398046528132|1660641480603|business associate
10995116312973|2199023271038|1657308755663|business associate
10995116312973|14293651178187|1669283762680|business associate
3298534918542|7696581401233|1635087261205|business associate
9895604665199|16631|1666085454173|business associate
13194139548528|4398046548373|1669424253147|business associate
5497558164096|4398046518158|1625142201751|business associate
5497558164096|7696581419936|1670198798059|business associate
5497558144097|12094627910814|1667959532773|business associate
5497558144097|2199023270778|1667464398679|business associate
1099511662993|12094627922733|1653588441160|business associate
7696581429650|26333|1630500003686|business associate
7696581429650|4398046537084|1633672862080|business associate
8796093027427|13194139549458|1671795064898|business associate
8796093027427|6597069793046|1643190234912|business associate
6597069781875|6597069782692|1661344368989|business associate
4398046546323|14293651176951|1671438768375|business associate
4398046546323|6597069803678|1626245860547|business associate
1099511642997|10995116282967|1660066646752|business associate
1099511642997|1099511654953|1656003683626|business associate
2199023280773|1099511644347|1629040957301|business associate
14293651196309|12094627941504|1667143757335|business associate
7696581399654|4398046527984|1652146388717|business associate
9895604665206|2199023271320|1654621430915|business associate
14293651186310|8796093048407|1671202648301|business associate
14293651186310|9895604657076|1669662559546|business associate
7696581409655|13194139570184|1670529994050|business associate
9895604655208|3298534900381|1650062702109|business associate
7696581409656|6597069782601|1647935286768|business associate
14293651166313|6597069782766|1669242320766|business associate
14293651166313|7696581409808|1668516249060|business associate
14293651166314|2199023262916|1669990734288|business associate
14293651166314|6597069803655|1671283339885|business associate
2199023270778|12094627940900|1670094926748|business associate
2199023270778|3298534890048|1662238743706|business associate
15228|3298534898455|1655699339343|business associate
14293651196317|15393162805009|1671564878093|business associate
2199023280782|4398046517019|1656722596754|business associate
9895604655215|15393162814191|1672043227286|business associate
10995116292991|15393162804073|1672446859198|business associate
10995116292991|10995116294696|1653398775614|business associate
8796093047439|4398046546737|1654241027542|business associate
8796093047439|10995116313301|1661242482482|business associate
14293651186320|2199023290836|1669951590187|business associate
4398046516337|10995116304722|1669488340934|business associate
4398046516337|8796093027717|1632439168877|business associate
12094627920769|2199023261540|1667274209951|business associate
12094627920769|4398046548304|1670393162092|business associate
25233|1099511663266|1622406172584|business associate
25233|10995116315170|1665305197371|business associate
5234|9895604665356|1663245808127|business associate
7696581429666|14293651187921|1665012062720|business associate
7696581429666|1099511662884|1664417786902|business associate
4398046516339|8796093037553|1651398108231|business associate
4398046516339|4398046517452|1656769957635|business associate
13194139558547|12094627921549|1665616363563|business associate
13194139568547|9895604667161|1661981270485|business associate
13194139568547|6597069772822|1667284004204|business associate
6597069801892|6597069772522|1651963818256|business associate
6597069801892|35511|1659202959958|business associate
13194139538549|6597069802735|1659513186982|business associate
13194139538549|6597069783487|1669930118815|business associate
5497558164117|1099511644862|1662400774002|business associate
5497558164117|12094627932680|1663532560534|business associate
9895604665222|6597069803889|1650830305771|business associate
3298534898567|12094627942715|1660415944490|business associate
1099511663015|2199023261206|1608300139859|business associate
1099511663015|3298534909668|1603439897961|business associate
4398046526344|6597069783512|1639852594325|business associate
4398046526344|1099511643072|1651472928468|business associate
35240|12094627941377|1671158851721|business associate
10995116293001|6597069772610|1670415995465|business associate
15242|3298534908971|1652758531873|business associate
15242|5497558145711|1620354589789|business associate
6597069771899|12094627911256|1662322092987|business associate
6597069771899|6597069783802|1653828789527|business associate
6597069781899|3298534920027|1645237853064|business associate
6597069781899|1099511644845|1653373407689|business associate
9895604655228|7696581419994|1644440017964|business associate
1099511663020|16444|1662536207034|business associate
8796093027453|14293651196105|1670875256542|business associate
8796093027453|7696581401202|1661438244748|business associate
6597069771902|5497558166351|1663170909565|business associate
5497558164126|1099511643447|1656346529350|business associate
5497558164126|9895604675571|1664375882080|business associate
2199023290798|5497558176160|1669007323801|business associate
2199023290798|4398046517785|1649837023136|business associate
1099511653023|4398046548060|1658666752070|business associate
1099511653023|25116|1633421708310|business associate
2199023260800|2199023262116|1636228208999|business associate
2199023260800|9895604675637|1650784184239|business associate
9895604665232|26695|1657247856703|business associate
2199023280801|1099511664209|1670187499881|business associate
2199023280801|13194139540624|1663012502799|business associate
1099511633026|2199023280745|1609442812508|business associate
1099511633026|6597069781714|1648720857353|business associate
13194139548562|6597069802735|1668924242257|business associate
14293651186338|12094627920788|1667347962303|business associate
6597069781907|5497558175390|1668009742819|business associate
6597069781907|35925|1652348578873|business associate
7696581419683|8796093038913|1654466199139|business associate
2199023290803|5497558145483|1619543565792|business associate
10995116283012|12094627942893|1663363155017|business associate
3298534888581|7696581410471|1655630506093|business associate
3298534888581|7696581431772|1638194302740|business associate
2199023280805|4398046526107|1666274927671|business associate
35253|7696581401157|1640876098167|business associate
35253|7696581409787|1648170840095|business associate
14293651176342|13194139540189|1671596111123|business associate
13194139558566|12094627912476|1672125415674|business associate
7696581429686|4398046518403|1653531954705|business associate
2199023260807|9895604657136|1664096476865|business associate
1099511643031|13194139538825|1664987635061|business associate
1099511643031|1099511633305|1597648910569|business associate
2199023280807|4398046518062|1617679245167|business associate
10995116283016|7696581431255|1662130233870|business associate
15393162804122|1099511664016|1672445151151|business associate
9895604675242|2199023292143|1652999251304|business associate
5497558144139|4398046516788|1636165080205|business associate
5497558144139|10995116293267|1649832145101|business associate
1099511643035|14293651167370|1663546034898|business associate
1099511643035|8796093047267|1640482041311|business associate
25259|2199023280788|1663651623814|business associate
4398046516364|6597069772973|1624465673944|business associate
8796093037469|25796|1639910438404|business associate
8796093037469|5497558174077|1634550516738|business associate
5497558164141|15393162805575|1671532317568|business associate
5497558164141|1099511663954|1631889419434|business associate
4398046546365|8796093049398|1664826069685|business associate
3298534888590|16563|1655654447059|business associate
3298534888590|7696581410023|1660237365101|business associate
8796093037470|4398046526816|1641743292113|business associate
5497558174142|8796093029209|1671081872435|business associate
2199023260815|7696581431891|1624858676357|business associate
8796093057471|6597069782572|1671062877130|business associate
8796093057471|5497558165830|1653587167596|business associate
3298534898592|4398046528565|1636373973002|business associate
3298534898592|26243|1631013322528|business associate
9895604675248|35289|1653092475536|business associate
9895604675248|13194139568820|1662409912414|business associate
12094627920801|8796093049023|1656768263357|business associate
13194139538578|7696581401222|1661413140929|business associate
13194139538578|1099511652966|1668511865027|business associate
5497558164146|1099511654092|1645191735691|business associate
5497558164146|5497558164297|1667747241654|business associate
3298534918594|13194139558393|1670589596180|business associate
10995116303027|2199023282136|1662270009256|business associate
10995116303027|12094627942379|1658705331518|business associate
6597069771924|26333|1662749912326|business associate
6597069771924|2199023282255|1656674447794|business associate
2199023270820|6597069791866|1670274298632|business associate
13194139558580|14293651177870|1664438706724|business associate
13194139558580|10995116295095|1662916257921|business associate
1099511663045|1099511655161|1647970861458|business associate
12094627920806|12094627930811|1658823912694|business associate
12094627920806|7696581421501|1657987337550|business associate
5271|6597069772101|1644070562222|business associate
1099511643047|14293651186825|1671513963926|business associate
5497558164151|10995116313360|1659619578228|business associate
5497558164151|1099511665130|1641335569749|business associate
12094627940807|12094627911555|1662679336764|business associate
6597069781928|4398046518010|1660574181505|business associate
6597069781928|6597069773012|1628982087105|business associate
9895604675256|7696581400973|1642318063564|business associate
13194139538585|7696581429712|1661384626764|business associate
13194139538585|36799|1662793623702|business associate
1099511643049|12094627930834|1653990668568|business associate
1099511643049|2199023272556|1669635554216|business associate
3298534908601|8796093047673|1645173379570|business associate
3298534908601|13194139549504|1663643733380|business associate
10995116293034|3298534909375|1666039746856|business associate
3298534908602|27091|1652237277420|business associate
3298534908602|15393162795224|1670976431808|business associate
4398046526379|4398046547696|1611453436782|business associate
4398046526379|5497558146262|1637111261770|business associate
12094627930811|3298534900447|1670043960054|business associate
12094627930811|10995116294644|1657340614367|business associate
12094627920814|7696581431439|1657944148179|business associate
12094627920814|10995116284804|1666835957400|business associate
2199023290830|15393162804824|1672496520267|business associate
2199023290830|8796093047566|1668451117263|business associate
3298534888607|5497558143913|1655485676536|business associate
6597069791937|6597069773349|1623828532701|business associate
10995116313041|5497558166214|1650845965755|business associate
10995116313041|1099511633461|1665561087492|business associate
1099511633058|7696581431862|1669697595573|business associate
9895604655267|2199023260848|1651469642510|business associate
9895604655267|12094627912446|1672125271516|business associate
7696581409715|4398046517096|1630278653381|business associate
5497558174163|13194139550076|1667178182579|business associate
9895604655268|12094627922182|1669772877903|business associate
9895604655268|8796093037339|1655857564005|business associate
14293651176372|16454|1669266679345|business associate
2199023290836|13194139559461|1663670373014|business associate
2199023290836|10995116304570|1661250411622|business associate
7696581399717|14293651166753|1666323468678|business associate
10995116303045|5497558166353|1665362069802|business associate
12094627940821|4398046516656|1666110148552|business associate
12094627940821|2199023281809|1669810512416|business associate
2199023260839|14293651167302|1669377321503|business associate
10995116313047|7696581430486|1659219120690|business associate
10995116313047|9895604656507|1667453894731|business associate
1099511653064|9895604656719|1668518186244|business associate
1099511653064|14293651198284|1670833372654|business associate
13194139548601|12094627941087|1668973719081|business associate
2199023280841|3298534918368|1633807197394|business associate
2199023280841|3298534899038|1618129380823|business associate
35289|6777|1666138099878|business associate
35289|14293651176954|1665430862855|business associate
7696581409722|7696581410397|1629482029477|business associate
7696581409722|7696581430509|1635552635725|business associate
12094627930826|7696581431610|1657612904655|business associate
4398046546395|1099511665248|1610053659704|business associate
4398046546395|10995116293765|1667320551029|business associate
8796093027500|14293651186796|1667367365917|business associate
10995116283053|8796093027269|1651352847051|business associate
10995116283053|15393162806112|1670442433680|business associate
4398046536398|1099511644932|1619164665227|business associate
7696581419727|2199023291070|1647567330385|business associate
7696581419727|9895604666167|1668671746218|business associate
14293651196383|5497558176070|1668737735448|business associate
14293651196383|15393162796111|1672298529822|business associate
2199023260848|8796093047645|1637630774553|business associate
1099511643072|12094627931353|1658565348793|business associate
3298534908624|1099511644177|1638770433896|business associate
3298534908624|15334|1612737772805|business associate
9895604685280|14293651188227|1665020172473|business associate
6597069771953|3298534888577|1631999717110|business associate
6597069771953|8796093029296|1653328634320|business associate
6597069801953|3298534910781|1656267324457|business associate
2199023270850|6597069781698|1621400789816|business associate
2199023270850|6597069793096|1633596903280|business associate
4398046536403|8796093037930|1650064626146|business associate
9895604665284|1099511662884|1668982647511|business associate
14293651176389|14293651187249|1670786052995|business associate
6597069791957|5497558154457|1659223859653|business associate
6597069791957|10995116313451|1651024637553|business associate
4398046546405|5497558164199|1617496379277|business associate
8796093027511|9895604676764|1656494031278|business associate
8796093027511|35854|1652343602225|business associate
4398046526407|10995116305048|1646131075795|business associate
25303|5783|1600401838314|business associate
14293651196391|13194139559582|1669749811589|business associate
14293651196391|13194139569311|1664370977335|business associate
1099511643080|3298534918573|1616462762405|business associate
5497558164185|6597069783845|1623296877245|business associate
14293651196393|26234|1668668876813|business associate
14293651196393|5497558174182|1665654866707|business associate
8796093027514|7246|1656836420950|business associate
3298534898635|9895604665375|1657956587769|business associate
3298534898635|10995116284885|1660991967295|business associate
6597069791963|7696581421178|1654503574590|business associate
6597069791963|6597069773246|1630141753655|business associate
13194139568619|36866|1661024031824|business associate
14293651176396|6597069782883|1669758907274|business associate
14293651176396|2199023261178|1669976845988|business associate
4398046536412|14293651166145|1668702421985|business associate
4398046536412|3298534890094|1668804600228|business associate
25309|10995116292904|1646983640398|business associate
25309|4398046528530|1617975749058|business associate
6597069781966|13194139548873|1672195127581|business associate
3298534908638|14293651178149|1671880324117|business associate
3298534908638|13194139560357|1665305840812|business associate
6597069771967|4398046546396|1658973039209|business associate
15311|4398046537556|1609607526329|business associate
15311|1099511644630|1623880320207|business associate
8796093047519|3298534908519|1649488780290|business associate
8796093047519|8796093049606|1671138402031|business associate
15393162824175|4398046548292|1671541468477|business associate
15393162824175|14293651186865|1672149795657|business associate
12094627910848|1099511664837|1669520918406|business associate
8796093047520|13194139559365|1664549903726|business associate
14293651196401|1099511634040|1666001372078|business associate
14293651196401|12094627942697|1665514552314|business associate
2199023260866|9895604667415|1652078076790|business associate
15393162804178|2199023281360|1670733385549|business associate
15393162804178|37025|1671421773011|business associate
6597069791970|7696581400642|1630208033201|business associate
6597069791970|14293651187083|1667409266895|business associate
6597069801970|2199023290560|1631520282599|business associate
14293651176403|1099511644595|1668524964127|business associate
14293651176403|1099511653740|1663554259724|business associate
9895604655300|12094627930623|1668878041514|business associate
9895604655300|6597069802264|1644701866280|business associate
6597069781972|4398046547014|1630047124818|business associate
14293651196404|15393162804616|1671984055459|business associate
14293651196404|10995116293388|1667218648041|business associate
1099511633093|9895604665650|1646219053639|business associate
9895604665302|3298534909550|1645445616917|business associate
9895604665302|5497558145021|1649420198606|business associate
1099511633096|4398046536241|1626036693420|business associate
1099511633096|3298534918781|1638410296687|business associate
9895604655305|1099511654434|1643330786787|business associate
9895604655305|9895604666724|1650389704217|business associate
14293651186409|9895604686080|1663934405201|business associate
2199023290874|10995116285104|1655573466112|business associate
5497558144203|8796093058794|1660537300258|business associate
4398046546427|10995116304384|1644661261104|business associate
12094627940860|12094627932178|1658946005216|business associate
5325|4398046518425|1656091548164|business associate
7696581409757|36267|1643131154640|business associate
7696581409757|9895604656176|1655149456109|business associate
13194139548638|13194139569654|1671073361090|business associate
14293651166415|8796093039610|1668525989418|business associate
8796093027536|12094627940605|1667882957686|business associate
8796093027536|2199023282310|1653387829664|business associate
1099511653105|14293651167837|1667496738193|business associate
1099511653105|10995116313025|1667403100835|business associate
3298534918657|12094627920982|1654264624328|business associate
12094627910867|27368|1654519212562|business associate
15331|5497558145621|1654753246527|business associate
15393162814195|7696581401612|1671572004205|business associate
15393162814195|6597069804100|1672404467979|business associate
9895604655316|7696581400297|1662405183877|business associate
15393162814196|2199023271811|1672234108037|business associate
15393162814196|7696581431150|1672231537826|business associate
2199023270885|14293651188274|1669982413334|business associate
6597069771990|10995116282765|1658518701584|business associate
6597069771990|5497558175365|1664251975195|business associate
12094627910872|9895604655167|1660800609576|business associate
12094627910872|4398046546678|1658627513001|business associate
5497558164216|15393162824508|1671641280500|business associate
12094627910873|12094627920584|1656205858085|business associate
12094627910873|12094627920608|1666884259875|business associate
5497558154217|4398046537224|1640325144658|business associate
5497558154217|5497558166319|1643973678589|business associate
8796093057545|13194139560632|1662392863250|business associate
13194139568650|5497558175914|1662049379602|business associate
13194139568650|4398046526966|1670003645780|business associate
13194139548651|4398046546912|1661497118040|business associate
13194139548651|7696581410567|1662290666103|business associate
3298534918667|8796093058225|1656561870809|business associate
3298534918667|15393162796242|1671468736522|business associate
1099511633116|14293651166168|1668273023506|business associate
1099511633116|8796093029209|1655495996744|business associate
5497558144222|5497558145542|1633336174859|business associate
7696581419774|6597069803498|1661150770802|business associate
7696581419774|15393162814710|1671859785236|business associate
8796093057550|8796093027361|1633166781677|business associate
8796093057550|5497558175216|1665310358881|business associate
9895604665327|10995116293220|1654933691596|business associate
25343|6597069803225|1637462209894|business associate
5497558164224|5497558164459|1628562974611|business associate
5497558164224|8796093058965|1642736411390|business associate
3298534918672|1099511634388|1664115578364|business associate
3298534918672|10995116282762|1667197884093|business associate
5345|6597069783745|1661149336730|business associate
5345|6597069803453|1631489812084|business associate
15393162794210|9895604675929|1671354823914|business associate
3298534898674|14293651196645|1668136786133|business associate
3298534898674|5497558173964|1620079043998|business associate
2199023280898|8796093037565|1653805204455|business associate
2199023280898|5497558175998|1640968916347|business associate
4398046526451|10995116294106|1653387026432|business associate
6597069792004|9895604675853|1645821748215|business associate
8796093057557|5583|1670316579247|business associate
35350|6597069792932|1664648670099|business associate
35350|5497558174383|1667780804093|business associate
6597069792007|6522|1658831084629|business associate
6597069792007|9895604675058|1651106063138|business associate
14293651196439|6597069793155|1671255885806|business associate
14293651196439|35979|1666590512746|business associate
13194139548664|5271|1665803687747|business associate
13194139548664|14293651167790|1667944244707|business associate
10995116293113|14293651178456|1670431412661|business associate
10995116293113|12094627932226|1660583723069|business associate
10995116303113|7337|1663112205903|business associate
5497558154234|1099511634262|1658336735260|business associate
9895604675338|7696581400852|1647461637616|business associate
9895604675338|2199023281586|1657913344355|business associate
3298534898684|5300|1636426298925|business associate
3298534898684|7696581421726|1655209594345|business associate
9895604675340|12094627931784|1672523653430|business associate
7696581429788|3298534909490|1662481844587|business associate
10995116283117|1099511634964|1657410933454|business associate
8796093037565|4398046547486|1646647750197|business associate
8796093037565|9895604686549|1657800644600|business associate
14293651196445|3298534909556|1669973822253|business associate
14293651196445|14293651196974|1669106597978|business associate
13194139538670|2199023281018|1668616571324|business associate
13194139538670|10995116303509|1662343510854|business associate
9895604685342|6597069781775|1645365041941|business associate
10995116283119|10995116284706|1653729779795|business associate
14293651176447|8796093028766|1672167783834|business associate
12094627930895|1099511654143|1655351536515|business associate
5497558174239|8796093029446|1657209781823|business associate
15393162804224|13194139549922|1672064210993|business associate
7696581429792|9895604657023|1663224748769|business associate
5497558164241|5497558164783|1632500267199|business associate
5497558164241|26450|1639904908687|business associate
14293651176450|2199023262542|1663541517221|business associate
15393162824226|12094627911560|1670874571700|business associate
15393162824226|5497558145052|1671665062963|business associate
4398046536468|36866|1636818469533|business associate
5497558154245|1099511653538|1612668366106|business associate
3298534918693|2199023291902|1661620008848|business associate
3298534918693|1099511635200|1629290703623|business associate
1099511653142|14293651186484|1664996830781|business associate
1099511633144|5497558144840|1618720990841|business associate
14293651176457|3298534890031|1671953334726|business associate
8796093027578|3298534909606|1640696576371|business associate
8796093027578|9895604675899|1672391174352|business associate
12094627910907|13194139538371|1668226512407|business associate
12094627910907|5497558175711|1664652532062|business associate
9895604685355|5497558154244|1648392988536|business associate
9895604685355|2199023272728|1664868630230|business associate
5372|1099511634384|1643762764876|business associate
9895604665356|9895604656964|1669642051879|business associate
14293651166461|12094627912315|1666036665249|business associate
14293651166461|7696581401397|1670188905013|business associate
13194139548685|6597069792076|1663572099741|business associate
13194139548685|13194139548878|1669694298675|business associate
5497558144254|2199023261675|1643228502596|business associate
5497558144254|9895604686378|1665347094445|business associate
2199023270926|8796093059282|1646728561878|business associate
8796093047582|8796093039274|1646858244824|business associate
8796093047582|7696581399634|1656787558011|business associate
3298534918702|1099511664561|1655772820813|business associate
3298534918702|6597069802979|1641268880110|business associate
14293651166464|1099511633577|1667811752841|business associate
14293651186464|7696581410866|1671981717391|business associate
14293651186464|14293651176308|1668508000660|business associate
7696581429808|4398046518522|1642569942719|business associate
7696581429808|5497558154640|1641461119384|business associate
12094627910913|16580|1663115705960|business associate
12094627910913|9895604676610|1662466858119|business associate
2199023260930|3298534918542|1651110432555|business associate
2199023260930|13194139539105|1663207393301|business associate
12094627920915|2199023282117|1668894817876|business associate
12094627920915|1099511633015|1662146131200|business associate
3298534918707|5883|1601236349594|business associate
9895604675364|1099511662781|1667306658208|business associate
13194139568692|9895604665987|1658472062459|business associate
9895604665365|9895604687054|1671814437172|business associate
9895604665365|10995116284503|1660377874723|business associate
5497558164261|4398046546485|1627294148998|business associate
5497558164261|6597069793200|1670575975415|business associate
7696581419814|2199023282255|1647587202629|business associate
7696581419814|4398046516516|1666182224530|business associate
6597069802038|13194139560378|1662788578982|business associate
7696581409815|14293651196256|1670303025532|business associate
7696581409815|15177|1664625027012|business associate
9895604675367|26419|1643584746674|business associate
5497558174263|2199023260794|1661586208831|business associate
5497558174263|2199023260599|1628082433403|business associate
6597069772040|5497558164297|1664276496769|business associate
6597069772040|2199023272320|1668355257196|business associate
14293651196472|9895604665943|1669697375101|business associate
14293651196472|9895604675911|1667101074462|business associate
12094627920921|2199023292989|1659344102653|business associate
12094627920921|13194139570658|1664965052942|business associate
5497558174265|1099511644898|1635134981049|business associate
5497558174265|8796093028294|1651957388085|business associate
6597069772042|10995116303890|1647228904032|business associate
6597069772042|6597069792042|1655924800837|business associate
6597069792042|3298534899836|1628555317802|business associate
15393162824250|12094627941269|1672528524878|business associate
13194139558699|9895604655768|1667922858759|business associate
13194139558699|12094627941660|1669716641167|business associate
3298534908716|26081|1667857341856|business associate
5497558144269|10995116292902|1660498333039|business associate
1099511653165|35486|1589923876300|business associate
14293651166478|3298534918702|1669966314695|business associate
14293651166478|9895604686335|1669565495365|business associate
2199023280943|2199023281259|1618841434001|business associate
2199023280943|3298534900209|1670765700358|business associate
5497558144272|4398046526353|1616321851825|business associate
5497558144272|6597069791733|1628719686764|business associate
7696581419824|13194139569421|1665990366710|business associate
7696581419824|14293651187417|1668690636672|business associate
5394|1099511643973|1611309040891|business associate
13194139548706|9895604666459|1662072183287|business associate
15393162824258|10995116293332|1672223453944|business associate
15393162824258|3298534909129|1672515455564|business associate
1099511643171|9895604686832|1650228115453|business associate
13194139568707|4398046546118|1665820500201|business associate
14293651196484|2199023290602|1669858643962|business associate
14293651196484|14293651168424|1671679727679|business associate
5497558164277|1099511633123|1629839075340|business associate
5497558164277|3298534910289|1637974184365|business associate
3298534918726|5497558164096|1666057469020|business associate
9895604665383|10995116303411|1672377577381|business associate
9895604665383|9895604675600|1656400228128|business associate
5497558154280|15393162814487|1672257900337|business associate
5497558154280|12094627930935|1667694591582|business associate
5497558154281|9895604686581|1647395072604|business associate
1099511663177|4398046547156|1622388115721|business associate
13194139548714|3298534889813|1665558644558|business associate
13194139548714|6597069783845|1667682245313|business associate
13194139558714|3298534908828|1665182501654|business associate
13194139558714|12094627941389|1671995429170|business associate
10995116313162|2199023282929|1669693229676|business associate
10995116313162|10995116295179|1667783066359|business associate
5497558144283|5497558154789|1616504603290|business associate
3298534898731|3298534909116|1625611367554|business associate
6597069802059|14293651167382|1668308011114|business associate
8796093027613|9895604686847|1663060041008|business associate
8796093027613|1099511653943|1664658432194|business associate
15393162814269|1099511653102|1671690510634|business associate
15393162814269|4398046516876|1670749500867|business associate
35405|13194139569757|1665749125901|business associate
35405|10995116303435|1657057190294|business associate
5497558154287|6597069801868|1638970024699|business associate
4398046546511|6597069782455|1669640928095|business associate
4398046546511|9895604655978|1660649979363|business associate
12094627910944|9895604666307|1667339764335|business associate
10995116293168|4398046538221|1651043322017|business associate
10995116293168|10995116292789|1653243648133|business associate
12094627940944|1099511635051|1667962290187|business associate
12094627940944|12094627930995|1668968052251|business associate
12094627910945|7696581400552|1672044504737|business associate
12094627910945|9895604676034|1660283332032|business associate
13194139558721|8796093037634|1660365709863|business associate
13194139558721|6597069773092|1661210107103|business associate
10995116313169|6597069793145|1646596127688|business associate
10995116313169|7696581400642|1669559758211|business associate
3298534898738|3298534919907|1644361529303|business associate
1099511633187|9895604665515|1656149333636|business associate
1099511633187|14293651197757|1672458275277|business associate
7696581419843|26467|1645794506142|business associate
7696581419843|1099511654183|1669143649556|business associate
9895604665396|10995116313180|1660997941275|business associate
9895604665396|2199023281958|1657497121702|business associate
35412|1099511664865|1665773384516|business associate
14293651166501|5497558155065|1669520905124|business associate
14293651166501|10995116283559|1670459863706|business associate
12094627930950|10995116293701|1670677060366|business associate
9895604685398|7696581400193|1643821027249|business associate
14293651166503|1099511644157|1666457010411|business associate
14293651166503|12094627922823|1669257983303|business associate
4398046536519|5497558174163|1671266742105|business associate
6597069772072|7696581401630|1650898961960|business associate
6597069772072|3298534890721|1622595141203|business associate
3298534918745|10995116282954|1651135507918|business associate
3298534918745|8796093048931|1639647359046|business associate
5497558144298|13194139568359|1658058573277|business associate
4398046536522|15393162806271|1671733490226|business associate
4398046536522|4398046527083|1656797514284|business associate
2199023290970|3298534909358|1635182124469|business associate
2199023290970|15393162825006|1671770807332|business associate
12094627930955|7696581399717|1654114483093|business associate
1099511633196|3298534890409|1666374587015|business associate
6597069792076|4398046546380|1665452886345|business associate
10995116313180|5497558145699|1659822663544|business associate
10995116313180|6597069802221|1645924199364|business associate
13194139538733|1099511633008|1668469970616|business associate
13194139538733|16319|1669738780529|business associate
1099511643197|8796093058970|1663038349669|business associate
5497558164301|3298534900280|1616695149107|business associate
2199023290973|5497558144612|1617412188165|business associate
13194139568734|9895604666466|1668463338969|business associate
5497558144303|12094627911713|1654301316385|business associate
5497558144303|7246|1665484633243|business associate
10995116303183|8796093057821|1660867544036|business associate
8796093047632|6096|1662932231723|business associate
8796093047632|12094627930559|1661389426334|business associate
7696581399857|9895604676677|1657726412852|business associate
7696581399857|14293651186265|1666986124068|business associate
15425|9895604656598|1658312353145|business associate
15425|5497558155034|1649536147535|business associate
10995116283186|2199023261381|1659661359729|business associate
3298534888755|13194139570336|1659627984983|business associate
3298534888755|10995116293026|1657481940723|business associate
9895604685412|26748|1665492563114|business associate
12094627910965|4398046538528|1658844603979|business associate
3298534898757|6597069784150|1647985436499|business associate
3298534898757|2199023272650|1667143853229|business associate
1099511653205|16433|1658811179523|business associate
1099511653205|7696581400085|1657751987506|business associate
6597069802085|10995116315250|1665400679291|business associate
6597069802085|15393162824744|1672461907931|business associate
3298534898758|14293651166364|1671297001017|business associate
1099511653206|10995116314377|1665050576808|business associate
2199023290982|7696581419961|1640126656111|business associate
2199023270984|2199023291473|1658651599104|business associate
13194139568744|5740|1670339591577|business associate
14293651166521|7696581410452|1669581301273|business associate
13194139558745|10995116304808|1662437113408|business associate
13194139558745|6597069801834|1664821502612|business associate
10995116303194|13194139569786|1669441608580|business associate
2199023270987|14293651176457|1669242312307|business associate
2199023270987|1099511632825|1608530467739|business associate
3298534888764|7696581420567|1660809274285|business associate
3298534888764|9895604666894|1650200789714|business associate
8796093047644|4398046537141|1657231951617|business associate
3298534918764|5497558174708|1626416073148|business associate
4398046516541|10995116293775|1652980026043|business associate
4398046516541|2199023290867|1651571629694|business associate
15438|36032|1635699837427|business associate
15438|6597069783937|1621718092660|business associate
4398046546542|3298534919491|1607897839063|business associate
10995116283199|16094|1644346426177|business associate
10995116283199|15052|1652406230574|business associate
3298534898767|3298534910565|1636746956808|business associate
3298534898767|13194139570046|1671954984291|business associate
3298534908767|1099511635229|1630150930446|business associate
3298534908767|7696581421521|1632288185213|business associate
8796093057647|14293651177621|1665734413621|business associate
3298534888768|1099511643646|1663658193134|business associate
3298534888768|5497558155693|1648084241056|business associate
14293651176528|7696581411468|1664567954650|business associate
6597069792096|9895604676086|1669588780124|business associate
15393162824304|25313|1672336884374|business associate
15393162824304|4398046526858|1672450082106|business associate
12094627920978|1099511633442|1653814993089|business associate
12094627920978|1099511663129|1660623678117|business associate
2199023290994|4398046526552|1664662227090|business associate
10995116283203|1099511652966|1666167498337|business associate
13194139568755|2199023271182|1666307085181|business associate
13194139558756|6597069803678|1670619662403|business associate
15393162804309|5497558165368|1671804074429|business associate
15393162804309|15393162825974|1671586056787|business associate
35445|4398046527864|1615248769871|business associate
35445|14293651176751|1669449193769|business associate
25446|3298534918726|1616918166541|business associate
9895604685430|10995116294484|1656793170424|business associate
14293651176535|7696581431354|1672321884646|business associate
9895604655433|9895604686562|1656305584351|business associate
9895604655433|13194139559881|1663824574934|business associate
5497558154329|5497558154731|1627705379744|business associate
6597069802105|2199023271912|1627629759698|business associate
6597069802105|25259|1668617546470|business associate
5497558144331|6597069783619|1622331682197|business associate
6597069782107|2199023281302|1631774035363|business associate
6597069782107|2199023281015|1648124810900|business associate
12094627930987|13194139549518|1670142099605|business associate
12094627930987|8796093037370|1659027873895|business associate
6597069802107|4398046517708|1633619147720|business associate
8796093057660|12094627910921|1671703928306|business associate
8796093057660|12094627942019|1662104795893|business associate
6597069782109|10995116304044|1652055390505|business associate
3298534918781|13194139558956|1665399048244|business associate
3298534888783|4398046516978|1609059710932|business associate
13194139548767|9895604686103|1666879715995|business associate
14293651166545|14293651187417|1669786601538|business associate
14293651166545|10995116304906|1671981994987|business associate
9895604675442|9895604685430|1645929087984|business associate
9895604675442|14293651177999|1670853337330|business associate
1099511643235|8796093038941|1656637401944|business associate
10995116293220|8796093057435|1660039852446|business associate
10995116293220|12094627911713|1659969924338|business associate
7696581409895|8796093047267|1661858650692|business associate
14293651196551|3298534890446|1668414622386|business associate
14293651196551|15393162796276|1672169388280|business associate
7696581399896|12094627921110|1664925272287|business associate
7696581399896|14293651197035|1669605262179|business associate
9895604685448|8796093038960|1645764748415|business associate
5497558144345|2199023262860|1649460487038|business associate
5497558144345|3298534898807|1652150386897|business associate
8796093047673|4398046537936|1650241466321|business associate
8796093047673|4398046537655|1670829010173|business associate
2199023291017|9895604676007|1665088057059|business associate
13194139538778|15393162825636|1671582619668|business associate
13194139538778|5497558165181|1666406653262|business associate
14293651196554|9895604655170|1668374427842|business associate
14293651196554|12094627941123|1672283364245|business associate
5497558144347|10995116283696|1668557500691|business associate
5497558144347|5497558154560|1641740404306|business associate
10995116283228|3298534889762|1666445710885|business associate
10995116283228|6597069792150|1651574166083|business associate
6597069792124|10995116313451|1655654346794|business associate
1099511643245|15735|1588454230343|business associate
12094627911006|2199023261782|1659688118892|business associate
10995116293231|13194139539520|1660962745617|business associate
10995116293231|15393162814195|1671582185419|business associate
25471|1099511644587|1654132492340|business associate
25471|3298534920361|1621426647301|business associate
14293651166560|14293651186825|1669545850093|business associate
13194139548785|3298534900621|1670707485809|business associate
13194139548785|4398046547014|1669176050434|business associate
5497558174353|10995116303369|1664353436131|business associate
2199023261027|14293651176948|1668159789018|business associate
2199023261027|15393162824673|1672183100415|business associate
13194139558787|35511|1658093835400|business associate
13194139558787|4398046517080|1659571318399|business associate
4398046546579|1099511644551|1622862637263|business associate
4398046546579|3298534899576|1617412427079|business associate
14293651166564|8796093039047|1668081875398|business associate
14293651166565|12094627941477|1664112623921|business associate
14293651166565|6597069793474|1665318777325|business associate
25477|10995116315179|1667896636209|business associate
9895604675462|5831|1656994554870|business associate
9895604675462|9895604666790|1660786569654|business associate
1099511633256|6597069802952|1665993135437|business associate
1099511633256|14293651186919|1666355941985|business associate
1099511643257|10995116314995|1672175042396|business associate
1099511643257|2199023280616|1605835094894|business associate
12094627941018|14293651168515|1670143386825|business associate
12094627941018|12094627911139|1665138445802|business associate
2199023261035|3298534900368|1609528193133|business associate
2199023261035|12094627932234|1666683356989|business associate
6597069782139|37273|1642291894909|business associate
6597069782139|4398046547566|1623317072148|business associate
10995116283244|6597069792932|1645404597839|business associate
9895604675468|14293651198159|1669328235066|business associate
9895604675468|7696581430192|1665646150091|business associate
6597069772141|14293651176941|1669677226346|business associate
10995116313245|5497558144014|1648066139498|business associate
10995116313245|14293651176639|1669663218651|business associate
35486|10995116313204|1664621644182|business associate
10995116303247|13194139558858|1664169716774|business associate
8796093057695|8796093028453|1662491854959|business associate
8796093057695|26014|1664609057180|business associate
5497558144368|4398046538265|1668628925992|business associate
8796093037696|8796093027321|1669414748720|business associate
8796093037696|9895604687308|1660923891057|business associate
2199023271041|7696581430243|1665844191266|business associate
2199023271041|4398046546153|1655831792204|business associate
13194139558801|8796093058126|1666602403075|business associate
13194139558801|10995116294931|1672427865032|business associate
25490|1099511633904|1598357626436|business associate
25490|4398046546892|1671357262100|business associate
2199023281043|6597069782749|1645562800540|business associate
15393162824356|4398046527379|1669765101398|business associate
15393162824356|2199023261347|1672149733004|business associate
3298534898821|6597069801892|1643185569839|business associate
3298534898821|5497558154577|1656766118167|business associate
6597069792150|4398046527519|1656510045871|business associate
6597069792150|6597069804095|1641959110745|business associate
4398046546598|9895604666057|1650672030123|business associate
4398046546598|3298534890117|1654264685210|business associate
2199023271047|7696581421235|1653197443042|business associate
5497558164375|14293651178569|1668734531420|business associate
5497558164375|9895604686602|1658586567066|business associate
5497|7696581410875|1662858547552|business associate
5497|1099511645044|1586532683980|business associate
14293651166587|26042|1672384459601|business associate
10995116293259|8796093029136|1667888804170|business associate
10995116293259|1099511654896|1665229311208|business associate
9895604675483|2199023271993|1655745742424|business associate
9895604675483|17187|1660724695328|business associate
14293651196588|9895604675024|1666064987304|business associate
14293651196588|7696581410311|1664180133341|business associate
2199023261053|8796093037895|1647392637051|business associate
3298534898829|14293651196620|1671365443741|business associate
4398046536605|2199023271136|1626683304029|business associate
4398046536605|9895604665044|1663757217772|business associate
15393162804366|14293651176895|1671779594763|business associate
15393162804366|6597069802629|1671816526786|business associate
5497558174382|5497558164340|1630937469236|business associate
5497558174382|9895604675559|1641758819372|business associate
4398046526607|14293651176600|1671891143715|business associate
7696581419935|4398046546459|1657073520172|business associate
7696581419935|12094627911328|1662237498407|business associate
5497558174383|15393162824800|1671559995517|business associate
4398046526608|8796093048170|1650702299968|business associate
12094627911041|12094627930690|1658667903220|business associate
2199023271058|3298534890724|1666131253355|business associate
2199023271058|6597069781751|1645203542229|business associate
8796093047714|14293651186605|1667679091840|business associate
8796093047714|15393162804321|1672458882683|business associate
2199023291058|8796093059111|1648504037225|business associate
8796093057715|3298534910003|1647205225337|business associate
15508|8796093058658|1653762658925|business associate
15508|12094627921639|1670169708078|business associate
3298534908836|26614|1641248597257|business associate
3298534908836|5497558155142|1665891273236|business associate
5497558144390|6597069772040|1654638216936|business associate
1099511643286|9895604677431|1652513792002|business associate
1099511643286|6597069791942|1667282551208|business associate
15393162824374|12094627932226|1672007302089|business associate
15393162824374|6597069802989|1672029408151|business associate
9895604655495|3298534909730|1649243706086|business associate
9895604655495|6597069792242|1646690970623|business associate
3298534898839|1099511654572|1605716619181|business associate
14293651176600|13194139570042|1668879363253|business associate
1099511663288|13194139560073|1660265499753|business associate
1099511663288|3298534908881|1624650740592|business associate
8796093057721|1099511633116|1659750942515|business associate
12094627921050|4398046536412|1653286527285|business associate
15393162804379|10995116305259|1672334762496|business associate
15393162804379|1099511654836|1672228917981|business associate
8796093047723|8796093028163|1648259960680|business associate
14293651166605|12094627942919|1672080338649|business associate
4398046516622|14293651178474|1669417622267|business associate
14293651186606|4398046518193|1666618236526|business associate
2199023291070|5497558144283|1628387860551|business associate
14293651186607|14293651196645|1672086145929|business associate
14293651186607|3298534918693|1670845574442|business associate
14293651176608|4398046546595|1667817533738|business associate
14293651176608|13194139548790|1668895748553|business associate
1099511633297|7696581411351|1636411283645|business associate
1099511633297|2199023281957|1633501878094|business associate
12094627921057|5497558145167|1653448589730|business associate
12094627921057|7696581401671|1669865294136|business associate
13194139568833|15393162793903|1671620187070|business associate
8796093027730|12094627912573|1654300835878|business associate
8796093027730|35625|1642421630826|business associate
2199023291074|14293651186320|1669885745907|business associate
2199023291074|9895604665232|1647749138719|business associate
3298534888851|10995116314511|1658887860570|business associate
3298534888851|5497558144097|1625635634736|business associate
14293651186612|12094627942255|1669643234587|business associate
14293651186612|4398046547984|1668396875432|business associate
9895604665509|14293651168122|1671940580483|business associate
12094627941061|14293651176171|1664327125826|business associate
14293651166614|13194139568755|1671121215922|business associate
8796093037734|4398046517072|1638783692973|business associate
8796093027735|14293651197689|1671674325436|business associate
8796093027735|10995116295086|1655173961249|business associate
5497558154407|1099511663257|1630206508290|business associate
4398046516632|2199023272957|1636269609549|business associate
8796093047736|4398046547325|1635367859751|business associate
8796093057736|13194139558858|1666603024876|business associate
1099511633305|8796093039494|1660600027774|business associate
4398046526633|14293651178450|1671254507213|business associate
9895604655514|2199023280956|1651598253274|business associate
9895604655514|9895604676988|1672288496812|business associate
10995116293290|13194139559421|1664774649922|business associate
10995116293290|8796093058609|1666521742036|business associate
12094627931066|7696581430849|1662417144889|business associate
8796093027739|3298534920212|1669394898347|business associate
8796093027739|13194139559567|1664953457623|business associate
9895604665515|2199023282217|1645715209400|business associate
9895604665515|14293651198381|1668545048192|business associate
8796093047739|10995116305048|1659682691210|business associate
13194139538844|4398046517561|1663872034715|business associate
3298534908860|10995116303865|1665695177544|business associate
4398046516637|9895604656260|1645392647135|business associate
9895604665517|2199023292605|1660457486814|business associate
9895604665517|1099511644563|1667606249353|business associate
10995116303293|1099511643714|1671808532767|business associate
12094627941069|15508|1659081249984|business associate
12094627941069|1099511633609|1653409376555|business associate
9895604665519|14293651198461|1670183375719|business associate
9895604665519|10995116283095|1650733908662|business associate
1099511653311|3298534889275|1627180262349|business associate
6597069792193|15393162824019|1672506167303|business associate
6597069792193|10995116294113|1653075007578|business associate
3298534918865|13194139550104|1665168355343|business associate
3298534918865|15393162805910|1671836933702|business associate
13194139538850|5497558166035|1670981333978|business associate
13194139538850|13194139538518|1667283986921|business associate
6597069782195|8796093047878|1666863562433|business associate
9895604685523|8796093057645|1645468027440|business associate
9895604685523|13194139560295|1672514788705|business associate
7696581429972|5497558166338|1652419692781|business associate
7696581429972|4398046517429|1651194141098|business associate
9895604665525|9895604665663|1656729047268|business associate
9895604675525|5497558144108|1666234495325|business associate
9895604675525|4398046517737|1670619265623|business associate
10995116313301|5497558164043|1659585748794|business associate
10995116313301|9895604686739|1661839810785|business associate
10995116283302|2199023270984|1663626397721|business associate
10995116283302|13194139539708|1657661931865|business associate
4398046526646|12094627911521|1667987728689|business associate
3298534908870|6539|1615214360179|business associate
8796093047751|7696581401017|1639590872151|business associate
8796093047751|10995116284870|1653024680710|business associate
7696581429976|10995116283763|1663959390887|business associate
7696581429976|3298534890437|1657878099892|business associate
6597069772201|12094627932591|1654572633693|business associate
6597069772201|13194139549259|1663153371893|business associate
6597069782201|4398046517367|1666621086035|business associate
25545|5497558175345|1615681343235|business associate
25545|10995116292935|1670113007347|business associate
2199023261099|12094627912909|1651784217676|business associate
2199023261099|2199023281149|1605590822527|business associate
8796093047755|4398046528330|1666564612520|business associate
8796093047755|1099511654761|1668837968494|business associate
7696581399980|6597069803454|1645730009903|business associate
7696581399980|8796093047608|1665136353256|business associate
10995116293308|12094627922812|1669313662440|business associate
10995116293308|13194139560414|1668076567349|business associate
3298534908876|13194139550446|1659008505574|business associate
3298534908876|14293651187921|1664981600305|business associate
1099511633325|12094627922368|1657877116831|business associate
1099511633325|14293651167837|1668946315337|business associate
2199023271102|35624|1613924776519|business associate
2199023271102|6597069773005|1668332390307|business associate
14293651176639|6836|1669330449915|business associate
14293651176639|14293651176400|1671587500351|business associate
2199023281103|2199023282198|1636063137485|business associate
2199023281103|15393162794624|1670947931504|business associate
4398046516656|8796093049432|1644778865914|business associate
14293651176640|3298534899415|1669974940263|business associate
14293651176640|3298534909100|1671989648806|business associate
25552|14293651176987|1668444798005|business associate
12094627941089|12094627922254|1672078927103|business associate
12094627941089|26493|1671032911980|business associate
4398046526659|9895604675891|1661505082209|business associate
4398046536659|6597069801832|1661230543318|business associate
4398046536659|1099511643509|1654230401575|business associate
12094627911092|12094627941123|1663754129517|business associate
8796093047764|12094627941873|1670021715282|business associate
14293651186645|9895604686731|1670749765597|business associate
14293651196645|13194139570769|1667619180003|business associate
14293651196645|1099511663612|1670446387324|business associate
9895604675542|5497558145375|1652539404737|business associate
9895604675542|4398046536285|1653608408683|business associate
9895604685543|1099511663252|1663986238690|business associate
9895604685543|13194139539881|1662633884215|business associate
13194139538872|14293651188200|1672485249020|business associate
13194139538872|15393162826041|1670873195346|business associate
8796093047769|10995116312780|1653455952137|business associate
12094627911098|6597069803163|1661718056180|business associate
12094627911098|9895604656647|1653769223487|business associate
6597069792220|5497558154727|1653131773105|business associate
6597069792220|16906|1649985603007|business associate
9895604655549|13194139558547|1669838293467|business associate
9895604655549|15393162823973|1672308000429|business associate
7696581419997|6597069782815|1659534289580|business associate
7696581419997|7696581411891|1666677775457|business associate
13194139548878|5497558165122|1663493909346|business associate
13194139548878|6597069772831|1670786973047|business associate
5497558144447|3298534908980|1656186600530|business associate
13194139558879|7696581400229|1664303197475|business associate
13194139558879|7696581421802|1669599281123|business associate
14293651196655|8796093027826|1670262447169|business associate
6597069802224|10995116314252|1669011544791|business associate
13194139538881|14293651178104|1668459360852|business associate
12094627921105|10995116282967|1669277470174|business associate
13194139558882|5497558154798|1663918118995|business associate
14293651186659|5497558165395|1666968378209|business associate
5497558144452|12094627921749|1658989141642|business associate
5497558144452|14293651198091|1668480545721|business associate
10995116293332|1099511654511|1665947658484|business associate
7696581420004|4398046547412|1670379335603|business associate
7696581420004|13194139570368|1662555386061|business associate
10995116313332|15393162826130|1671987756762|business associate
10995116313332|2199023271880|1670920078410|business associate
8796093027781|7696581400236|1672369600191|business associate
5497558144455|4398046537119|1631512741324|business associate
3298534898903|26727|1621222284304|business associate
3298534898903|15112|1659495652406|business associate
7696581430007|15393162795485|1672060854292|business associate
3298534888904|7696581429772|1669558156743|business associate
8796093037784|4398046547156|1645028269722|business associate
9895604685560|2199023290897|1650820158238|business associate
9895604685560|1099511643268|1666913056897|business associate
13194139538889|3298534919280|1672179694914|business associate
5497558154457|1099511644932|1652267510406|business associate
10995116283338|7696581421218|1653537069729|business associate
9895604665562|14293651198528|1670533943304|business associate
9895604685562|14293651177018|1668649585610|business associate
9895604685562|7696581411491|1652316200867|business associate
5579|3298534910075|1611620869164|business associate
10995116313340|5998|1649905624988|business associate
8796093057789|5497558163914|1640674436532|business associate
8796093057789|8796093039003|1652265812855|business associate
2199023271134|12094627911082|1654469654289|business associate
5583|4398046548590|1645290263058|business associate
5583|26534|1640506521233|business associate
15393162804447|7696581429546|1671567149315|business associate
9895604655568|3298534889239|1652440254978|business associate
9895604655568|1099511644484|1654927230804|business associate
9895604665570|13194139558590|1668765324801|business associate
9895604665570|10995116305176|1651099882216|business associate
6597069792242|15393162825557|1672443991759|business associate
6597069792242|1099511663443|1661608381626|business associate
2199023291138|14293651198071|1669301120788|business associate
9895604675571|2199023291877|1665128297597|business associate
9895604675571|5497558154834|1644468586687|business associate
12094627941123|9895604677197|1656211073639|business associate
12094627941123|12094627940855|1657677473160|business associate
8796093027796|6597069802329|1669358386641|business associate
3298534898917|9895604676858|1666993125690|business associate
8796093047797|14293651177787|1672352860996|business associate
8796093047797|3298534898829|1659976368246|business associate
3298534898918|4398046527758|1637062973017|business associate
3298534898918|12094627921975|1664997420594|business associate
7696581410023|3298534900482|1654531149147|business associate
6597069792247|9895604657049|1647482150022|business associate
6597069792247|10995116284960|1656068715619|business associate
10995116313351|3298534899612|1650600653779|business associate
5497558144472|12094627932234|1672471221989|business associate
7696581410024|6597069801837|1645419791627|business associate
1099511653368|5640|1662226325947|business associate
1099511653368|3298534890557|1635912474199|business associate
3298534908921|15393162805009|1671281059685|business associate
2199023261146|14293651198209|1667591561289|business associate
2199023281146|13194139558858|1668308392175|business associate
2199023281146|9895604686456|1665580166037|business associate
2199023261148|14293651188414|1665256706961|business associate
2199023261148|5497558165497|1643847003641|business associate
2199023281149|3298534900629|1635110633473|business associate
2199023281149|4398046526607|1615150085799|business associate
3298534888927|6597069783768|1622180497171|business associate
1099511663375|5497558144466|1660700111477|business associate
8796093047808|12094627942086|1659699744095|business associate
10995116313360|2199023272957|1670777229683|business associate
4398046516705|5497558164301|1637463230315|business associate
4398046516705|6597069782468|1668095436135|business associate
9895604685585|10995116294107|1644191690345|business associate
7696581410034|4398046537189|1667379476529|business associate
7696581410034|3298534910003|1632216659370|business associate
5497558164482|1099511645230|1623982909754|business associate
5497558164482|8796093028453|1647369763936|business associate
9895604685586|8796093039468|1672385114071|business associate
9895604685586|4398046528565|1661381114888|business associate
7696581410035|8796093029003|1645120619500|business associate
7696581410035|1099511642813|1630001973055|business associate
2199023281155|14293651176396|1669731907177|business associate
8796093047812|8796093048373|1641958808573|business associate
9895604685588|4398046547915|1646290486158|business associate
9895604685588|5497558146312|1655070104996|business associate
2199023261157|7696581401096|1653490001465|business associate
2199023261157|9895604674993|1668646678410|business associate
1099511643381|8796093039599|1661860392825|business associate
1099511643381|3298534909741|1663653078518|business associate
14293651186693|3298534909200|1668053341111|business associate
14293651186693|14293651178579|1666877790504|business associate
3298534908935|2199023290867|1604838432847|business associate
4398046546711|9895604655861|1642015471487|business associate
9895604655592|12094627940675|1669066696768|business associate
9895604655592|2199023281148|1645430737635|business associate
3298534908936|13194139548706|1666303664184|business associate
13194139538921|1099511633904|1667464330159|business associate
13194139538921|3298534919395|1659141014291|business associate
10995116303369|15832|1663002200543|business associate
10995116303369|14293651176228|1664026564755|business associate
4398046526714|2199023292655|1651346692445|business associate
10995116283371|2199023271047|1648785426614|business associate
10995116283371|9895604656071|1648901545944|business associate
1099511653387|7696581431354|1634006752080|business associate
5612|7696581400908|1669551423513|business associate
1099511643388|3298534908959|1619586067629|business associate
1099511643388|5497558144455|1658415634120|business associate
14293651196700|14293651166168|1670734115006|business associate
3298534888941|13194139549534|1661480038262|business associate
5497558164494|10995116314582|1656761969442|business associate
5497558164494|13194139559216|1662456067389|business associate
3298534918942|14293651186515|1669529087758|business associate
3298534918942|8796093027735|1667531321280|business associate
5497558144496|3298534898738|1629650141544|business associate
5497558144496|9895604675571|1659570137431|business associate
14293651196704|2199023260586|1667761506866|business associate
12094627941155|3298534900757|1667394950494|business associate
12094627941155|15393162815614|1670859289581|business associate
5497558174500|37206|1670406952323|business associate
25621|6597069781867|1669417901478|business associate
4398046546725|15393162824304|1671803423717|business associate
3298534908950|8796093038347|1660192738902|business associate
8796093037831|13194139549285|1671792158131|business associate
8796093037831|14293651186289|1672496457359|business associate
15393162814487|3298534890412|1672432414209|business associate
15393162814487|1099511632988|1671859396648|business associate
4398046526729|13194139540034|1661967476659|business associate
4398046526729|2199023271214|1628048459599|business associate
15393162814489|6597069802623|1671858662769|business associate
15393162814489|1099511643197|1672079506457|business associate
1099511653402|8796093047905|1671201794479|business associate
1099511653402|14293651197654|1671555206597|business associate
6597069802282|3298534900536|1649100983613|business associate
5497558144507|8796093059260|1659894237664|business associate
7696581410059|13194139540205|1667641731483|business associate
7696581430059|4398046538184|1638516133950|business associate
7696581430059|15393162794965|1670961535627|business associate
7696581430060|1099511662940|1641613767338|business associate
2199023271182|4398046548252|1650969506574|business associate
12094627921167|1099511644658|1658015817373|business associate
5632|12094627921642|1667375942325|business associate
4398046526736|1099511663062|1625728722311|business associate
4398046546737|6597069793537|1652594575547|business associate
9895604675618|14293651168499|1670186224160|business associate
9895604675618|5497558145572|1644663056087|business associate
12094627941170|4398046516622|1657215738876|business associate
5497558144515|3298534889441|1640481924459|business associate
5497558144515|9895604686056|1649127248434|business associate
3298534898963|6597069791904|1667459457517|business associate
14293651186723|4398046518537|1671919111947|business associate
5636|5497558146011|1657444545244|business associate
5636|2199023261431|1602844359543|business associate
3298534898964|35106|1612884144222|business associate
9895604685620|6597069801745|1639712125800|business associate
9895604685620|3298534889276|1657318931371|business associate
13194139548949|2199023270884|1663425806954|business associate
10995116303397|10995116305136|1669894418804|business associate
7696581400070|7696581410050|1641873102196|business associate
4398046526743|3298534890056|1659238541054|business associate
4398046526743|12094627911870|1662144197890|business associate
25639|5497558165721|1645442263618|business associate
25639|6597069783781|1627355653633|business associate
7696581430071|10995116312764|1671329680184|business associate
7696581430071|10995116293034|1667631539851|business associate
6597069792296|8796093049641|1638928986281|business associate
6597069792296|2199023281494|1665394831354|business associate
8796093057848|10995116283865|1656970304207|business associate
8796093057848|12094627932770|1665060728110|business associate
8796093027849|14293651178187|1670752933121|business associate
8796093027849|12094627941494|1659406112245|business associate
6597069782298|14293651197361|1668264800487|business associate
3298534908971|13194139569949|1662191199116|business associate
2199023291197|13194139550650|1660577636404|business associate
2199023291197|25233|1672343295497|business associate
5497558144527|14293651197301|1663840725920|business associate
2199023271199|14293651178579|1671347053599|business associate
2199023271199|10995116313761|1645285183568|business associate
4398046546751|4398046538596|1607595920071|business associate
2199023261200|12094627922271|1668918072090|business associate
10995116313408|3298534900621|1655189396877|business associate
10995116283409|8796093027427|1657247031368|business associate
12094627931185|10995116294792|1668098359874|business associate
12094627931185|13194139570391|1668907714414|business associate
4398046516754|14293651187715|1668743612455|business associate
25650|27088|1644134783120|business associate
25650|8796093038225|1669494502426|business associate
10995116283411|2199023280792|1661720712325|business associate
5497558154531|36088|1640305272582|business associate
5497558154531|15393162805011|1670947574488|business associate
35651|14293651196387|1672179760702|business associate
35651|8796093038051|1661420034556|business associate
15393162794516|9895604656099|1672016379820|business associate
15393162794516|1099511642926|1672210226584|business associate
3298534898980|1099511652928|1622744535712|business associate
3298534898980|6597069783787|1662686794055|business associate
3298534908980|2199023262112|1635092851286|business associate
1099511663428|25244|1655304330137|business associate
7696581400085|2199023281557|1643631458781|business associate
7696581400085|13194139560671|1670005447163|business associate
9895604675637|10995116315077|1647503746019|business associate
13194139568965|14293651196551|1669405613495|business associate
15654|3298534899726|1603326208151|business associate
15654|13194139550583|1659987243131|business associate
10995116293415|1099511653507|1665861966818|business associate
10995116293415|4398046517695|1670730559357|business associate
15656|10995116284708|1658632715933|business associate
6597069792312|13194139569709|1662681124420|business associate
6597069792312|3298534890409|1659192933920|business associate
7696581430088|1099511663492|1670028144367|business associate
7696581430088|10995116312850|1650423005600|business associate
6597069792313|4398046517611|1654128429442|business associate
6597069792313|14293651176952|1671144533473|business associate
1099511663433|12094627941865|1661369386170|business associate
8796093057866|6597069791733|1655532354452|business associate
2199023271211|14293651187821|1672354471239|business associate
2199023271211|1099511663045|1641641094234|business associate
1099511653436|5497558145167|1642077229758|business associate
2199023271214|35914|1625959363979|business associate
2199023271214|12094627910732|1659900465831|business associate
9895604675646|8796093028984|1650763361864|business associate
10995116283423|6597069793557|1667055260752|business associate
4398046536767|2199023270717|1667296524710|business associate
7696581430096|5497558156017|1665156198712|business associate
7696581430096|13194139558817|1664454625762|business associate
14293651166753|12094627912995|1670219628701|business associate
9895604675649|5497558144784|1666377367925|business associate
9895604675649|14293651197853|1666299970057|business associate
14293651196753|27044|1670879348478|business associate
1099511633442|15393162804418|1670636801906|business associate
9895604665650|8796093027955|1647113890503|business associate
9895604665650|9895604657046|1652730659367|business associate
9895604665651|8796093037979|1659524962474|business associate
9895604665651|10995116314415|1650750218365|business associate
8796093047875|14293651176400|1668817168915|business associate
1099511663443|5998|1618945096278|business associate
12094627921204|8796093047728|1661285834946|business associate
8796093057876|6597069772162|1669835367673|business associate
12094627921205|2199023262639|1659486134256|business associate
1099511653445|1099511663442|1600340800596|business associate
1099511653445|3298534890733|1606625596275|business associate
15393162824533|14293651186766|1671668455728|business associate
13194139548982|7696581431841|1666464502519|business associate
8796093047878|13194139559229|1669994050495|business associate
6597069802327|4398046547146|1624573330938|business associate
6597069802327|1099511654777|1639887622809|business associate
8796093047880|25621|1652951470901|business associate
8796093047880|14293651186693|1667456518801|business associate
9895604685656|13194139560602|1672385893322|business associate
9895604685656|13194139560671|1671789582647|business associate
1099511643449|5497558155151|1639892937578|business associate
1099511653449|7696581410891|1634089784206|business associate
1099511653449|13194139539723|1657952230142|business associate
35674|7696581401168|1646371911909|business associate
35674|5544|1667015397322|business associate
10995116303435|3298534918618|1656456873844|business associate
5497558174555|6597069784043|1640520871981|business associate
7696581420108|14293651166313|1669355489186|business associate
12094627921213|9895604687400|1656029254148|business associate
12094627921213|14293651176805|1668142595337|business associate
13194139538990|6597069782617|1667349808920|business associate
13194139538990|7696581420903|1666518745526|business associate
10995116293438|3298534890412|1648733020070|business associate
10995116293438|14293651168001|1671546114436|business associate
8796093047887|6597069804079|1667011284833|business associate
8796093047887|13194139539328|1661731683944|business associate
5497558154560|2199023282117|1664289895967|business associate
5497558154560|14293651167191|1668791257130|business associate
15393162824545|8796093028294|1672364707362|business associate
15393162824545|4398046546927|1671978369402|business associate
9895604665666|9895604677347|1650864509814|business associate
7696581430114|7696581430461|1662315108958|business associate
7696581430114|8796093047684|1639950201371|business associate
4398046516788|4398046546579|1637134678763|business associate
1099511633461|5497558156098|1629667420302|business associate
1099511633461|6597069793547|1633804678940|business associate
7696581420118|6597069774042|1649629869367|business associate
10995116313446|1099511654143|1646123889303|business associate
1099511633463|2199023281545|1600408408207|business associate
13194139568999|15393162824744|1672342167730|business associate
13194139549000|13194139538719|1660494980714|business associate
13194139549000|6597069802282|1666250826444|business associate
2199023291241|14293651167528|1670049876491|business associate
1099511633466|4398046536539|1633118181123|business associate
1099511633466|3298534889691|1667595251736|business associate
3298534899018|3298534900244|1622584020928|business associate
12094627941226|8796093057848|1666558595624|business associate
10995116313451|10995116303044|1646070331227|business associate
10995116313451|3298534890409|1650566616704|business associate
13194139569005|3298534920700|1666256558808|business associate
9895604675678|5497558174327|1638135105544|business associate
9895604675678|2199023292922|1667691456591|business associate
5497558144575|3298534888899|1655663119027|business associate
8796093047903|6597069793269|1650030240430|business associate
8796093047903|9895604665009|1667761075373|business associate
8796093027904|4398046548365|1651138840725|business associate
8796093027904|1099511653368|1666781360390|business associate
5497558154576|13194139550097|1669205814001|business associate
5497558154576|4398046537791|1668507721131|business associate
35696|4398046536823|1643783023338|business associate
35696|7696581430380|1634805223124|business associate
5497558154577|9895604665857|1646037740134|business associate
5497558154577|4398046548186|1635366922464|business associate
15698|2199023291095|1653365479442|business associate
15698|5497558165748|1639668942135|business associate
5497558174578|3298534909809|1646233428688|business associate
5497558174578|4398046548441|1630467798471|business associate
7696581410131|15393162794210|1671728268778|business associate
12094627931235|37146|1666594430360|business associate
12094627931235|5497558174432|1661106167393|business associate
6597069772356|12094627922010|1670359692933|business associate
2199023261253|3298534900280|1613635784224|business associate
2199023261253|15840|1639069977776|business associate
6597069792357|27405|1629348572060|business associate
6597069792357|25773|1644453804266|business associate
1099511663477|1099511653105|1651671750087|business associate
10995116293462|14293651198244|1672048615932|business associate
15393162794567|3298534919478|1671060441405|business associate
15393162794567|4398046547060|1671826350784|business associate
12094627921239|10995116284864|1671782100388|business associate
12094627921239|5497558164867|1663057400262|business associate
8796093047911|1099511664563|1649971351208|business associate
4398046526808|13194139538474|1663071145760|business associate
4398046526808|4398046547263|1659988710315|business associate
5497558164584|10995116285071|1652096025263|business associate
5705|8796093028673|1644671100905|business associate
5705|5497558174379|1657010250230|business associate
9895604675689|3298534898445|1650657347519|business associate
9895604675689|1099511654434|1647521949185|business associate
2199023291257|9895604656345|1646685385146|business associate
14293651176794|5583|1668377944702|business associate
14293651176794|4398046528480|1669189542804|business associate
25706|12094627941477|1666674309768|business associate
6597069782363|2199023262772|1627583028419|business associate
7696581430139|13194139569209|1660476442315|business associate
13194139539020|14293651197713|1669687161910|business associate
7696581430140|5910|1630770266419|business associate
7696581410141|4398046517785|1652004759082|business associate
8796093047918|8796093029589|1649387011336|business associate
35710|13194139550446|1664192720825|business associate
6597069782367|3298534890102|1643224068947|business associate
6597069772368|15393162795710|1672137478361|business associate
6597069772368|8796093027381|1668027269579|business associate
3298534909040|12094627911325|1664574287617|business associate
3298534909040|2199023271931|1625791267639|business associate
13194139569024|4398046526261|1662286599718|business associate
9895604675697|6597069772285|1666989737802|business associate
12094627941249|6597069794082|1654332158943|business associate
10995116283474|12094627931517|1657543748272|business associate
10995116283474|5497558165668|1652564741856|business associate
6597069792370|1099511663256|1620287154754|business associate
6597069792370|35625|1658710935439|business associate
5497558174594|5497558144496|1653797942072|business associate
1099511653491|7696581429730|1661725621713|business associate
2199023291267|1099511654092|1601572679317|business associate
6597069782372|25480|1632119473923|business associate
6597069782372|12094627912402|1656717636135|business associate
14293651176805|10995116295179|1663968955249|business associate
14293651176805|9895604655013|1669657677215|business associate
1099511653493|5497558165748|1629463740743|business associate
12094627941253|14293651186098|1666971461744|business associate
6597069772374|4398046516468|1666679753470|business associate
1099511643494|5753|1603464843376|business associate
1099511633495|1099511652978|1635274445068|business associate
4398046536823|2199023262302|1608066060401|business associate
4398046536823|10995116294516|1651111245179|business associate
8796093037928|6597069782749|1643058154731|business associate
6597069772377|10995116313180|1655933533083|business associate
1099511643497|7696581431841|1659934587855|business associate
1099511643497|7696581429798|1666973012945|business associate
8796093037931|13194139538881|1661826457951|business associate
8796093037931|6597069772525|1669989508382|business associate
4398046546827|10995116284209|1669050897793|business associate
7696581400156|14293651188252|1666263694648|business associate
6597069792380|35854|1649076727478|business associate
7696581400158|15393162794484|1671121399826|business associate
7696581400158|8796093058836|1656384640179|business associate
5497558154606|14293651166795|1670345074115|business associate
9895604675711|36931|1671334944104|business associate
1099511663503|7696581410471|1646788835413|business associate
1099511663503|2199023291413|1615220330457|business associate
14293651176816|1099511665106|1668999019647|business associate
9895604675712|1099511635266|1668811559414|business associate
9895604675712|10995116285163|1666787899982|business associate
4398046546832|4398046537647|1659540119961|business associate
5730|8796093059142|1664377427743|business associate
5730|6597069781788|1640287377972|business associate
6597069782386|13194139559378|1663986637345|business associate
6597069782386|2199023262317|1629874403751|business associate
5731|8796093038017|1632593590625|business associate
12094627921267|9895604666469|1661336655774|business associate
12094627921267|12094627932552|1658170675576|business associate
1099511653507|3298534888526|1648991767750|business associate
1099511653507|7696581420995|1672249284460|business associate
5497558144612|6597069791898|1667822056677|business associate
1099511643509|15393162793979|1672129346645|business associate
1099511643509|36282|1652131910722|business associate
1099511643510|13194139570475|1660743387540|business associate
13194139559046|4398046538254|1664026767289|business associate
13194139559046|2199023282965|1668265153945|business associate
15393162804600|7696581401149|1671898941949|business associate
15393162804600|4398046526260|1670406773290|business associate
4398046546841|9895604685654|1670407645533|business associate
4398046546841|4398046537299|1631816401709|business associate
13194139539050|9895604667120|1670131878117|business associate
13194139539050|3298534898917|1669009833916|business associate
7696581410170|3298534889328|1660790177442|business associate
7696581410170|2199023273030|1671229722618|business associate
13194139569050|17078|1662547768567|business associate
10995116293499|5497558155099|1663891341715|business associate
5740|5497558155370|1628768124768|business associate
12094627921276|10995116313720|1671158969467|business associate
15393162814604|3298534888423|1671304734523|business associate
8796093057948|10995116303358|1655922061734|business associate
8796093057948|15393162815809|1670742659559|business associate
4398046516847|4398046548060|1621109500801|business associate
10995116293503|1099511663274|1652503526610|business associate
10995116293503|9895604687360|1656359694829|business associate
13194139569055|10995116295190|1664982641089|business associate
5497558144624|8796093047306|1641775728432|business associate
3298534909072|6785|1622099360081|business associate
3298534909072|10995116313731|1664505639194|business associate
3298534919072|13194139538422|1663034896491|business associate
15393162814609|6597069782830|1671999795983|business associate
5497558144626|10995116304741|1648529911031|business associate
5497558144626|4398046517244|1669860891421|business associate
35746|9895604675024|1648329775684|business associate
8796093027955|1099511633015|1660478727714|business associate
8796093027955|12094627942396|1666085959927|business associate
2199023291299|10995116284395|1654700780341|business associate
5497558144628|6597069783318|1660750761669|business associate
5497558144628|1099511653493|1643825159413|business associate
2199023271300|1099511663408|1640154394020|business associate
13194139539061|12094627921706|1667466910964|business associate
5497558154629|7696581410307|1658419052458|business associate
1099511663525|3298534910650|1608786738037|business associate
1099511663525|16349|1635776396750|business associate
3298534889080|14293651167837|1669256740507|business associate
3298534889080|7696581421542|1636162539010|business associate
15393162804616|6597069802628|1672292151868|business associate
15393162804616|5497558155144|1671844295882|business associate
9895604665737|5497558155099|1659410574765|business associate
9895604665737|8796093029022|1655826366229|business associate
14293651196841|15644|1669867062413|business associate
15393162814618|12094627911590|1672478293153|business associate
13194139569067|4398046546380|1669398317282|business associate
25756|9895604657424|1668584316736|business associate
8796093057964|7696581401220|1652701218263|business associate
8796093057964|4398046526659|1670542166645|business associate
15393162804621|10995116284678|1671041042341|business associate
14293651186845|6597069792611|1665429083940|business associate
10995116293518|6597069803309|1666771301402|business associate
10995116293518|4398046526395|1668356190827|business associate
9895604685742|8796093027304|1665290048346|business associate
9895604685742|8796093039208|1668155416519|business associate
15393162794624|1099511654882|1672041769657|business associate
4398046536864|3298534898422|1669251882663|business associate
4398046536864|1099511633495|1658923401058|business associate
7696581400193|6597069773452|1664110677518|business associate
2199023281313|7696581409655|1672253828244|business associate
6597069782418|8796093039445|1652010206299|business associate
13194139569074|17235|1672502178053|business associate
15393162804627|2199023292021|1671411194649|business associate
15393162804627|8796093037341|1672450690482|business associate
25763|1099511634230|1612830023504|business associate
25764|9895604685017|1664795188847|business associate
25764|5497558174575|1637019686444|business associate
9895604685749|2199023261675|1668765169614|business associate
9895604685749|1099511633325|1643937289360|business associate
6597069792422|7696581400885|1653876086311|business associate
6597069792422|3298534920630|1668140917672|business associate
8796093047976|6597069783664|1656580486565|business associate
8796093047976|13194139539832|1665819807472|business associate
9895604655753|5497558154660|1648305959404|business associate
9895604655753|9895604675811|1654234049000|business associate
15769|1099511654074|1588454894189|business associate
14293651186857|4398046516304|1670251192765|business associate
14293651186857|7696581411162|1672139102724|business associate
5497558174649|9895604676722|1644956208191|business associate
5497558174649|14293651197749|1666587667074|business associate
5497558144650|3298534908921|1622888126577|business associate
5497558144650|5971|1614341304900|business associate
2199023291322|7696581400189|1627600641399|business associate
13194139559083|7696581400737|1663772311081|business associate
13194139559083|6597069792068|1670920165129|business associate
12094627941307|3298534888435|1666964771214|business associate
12094627941307|13194139569780|1659749075994|business associate
4398046516876|3298534919278|1618547790841|business associate
4398046516876|17105|1618166107186|business associate
3298534899100|14293651166713|1670863142116|business associate
6597069772429|6597069772522|1634440802995|business associate
6597069772429|14293651196200|1669515215621|business associate
4398046526878|36020|1667473913282|business associate
4398046526878|9895604676801|1665721376687|business associate
3298534909102|7696581430257|1659834479078|business associate
12094627921311|15474|1664295476940|business associate
14293651196863|35925|1666743764625|business associate
9895604675760|4398046546435|1670376877837|business associate
9895604675760|14293651197276|1665808379246|business associate
13194139569088|13194139548334|1663303103591|business associate
13194139569088|14293651167988|1666665564327|business associate
7696581410210|6597069773946|1651658162597|business associate
7696581410210|3298534920153|1641833281160|business associate
15393162824642|6597069783890|1672448932809|business associate
13194139559091|5497558155142|1668581158382|business associate
13194139559091|12094627911847|1670210515049|business associate
13194139559092|13194139549988|1667814035688|business associate
13194139559092|3298534908860|1663992508572|business associate
13194139569093|12094627942493|1667388085964|business associate
13194139569093|14293651178432|1666023464753|business associate
8796093027990|3298534900230|1647092316154|business associate
13194139549094|9895604655479|1658506195113|business associate
13194139549094|10995116313574|1664842540560|business associate
4398046536886|1099511643245|1650639637586|business associate
4398046536886|36727|1630507348177|business associate
7696581430214|2199023281729|1644389408000|business associate
7696581430214|6597069801781|1662119269688|business associate
5497558164663|10995116312913|1666968664222|business associate
14293651176872|8796093059672|1669918573189|business associate
14293651176872|1099511652899|1671773351785|business associate
3298534899113|14293651177787|1668303665311|business associate
3298534899113|2199023281015|1665262545579|business associate
13194139539098|13194139559611|1667248318623|business associate
9895604665770|1099511664776|1655825564043|business associate
9895604665770|6597069802264|1672243866446|business associate
2199023261339|1099511654646|1634951608359|business associate
2199023261339|7696581420595|1651573162773|business associate
6597069792443|6597069772789|1634601048267|business associate
1099511663563|10995116314408|1652917543176|business associate
1099511663563|15393162805633|1672440823999|business associate
10995116293548|4398046536843|1671000812734|business associate
4398046546892|3298534889605|1651685153784|business associate
12094627911325|15393162824175|1672205505856|business associate
13194139559101|5497558154209|1662791461746|business associate
13194139559101|14293651168545|1664598272616|business associate
6597069772446|2199023272139|1624719895099|business associate
9895604665774|13194139560496|1661544140223|business associate
9895604665774|15393162814380|1671876783964|business associate
25790|4398046548060|1630493608230|business associate
25790|9895604676963|1644711734117|business associate
8796093057998|15656|1635126030211|business associate
8796093057998|4398046537915|1636232395205|business associate
4398046526895|9895604667312|1661224150107|business associate
7696581430223|1099511665024|1661762523520|business associate
13194139539105|3298534890412|1663730604845|business associate
13194139539105|2199023280805|1665463918509|business associate
1099511643569|14293651196200|1668879364798|business associate
8796093048001|10995116315059|1661322311896|business associate
5497558144674|9895604666012|1661756369183|business associate
5497558144674|12094627911229|1664198162921|business associate
1099511643571|14293651177925|1666340288111|business associate
1099511653571|6597069782830|1639417982576|business associate
8796093058003|1099511664865|1639657528038|business associate
15393162794660|6597069782139|1672283685878|business associate
10995116293556|26829|1653205210909|business associate
10995116293556|5497558145760|1664565607699|business associate
7696581400229|7696581401514|1636513283798|business associate
3298534909125|1099511653491|1648041048866|business associate
3298534909125|10995116314739|1659643268392|business associate
10995116283559|8796093058238|1670623559257|business associate
10995116283559|13194139550592|1669511205374|business associate
7696581420231|13194139560011|1667416835353|business associate
10995116283560|15393162795461|1671913313301|business associate
12094627941336|3298534909372|1671437389790|business associate
1099511633577|10995116283301|1672164810587|business associate
1099511633577|10995116314987|1655871161861|business associate
1099511643577|9895604685272|1666462962140|business associate
6597069782458|8796093057948|1636139235285|business associate
6597069782458|7696581411303|1638787584394|business associate
12094627911339|1099511664965|1667725285106|business associate
12094627911339|7696581421826|1666955941310|business associate
7696581400236|10995116303784|1658014431220|business associate
7696581400236|13194139559880|1663688611353|business associate
14293651176892|15393162814897|1671005557534|business associate
14293651176892|5497558155073|1669777382835|business associate
1099511633581|10995116285188|1667836909209|business associate
1099511633581|12094627912298|1665547188584|business associate
15393162824669|5497558176232|1672475294105|business associate
12094627931342|14293651167793|1670087402380|business associate
12094627931342|6597069792513|1656988633752|business associate
2199023271360|27368|1628097505984|business associate
2199023271360|4398046546341|1612653618893|business associate
8796093038017|15393162824374|1671622561378|business associate
15393162824673|13194139558547|1672040157700|business associate
15393162824673|3298534898409|1672433343584|business associate
14293651176898|7696581411081|1670829024750|business associate
6597069782467|8796093027361|1654061328566|business associate
7696581430243|12094627930723|1666572591938|business associate
10995116303572|12094627941349|1659044623361|business associate
12094627911349|16281|1654795361043|business associate
12094627911349|6597069802683|1671228145851|business associate
1099511653590|7696581429712|1654422311941|business associate
10995116313574|10995116294537|1648273423851|business associate
13194139559127|7696581401815|1666232517710|business associate
8796093028024|8796093038538|1652526077332|business associate
8796093028024|2199023281745|1665221131121|business associate
10995116303576|4398046518153|1657137544578|business associate
12094627931353|3298534910650|1671867891161|business associate
12094627931353|3298534908870|1655427522396|business associate
7696581430249|3298534900415|1633558413243|business associate
7696581430249|10995116313403|1652417713450|business associate
1099511643594|4398046546751|1639425102905|business associate
25818|2199023261142|1638289567693|business associate
9895604655803|1099511633816|1655612014509|business associate
8796093048027|9895604686995|1642289584276|business associate
8796093048027|4398046538454|1669611328349|business associate
25820|12094627930854|1666210444725|business associate
25820|26729|1669348604275|business associate
4398046526925|14293651178546|1669407265726|business associate
7696581410254|9895604655208|1648329486728|business associate
15393162814687|12094627941841|1672195512135|business associate
2199023281377|14293651177795|1671355888258|business associate
2199023281377|10995116284296|1665528197017|business associate
7696581430257|2199023281957|1663718551508|business associate
7696581430257|4398046517611|1629783226613|business associate
14293651176914|8796093047892|1668591091015|business associate
7696581430258|3298534890183|1648973207729|business associate
7696581430258|7696581430898|1646733265141|business associate
4398046526932|5497558145747|1657630626334|business associate
2199023261381|4398046538244|1622659019262|business associate
2199023261381|6597069803816|1645356414682|business associate
14293651196917|6289|1669458237796|business associate
14293651196917|6597069783664|1671057479532|business associate
7696581410262|8796093047379|1664825646946|business associate
25830|9895604685560|1645527210906|business associate
25830|6597069782069|1629555453434|business associate
8796093058038|15508|1637255594466|business associate
8796093058038|5497558143905|1642731838180|business associate
14293651176919|2199023272648|1668394502345|business associate
14293651186919|6597069782462|1672194271739|business associate
14293651186919|13194139550263|1670202411201|business associate
5497558174711|12094627912988|1666765584539|business associate
13194139569145|4398046516283|1668037597601|business associate
13194139569145|1099511664835|1669871731385|business associate
12094627921370|3298534918924|1668384585645|business associate
12094627921370|12094627940855|1656051561498|business associate
8796093058042|13194139570126|1661741757885|business associate
8796093028043|13194139548492|1672242674523|business associate
8796093028043|13194139569688|1659883829592|business associate
10995116283596|15393162826222|1672271638724|business associate
4398046536940|13194139549025|1660827149376|business associate
4398046536940|9895604665100|1645467482446|business associate
1099511663612|7696581420567|1651547260257|business associate
15837|9895604657162|1639446508195|business associate
15837|5497558175243|1648933332292|business associate
4398046536941|4398046548468|1659105652033|business associate
14293651196925|12094627932558|1666979486906|business associate
3298534889166|16374|1623931196030|business associate
2199023281390|1099511662855|1640323584486|business associate
2199023281390|13194139550708|1672406591027|business associate
4398046546942|4398046537208|1666975653806|business associate
4398046546942|9895604656244|1665454272214|business associate
6597069782495|3298534890724|1639758646464|business associate
15393162794704|6597069803051|1672234535158|business associate
15393162794704|5497558165686|1671552238150|business associate
3298534899169|15104|1663658052046|business associate
3298534899169|26323|1620703138175|business associate
6597069792498|2199023261275|1629203828851|business associate
6597069792498|2199023270584|1652044844314|business associate
35842|8796093037236|1635735422618|business associate
13194139539155|2199023272412|1663186526873|business associate
8796093038051|9895604666400|1668802074613|business associate
8796093038051|10995116314779|1671596481084|business associate
10995116293604|5497558144840|1671336393323|business associate
4398046516949|15393162824545|1672269764219|business associate
4398046516949|1099511642926|1634959223750|business associate
35845|14293651188419|1668229822076|business associate
1099511643622|3298534890312|1661218183134|business associate
1099511643622|3298534910586|1665859226874|business associate
7696581430278|16631|1645521695520|business associate
7696581430278|12094627921261|1656030983268|business associate
5497558154727|14293651176228|1671930641940|business associate
5497558154727|6512|1668148600381|business associate
7696581410281|1099511664174|1636038659053|business associate
7696581410281|1099511653491|1670798765892|business associate
3298534909177|37222|1603898067117|business associate
2199023261402|10995116294824|1671403980803|business associate
2199023261402|6597069793564|1658194566220|business associate
12094627921386|3298534900650|1667312324252|business associate
7696581430282|14293651197689|1669786143784|business associate
7696581430282|7696581400149|1651775421641|business associate
5497558154731|12094627921323|1661895906162|business associate
14293651166940|9895604675338|1668014126577|business associate
14293651166940|2199023292798|1668003026937|business associate
1099511643628|8796093047608|1651060874452|business associate
1099511643628|5497558165334|1645117936081|business associate
4398046546956|5497558165223|1619220966582|business associate
4398046546956|6597069802915|1671114690688|business associate
3298534889181|1099511633839|1667992376311|business associate
15393162794718|5497558156165|1672112762747|business associate
9895604665838|4398046547178|1671250131741|business associate
35854|15393162794996|1671580993097|business associate
4398046536959|8796093057965|1655277453729|business associate
4398046536959|3298534900153|1618438137642|business associate
13194139549168|15913|1666762311448|business associate
6597069792513|13194139550324|1671627815873|business associate
6597069792513|8796093039541|1659388436763|business associate
6597069802513|9895604686548|1671684874073|business associate
6597069802513|6139|1642747885528|business associate
4398046536962|6597069782830|1641917152425|business associate
12094627941394|3298534888828|1655151044241|business associate
13194139549171|15393162824800|1672393497888|business associate
13194139549171|7696581429808|1672185603666|business associate
3298534919187|8796093049211|1643553431764|business associate
3298534919187|7696581401280|1645477167960|business associate
7696581400292|6597069781784|1634718872215|business associate
7696581400292|9895604655951|1649896672638|business associate
12094627941396|36442|1665565024225|business associate
12094627941396|3298534888579|1663018763576|business associate
6597069772517|8796093038958|1654217722532|business associate
3298534899189|7696581421363|1643873321956|business associate
3298534899189|13194139539520|1672492332163|business associate
13194139559173|9895604665663|1664939948345|business associate
2199023291413|5497558165692|1671339505083|business associate
5862|1099511633406|1657404058065|business associate
12094627931398|4398046547473|1664913946531|business associate
5497558174742|4398046527083|1617846004384|business associate
5497558174742|2199023261402|1640647918474|business associate
6597069802519|6597069771716|1649383539328|business associate
3298534919192|3298534910075|1603383285078|business associate
7696581400297|7696581430115|1661093240059|business associate
3298534909193|12094627911229|1668278475711|business associate
3298534909193|7696581400929|1634132614268|business associate
5497558174745|8796093048909|1653458644007|business associate
6597069772522|8796093029410|1667066708621|business associate
6597069772522|1099511665174|1637083366922|business associate
14293651176954|15393162816264|1671015407620|business associate
14293651176954|3298534920361|1669611048200|business associate
2199023291418|12094627932414|1658583066415|business associate
2199023261420|1099511633588|1642246677047|business associate
4398046526972|2199023292068|1623607644000|business associate
4398046526972|1099511655055|1611297312623|business associate
2199023271421|7696581420752|1641000488557|business associate
2199023271421|12094627932577|1654934368173|business associate
9895604675853|2199023282472|1668406687840|business associate
9895604675853|12094627912533|1671097212482|business associate
7696581400302|14293651167790|1668594580665|business associate
13194139539183|12094627932321|1664204598058|business associate
5497558154751|5497558164538|1648051442834|business associate
2199023291424|5497558144519|1655784541258|business associate
2199023291424|7696581431516|1657396853717|business associate
6597069792529|10995116303582|1657182915041|business associate
6597069792529|6597069781731|1627213783339|business associate
9895604685857|2199023262494|1668897167268|business associate
9895604665858|1099511664547|1668979019134|business associate
9895604665858|9895604656729|1648422095574|business associate
5497558144755|3298534898708|1621117362160|business associate
5497558164755|12094627910830|1668432492763|business associate
9895604655861|4398046538421|1672240801094|business associate
7696581410309|10995116292919|1659491224805|business associate
7696581410309|13194139540537|1670411825561|business associate
3298534909205|12094627922228|1656604496091|business associate
13194139569189|10995116312942|1665391032988|business associate
12094627941414|9895604676739|1653242284285|business associate
13194139569191|14293651176400|1672263332928|business associate
13194139569191|4398046537925|1660841194013|business associate
7696581400312|4398046546405|1672418776059|business associate
1099511633657|14293651168269|1669232249404|business associate
1099511633658|14293651198366|1670531438826|business associate
6597069782538|7696581421501|1668125157976|business associate
5497558164762|4398046536182|1617406506407|business associate
5497558164762|1099511634705|1624914077194|business associate
15393162814747|2199023282421|1671423979902|business associate
9895604655869|2199023272648|1642496290315|business associate
9895604655869|1099511663312|1659695933751|business associate
8796093028094|2199023290558|1641954162944|business associate
8796093028094|9895604665857|1658396461260|business associate
14293651196974|14293651168090|1672077347889|business associate
15393162804751|12094627940726|1672497988253|business associate
15393162804751|1099511634384|1672000842540|business associate
2199023271440|8796093037931|1656360605426|business associate
13194139559200|13194139539020|1662645622877|business associate
12094627911426|15393162824226|1671805909157|business associate
12094627911426|2199023271474|1654905334451|business associate
9895604675874|10995116293034|1657618580095|business associate
9895604675874|1099511663792|1667612541485|business associate
5497558154771|2199023282659|1647867071761|business associate
8796093058099|6597069801745|1635600183571|business associate
8796093058099|35393|1633469440034|business associate
6597069782548|36744|1620717112948|business associate
6597069782548|8796093027536|1667329108017|business associate
4398046536996|4398046547047|1663443796799|business associate
4398046536996|8796093058375|1644190767201|business associate
15893|13194139568554|1666889497775|business associate
5894|10995116304821|1653381271679|business associate
5894|3298534898917|1672408173099|business associate
4398046536998|8796093029481|1672230541539|business associate
4398046536998|13194139548785|1665905487993|business associate
9895604685878|8796093027702|1661973846875|business associate
8796093028103|37133|1650881623413|business associate
8796093028103|2199023292344|1644976804955|business associate
3298534919223|13194139549696|1656633985740|business associate
4398046517000|5497558154330|1635569509662|business associate
12094627941432|13194139568712|1664131446014|business associate
12094627941432|10995116294866|1659605153651|business associate
15897|9895604666830|1657110095974|business associate
15897|1099511662805|1639902083128|business associate
13194139559210|13194139558441|1668873995567|business associate
13194139559210|14293651178276|1669761488492|business associate
12094627911435|9895604675959|1664441964839|business associate
3298534889228|13194139560651|1671720041260|business associate
4398046527005|2199023292344|1658064781760|business associate
4398046527005|14293651186098|1671866977651|business associate
25902|14293651178271|1669423058893|business associate
25902|14293651198173|1668041625100|business associate
6597069782559|3298534889275|1640414767722|business associate
6597069782559|2199023282005|1647010174745|business associate
5497558144784|15393162795705|1672076709803|business associate
5497558144784|15393162804899|1672435145088|business associate
1099511663680|14293651198555|1667425162532|business associate
2199023271457|8796093058099|1659649358182|business associate
5497558174785|5497558144519|1633990866422|business associate
5497558174785|5497558144840|1653450708412|business associate
14293651176994|15393162793936|1671950839718|business associate
13194139539219|14293651176893|1670521993153|business associate
5497558154787|5497558164340|1664808141947|business associate
5497558154787|12094627931784|1668847010349|business associate
9895604675891|14293651198491|1669183241297|business associate
9895604675891|5497558175064|1652977208914|business associate
14293651166997|15393162805009|1670468798580|business associate
5497558154789|4398046546751|1649724137256|business associate
5910|7696581420945|1636423110552|business associate
5910|14293651197359|1672304163971|business associate
3298534889239|12094627930623|1653431696002|business associate
3298534889239|9895604675442|1672415903332|business associate
13194139549223|13194139559404|1669527096998|business associate
13194139549223|4398046546751|1669926599965|business associate
12094627911448|5497558174269|1659021717357|business associate
3298534899242|5497558174432|1621139715487|business associate
35914|14293651197170|1667382411127|business associate
4398046517019|4398046528414|1654344747403|business associate
4398046517019|6597069793046|1631399689150|business associate
4398046517020|1099511643797|1624678196724|business associate
4398046517020|3298534899860|1651166728891|business associate
6597069782572|6597069802824|1624973404168|business associate
8796093028125|13194139568841|1671633139976|business associate
7696581430349|14293651197170|1669321887263|business associate
5497558154798|5497558154969|1635404866080|business associate
8796093058126|25706|1655937367774|business associate
5497558144799|10995116293556|1645654883792|business associate
14293651177007|25664|1667981042041|business associate
8796093048127|9895604666076|1654869903672|business associate
8796093048127|14293651186375|1668155055620|business associate
2199023261472|1099511643713|1657665101155|business associate
2199023261472|13194139550006|1664551237162|business associate
8796093038128|1099511644041|1650497723429|business associate
8796093038128|1099511645134|1662770966451|business associate
9895604685904|6597069771902|1647407357381|business associate
9895604685904|7696581411645|1663657068867|business associate
7696581420353|7696581431891|1668045017275|business associate
15393162804787|4398046516268|1671736026029|business associate
15393162804787|10995116294979|1671955484194|business associate
10995116303683|14293651176308|1667188467195|business associate
7696581400356|7696581419549|1642600606338|business associate
6597069782580|12094627932032|1662326150338|business associate
6597069782580|7696581400636|1632744742474|business associate
15393162814788|8796093058232|1672087692960|business associate
15393162814788|12094627942712|1672328291246|business associate
7696581420357|26539|1668935455645|business associate
35925|2199023271852|1628309921222|business associate
35925|3298534909750|1629878876452|business associate
5497558154806|9895604666667|1665790062488|business associate
5497558154806|26948|1651076689583|business associate
13194139559238|8796093027532|1665079588515|business associate
13194139559238|3298534920316|1668297654859|business associate
1099511663702|8796093058631|1641956731800|business associate
1099511663702|13194139560163|1669001493406|business associate
10995116283687|13194139548840|1668094240517|business associate
2199023271479|5497558176174|1631186693079|business associate
5497558154808|10995116283858|1645618325319|business associate
5497558154808|13194139560205|1669918839668|business associate
12094627941464|7696581401295|1665632124093|business associate
12094627941464|15393162824087|1672101020185|business associate
5929|7696581430191|1625562312566|business associate
5929|25661|1584121351449|business associate
1099511633706|2199023271457|1667139941415|business associate
14293651177018|2199023292023|1671040921963|business associate
14293651177018|10995116293460|1672302501822|business associate
14293651187018|2199023261416|1667463296676|business associate
14293651187018|12094627940536|1663531116076|business associate
14293651197018|10995116294484|1668434352446|business associate
12094627921467|16070|1657841269614|business associate
6597069792587|9895604666960|1638422012068|business associate
6597069792587|7696581420927|1669655326143|business associate
5497558174811|12094627922448|1662438081677|business associate
5497558174811|12094627932414|1656174940300|business associate
15393162804796|14293651176372|1671627167374|business associate
25933|14293651186238|1672279547968|business associate
1099511663709|7696581420889|1667699968440|business associate
1099511663709|2199023261035|1647991020498|business associate
7696581420366|2199023270882|1656728627512|business associate
7696581430367|2199023291418|1657068872709|business associate
4398046527040|8796093027904|1635704249519|business associate
4398046527040|10995116283560|1662126608505|business associate
12094627931472|14293651198071|1667760492411|business associate
15393162824800|7696581430380|1671755327353|business associate
4398046517041|15393162805235|1672400898152|business associate
1099511643713|1099511654836|1663338448373|business associate
2199023281489|2199023271131|1599281561851|business associate
1099511663713|9895604686335|1648221306371|business associate
1099511663713|9895604656507|1663687671281|business associate
1099511643714|10995116303758|1648853067913|business associate
1099511643714|15393162795644|1671582497903|business associate
6597069792594|1099511663954|1629032163661|business associate
6597069792594|10995116294274|1660290547302|business associate
15393162824802|8796093057379|1671595642834|business associate
15393162824802|4398046517835|1670572569803|business associate
6597069782595|2199023272379|1660661042052|business associate
14293651187027|1099511654581|1670976830491|business associate
9895604655924|16454|1669887875776|business associate
9895604655924|7696581411307|1642578826463|business associate
1099511663716|14293651176941|1671331547086|business associate
10995116283701|2199023282526|1671058483769|business associate
10995116283701|14293651178456|1671960047173|business associate
25941|13194139540542|1671489389651|business associate
8796093038151|3298534918351|1653451900929|business associate
8796093038151|2199023292368|1636176172667|business associate
6597069782601|9895604685189|1661146498389|business associate
13194139549259|6772|1668305838150|business associate
15393162814811|4398046527264|1672366997312|business associate
15393162814811|7696581399634|1672015999797|business associate
14293651197035|6252|1668785002167|business associate
14293651197035|9895604656833|1669316641881|business associate
5497558154828|10995116313893|1656251869491|business associate
7696581430380|6597069782298|1644673709324|business associate
7696581430380|3298534908510|1667611945656|business associate
1099511633725|9895604665517|1650466087776|business associate
1099511633725|1099511644186|1607589062921|business associate
25949|9895604655130|1648550196697|business associate
13194139569261|15203|1665516247520|business associate
13194139549262|2199023282125|1662682964803|business associate
8796093028159|5497558165113|1644516838121|business associate
10995116293711|12094627911256|1659656607988|business associate
3298534919280|5497558176343|1617687556799|business associate
6597069772610|9895604655231|1662410567406|business associate
5497558154834|10995116284704|1672441727532|business associate
9895604675938|9895604685656|1669502015039|business associate
9895604675938|7696581400229|1661426128769|business associate
14293651167044|2199023272557|1668503828439|business associate
7696581410388|4398046546912|1663889932154|business associate
3298534909285|1099511654368|1617535068392|business associate
10995116283718|2199023271852|1661069314052|business associate
12094627941494|6597069783937|1670094020401|business associate
12094627941494|4398046546668|1654763624598|business associate
13194139539271|5497558165497|1664840624540|business associate
9895604665943|2199023292518|1646434997576|business associate
9895604665943|12094627941394|1651766774043|business associate
13194139559272|2199023271772|1668463734976|business associate
13194139559272|6597069773991|1663474881161|business associate
2199023261513|3298534898476|1618739434661|business associate
3298534919290|3298534909276|1608833720037|business associate
3298534919290|16818|1626575269332|business associate
12094627911499|10995116282859|1670721956631|business associate
1099511653740|36372|1606385615956|business associate
14293651167053|2199023292504|1669076277101|business associate
14293651167053|4398046516331|1669776119127|business associate
14293651197053|6597069792854|1672167920350|business associate
15966|10995116293627|1646678633111|business associate
15966|9895604655666|1664948956350|business associate
12094627921503|15189|1670074610071|business associate
12094627921503|2199023272945|1659100037848|business associate
14293651177056|10995116285041|1667283443729|business associate
14293651177056|5497558174478|1668948827095|business associate
5497558144849|4398046527342|1630279911925|business associate
5497558174849|1099511653143|1618908997251|business associate
3298534899298|13194139569810|1660522371612|business associate
4398046547074|10995116294823|1649550647825|business associate
4398046547074|3298534888468|1641041098918|business associate
5971|9895604686656|1641943061403|business associate
12094627921508|12094627932072|1662179315815|business associate
12094627921508|10995116312780|1662587980845|business associate
6597069802628|10995116314114|1665164535875|business associate
13194139549285|7696581401630|1661333411659|business associate
13194139549285|2199023260807|1660545477045|business associate
3298534909301|10995116313162|1664900119242|business associate
6597069802629|3298534900796|1666752578733|business associate
6597069802629|10995116315161|1648804346077|business associate
13194139549287|7696581401671|1665296298786|business associate
13194139549287|5497558145747|1659318906690|business associate
9895604675959|26114|1641225165537|business associate
6597069802631|13194139559127|1663352343560|business associate
6597069802631|4398046547730|1666849031464|business associate
5497558164856|10995116314118|1650084815121|business associate
5497558164856|6597069802081|1657535065273|business associate
13194139569288|2199023290689|1669833009802|business associate
13194139569288|12094627922122|1663071262775|business associate
2199023271529|15393162814186|1672395327121|business associate
2199023271529|13194139568962|1669058352727|business associate
15393162824841|13194139559533|1671738648717|business associate
15393162824841|6597069792843|1671909899850|business associate
13194139569290|12094627941226|1670320751397|business associate
13194139569290|8796093049298|1664641320847|business associate
25979|10995116314910|1664464739447|business associate
4398046537084|14293651198178|1671951351598|business associate
12094627941516|13194139559000|1663953743011|business associate
12094627941516|8796093037831|1671056963003|business associate
13194139569293|7696581430849|1671392195322|business associate
3298534899310|8796093037868|1655629416530|business associate
3298534899310|1099511634190|1669125923831|business associate
13194139569294|3298534919395|1662880782348|business associate
3298534909311|4398046547914|1640001135094|business associate
3298534889312|12094627921467|1654912263563|business associate
3298534889312|10995116284347|1654593022446|business associate
13194139549296|2199023262674|1665980240984|business associate
5497558154865|1099511665130|1643429394905|business associate
5497558174865|8796093058483|1662691105588|business associate
12094627911522|13194139540785|1671531962291|business associate
12094627911522|4398046548424|1658396466950|business associate
2199023261539|6597069792640|1665319050554|business associate
2199023261540|4398046536241|1638459562549|business associate
14293651167077|10995116294392|1669753226615|business associate
15393162824853|9895604665659|1671832214703|business associate
12094627941526|9895604657332|1662447974254|business associate
12094627941526|3298534919846|1657486585795|business associate
10995116283751|1099511634416|1654458784499|business associate
13194139549303|6597069782455|1658546967261|business associate
2199023291543|1099511654731|1642891594745|business associate
2199023291543|6597069791733|1671016534603|business associate
9895604685976|6597069783619|1638430580935|business associate
5497558144873|13194139559334|1662422385141|business associate
5497558144873|10995116293220|1658448177644|business associate
5497558154873|5152|1670598173790|business associate
5497558154873|5497558164020|1622129473584|business associate
2199023291545|3298534909015|1621036861809|business associate
2199023291546|5497558155867|1670713610270|business associate
2199023291546|8796093049181|1634385356418|business associate
8796093038203|14293651188379|1671882445430|business associate
8796093038203|9895604667025|1640825231466|business associate
5497558174875|6597069783308|1644951532714|business associate
5497558174875|14293651188441|1665611574472|business associate
1099511633772|4398046518180|1645444053555|business associate
1099511633772|8796093037788|1647842114149|business associate
10995116293756|8796093029112|1662905154437|business associate
10995116293756|15393162814474|1670447892339|business associate
2199023261549|3298534909588|1655139773494|business associate
2199023271549|1099511653491|1658937139684|business associate
14293651197085|4398046517176|1666430866750|business associate
14293651197085|8796093048795|1669020491144|business associate
5998|13194139569676|1669658682071|business associate
5998|17075|1630344414447|business associate
10995116303758|13194139570126|1670933603469|business associate
3298534889328|36487|1639080071429|business associate
3298534889328|9895604667247|1668586496122|business associate
5497558154881|9895604687455|1641245890954|business associate
9895604665986|4398046548468|1664603597755|business associate
14293651197090|13194139559916|1672379729055|business associate
10995116283763|9895604665009|1668024815739|business associate
3298534899332|2199023292983|1625523641054|business associate
3298534909332|12094627942216|1660320209468|business associate
12094627911542|25303|1665680406991|business associate
12094627911542|2199023261420|1658348316977|business associate
12094627921542|2199023272007|1663917289216|business associate
12094627921542|7264|1653644541836|business associate
12094627921543|15393162794906|1671846661653|business associate
12094627921543|4398046537360|1653763565946|business associate
12094627941543|13194139569024|1661089370225|business associate
6597069772664|26323|1665323675566|business associate
6597069772664|1099511644550|1649263816473|business associate
5497558154888|4398046537376|1626233053655|business associate
5497558154888|6597069783369|1625262758547|business associate
14293651187096|10995116313451|1671965048923|business associate
1099511643786|8796093047723|1664901060079|business associate
7696581420442|1099511654242|1644612643932|business associate
3298534889339|15393162814618|1672396282553|business associate
3298534889339|5497558163941|1642776043041|business associate
14293651187099|7696581431862|1668066924723|business associate
14293651187099|5497558175502|1666160247932|business associate
6597069782668|3298534900368|1618089321533|business associate
6597069782668|25830|1620730591165|business associate
26012|7696581399563|1650898483898|business associate
12094627921549|12094627921767|1670546907256|business associate
12094627921550|9895604676516|1662508256518|business associate
12094627921550|6597069792729|1666423372487|business associate
14293651167103|4398046536218|1669248855081|business associate
10995116293775|10995116313332|1651594469108|business associate
10995116293775|3298534920684|1646036117753|business associate
4398046537119|3298534900815|1669869897086|business associate
4398046537119|13194139570237|1663645723498|business associate
2199023291567|10995116294559|1666684955677|business associate
13194139539328|9895604686656|1671345824403|business associate
8796093058225|2199023281402|1664428509125|business associate
10995116293778|5497558165677|1667739067998|business associate
10995116293778|35625|1669731460159|business associate
8796093058226|5497558175137|1655388427133|business associate
8796093058226|9895604677229|1669310490496|business associate
4398046537123|3298534908534|1670564184125|business associate
4398046537123|6597069803059|1621040614432|business associate
10995116313779|5497558166259|1653626327648|business associate
10995116313779|12094627941336|1656018308509|business associate
2199023261573|14293651177870|1672132671791|business associate
1099511643797|5497558144273|1666218342887|business associate
1099511643797|1099511654248|1621738361290|business associate
2199023281573|2199023271529|1622395363701|business associate
12094627911560|6597069773003|1655629308445|business associate
12094627911560|25574|1669784209838|business associate
10995116303784|14293651187459|1670687805778|business associate
10995116303784|6597069772732|1648094053586|business associate
1099511643801|8796093047241|1658634928067|business associate
3298534889354|14293651176726|1670578605208|business associate
8796093038235|4398046547329|1648567705483|business associate
8796093038235|16491|1638148192713|business associate
12094627941564|13194139560543|1667184579059|business associate
9895604656013|9895604665525|1644666902164|business associate
9895604656013|6597069774042|1646006739299|business associate
7696581430461|27393|1654287908361|business associate
7696581430461|10995116314582|1668567183808|business associate
4398046527134|4398046526626|1643706918383|business associate
4398046527134|4398046536823|1656495519463|business associate
7696581410463|7696581401760|1650505123683|business associate
7696581410463|2199023262175|1643201650021|business associate
16032|5497558155159|1623308766332|business associate
6597069782689|7387|1669436151092|business associate
12094627941569|13194139550778|1668690831276|business associate
12094627941569|12094627922976|1672089812562|business associate
6597069772691|3298534908665|1620926906952|business associate
6597069772691|5497558144811|1672413575136|business associate
15393162804899|6597069803425|1672508256874|business associate
26035|15393162806022|1670940492608|business associate
6597069782692|3298534890679|1647469859130|business associate
12094627931572|3298534920532|1660160775364|business associate
36037|15393162795224|1671937106030|business associate
36037|12094627911930|1656433007379|business associate
13194139539351|8796093059497|1664748051845|business associate
13194139539351|7696581401388|1663556359152|business associate
2199023281591|8796093058733|1640156053745|business associate
12094627941575|12094627922733|1662598653729|business associate
12094627941575|27088|1656672259398|business associate
7696581420472|15393162805644|1671001229074|business associate
7696581420472|8796093027717|1662397232052|business associate
10995116313800|10995116302999|1649388318655|business associate
10995116313800|13194139560364|1662637770604|business associate
1099511643817|14293651178104|1671901666473|business associate
3298534909369|3298534898731|1641390769522|business associate
5497558174921|13194139540050|1661819867820|business associate
15393162794906|3298534890032|1671704349258|business associate
15393162794906|7696581420488|1671420870385|business associate
2199023271595|3298534889228|1658233846469|business associate
6597069792699|7696581431529|1655674003407|business associate
36043|9895604676464|1645319325135|business associate
36043|8796093058232|1641696487568|business associate
3298534909372|10995116314088|1650307144901|business associate
14293651197132|6597069781841|1669439322673|business associate
4398046517149|5834|1657353628537|business associate
8796093038253|10995116303131|1654380373296|business associate
8796093038253|8796093048736|1669309467057|business associate
1099511653821|7696581429792|1654944723803|business associate
12094627931582|3298534900568|1657631683621|business associate
8796093028255|4398046526940|1641450840459|business associate
2199023271599|15393162824673|1672140072626|business associate
8796093058257|10995116304690|1662184200228|business associate
8796093058257|25471|1638810096582|business associate
6597069772706|14293651186645|1668494829672|business associate
12094627921586|6226|1653390905252|business associate
12094627921586|9895604656507|1659635954666|business associate
9895604676034|2199023282871|1642161772837|business associate
9895604676034|4398046528064|1664479660777|business associate
5497558154931|5497558165386|1632174171794|business associate
5497558154931|13194139540543|1667358430357|business associate
6597069782708|13194139549782|1669816142048|business associate
6597069782708|5497558164037|1640983201981|business associate
3298534909380|10995116283537|1659052417828|business associate
4398046547156|35889|1665692423008|business associate
14293651187143|4398046526122|1666570895255|business associate
14293651167144|7696581411905|1663901685220|business associate
5497558174936|12094627932407|1671829619000|business associate
5497558174936|2199023270731|1633656025430|business associate
2199023281609|3298534909916|1624485408069|business associate
13194139559370|13194139568820|1664469265415|business associate
5497558144939|13194139540518|1664259205656|business associate
6597069782715|2199023261472|1630345948768|business associate
6597069782715|10995116294336|1652209019461|business associate
13194139559371|8796093048101|1667112692944|business associate
36059|4398046548365|1637754511144|business associate
36059|8796093028830|1659163609084|business associate
8796093028268|10995116303572|1654630810436|business associate
8796093028268|14293651167191|1672481609826|business associate
8796093038268|15393162813934|1671597441157|business associate
9895604676044|8796093027656|1648340392828|business associate
9895604676044|14293651167347|1672484858907|business associate
7696581430493|16186|1661433043256|business associate
7696581430493|8796093059658|1650511567395|business associate
13194139559374|10995116282876|1667532895324|business associate
2199023291614|12094627911542|1658470560624|business associate
1099511633839|8796093059066|1669847484638|business associate
5497558174943|8796093039104|1648302526211|business associate
5497558174943|6597069773946|1633999422399|business associate
9895604676048|12094627940703|1667182484874|business associate
9895604676048|2199023291998|1656495782716|business associate
12094627941600|6597069782572|1668472395829|business associate
12094627911601|6597069793345|1671904484333|business associate
12094627911601|4398046528408|1664357681422|business associate
10995116303825|6597069804100|1654841790889|business associate
7696581410498|5497558155813|1650046704259|business associate
7696581410498|9895604666245|1644441897615|business associate
13194139559378|8796093038732|1667384912417|business associate
6597069782723|13194139560805|1670357486190|business associate
6597069782723|7696581409757|1645172580936|business associate
5497558144949|10995116302944|1666760081004|business associate
2199023281621|1099511645055|1631632181556|business associate
2199023281621|4398046516728|1620065244896|business associate
5497558174949|9895604675184|1661935141167|business associate
5497558174949|6597069772959|1671207034036|business associate
16070|6597069773051|1633344142987|business associate
16070|4398046517455|1609187683832|business associate
14293651187159|14293651187444|1670289755194|business associate
10995116313831|14293651198541|1669761681080|business associate
10995116313831|13194139548912|1665614407421|business associate
4398046517176|3298534888423|1650976915918|business associate
10995116293832|14293651176373|1671951830212|business associate
6597069792729|8796093029287|1650378587148|business associate
4398046547178|2199023261347|1665060760037|business associate
4398046547178|1099511635102|1617319545332|business associate
2199023261627|13194139560277|1662990490672|business associate
2199023261627|3298534899848|1655310524713|business associate
12094627941611|7696581431311|1658348448411|business associate
12094627941611|8796093047769|1665671688354|business associate
36076|4398046527695|1616213163780|business associate
10995116293838|9895604657148|1645987922329|business associate
10995116293838|5497558154491|1648173155142|business associate
26079|13194139559696|1672050566836|business associate
3298534909408|10995116294748|1650692740580|business associate
3298534909408|7696581429865|1656332694626|business associate
8796093028289|25335|1647999764658|business associate
8796093028289|12094627931510|1668348794867|business associate
9895604686065|12094627942250|1667274010041|business associate
9895604686065|13194139540651|1668603807463|business associate
2199023261634|1099511634684|1617597992023|business associate
2199023261634|7696581409894|1664633076336|business associate
14293651197170|8796093039581|1672525625075|business associate
14293651197170|13194139568350|1669530508103|business associate
12094627911619|3298534890350|1655061575572|business associate
12094627911619|14293651186375|1670957134461|business associate
12094627921619|5497558155464|1672033708198|business associate
7696581410516|8796093038975|1640895177893|business associate
7696581410516|2199023281729|1647094676610|business associate
4398046517189|14293651168586|1669002807689|business associate
4398046517189|13194139568605|1666595691083|business associate
14293651177173|3298534909369|1668107862413|business associate
4398046537189|4398046536685|1652854983586|business associate
4398046537189|1099511633008|1655408699899|business associate
6088|3298534909125|1632673862272|business associate
6088|5497558145575|1663677779674|business associate
6597069782744|1099511664128|1634734814553|business associate
6597069782744|14293651198164|1672463852783|business associate
7696581400521|6597069773991|1670570636783|business associate
7696581400521|3298534920027|1662940817400|business associate
9895604686073|1099511654357|1647009714032|business associate
9895604686073|12094627941938|1667031004210|business associate
2199023271642|2199023271440|1620909678677|business associate
14293651187178|7696581410262|1670587287126|business associate
8796093058298|5497558145135|1656175692009|business associate
8796093058298|10995116292974|1648340373066|business associate
6597069782747|6597069784119|1650059150710|business associate
6597069782747|7696581430896|1630204821986|business associate
9895604656076|13194139549625|1663133026433|business associate
9895604656076|14293651166364|1671008847366|business associate
9895604666076|10995116294866|1653082531516|business associate
9895604666076|8796093037784|1667349152412|business associate
4398046517197|10995116294810|1661956923555|business associate
4398046517197|5497558154016|1657216323656|business associate
6597069782749|9895604685280|1660925190316|business associate
3298534909421|13194139568958|1671267052626|business associate
13194139569406|12094627921057|1670008107314|business associate
13194139569406|3298534920447|1669678960609|business associate
8796093038303|1099511664034|1648276822227|business associate
8796093038303|10995116292798|1662249328695|business associate
6096|3298534919192|1671277451671|business associate
6096|3298534910003|1660120304762|business associate
16096|2199023281994|1622466449636|business associate
10995116303856|13194139569958|1664812935453|business associate
10995116303856|1099511634126|1658228677990|business associate
13194139569409|1099511643375|1657697593477|business associate
8796093038306|36032|1667687766634|business associate
5497558174978|8796093047684|1636952835636|business associate
5497558174978|12094627931853|1659746912549|business associate
9895604686083|14293651176891|1671860268795|business associate
9895604686083|8796093039048|1655612706915|business associate
4398046537204|1099511654011|1607787153149|business associate
15393162794965|13194139560380|1672074032307|business associate
3298534899429|10995116294107|1648676147503|business associate
3298534899429|3298534890056|1634051067216|business associate
14293651187189|9895604665045|1671414156305|business associate
7696581410534|2199023262712|1646274914395|business associate
7696581410534|9895604655549|1660685477986|business associate
15393162824966|7696581399702|1672326486402|business associate
15393162824966|14293651177991|1672256586387|business associate
14293651167192|8796093049694|1670150775554|business associate
9895604666088|8796093049070|1666436533599|business associate
14293651177193|3298534888941|1668669059466|business associate
10995116303865|15393162813989|1672087568189|business associate
10995116303865|5497558143888|1665684088022|business associate
12094627941641|26660|1657559507298|business associate
12094627921642|13194139549360|1663869975820|business associate
12094627921642|5497558175957|1665275930155|business associate
4398046537210|15393162806234|1671981016854|business associate
10995116313866|10995116285098|1649482156342|business associate
10995116313866|1099511655208|1663759114325|business associate
12094627941643|3298534920360|1661887515382|business associate
12094627941643|10995116314377|1656656655080|business associate
6597069772764|2199023292220|1669960319637|business associate
6597069772764|7696581401428|1647307542930|business associate
8796093038317|13194139539050|1668361787089|business associate
4398046517214|13194139538518|1665023793825|business associate
6597069802766|3298534890350|1650381833137|business associate
3298534889439|10995116302839|1651128117236|business associate
14293651177199|10995116284597|1670382699940|business associate
14293651177199|15393162806022|1670859656677|business associate
8796093038320|9895604686738|1657612052339|business associate
8796093038320|12094627931574|1670718188044|business associate
13194139559424|5497558144273|1662358754254|business associate
13194139559424|5497558164141|1663259858951|business associate
3298534889441|2199023282912|1621898640886|business associate
7696581420545|15393162795644|1672054721993|business associate
7696581420545|1099511653154|1663442524733|business associate
4398046517218|10995116294259|1665789340194|business associate
4398046517218|3298534918385|1642467300047|business associate
13194139549427|16454|1664807289634|business associate
1099511653891|10995116303262|1652559383396|business associate
9895604686099|13194139538312|1666557353549|business associate
15393162814980|13194139559538|1670553610380|business associate
15393162814980|10995116284692|1670979866245|business associate
8796093038325|13194139549168|1664112257321|business associate
4398046517222|2199023261470|1632915081318|business associate
4398046517222|14293651178432|1669510177439|business associate
7696581410550|1099511642813|1627136490136|business associate
2199023281670|10995116314128|1665300636171|business associate
5497558174998|36421|1663660416063|business associate
5497558174998|13194139550659|1664958015609|business associate
13194139539431|12094627941938|1660647818133|business associate
13194139539431|5497558175947|1663304534642|business associate
7696581400552|8796093047797|1645231806031|business associate
7696581400552|13194139570186|1660599452891|business associate
2199023271672|6583|1652451967674|business associate
2199023271672|1099511643072|1671513315738|business associate
10995116303881|4398046527831|1672103421190|business associate
10995116303881|5497558175272|1671544341275|business associate
14293651187210|4398046518403|1668580800556|business associate
9895604676107|15837|1652636486005|business associate
9895604676107|9895604666440|1647951681468|business associate
6597069772780|5497558145304|1662531883070|business associate
8796093038332|10995116304570|1670174480067|business associate
6597069782782|6597069801784|1629259537911|business associate
13194139569438|6597069803045|1663800108080|business associate
6597069772783|1099511634355|1660780007805|business associate
6597069772783|10995116314028|1671118632101|business associate
3298534909455|35274|1605788155596|business associate
1099511633904|12094627942997|1666835382458|business associate
1099511633904|13194139540706|1664921458950|business associate
14293651177216|6597069783432|1669950005825|business associate
10995116313888|2199023272087|1649466764497|business associate
10995116313888|7696581400255|1655936228595|business associate
13194139569441|14293651177173|1671016014868|business associate
13194139539442|12094627922368|1670043182464|business associate
13194139539442|15393162806205|1672021146930|business associate
12094627921666|13194139569209|1672282315304|business associate
5497558175010|5497558165480|1631081816390|business associate
5497558175010|6597069791904|1652390632267|business associate
13194139539443|6597069792004|1670368416742|business associate
13194139539443|8796093058232|1671776927084|business associate
7696581410563|10995116304808|1663453794465|business associate
6597069772789|3298534900650|1654343392347|business associate
6597069772789|8796093049688|1660030982711|business associate
5497558165013|8796093029209|1654040690807|business associate
3298534919462|4398046526966|1659942257416|business associate
7696581410567|6597069791788|1629532676504|business associate
7696581410567|7696581400739|1665138219993|business associate
13194139569447|9895604667402|1664474670813|business associate
10995116293896|35448|1656594825712|business associate
10995116293896|3298534900520|1651153893897|business associate
5497558175016|7696581411734|1656965598780|business associate
10995116283897|13194139539144|1662023369840|business associate
10995116283897|9895604666484|1657773719719|business associate
6597069782793|1099511654953|1626967836618|business associate
6597069782793|10995116314895|1658583776214|business associate
6597069792793|4398046517030|1632450111070|business associate
6597069792793|13194139540184|1665675319249|business associate
7696581400570|6597069793435|1654791160912|business associate
8796093048346|15393162795295|1672390136421|business associate
8796093048346|8796093047684|1652931334441|business associate
6139|1099511635070|1598983739878|business associate
8796093038347|1099511654777|1669564080149|business associate
8796093038347|2199023290970|1668522874683|business associate
4398046517244|10995116294484|1659832066440|business associate
1099511653916|12094627942807|1671787973367|business associate
1099511653916|2199023290602|1628441978296|business associate
8796093058348|6597069791841|1657918500930|business associate
5497558145021|7696581401588|1629551697776|business associate
5497558145021|12094627941385|1658644177435|business associate
12094627921677|9895604667247|1661242860905|business associate
13194139559453|15393162806118|1671171368183|business associate
13194139559453|13194139560780|1672354236082|business associate
6142|35350|1670200167778|business associate
6142|2199023281044|1592559166617|business associate
7696581420574|1099511654035|1650787821623|business associate
7696581420574|5497558155553|1658450738470|business associate
15393162825006|2199023271772|1672151190750|business associate
2199023291696|1099511654961|1665854269415|business associate
12094627911682|13194139570562|1669179421159|business associate
12094627911682|10995116284724|1657491313956|business associate
13194139549458|12094627942250|1666394334071|business associate
13194139549458|10995116284008|1671598821167|business associate
6597069772803|2199023262529|1666036573052|business associate
1099511653923|12094627942674|1668789487238|business associate
4398046527252|7460|1646811195793|business associate
1099511663924|3298534890132|1645040030438|business associate
1099511663924|14293651177471|1665202104605|business associate
13194139549461|14293651186959|1669322396508|business associate
13194139559461|5497558175236|1662494862281|business associate
4398046547253|5497558155225|1651991616457|business associate
14293651167238|10995116292904|1671624479055|business associate
8796093048358|9895604675080|1649985342534|business associate
3298534919478|9895604665471|1653043245940|business associate
3298534919478|2199023291970|1619772935816|business associate
2199023271703|6594|1614165065489|business associate
2199023271703|7696581429712|1625996532191|business associate
5497558165031|6597069773003|1624911112366|business associate
3298534889481|4398046526736|1647183003068|business associate
6597069782809|2199023261206|1671219230713|business associate
6597069782809|14293651197277|1669961154791|business associate
4398046537258|14293651188441|1670843343190|business associate
4398046537258|10995116292814|1654991864202|business associate
6597069802810|5497558174478|1654487859702|business associate
6597069802810|13194139538750|1670810018031|business associate
8796093038363|14293651198454|1671183674989|business associate
8796093038363|13194139540070|1667671220569|business associate
7696581420588|12094627920978|1670920393393|business associate
1099511653933|6597069783811|1621641585362|business associate
1099511663933|5497558175589|1645558826474|business associate
15393162815022|3298534900227|1671098980082|business associate
15393162815022|4398046537472|1672061008983|business associate
6597069782815|36269|1664039483005|business associate
9895604686144|1099511643292|1670883281680|business associate
9895604686144|8796093049671|1662170096979|business associate
7696581400593|9895604675014|1652098783649|business associate
6597069772818|8796093058937|1633131739211|business associate
6597069772818|6597069772909|1631214622831|business associate
6597069782818|1099511653783|1659169599360|business associate
8796093028372|9895604665144|1671919076131|business associate
14293651197252|14293651178455|1670576647350|business associate
14293651197252|5497558174477|1666671016986|business associate
13194139539477|4398046518323|1662895158012|business associate
8796093048373|15393162814963|1671573529350|business associate
8796093048373|12094627941622|1671424018465|business associate
6597069772822|8796093048170|1660764905844|business associate
6597069772822|14293651176373|1669169434379|business associate
15393162805030|2199023291257|1672433291951|business associate
6168|4398046518566|1614951261408|business associate
6597069802824|14293651197387|1669236167103|business associate
13194139569481|14293651168522|1669320650153|business associate
13194139569481|6597069773116|1660696955314|business associate
12094627921706|5497558144368|1668532725832|business associate
3298534909498|7696581429972|1671501980403|business associate
3298534909498|8796093048334|1666901192059|business associate
7696581430603|2199023282415|1668740792969|business associate
7696581430603|9895604655514|1661049067169|business associate
5497558145052|4398046517214|1619319652815|business associate
5497558145052|8796093027904|1653135676249|business associate
1099511633949|5497558163933|1622044450521|business associate
6597069772831|3298534889228|1652950166715|business associate
8796093038383|12094627911092|1652161195082|business associate
12094627931711|13194139560310|1668823476095|business associate
12094627931711|6597069793553|1666901205644|business associate
4398046517280|6597069782608|1641120489745|business associate
12094627911713|5497558144626|1651981933768|business associate
1099511643953|13194139539448|1665708379686|business associate
6178|2199023261328|1640244275764|business associate
13194139559490|13194139560185|1671879367177|business associate
13194139559490|9895604686723|1669415398493|business associate
10995116283940|8796093057660|1655615594335|business associate
12094627911717|9895604685543|1661985044528|business associate
12094627911717|12094627912718|1653029405799|business associate
13194139549493|9895604666012|1665884059326|business associate
13194139549493|3298534910757|1665385401110|business associate
6597069772838|37149|1654373232598|business associate
6597069772838|1099511643740|1656190206882|business associate
14293651187271|10995116284677|1671876985773|business associate
14293651187271|12094627930565|1669573145884|business associate
5497558145064|6597069784043|1657080121150|business associate
5497558145064|12094627922812|1664153489136|business associate
14293651177272|4398046536219|1672180113178|business associate
14293651177272|3298534888577|1669217788011|business associate
6597069792840|6088|1654254957905|business associate
4398046547289|4398046546215|1647488499048|business associate
16186|3298534900796|1665596986220|business associate
16186|1099511634941|1640501963466|business associate
7696581430618|7696581430548|1660370916159|business associate
7696581430618|3298534918933|1662631588314|business associate
8796093038395|12094627910733|1671587166744|business associate
8796093038395|14293651187315|1671254126167|business associate
4398046517293|8796093038634|1642243757436|business associate
3298534899517|3298534910068|1660018439677|business associate
3298534899517|6516|1640406378323|business associate
3298534909517|4398046528408|1620382131929|business associate
14293651197277|10995116315222|1670796736823|business associate
12094627911726|13194139569760|1659949079352|business associate
1099511663967|1099511632857|1624272702442|business associate
2199023281745|6597069803425|1625302918134|business associate
2199023291745|2199023261878|1595684833476|business associate
10995116283954|10995116303683|1664567373348|business associate
1099511643973|5497558154489|1634028481555|business associate
1099511643973|8796093028825|1666792153027|business associate
7696581430629|12094627932854|1671093286069|business associate
6597069772854|5497558176232|1649006730687|business associate
6597069772854|16965|1621106797511|business associate
6597069792854|13194139539686|1656947098935|business associate
4398046547302|14293651177056|1669012367232|business associate
8796093048407|14293651166478|1669043938066|business associate
7696581400632|26467|1634743987004|business associate
8796093048408|14293651167793|1671081395610|business associate
14293651177290|7696581420895|1663471228125|business associate
7696581430634|7696581410809|1645369078403|business associate
7696581430634|6597069773175|1652430399791|business associate
12094627911739|4398046528550|1658419093630|business associate
12094627911739|10995116304335|1652662776552|business associate
8796093038411|15393162796206|1671258086455|business associate
8796093048411|13194139540237|1658592946976|business associate
8796093048411|1099511634335|1656014927628|business associate
8796093058411|14293651176400|1669428915980|business associate
7696581400636|14293651167790|1668875026733|business associate
7696581400636|7696581410689|1647701055334|business associate
13194139549516|4398046526921|1660324459614|business associate
13194139549516|13194139560289|1666864962034|business associate
15393162825068|10995116313761|1671207045137|business associate
1099511643981|7696581420958|1645880032912|business associate
10995116303965|1099511663129|1668103258606|business associate
1099511663981|12094627922533|1659358434509|business associate
4398046537310|6597069782668|1659244075126|business associate
4398046537310|1099511634262|1625415304738|business associate
36206|27374|1659588042170|business associate
10995116283967|14293651167790|1665738999053|business associate
10995116283967|4398046526940|1659395013874|business associate
2199023271759|1099511653590|1667319806277|business associate
13194139569519|12094627910537|1659952161228|business associate
13194139539520|7696581431909|1664050972213|business associate
13194139539520|3298534920676|1671190982040|business associate
6597069782864|15393162826121|1670145295098|business associate
6597069782864|14293651186665|1672517256495|business associate
8796093058416|8796093059003|1660637465696|business associate
5497558155090|8796093029281|1637334964059|business associate
5497558155090|9895604667011|1646813704278|business associate
10995116313970|14293651186464|1668182954624|business associate
9895604666195|9895604675891|1648971826554|business associate
9895604666195|3298534900205|1644820377723|business associate
6597069772868|4398046516279|1630084528807|business associate
12094627921748|2199023292518|1664280277116|business associate
12094627921748|10995116293231|1659697663106|business associate
12094627921749|8796093058411|1658231594158|business associate
12094627921749|4398046528064|1667396725880|business associate
1099511653989|13194139548685|1665531484632|business associate
1099511653989|5497558164302|1669729841290|business associate
14293651197301|1099511634644|1663663679268|business associate
14293651167302|12094627921767|1670353663236|business associate
14293651167302|3298534920426|1670174904447|business associate
10995116293974|14293651176600|1664936319033|business associate
2199023281766|9895604685984|1668615677447|business associate
13194139559527|5497558164096|1670582143985|business associate
13194139559527|9895604686847|1666884673566|business associate
9895604676200|6597069802417|1660543329779|business associate
9895604676200|5497558165823|1661827178478|business associate
8796093028425|5497558165074|1661162467776|business associate
4398046527321|5497558174666|1637289602560|business associate
13194139559530|8796093059260|1664208469774|business associate
9895604686202|4398046526169|1650007195738|business associate
9895604686202|9895604685468|1664766499276|business associate
6597069772875|9895604686357|1671410184946|business associate
6597069772875|7696581409894|1641598597532|business associate
7696581430652|10995116283735|1670912898105|business associate
13194139559533|4398046547074|1671173346323|business associate
4398046547325|14293651167957|1666745487329|business associate
13194139549534|8796093027417|1664634581554|business associate
13194139549534|6597069784150|1661275146644|business associate
3298534909550|3298534919628|1613649651296|business associate
10995116293983|7696581410837|1666424945013|business associate
36224|15393162795224|1671497434447|business associate
6597069772881|12094627911482|1666703111468|business associate
6597069772881|13194139569200|1664909485504|business associate
9895604666209|1099511645259|1670559932461|business associate
9895604666209|7696581411628|1668306007695|business associate
13194139539539|7696581400842|1663116586142|business associate
13194139539539|15393162825186|1672493616165|business associate
8796093028436|13194139568744|1663988588729|business associate
8796093028436|12094627942936|1660418490282|business associate
10995116293988|12094627931684|1670255947654|business associate
10995116293988|14293651176816|1671355838019|business associate
3298534889557|12094627932032|1663383596593|business associate
3298534889557|10995116312859|1660780199103|business associate
7696581430661|4398046537258|1654027332318|business associate
7696581430661|7696581401815|1630642473935|business associate
14293651187319|13194139549303|1671550583817|business associate
36231|13194139559173|1663224531944|business associate
6232|13194139568495|1671841179877|business associate
6597069782888|3298534889275|1633584435621|business associate
12094627931768|7696581400552|1664138956339|business associate
12094627931768|5497558154531|1654245449299|business associate
9895604656217|6067|1645598503731|business associate
3298534899561|7696581430376|1638004581548|business associate
3298534899561|13194139549076|1667768306834|business associate
4398046547337|17181|1622023338419|business associate
9895604656218|15393162805544|1672439811201|business associate
9895604656218|14293651166997|1671418527630|business associate
10995116293994|14293651176373|1671037904139|business associate
5497558175114|14293651187249|1672048037030|business associate
5497558175114|9895604686010|1669439726960|business associate
5497558145115|10995116313557|1661128907381|business associate
2199023271787|8796093027612|1645946246139|business associate
2199023271787|5846|1638241869991|business associate
4398046547339|7696581400312|1631401383243|business associate
4398046547339|14293651186289|1672137064732|business associate
6237|13194139538933|1665654867317|business associate
6237|1099511653387|1605484749839|business associate
10995116303997|14293651198505|1665281474720|business associate
10995116303997|10995116314789|1654480412786|business associate
3298534909566|7696581419814|1647590784540|business associate
13194139549553|14293651197831|1669176655616|business associate
13194139549553|8796093059672|1669514922980|business associate
9895604676225|3298534909689|1665633973898|business associate
2199023261794|2199023291267|1644576494253|business associate
26243|14293651187800|1669258484407|business associate
26243|13194139548640|1668814418989|business associate
9895604686227|10995116294619|1649753249321|business associate
9895604686227|8796093037645|1648893037965|business associate
14293651167332|10995116295181|1667763671611|business associate
2199023271796|2199023290689|1613221290161|business associate
8796093028453|14293651198000|1671615584336|business associate
7696581410677|4398046547634|1652549772819|business associate
7696581410677|3298534909358|1639597113904|business associate
3298534909573|14293651166535|1666357832447|business associate
3298534909573|9895604686343|1641704714763|business associate
3298534919573|7696581431417|1668191219490|business associate
3298534919573|13194139570187|1666197076488|business associate
7696581400678|9895604676505|1643253026275|business associate
7696581400678|12094627911006|1671342724488|business associate
1099511654022|14293651197539|1670246588685|business associate
1099511654022|7696581411062|1641820964313|business associate
7696581430678|10995116314871|1652810193152|business associate
7696581430678|6597069803970|1628885195660|business associate
1099511644023|4398046548425|1627530346582|business associate
1099511644023|12094627912943|1666991534137|business associate
14293651197335|3298534900196|1666378111721|business associate
14293651197335|8796093058753|1669933837814|business associate
1099511664024|7696581399833|1660659590530|business associate
3298534899577|12094627921522|1667609021206|business associate
3298534899577|4398046516656|1655147436155|business associate
4398046547353|2199023261838|1657503232629|business associate
4398046547353|6597069801663|1652142472644|business associate
6250|14293651167969|1669284156483|business associate
7696581410683|12094627941881|1653563204542|business associate
7696581410683|25523|1658175802619|business associate
2199023271804|9895604665449|1649975875826|business associate
3298534899581|5497558145704|1618359715954|business associate
3298534899581|5497558165670|1662700423070|business associate
1099511654029|9895604666742|1660001092148|business associate
4398046547357|13194139540807|1664722837256|business associate
4398046517358|6597069792974|1650944423772|business associate
10995116304014|13194139560322|1663705688774|business associate
10995116304014|1099511664528|1667145457812|business associate
5497558145135|3298534890032|1663758247421|business associate
10995116314015|5497558174483|1661308523142|business associate
10995116314015|3298534890018|1650685500394|business associate
1099511634032|8796093049694|1635795042306|business associate
1099511634032|12094627912943|1662425288358|business associate
36256|14293651198366|1667759738814|business associate
36256|13194139549752|1662294713430|business associate
14293651167345|16306|1665609276837|business associate
14293651167345|9895604656377|1668947997826|business associate
2199023281809|1099511664547|1613846486934|business associate
5497558175137|3298534919949|1611353993183|business associate
5497558175137|7696581431164|1642263092718|business associate
4398046517362|3298534908707|1667125562052|business associate
9895604656244|13194139559091|1664561917358|business associate
4398046527364|8796093028792|1637504288122|business associate
4398046527364|37122|1617075841645|business associate
8796093028469|2199023271796|1647701734992|business associate
7696581420693|9895604655657|1661857659020|business associate
10995116284022|14293651198209|1666078264656|business associate
5497558155142|6597069793956|1644947081816|business associate
5497558155142|6597069783745|1619460205031|business associate
12094627931799|14293651197252|1670196020097|business associate
1099511634040|4398046528132|1635241755509|business associate
1099511644041|5497558166051|1640436523226|business associate
1099511644041|14293651186310|1671877969082|business associate
4398046537369|2199023262875|1649176567919|business associate
4398046537369|10995116303758|1666761021586|business associate
3298534919593|14293651197432|1668176776257|business associate
9895604676250|12094627922505|1659238029653|business associate
9895604676250|9895604686849|1654955041251|business associate
9895604656251|12094627930995|1670521545764|business associate
36267|9895604656964|1653933306155|business associate
36267|6597069782809|1653721220008|business associate
2199023271820|2199023281915|1632230719677|business associate
2199023271820|8796093057704|1665137945805|business associate
10995116314028|15393162805882|1672522570018|business associate
10995116294029|5497558144873|1654844217324|business associate
10995116294029|6611|1659939982983|business associate
13194139549582|7696581430096|1662809265048|business associate
2199023261823|7696581411691|1645325157592|business associate
2199023261823|5497558155174|1657780503112|business associate
14293651197359|8796093037895|1670246830664|business associate
14293651197359|5497558144046|1667191467040|business associate
13194139539584|7696581431096|1668620585352|business associate
7696581410704|4398046538178|1659203076430|business associate
7696581410704|4398046536980|1663303405450|business associate
4398046527378|5676|1637226343103|business associate
10995116314034|13194139558441|1669157747584|business associate
10995116314034|5497558165255|1665234143854|business associate
10995116284035|10995116294681|1671324599426|business associate
6597069792932|14293651167988|1666224342670|business associate
6597069792932|7696581420442|1630361651851|business associate
2199023291828|2199023262128|1627883990747|business associate
3298534889605|4398046547968|1668835007472|business associate
3298534889605|3298534900265|1654254772933|business associate
6597069802933|14293651178402|1666669509084|business associate
6597069772934|12094627912828|1665893438039|business associate
8796093038486|13194139558846|1664276923578|business associate
8796093038486|9895604666209|1652532433879|business associate
5497558155159|6597069802967|1628233296417|business associate
5497558155159|3298534889989|1636900981538|business associate
12094627931815|15393162796300|1672334567890|business associate
4398046547383|4398046518481|1653706737327|business associate
7696581430712|6597069792415|1635326140904|business associate
7696581430712|3298534890595|1658496846112|business associate
12094627931817|14293651177007|1668553941041|business associate
7696581430713|4398046547492|1649394920710|business associate
10995116294042|8796093058099|1663497799793|business associate
10995116294042|10995116313204|1651365062338|business associate
8796093048490|35273|1649682742276|business associate
36282|36076|1658978929239|business associate
36282|14293651187249|1663909905561|business associate
3298534909611|2199023271360|1613601341372|business associate
4398046547388|3298534889226|1614341634635|business associate
2199023261838|5497558176285|1652736737084|business associate
2199023261838|12094627912424|1658568115413|business associate
1099511654062|10995116294823|1669798956479|business associate
1099511654062|6597069793323|1633110878769|business associate
5497558145167|8796093048649|1663569246778|business associate
5497558145167|14293651166415|1670997595070|business associate
7696581410719|10995116283696|1664313268947|business associate
36287|5497558176363|1651165043313|business associate
36287|6597069772664|1654299933402|business associate
6289|12094627942236|1668575615506|business associate
6289|13194139549285|1672030211725|business associate
1099511644065|1099511653745|1663256375036|business associate
4398046537393|6597069773074|1653135041838|business associate
8796093058498|10995116294889|1647258646615|business associate
8796093058498|3298534889323|1666165601486|business associate
8796093028500|7696581421699|1651167574302|business associate
8796093028500|12094627910964|1663374765674|business associate
9895604686276|1099511653696|1643562076583|business associate
9895604686276|12094627931815|1662486254998|business associate
3298534889621|5497558165122|1635849505441|business associate
15393162805157|2199023292220|1672352705944|business associate
15393162805157|16444|1672518912650|business associate
10995116314053|25526|1648484331259|business associate
10995116304056|36555|1659989014029|business associate
6597069802952|12094627940830|1663793893770|business associate
6597069802952|14293651166364|1668863889849|business associate
6597069772954|26695|1636734235654|business associate
6597069772954|4398046546595|1626549112448|business associate
5497558155178|13194139559216|1658817242479|business associate
5497558155178|15393162805862|1672275949056|business associate
13194139559611|10995116303868|1662556836542|business associate
13194139559611|9895604685620|1663840798238|business associate
6597069772956|14293651186865|1671453863185|business associate
6597069772956|2199023281915|1648769303732|business associate
4398046537404|1099511654011|1614572341999|business associate
4398046537404|5497558143913|1666792749094|business associate
8796093058509|2199023280653|1637180118967|business associate
8796093058509|7696581409596|1655060172449|business associate
8796093028510|5497558174578|1644140172446|business associate
6597069772959|5497558165181|1621054112480|business associate
6597069772959|1099511643142|1653551865657|business associate
13194139549615|14293651188064|1669249118694|business associate
5497558165183|9895604686849|1669427639484|business associate
5497558165183|7696581409656|1670880036040|business associate
3298534899633|12094627931235|1671600089222|business associate
3298534899633|9895604665057|1668606059545|business associate
12094627941841|13194139558756|1661595271406|business associate
12094627941841|8796093039407|1662114304159|business associate
10995116314067|2199023271715|1647133397291|business associate
10995116314067|10995116314275|1658509204269|business associate
9895604676294|3298534909305|1643461290075|business associate
9895604676294|6597069781746|1650640626716|business associate
12094627921847|6597069773667|1659835462913|business associate
12094627921847|4398046526743|1672499829158|business associate
1099511654087|13194139568456|1664164837099|business associate
1099511654087|6597069773518|1667955798490|business associate
6597069802967|6597069794151|1634888152093|business associate
9895604656296|1099511645004|1656869473657|business associate
9895604656296|1099511633254|1671960537949|business associate
14293651177400|12094627922574|1668804490568|business associate
10995116304072|35677|1652296773057|business associate
10995116304072|7696581420722|1657174210427|business associate
6597069802968|5497558165807|1666930787205|business associate
6597069802968|6597069791744|1641234927348|business associate
13194139559625|4398046537954|1669802995519|business associate
13194139559625|13194139569055|1666717736231|business associate
7696581410746|27191|1634618450236|business associate
7696581410746|13194139540630|1662262930730|business associate
26314|2199023291252|1609178370925|business associate
36314|2199023262766|1604203332980|business associate
36314|9895604685272|1656467764236|business associate
4398046517420|3298534908959|1641430778960|business associate
9895604666300|6524|1641673203877|business associate
9895604666300|2199023282826|1657031789978|business associate
1099511654092|2199023283006|1598416036332|business associate
1099511654092|7696581431529|1638012218928|business associate
6597069772973|7696581421542|1646777983878|business associate
10995116284078|14293651167271|1667662946862|business associate
10995116284078|13194139559881|1672499800777|business associate
6597069792974|16406|1641835484520|business associate
6597069792974|7696581420296|1662093871143|business associate
5497558165199|4398046537538|1634584515058|business associate
3298534889649|6524|1664229267425|business associate
3298534889649|10995116282836|1653632817571|business associate
6597069782978|3298534909053|1665601988996|business associate
4398046537426|5497558166353|1634196487153|business associate
15393162825186|2199023291546|1671522022839|business associate
10995116284083|12094627911715|1652732237769|business associate
12094627921860|8796093047644|1669427069704|business associate
4398046517429|1099511644041|1639935974566|business associate
8796093038533|8796093038897|1644551575212|business associate
8796093038533|13194139549190|1665556637813|business associate
2199023261878|14293651198212|1667679991537|business associate
9895604666310|8796093037955|1643127184481|business associate
9895604666310|4398046537858|1667334450095|business associate
3298534919654|2199023271642|1658276027614|business associate
7696581410759|6178|1650078766137|business associate
7696581410759|12094627922478|1662272641653|business associate
6597069792983|14293651197000|1667384159846|business associate
6597069792983|12094627912040|1660331154094|business associate
10995116314087|4398046528480|1660623172791|business associate
10995116314087|1099511663117|1660370890966|business associate
10995116314088|13194139539407|1661176904057|business associate
10995116284091|4398046546650|1661809934500|business associate
10995116284091|15393162804418|1670441411006|business associate
6332|3298534919203|1599448908683|business associate
6332|10995116305136|1654582346738|business associate
10995116294094|5497558155687|1649192638094|business associate
13194139559647|3298534888768|1671754337727|business associate
13194139559647|1099511633588|1662337260744|business associate
26336|13194139569450|1671627028859|business associate
5497558175216|4398046516514|1652000759346|business associate
8796093028545|3298534898696|1643168822246|business associate
8796093028545|6597069771886|1662160788882|business associate
12094627941873|6772|1659920715835|business associate
12094627941873|7696581411517|1664075417368|business associate
6597069782994|2199023291828|1641528307016|business associate
13194139559650|8796093057987|1663695966231|business associate
13194139559650|8796093038577|1663693547602|business associate
14293651197427|9895604655012|1672051608763|business associate
3298534909668|3298534909750|1657132214109|business associate
3298534909668|2199023272216|1605885401255|business associate
3298534899670|14293651186238|1672387414189|business associate
7696581420774|9895604676408|1671833449771|business associate
7696581420774|9895604667051|1654052981045|business associate
14293651167433|5497558166229|1666850230654|business associate
12094627931881|1099511653206|1668795803361|business associate
12094627911882|1099511634027|1663205985616|business associate
10995116294107|4398046536412|1670849549430|business associate
10995116294107|12094627912812|1669941173336|business associate
6597069773005|15393162793936|1671975440744|business associate
16349|8796093049551|1666715869834|business associate
16349|1099511653493|1596318948006|business associate
26349|6597069782692|1665765099803|business associate
1099511634126|14293651176802|1663268003042|business associate
7696581410782|15052|1657719672246|business associate
7696581410782|13194139550138|1671628709007|business associate
4398046537454|14293651186605|1667042789870|business associate
2199023291902|8796093028213|1664246115298|business associate
2199023291902|1099511662781|1665358487070|business associate
4398046517455|8796093038021|1654170626550|business associate
4398046517455|1099511664712|1610844733858|business associate
7696581410783|26589|1627069105326|business associate
7696581410783|4398046528411|1646619254340|business associate
7696581400784|10995116314447|1652427328503|business associate
10995116294112|6583|1646843739431|business associate
10995116294112|4398046546870|1672001592565|business associate
6597069793008|8796093039414|1653964042263|business associate
1099511664128|36681|1653286743474|business associate
1099511664128|10995116304599|1654340479123|business associate
10995116294113|4398046547253|1645789190670|business associate
10995116294113|25385|1651377523759|business associate
14293651167442|13194139560318|1667925729999|business associate
13194139549666|14293651167442|1668251556884|business associate
13194139549666|25514|1664535528695|business associate
2199023281906|4398046537582|1615987234383|business associate
10995116314114|35405|1671774744752|business associate
10995116314114|3298534898674|1665976714570|business associate
3298534919683|7696581410920|1651925024393|business associate
16356|15393162794516|1671881904766|business associate
16356|27091|1617083163238|business associate
8796093028565|13194139570333|1667630792868|business associate
8796093028565|4398046526902|1648604350811|business associate
3298534909685|13194139559957|1667348719469|business associate
1099511664133|8796093057704|1656584914198|business associate
12094627911894|1099511645134|1662075050359|business associate
5497558145239|4398046546163|1628833288100|business associate
12094627931895|5497558155869|1658793654100|business associate
2199023271912|6597069791704|1623456376932|business associate
14293651197448|8796093049504|1669953601855|business associate
9895604656345|3298534918656|1664717968758|business associate
13194139549673|4398046518134|1662867259810|business associate
8796093058569|12094627920955|1656797696515|business associate
8796093058569|4398046546858|1640348567080|business associate
4398046517466|7696581430730|1634150238259|business associate
6597069783018|10995116283735|1648272808344|business associate
3298534899691|9895604666960|1659044554099|business associate
6597069783020|4398046546870|1661830770683|business associate
6597069783020|3298534889093|1650268056498|business associate
1099511654140|13194139568400|1658735278230|business associate
1099511654140|8796093058753|1633572913550|business associate
13194139569676|15393162805453|1671309528976|business associate
5497558165245|2199023292504|1633541750398|business associate
3298534919693|7696581400257|1649079072014|business associate
3298534919693|27497|1625229879589|business associate
4398046527471|9895604675811|1656393214151|business associate
1099511654143|14293651176278|1666569997952|business associate
1099511654143|8796093047752|1657910424717|business associate
13194139539680|5497558155597|1672400574634|business associate
13194139539680|6597069791898|1663157942568|business associate
4398046547473|2199023270857|1636250337070|business associate
12094627941906|1099511664561|1660844113879|business associate
12094627941906|26079|1670454979055|business associate
14293651197459|10995116303868|1668178213893|business associate
2199023271924|12094627942296|1664930516578|business associate
2199023271924|12094627932939|1667077399237|business associate
12094627931909|4398046537891|1672468288093|business associate
16374|1099511632857|1654307352361|business associate
7696581400807|1099511652952|1632008832895|business associate
9895604666359|3298534910586|1659115059298|business associate
9895604666359|9895604675854|1652370585895|business associate
5497558165255|12094627910830|1663946149103|business associate
5497558165255|13194139568712|1671199905679|business associate
13194139569688|15393162804145|1671916736184|business associate
13194139569688|2199023291450|1663653801992|business associate
7696581410809|5497558164494|1670802564606|business associate
9895604656362|13194139559647|1665694413217|business associate
9895604666362|10995116292798|1664784023392|business associate
4398046537483|10995116303582|1664769165835|business associate
4398046537483|3298534890446|1624798499964|business associate
1099511664156|35807|1645064402007|business associate
1099511664156|3298534899461|1601536213981|business associate
1099511644157|6597069793925|1636344211055|business associate
1099511644157|12094627922138|1668098682836|business associate
6597069803037|13194139550291|1658603595069|business associate
6597069803037|7696581410463|1657648474761|business associate
13194139559696|8796093047632|1667055621529|business associate
13194139559696|1099511634190|1667965059969|business associate
3298534919712|4398046547486|1614126144682|business associate
3298534919712|1099511644520|1608415673943|business associate
7696581400818|3298534889275|1668967528426|business associate
7696581400818|4398046526275|1653496465380|business associate
12094627931923|2199023261402|1668166073780|business associate
12094627931923|6597069803969|1666950138679|business associate
1099511634164|2199023261866|1625122747822|business associate
4398046547492|4398046536237|1633289482651|business associate
4398046547492|15393162806276|1670782128904|business associate
13194139549701|4398046546737|1670330566578|business associate
13194139549701|6597069802282|1664904117621|business associate
6597069803045|3298534918657|1639714524960|business associate
6597069793046|14293651187809|1670918749423|business associate
6597069793046|13194139539997|1666804175625|business associate
6597069783047|3298534920548|1667062374464|business associate
1099511664167|3298534918610|1604862985565|business associate
4398046527496|7696581411062|1641578031434|business associate
5497558175272|10995116304808|1650332725987|business associate
9895604656377|10995116283053|1658384996271|business associate
2199023271945|7696581410053|1642679926650|business associate
9895604686378|2199023281148|1665693541524|business associate
9895604686378|5497558146262|1661794372602|business associate
5497558155275|13194139550259|1666714671981|business associate
13194139539708|9895604656786|1664253045109|business associate
3298534899724|10995116282816|1650159030888|business associate
6597069793052|6597069772777|1632853898503|business associate
9895604656381|12094627920746|1657294616591|business associate
4398046527501|9895604685395|1654127397189|business associate
13194139569709|8796093059374|1670255055095|business associate
13194139569709|13194139549493|1669630846402|business associate
5497558165278|13194139558784|1660002366912|business associate
5497558165278|14293651176686|1671679723606|business associate
1099511664174|13194139548785|1665454892089|business associate
12094627921935|9895604665734|1667953740791|business associate
12094627921935|12094627912364|1657532927557|business associate
10995116294160|9895604666709|1650866065363|business associate
10995116294160|14293651197539|1670172867762|business associate
1099511644177|36092|1600659539553|business associate
13194139559713|15393162814895|1671593528700|business associate
6597069773058|1099511653493|1655795838375|business associate
6597069773058|8796093057789|1636434925750|business associate
12094627921938|5497558144438|1660441566497|business associate
3298534909730|6597069784043|1629774044272|business associate
3298534909730|14293651167969|1668976088723|business associate
12094627941938|13194139558375|1667923122391|business associate
5497558175284|7696581430989|1643222199879|business associate
13194139539718|5497558164672|1670190339016|business associate
2199023281958|9895604686875|1659392707822|business associate
2199023281958|14293651167790|1665026494827|business associate
13194139539719|13194139568744|1663354228600|business associate
8796093038615|13194139568962|1666148506096|business associate
8796093038615|1099511633292|1661445546152|business associate
1099511654183|16747|1647339560249|business associate
1099511654183|4398046536499|1664702853125|business associate
2199023291959|4398046518156|1663453254365|business associate
2199023291959|4398046527771|1631208201168|business associate
10995116314169|10995116283323|1667597967041|business associate
10995116314169|3298534919388|1663855716204|business associate
10995116314171|13194139538825|1671207266664|business associate
3298534889740|8796093038346|1635636754244|business associate
26412|13194139568999|1661957138535|business associate
10995116314173|10995116285080|1671694023355|business associate
1099511634190|3298534910586|1623975545174|business associate
4398046527519|2199023282457|1639292211775|business associate
8796093028625|9895604675618|1655491200620|business associate
1099511644193|10995116304695|1659450564471|business associate
7696581430849|1099511633053|1642281347604|business associate
7696581430849|1099511635070|1647090108150|business associate
5497558155298|16631|1620916421343|business associate
5497558155298|7696581431419|1630604586509|business associate
9895604666403|12094627932113|1664222195865|business associate
4398046547523|4398046548585|1631108330614|business associate
4398046547523|5497558154222|1612981886846|business associate
8796093048628|4398046547684|1646492846365|business associate
6597069803076|1099511643622|1668733592572|business associate
1099511634197|4398046518600|1639749563895|business associate
10995116304181|15393162824175|1672212774358|business associate
10995116304181|14293651198541|1669436633844|business associate
9895604656406|6597069773455|1649880835627|business associate
9895604656406|4398046527342|1645017982890|business associate
10995116294182|2199023261921|1655467065683|business associate
10995116294182|7696581429502|1670420320334|business associate
3298534909750|13194139549625|1671727405166|business associate
9895604666407|5497558174783|1648707716625|business associate
9895604666407|9895604666440|1642788219317|business associate
5497558145304|8796093039203|1666361912871|business associate
10995116314184|10995116293005|1666047133914|business associate
14293651167513|3298534908343|1666823600285|business associate
14293651167513|13194139558797|1670273596093|business associate
14293651197513|3298534920537|1670436470226|business associate
2199023281978|15393162815022|1672279829084|business associate
2199023261979|4398046516919|1668570716043|business associate
6597069803083|4398046537123|1669299425411|business associate
6597069803083|6597069792076|1643277868590|business associate
13194139549740|1099511653943|1668418917222|business associate
13194139549740|1099511653964|1669849401556|business associate
13194139559740|3298534908935|1663440086123|business associate
13194139559740|2199023280745|1662658493008|business associate
10995116304189|15393162795295|1672313274642|business associate
10995116304189|7696581400818|1665769863707|business associate
7696581430861|10995116284834|1648482757560|business associate
7696581430861|3298534918607|1660855701333|business associate
36430|26416|1612086462234|business associate
36430|15393162793903|1672386169068|business associate
12094627921967|13194139538719|1664529104510|business associate
12094627921967|15393162804331|1672012025195|business associate
14293651197519|27460|1667453626300|business associate
14293651197519|13194139569575|1671127140449|business associate
13194139539744|9895604666595|1666742962822|business associate
13194139539744|6597069772042|1663158493856|business associate
3298534919760|7696581429624|1642226517602|business associate
9895604656417|8796093027367|1645899058450|business associate
9895604656417|14293651176872|1672201870553|business associate
3298534889762|25723|1621757402429|business associate
7696581410866|8796093038273|1667532195859|business associate
7696581410866|10995116304137|1658159958231|business associate
4398046537538|5497558173964|1659929926129|business associate
5497558175314|13194139570050|1664287440085|business associate
5497558175314|26416|1671811505836|business associate
4398046527539|13194139539271|1661570145293|business associate
6597069803091|1099511664036|1656393426357|business associate
6597069803091|9895604656973|1650463148463|business associate
2199023271988|7696581431439|1642575112254|business associate
5497558165317|13194139538855|1668986698991|business associate
6597069793094|4398046516963|1656356527137|business associate
6597069793094|15393162796248|1672079260785|business associate
36439|4398046536984|1667974707288|business associate
36439|6597069792312|1634855394595|business associate
6597069793096|5497558164037|1666974642052|business associate
6597069793096|15393162824304|1671926555275|business associate
5497558145321|5497558155099|1622761340966|business associate
5497558145321|8796093047490|1657549378597|business associate
8796093048649|9895604677440|1667208960652|business associate
8796093048649|1099511634634|1659509415728|business associate
13194139569753|6597069772594|1663893161339|business associate
8796093028651|9895604675442|1669340502333|business associate
8796093028651|6597069802836|1636579520856|business associate
7696581410875|6597069792854|1637131221575|business associate
7696581410875|13194139550295|1669820456199|business associate
7696581420875|2199023272557|1639773062511|business associate
7696581420875|7696581401475|1627408955188|business associate
13194139539756|8796093058003|1670494242321|business associate
13194139539756|3298534900107|1671106701253|business associate
16444|1099511644631|1650632258125|business associate
1099511664220|14293651166501|1671821035539|business associate
9895604666429|9895604675616|1671875932538|business associate
7696581420877|3298534888820|1652220977119|business associate
13194139569757|12094627911082|1664145750430|business associate
12094627921982|14293651188313|1667953810888|business associate
14293651187534|7696581430730|1672001905769|business associate
14293651187534|13194139559410|1670063254058|business associate
1099511644223|3298534909227|1610343295059|business associate
1099511644223|10995116294601|1658533960728|business associate
13194139569759|9895604666407|1661193684051|business associate
13194139569759|4398046516550|1666025373333|business associate
8796093028656|7696581400895|1644198039498|business associate
8796093028656|2199023271071|1656037719120|business associate
14293651197539|6597069773495|1672474826179|business associate
14293651197539|3298534909114|1669537191161|business associate
3298534889780|3298534890102|1628640982540|business associate
7696581400885|4398046527321|1661259066065|business associate
2199023282005|4398046527718|1630136984207|business associate
16454|10995116314098|1666996337257|business associate
5497558165334|7696581420108|1628001646081|business associate
6597069773111|12094627911600|1665357518722|business associate
6597069773111|5497558145947|1654553136063|business associate
14293651187543|15393162826222|1672309216646|business associate
14293651187543|14293651197304|1669515123211|business associate
36455|15393162814380|1672005952490|business associate
13194139569768|14293651177023|1668103916999|business associate
13194139569768|7696581420723|1665784509381|business associate
4398046517561|14293651178133|1670591907884|business associate
4398046517561|6644|1611750214860|business associate
13194139549769|35071|1668051386657|business associate
13194139549769|8796093038235|1672237906121|business associate
7696581420889|15393162824703|1672161719227|business associate
9895604686441|12094627912988|1671848561843|business associate
4398046517562|2199023271058|1647624138514|business associate
4398046517562|7696581420810|1652986474854|business associate
1099511664234|8796093058226|1654115895515|business associate
1099511664234|10995116284960|1648669427340|business associate
6597069773116|14293651176588|1664676520350|business associate
16460|13194139539884|1668371817548|business associate
16460|13194139549673|1660245087820|business associate
4398046527565|1099511654640|1671281068653|business associate
9895604676445|15393162825989|1670108751141|business associate
10995116284222|10995116293838|1668258904954|business associate
14293651197551|10995116305200|1668807379457|business associate
13194139539776|15349|1665238987249|business associate
13194139539776|10995116283967|1667672182127|business associate
6597069793120|25086|1629632863744|business associate
7696581430896|37286|1642037559318|business associate
7696581430896|10995116315059|1661079314524|business associate
8796093028673|6597069793687|1640258141721|business associate
8796093028673|12094627922478|1656222092490|business associate
5497558175345|3298534899057|1629471032819|business associate
1099511654242|25233|1614284698594|business associate
6467|6597069781936|1663983254906|business associate
6467|9895604686551|1665013631770|business associate
9895604666451|14293651186975|1671326764509|business associate
36467|12094627932783|1660421977606|business associate
36467|3298534919962|1611600206735|business associate
6597069773124|15393162824533|1671853822829|business associate
6597069773124|7696581411445|1671645658089|business associate
1099511654244|6597069771807|1640300185676|business associate
1099511654244|36974|1640942760924|business associate
13194139569780|5497558166033|1671559175438|business associate
7696581400901|10995116303881|1653236436914|business associate
7696581400901|15393162805694|1672202434515|business associate
12094627912006|4398046548585|1667600789731|business associate
12094627912006|4398046526537|1672146188277|business associate
9895604656455|4398046536956|1665203653309|business associate
2199023292023|4398046546240|1634576119971|business associate
9895604656456|2199023282392|1650933142082|business associate
7696581410904|4398046536886|1631208560309|business associate
9895604686456|12094627941477|1670133079029|business associate
9895604686456|2199023271787|1655412499235|business associate
9895604676458|6597069793961|1668887464917|business associate
9895604676458|3298534900353|1662954844010|business associate
9895604666459|14293651176272|1669488886862|business associate
7696581400908|2199023292069|1661337958858|business associate
7696581420908|3298534920776|1652426559889|business associate
6597069803132|2199023281893|1622193474589|business associate
2199023262030|5497558144203|1632304638670|business associate
2199023262030|1099511635258|1637468594968|business associate
8796093038686|10995116283117|1665941659192|business associate
2199023262031|14293651167467|1669489490562|business associate
9895604676464|1099511643801|1664168027651|business associate
1099511664256|36289|1646265564623|business associate
1099511664256|9895604676610|1644925996967|business associate
12094627922017|7696581431529|1669928228422|business associate
12094627922017|8796093027287|1656387959176|business associate
8796093048690|25214|1668215971555|business associate
8796093048690|2199023290793|1636673222979|business associate
14293651197570|14293651198247|1671541518019|business associate
2199023282035|12094627912458|1650096136200|business associate
2199023282035|12094627922017|1669423172051|business associate
1099511634260|13194139550138|1663109308985|business associate
1099511634260|4398046536659|1646493998528|business associate
9895604666469|14293651197753|1670137099415|business associate
9895604676469|12094627911461|1668566508820|business associate
5497558175365|8796093049220|1638639734843|business associate
1099511634262|8796093029058|1650475728732|business associate
1099511634262|9895604656732|1659822560070|business associate
4398046527590|8796093027717|1635642533675|business associate
6487|12094627912424|1659279089860|business associate
5497558165368|12094627942150|1654643439299|business associate
10995116294249|5497558174353|1664043588435|business associate
10995116294249|10995116315222|1652741686252|business associate
26490|12094627922855|1665157291511|business associate
26490|7696581410208|1646921294520|business associate
2199023292042|9895604657179|1638621661304|business associate
2199023292042|10995116284226|1647808914199|business associate
16491|4398046527853|1657869658637|business associate
16491|1099511654368|1620689515172|business associate
13194139559803|6597069782188|1664130078061|business associate
12094627942027|13194139549673|1664073378495|business associate
10995116284252|1099511664563|1647098203213|business associate
3298534889821|3298534919237|1627251338082|business associate
3298534889821|6597069793925|1626377889091|business associate
26493|6597069783318|1623174443290|business associate
3298534899822|13194139568666|1670018013652|business associate
2199023292046|4398046527378|1625776932341|business associate
2199023292046|37408|1670323062144|business associate
5497558145375|13194139559530|1664108474692|business associate
5497558145375|2199023282617|1634101658184|business associate
12094627922031|15393162794934|1671872693037|business associate
12094627922031|3298534899576|1670145896498|business associate
4398046517600|3298534919203|1633838240226|business associate
4398046517600|10995116294239|1668534015728|business associate
5497558175376|35925|1670417532025|business associate
5497558175376|14293651177733|1663792135574|business associate
7696581400929|9895604655869|1672137650282|business associate
7696581400929|8796093028255|1646878325664|business associate
16497|8796093038897|1668613030469|business associate
10995116304258|5497558165562|1657158108099|business associate
13194139569810|5497558176313|1671290168703|business associate
6597069803155|5497558155520|1647015242535|business associate
9895604666484|3298534918693|1641647294190|business associate
9895604686484|13194139560378|1668116011997|business associate
9895604686484|36031|1642826311377|business associate
8796093028709|12094627921812|1660020342630|business associate
8796093028709|9895604655208|1659149328206|business associate
4398046527605|12094627922010|1667103123143|business associate
4398046527605|2199023262395|1645528574629|business associate
14293651187589|25685|1672114762693|business associate
7696581430933|1099511653436|1654951644252|business associate
3298534909832|25507|1658931993893|business associate
7696581430936|13194139550778|1663714488603|business associate
7696581430936|2199023272253|1636535260857|business associate
8796093028713|6597069794043|1662644510163|business associate
8796093028713|6597069793155|1662358702737|business associate
6597069783161|10995116304519|1650738390903|business associate
6597069783161|9895604657162|1651042675445|business associate
3298534899836|6226|1615076200324|business associate
3298534899836|6597069802585|1636790898637|business associate
1099511634285|1099511654420|1649014262798|business associate
1099511634285|13194139539219|1668665753369|business associate
13194139569821|13194139558745|1661507455912|business associate
14293651187598|12094627930593|1669865331041|business associate
14293651187598|14293651186723|1670252967025|business associate
5497558175390|6597069782830|1654786550925|business associate
5497558175390|9895604686849|1648783281836|business associate
9895604666495|13194139549725|1661590511880|business associate
9895604666495|14293651176171|1669335369847|business associate
5497558165391|9895604665302|1666524779683|business associate
13194139569823|7484|1660622638141|business associate
7696581420945|16553|1644700234351|business associate
7696581420945|4398046547115|1670964223393|business associate
4398046547618|12094627940677|1657026248991|business associate
4398046547618|14293651186836|1667947690660|business associate
4398046527619|6597069801868|1630893045462|business associate
5497558165395|13194139548663|1665981259076|business associate
2199023272068|1099511653493|1630813117815|business associate
2199023272068|14293651197405|1671432817081|business associate
1099511644293|6597069792302|1632288035417|business associate
2199023292069|12094627931881|1664179378718|business associate
2199023292069|3298534919830|1606025279297|business associate
1099511634294|1099511664826|1623922897784|business associate
1099511634294|4398046536257|1625290882042|business associate
1099511644295|8796093029142|1658065852104|business associate
1099511644295|2199023262302|1664283864864|business associate
3298534899848|1099511664837|1622579932279|business associate
3298534899848|2199023262884|1634308788899|business associate
3298534909848|8796093058026|1633275324955|business associate
2199023262073|2199023271981|1647646822614|business associate
2199023262073|13194139538326|1662353131009|business associate
3298534899849|5497558174382|1666965521009|business associate
1099511654298|9895604686641|1652850100936|business associate
4398046527627|6597069782407|1649116038893|business associate
4398046527627|1099511654375|1614371101575|business associate
26523|3298534899718|1671315312358|business associate
6525|9895604666209|1663445354098|business associate
8796093058733|12094627932920|1655279869685|business associate
8796093058733|7696581410904|1656627531816|business associate
10995116294286|4398046536398|1651737227290|business associate
3298534889855|10995116313524|1665826241745|business associate
3298534889855|12094627930723|1666523490917|business associate
3298534899855|5497558165339|1616438280918|business associate
8796093028736|10995116313340|1649101680420|business associate
8796093028736|8796093037672|1637114572304|business associate
3298534899856|4398046518134|1649314132535|business associate
3298534899856|12094627941307|1667334846843|business associate
8796093048736|2199023290973|1663861280912|business associate
3298534909857|9895604665838|1647897287711|business associate
12094627922066|14293651196551|1669943135349|business associate
12094627922067|10995116293218|1659801852076|business associate
12094627922067|7696581410689|1661054782451|business associate
12094627932067|7696581401119|1667589781406|business associate
12094627932067|25933|1671537337487|business associate
1099511664307|3298534920447|1630438930322|business associate
1099511664307|5497558154751|1671430297529|business associate
9895604676516|26349|1659740868496|business associate
4398046547636|2199023261035|1669656358188|business associate
4398046547636|7313|1618697946737|business associate
14293651177622|7696581401572|1670403403017|business associate
14293651177622|13194139569676|1670650926047|business associate
26534|14293651198049|1669528635056|business associate
26534|13194139550259|1667964307570|business associate
1099511654311|12094627941868|1661015000714|business associate
1099511654311|10995116284683|1664395321506|business associate
1099511664311|14293651166479|1667836727032|business associate
1099511664311|10995116284853|1654188922289|business associate
36536|36519|1648412511813|business associate
36536|13194139559046|1665927408183|business associate
3298534889865|17339|1612111874182|business associate
3298534889865|6597069782462|1623865891387|business associate
26537|4398046526878|1634076837543|business associate
26537|2199023290874|1600961776239|business associate
3298534919865|12094627941099|1658255180436|business associate
3298534919865|10995116314028|1669020170398|business associate
6539|6597069783294|1667298936740|business associate
4398046527643|14293651177572|1668306366283|business associate
4398046527643|6597069803645|1632096922856|business associate
26539|8796093028713|1664237669899|business associate
1099511664315|5497558154238|1643546881334|business associate
10995116294300|8796093029058|1651780842622|business associate
10995116294300|13194139548704|1671506355699|business associate
8796093058748|9895604685522|1656489338567|business associate
7696581400973|5497558145687|1649636025695|business associate
15393162825405|8796093027532|1671668044856|business associate
15393162825405|10995116293183|1670816056859|business associate
13194139539854|5497558176232|1662152503539|business associate
10995116304302|12094627910958|1666140965353|business associate
3298534899871|10995116285198|1653779111013|business associate
3298534899871|2199023282437|1648367212017|business associate
7696581430975|15393162805910|1672118250830|business associate
7696581430975|15393162804360|1672369546688|business associate
5497558155424|1099511633187|1646048744086|business associate
5497558155424|7696581399588|1641819531154|business associate
14293651167633|2199023290830|1668269978196|business associate
8796093058753|10995116282765|1648004946922|business associate
3298534899874|3298534898489|1613913532068|business associate
2199023272099|2199023281723|1666901664947|business associate
3298534889876|15393162825502|1672443038853|business associate
6597069793204|5119|1626501612051|business associate
6597069793204|6597069803655|1671749847312|business associate
13194139559861|15393162804751|1672515856064|business associate
7696581430981|5497558175392|1664994794553|business associate
4398046517654|10995116292973|1650996457049|business associate
13194139559862|10995116284678|1668414779822|business associate
13194139559862|15393162796248|1671744191297|business associate
12094627942086|14293651187696|1668454409576|business associate
12094627942086|14293651197778|1667597535237|business associate
16553|6597069804068|1668866791957|business associate
16553|10995116282954|1656512739469|business associate
3298534909882|8796093028425|1670992021438|business associate
5497558145435|3298534898455|1621520357478|business associate
5497558145435|5971|1657151433882|business associate
13194139549867|13194139538872|1671045847169|business associate
13194139549867|14293651166464|1671518835260|business associate
7696581420987|1099511632825|1660783594395|business associate
6597069773212|37193|1670950549560|business associate
6597069773212|7696581429972|1637048354440|business associate
9895604656541|1099511664234|1657190292314|business associate
9895604656541|7696581419774|1655196166620|business associate
4398046527661|2199023271440|1621858559934|business associate
4398046527661|9895604675218|1663986734415|business associate
3298534909886|4398046546118|1650036688713|business associate
1099511634335|5497558154606|1652798616172|business associate
1099511634335|9895604657162|1654617191041|business associate
7696581430992|13194139559277|1669369620074|business associate
13194139539873|15393162815485|1672170952328|business associate
5497558155441|4398046528024|1632067225626|business associate
10995116304321|4398046546365|1644711256659|business associate
10995116304321|10995116303397|1661347142013|business associate
9895604676546|1099511633466|1655999919735|business associate
6563|6237|1644282580021|business associate
16563|7696581409546|1631411941422|business associate
16563|27217|1613191380864|business associate
1099511664339|12094627931620|1656319517167|business associate
13194139549876|9895604675264|1671092577080|business associate
14293651167653|12094627931379|1667300958983|business associate
14293651167653|3298534889405|1669421210780|business associate
14293651177653|5497558144496|1670062276116|business associate
14293651167654|3298534899811|1671486638669|business associate
14293651167654|13194139568650|1667936908036|business associate
12094627922104|8796093028656|1671533821289|business associate
12094627922104|1099511663028|1655619300237|business associate
13194139539881|1099511634634|1660499526915|business associate
7696581411001|10995116284103|1657697718975|business associate
7696581411001|4398046547383|1662953955217|business associate
6597069803225|10995116292811|1663532388497|business associate
1099511644347|2199023272516|1622115211116|business associate
1099511644347|15505|1630959628454|business associate
26571|14293651167915|1669958264083|business associate
26571|6487|1604495443332|business associate
10995116294332|15393162825405|1670878352365|business associate
14293651187660|9895604675929|1664718909941|business associate
14293651187660|9895604656507|1671132342629|business associate
8796093058780|8796093038975|1642736057642|business associate
2199023282125|2199023280778|1641015934324|business associate
12094627922110|3298534889091|1666452236220|business associate
4398046527679|1099511634551|1615643945122|business associate
10995116304336|9895604677460|1655529993937|business associate
10995116304336|2199023282491|1652233133121|business associate
14293651197664|6197|1671080114150|business associate
1099511634353|10995116292974|1671666623759|business associate
12094627932113|6597069792863|1670985934751|business associate
12094627932113|10995116312858|1665647863862|business associate
15393162805442|7696581430678|1672528739869|business associate
3298534909906|4398046516611|1638798763850|business associate
1099511634355|6597069773495|1629178677259|business associate
2199023262132|10995116293765|1654789270750|business associate
2199023262132|7696581411284|1645439094344|business associate
1099511654357|6597069772600|1638792335901|business associate
4398046547686|12094627911328|1668159259940|business associate
4398046547686|5497558165368|1646572114289|business associate
14293651197671|10995116285135|1671118789011|business associate
8796093028792|5497558155580|1653150737208|business associate
8796093028792|6597069783413|1641101166030|business associate
5497558155464|12094627921467|1663598350906|business associate
5497558155464|16582|1640378162155|business associate
36584|7696581431276|1671730859856|business associate
36584|10995116304225|1666238298782|business associate
4398046527689|4398046547249|1639670598531|business associate
4398046527689|13194139550291|1660167270412|business associate
10995116304345|2199023262175|1654322437331|business associate
10995116304345|1099511634306|1655789883368|business associate
13194139539898|8796093027361|1670361486480|business associate
2199023272139|9895604667262|1671007994932|business associate
2199023272139|10995116314871|1653932370338|business associate
8796093048795|6597069773717|1649363835336|business associate
8796093048795|10995116292974|1651488145168|business associate
7696581431019|1099511633015|1642290955634|business associate
7696581431019|3298534910093|1660619157714|business associate
13194139539900|35216|1669759655278|business associate
13194139539900|13194139539708|1669766897102|business associate
8796093028797|8796093047764|1657490280985|business associate
8796093028797|13194139570718|1671279127524|business associate
15393162805453|13194139548492|1671501121449|business associate
9895604686573|13194139549701|1665794699692|business associate
9895604686573|5497558175490|1649665380406|business associate
10995116294350|14293651196308|1672183850496|business associate
10995116294350|7696581400145|1654372174426|business associate
4398046517695|4398046527264|1607674298478|business associate
4398046517695|3298534910289|1650534197468|business associate
26591|1099511632914|1644005719726|business associate
26591|1099511654069|1658756866913|business associate
1099511654368|5497558145952|1621110354460|business associate
1099511654368|2199023262175|1635006371792|business associate
4398046547696|5497558154640|1651241794470|business associate
4398046547696|3298534910551|1613859424023|business associate
5497558155473|4398046526260|1667906520464|business associate
12094627942129|9895604667150|1671464666262|business associate
12094627942129|10995116283048|1658138387858|business associate
6594|7696581419911|1631031125560|business associate
6594|15334|1646422498453|business associate
10995116294354|1099511634157|1669626098554|business associate
1099511634371|10995116313301|1660965136173|business associate
1099511634371|9895604666957|1660799964985|business associate
4398046547699|10995116292973|1647660721717|business associate
4398046547699|6597069773124|1666867637429|business associate
15393162805461|1099511634226|1671788166280|business associate
6597069773254|5497558175216|1625189693452|business associate
6597069773254|14293651186274|1668951261215|business associate
4398046527702|1099511633831|1626094186518|business associate
6597069803254|13194139539938|1662548707904|business associate
7696581411031|12094627922663|1662997591750|business associate
7696581411031|6597069791794|1652429163619|business associate
36600|9895604665365|1669767526177|business associate
8796093048809|5497558143884|1647534880889|business associate
8796093048809|1099511663173|1665973877825|business associate
2199023262154|13194139559881|1667558254029|business associate
3298534899931|8796093058126|1638840399906|business associate
3298534899931|13194139539328|1666028885779|business associate
12094627922140|5497558164151|1668903540614|business associate
12094627922140|4398046536398|1655171568403|business associate
5497558145485|6597069772732|1666667535643|business associate
9895604666589|4398046546751|1650878382779|business associate
7696581431037|10995116284778|1666341401908|business associate
7696581431037|3298534909422|1634901724342|business associate
7696581421039|2199023270923|1670871175120|business associate
7696581421039|5497558173964|1667289873417|business associate
1099511634384|3298534909832|1609469004817|business associate
1099511634384|7696581430933|1627308256537|business associate
15393162805472|8796093058631|1672519339349|business associate
4398046547712|1099511645038|1614830655326|business associate
7696581431041|2199023270970|1643565041388|business associate
7696581431041|10995116295179|1659647699474|business associate
10995116284370|12094627930799|1662516744184|business associate
10995116284370|3298534908452|1651307809654|business associate
13194139549922|3298534899485|1665938162470|business associate
13194139549922|2199023261035|1669386005833|business associate
3298534909938|6597069804079|1667328670291|business associate
3298534909938|10995116315222|1670397763355|business associate
6611|13194139568707|1671919789728|business associate
36612|13194139549004|1671516413506|business associate
8796093058821|9895604685439|1655373202858|business associate
8796093058821|5497558175589|1644200810501|business associate
4398046527718|7696581400329|1641526293061|business associate
26614|3298534898980|1662418649588|business associate
12094627942150|15393162826243|1669977810191|business associate
9895604656599|4398046547730|1644034036708|business associate
16615|2199023272216|1629436528314|business associate
16615|25820|1614523465538|business associate
5497558175496|9895604655768|1652471420828|business associate
10995116314377|15393162805893|1672460249806|business associate
4398046527722|1099511653987|1610673765572|business associate
4398046527722|9895604665525|1666280361078|business associate
9895604686602|9895604655337|1641721153114|business associate
6597069783275|9895604675014|1658010230909|business associate
2199023282171|8796093057645|1654292898786|business associate
12094627942155|36612|1672486421196|business associate
10995116304380|8796093059044|1668105454634|business associate
10995116304380|4398046546994|1659703008060|business associate
13194139569932|10995116294089|1667138893394|business associate
9895604666605|7696581429972|1664987551343|business associate
8796093028830|2199023292803|1656808324174|business associate
12094627932158|8796093059312|1656402229172|business associate
2199023262175|10995116283095|1656823933716|business associate
12094627922159|2199023281437|1659416858148|business associate
12094627922159|13194139569227|1664847862168|business associate
16624|10995116284960|1651342024039|business associate
9895604676610|8796093038411|1652647434827|business associate
9895604676610|3298534919363|1668091900005|business associate
4398046547730|14293651167442|1669431650390|business associate
4398046547730|12094627941338|1652626281848|business associate
3298534889955|8796093029287|1651788359844|business associate
14293651187715|12094627932200|1668393617033|business associate
14293651167716|10995116304698|1669059592743|business associate
13194139549940|14293651176389|1667510371156|business associate
1099511654404|6611|1650379991754|business associate
1099511654404|2199023262494|1646146611896|business associate
15393162805493|6597069793253|1671302747968|business associate
15393162805493|6597069772052|1672306653055|business associate
5497558165509|9895604675637|1652368882799|business associate
36629|5497558144519|1620117766063|business associate
7696581411062|1099511654911|1631624224313|business associate
5497558165510|13194139538910|1665910881156|business associate
9895604666617|9895604657210|1663730607715|business associate
9895604666617|2199023281505|1644134451651|business associate
12094627932169|3298534889181|1660756742439|business associate
10995116284395|10995116284083|1646534894433|business associate
3298534909963|8796093047878|1646074612105|business associate
7696581431067|8796093037404|1672167491719|business associate
9895604686620|14293651167053|1666905695702|business associate
9895604686620|7696581410623|1644392791813|business associate
8796093028845|4398046516147|1665110242775|business associate
8796093028845|6597069792370|1654636483236|business associate
6597069783294|10995116302771|1663547758200|business associate
15393162825502|3298534900640|1672370270879|business associate
15393162825502|4398046546858|1672251154976|business associate
5497558155520|2199023292777|1629413728894|business associate
5497558165520|9895604685654|1661144346809|business associate
7696581411073|6597069771997|1647261997422|business associate
7696581411073|14293651188016|1669111858344|business associate
9895604656626|7696581419532|1655909180725|business associate
2199023292194|8796093037672|1663777141269|business associate
2199023292194|8796093037595|1657778903231|business associate
8796093058851|6597069782363|1657118228513|business associate
8796093058851|8796093039276|1642186613824|business associate
7696581431076|10995116294224|1653879788030|business associate
7696581431076|8796093028010|1656051440590|business associate
3298534889973|3298534899874|1634975431500|business associate
14293651177735|4398046518217|1670757064737|business associate
14293651177735|8796093049171|1667669210413|business associate
14293651187735|10995116293765|1669530927783|business associate
2199023262200|6597069803329|1662820624417|business associate
2199023262200|1099511653602|1626473619289|business associate
8796093038856|14293651166166|1670931305438|business associate
13194139559960|5497558144447|1661370481154|business associate
10995116314408|1099511634344|1653518053736|business associate
12094627942185|5497558174379|1665570718621|business associate
8796093038858|15393162816125|1672367108631|business associate
7696581421082|7696581420958|1650026898250|business associate
12094627942186|1099511653512|1656484512555|business associate
5497558145531|6597069792025|1665498027168|business associate
9895604676635|3298534909156|1643435692532|business associate
3298534889980|12094627920955|1669761614353|business associate
3298534889980|3298534900358|1629741456418|business associate
2199023282204|35103|1665957737734|business associate
13194139569964|6597069803951|1660178869027|business associate
6597069773309|7696581411254|1648747699241|business associate
13194139549965|14293651177798|1670089334593|business associate
13194139549965|12094627931953|1663668389752|business associate
13194139559965|7696581410141|1668103030381|business associate
14293651167742|15393162796181|1670857133738|business associate
4398046527758|12094627940605|1657500068079|business associate
15393162815518|1099511635070|1670968036400|business associate
7696581431086|9895604665515|1646664053770|business associate
10995116314415|3298534890449|1666184356876|business associate
10995116314415|15393162825801|1671911533705|business associate
6597069773312|12094627931996|1651952862099|business associate
2199023282208|1099511635010|1594517650801|business associate
2199023282208|5497558175844|1656750282646|business associate
6597069773313|36231|1671022222393|business associate
6597069783313|2199023262854|1664165520317|business associate
9895604686641|6597069782386|1667454176753|business associate
9895604686641|12094627911123|1659264372550|business associate
6597069783314|4398046546674|1626352673968|business associate
6597069783314|25979|1619825138936|business associate
3298534899987|7696581430376|1655608715055|business associate
3298534899987|1099511643245|1604068421682|business associate
10995116304419|25566|1671379740702|business associate
10995116304419|7696581420049|1665622258102|business associate
6597069773316|14293651177715|1670289287628|business associate
8796093058868|4398046516402|1664040715859|business associate
8796093058868|1099511653273|1642849366318|business associate
3298534889989|10995116315077|1650972884610|business associate
3298534889989|14293651197320|1667302396192|business associate
12094627932197|2199023260588|1652927031475|business associate
14293651197749|10995116294300|1672015093686|business associate
14293651197749|4398046546153|1671823554962|business associate
5497558145542|8796093047321|1669191172226|business associate
13194139559975|4398046526275|1660330534113|business associate
13194139569975|9895604676654|1667689944560|business associate
7696581401096|1099511643757|1634663955248|business associate
2199023262217|4398046548184|1665224557676|business associate
2199023282217|1099511664036|1614381449806|business associate
2199023282217|6597069802107|1663023765694|business associate
4398046527771|1099511643973|1656256105870|business associate
4398046527771|5497558144496|1653622932648|business associate
12094627942203|13194139548601|1669455345974|business associate
12094627942203|4398046526451|1656330076519|business associate
13194139539980|6597069782462|1667146121705|business associate
13194139539980|1099511653996|1667832564553|business associate
7696581411100|14293651187018|1664041519007|business associate
7696581411100|3298534908936|1640922975482|business associate
5497558165548|7246|1648103729525|business associate
4398046517773|6597069782363|1644752665535|business associate
15393162805533|2199023271038|1672462667323|business associate
14293651197757|6597069772377|1668981688371|business associate
9895604666654|13194139549483|1664448599234|business associate
9895604676654|12094627940536|1666851287222|business associate
9895604676654|14293651198325|1668453395014|business associate
12094627932207|5497558164482|1667833816302|business associate
7696581401104|15393162825523|1671951343092|business associate
3298534910000|5497558166051|1666017404752|business associate
3298534910000|7696581420766|1640692404101|business associate
9895604686656|1099511633026|1649856549378|business associate
5497558155553|1099511633226|1636641091004|business associate
8796093048881|10995116283338|1665965295747|business associate
8796093048881|1099511634410|1655455972759|business associate
5497558145554|17193|1655437057854|business associate
5497558155554|9895604685693|1664556955200|business associate
13194139559986|14293651177492|1670855531736|business associate
1099511664450|7696581431776|1636373306310|business associate
1099511664450|7696581411390|1663151880459|business associate
3298534890003|2199023290589|1654757802604|business associate
12094627922211|5497558166037|1659508079443|business associate
13194139549988|8796093029468|1666139362930|business associate
13194139549988|10995116304695|1659425810971|business associate
36676|9895604687079|1671511821386|business associate
36676|13194139539505|1666036062216|business associate
4398046517781|5497558174992|1660549372175|business associate
13194139539991|13194139550138|1667762052352|business associate
10995116294439|8796093038533|1656083366214|business associate
10995116294439|14293651176960|1670183032567|business associate
2199023262232|36421|1610819640641|business associate
14293651177769|7696581409606|1670755808171|business associate
36681|4398046526607|1662911333657|business associate
5497558145562|8796093047684|1660889014524|business associate
5497558145562|4398046538029|1639895927523|business associate
6597069803338|13194139540651|1663631651666|business associate
6597069803338|1099511633407|1638359090329|business associate
15393162795547|13194139558745|1672329716353|business associate
14293651187771|7696581400149|1668333663690|business associate
3298534920011|9895604665943|1658495743114|business associate
7696581411116|3298534890475|1660082415621|business associate
7696581411116|8796093057964|1640091387284|business associate
9895604686668|14293651166795|1671613980870|business associate
13194139539997|6597069782883|1661657576855|business associate
2199023272237|10995116283510|1647968510725|business associate
2199023272237|4398046547618|1653659999735|business associate
9895604676669|13194139558580|1670914342951|business associate
9895604676669|12094627921311|1652691128526|business associate
12094627912222|5497558175681|1665806145746|business associate
8796093048894|9895604675874|1669153890185|business associate
4398046537791|14293651167118|1669023139785|business associate
8796093038896|2199023281489|1667333016988|business associate
8796093038896|7696581410053|1667437832147|business associate
8796093028897|5497558174747|1643354849414|business associate
8796093028897|5399|1639447656672|business associate
8796093038897|7696581421181|1660319606122|business associate
8796093038897|9895604666403|1649036182861|business associate
6597069793345|6597069783845|1660536943925|business associate
6597069793345|1099511653311|1629748709094|business associate
14293651177778|2199023261562|1665234406038|business associate
3298534910019|10995116314400|1664779446081|business associate
3298534910019|7696581401815|1639157840236|business associate
12094627922228|6332|1666615019235|business associate
3298534910020|5497558165919|1628356454420|business associate
6597069803348|6597069782363|1636828383213|business associate
9895604676677|10995116294106|1667955343733|business associate
9895604676677|8796093048809|1662704311318|business associate
15393162825557|14293651177419|1672519688167|business associate
15393162825557|3298534909332|1672499209594|business associate
8796093028902|7696581431909|1668925848487|business associate
5497558145575|2199023262847|1665538172153|business associate
5497558145575|1099511634797|1671833284474|business associate
2199023272247|5497558175114|1658666822790|business associate
26695|12094627910546|1669203588067|business associate
26695|15393162825441|1671368691837|business associate
5497558175575|13194139558846|1663131188462|business associate
5497558175575|27497|1668951989739|business associate
7696581421128|3298534888607|1650464328295|business associate
1099511644473|4398046518049|1634628027094|business associate
1099511644473|2199023262321|1597847815242|business associate
7696581421129|2199023270738|1649260464205|business associate
7696581421129|5497558145295|1670125225621|business associate
36697|5497558144507|1664487179120|business associate
36697|4398046516992|1640420577390|business associate
8796093028906|3298534919564|1670167711613|business associate
8796093028906|7696581399761|1636817354435|business associate
12094627932234|14293651177842|1669005190623|business associate
12094627932234|3298534909372|1659504239018|business associate
3298534920026|15393162816315|1672022242532|business associate
3298534920026|2199023291970|1606384334271|business associate
3298534920027|8796093049456|1666669433527|business associate
3298534920027|12094627912522|1652233062192|business associate
4398046517804|7696581410508|1632978101927|business associate
5497558155580|7696581401168|1659038371333|business associate
5497558155580|7696581420044|1671846877761|business associate
8796093048909|8796093057550|1636756245965|business associate
14293651167790|14293651187580|1667014373934|business associate
26702|3298534918764|1622055079837|business associate
26702|8796093058609|1669800264500|business associate
8796093058911|14293651177193|1667407156126|business associate
8796093058911|7696581400302|1636022887003|business associate
14293651177792|2199023262011|1668194501262|business associate
14293651177792|1099511663981|1670979852232|business associate
8796093038913|12094627921370|1671802714295|business associate
8796093038913|1099511664091|1654759948918|business associate
9895604686689|5497558144203|1666512565850|business associate
4398046547811|5497558144939|1641186704046|business associate
4398046547811|7696581430652|1632639307603|business associate
13194139560020|8796093038577|1668591208850|business associate
5497558175589|4398046547915|1645474861011|business associate
5497558175589|6597069773416|1653619969448|business associate
15393162805575|6597069781867|1671745145295|business associate
15393162805575|2199023271168|1671527045256|business associate
14293651187800|13194139570522|1667262770512|business associate
3298534920040|2199023260693|1613360275436|business associate
6597069803369|4398046548170|1624387525513|business associate
14293651167802|14293651197504|1672148323393|business associate
13194139560026|13194139569189|1669036459868|business associate
13194139560026|13194139560322|1667162604861|business associate
12094627942250|8796093038017|1670703256389|business associate
3298534890043|9895604675637|1670869394551|business associate
3298534900043|15393162824034|1672136113760|business associate
3298534900043|13194139560344|1660878837006|business associate
6597069793371|4398046536131|1642240639102|business associate
5497558165596|25764|1644815600324|business associate
5497558155597|7696581401612|1649500499920|business associate
5497558155597|7696581411584|1634783218288|business associate
1099511654494|3298534900121|1611940409999|business associate
1099511654494|8796093058631|1666617365180|business associate
7696581431150|5497558175072|1652158276538|business associate
7696581431150|14293651186515|1671985347991|business associate
1099511634495|6597069771798|1638328776658|business associate
12094627922255|4398046518049|1663719883540|business associate
12094627922255|6597069801806|1657116297161|business associate
14293651177808|6597069802085|1669140403987|business associate
14293651177808|2199023292243|1668885920450|business associate
26720|2199023261715|1648992020437|business associate
26720|12094627911749|1651510158697|business associate
14293651167809|2199023261572|1668713059042|business associate
14293651167809|6597069772311|1669325059772|business associate
13194139550033|12094627930826|1661412336940|business associate
5497558175601|14293651167930|1669881317200|business associate
5497558175601|10995116313866|1662567373993|business associate
14293651197811|6597069781731|1668266427426|business associate
14293651197811|13194139538949|1669478642929|business associate
10995116294484|2199023281670|1667747815767|business associate
15393162825588|9895604686276|1672325509617|business associate
15393162825588|7696581430282|1672321509064|business associate
7696581401157|3298534909114|1663674461456|business associate
7696581401157|1099511655055|1661019515404|business associate
15393162825589|13194139559740|1670638335751|business associate
4398046527830|13194139568384|1666142036896|business associate
4398046527830|12094627932450|1672191561220|business associate
7696581421158|15393162795710|1671740960569|business associate
7696581421158|14293651196700|1669920513044|business associate
13194139570038|4398046546459|1668274363921|business associate
13194139570038|14293651167271|1670037715964|business associate
36727|1099511663563|1610278042250|business associate
3298534890056|9895604675616|1655576267823|business associate
3298534890056|9895604657076|1660753118290|business associate
2199023292280|13194139538910|1663123074910|business associate
2199023292280|26339|1636399181615|business associate
6597069773385|7696581431507|1627027581759|business associate
6597069773385|5497558155418|1652285187884|business associate
14293651177817|3298534888382|1667112335811|business associate
26729|13194139570237|1667917199628|business associate
13194139570042|2199023271136|1661147926326|business associate
13194139570042|14293651197570|1664108423143|business associate
7696581421163|9895604687285|1644271506621|business associate
7696581421163|14293651166873|1669189431055|business associate
7696581431164|3298534918657|1638559580165|business associate
13194139540045|12094627921110|1660649190011|business associate
13194139540045|8796093037370|1666089525051|business associate
8796093038941|4398046517019|1660437866080|business associate
14293651197821|12094627931346|1671876252794|business associate
16734|6597069801701|1671038169948|business associate
9895604656719|7696581400593|1665955484266|business associate
1099511654511|2199023281591|1601877534715|business associate
1099511654511|13194139558895|1663824643826|business associate
7696581431167|1099511634157|1643549011895|business associate
7696581401168|2199023261823|1630365241662|business associate
7696581401168|12094627911123|1658424490362|business associate
6597069793392|3298534920657|1663405760389|business associate
14293651197824|13194139549632|1669088870378|business associate
10995116294497|7696581411031|1667594377489|business associate
5497558165617|9895604686073|1646262776000|business associate
5497558165617|13194139539050|1668308051655|business associate
2199023292289|3298534899671|1661772863134|business associate
13194139540050|2199023271140|1667100057156|business associate
13194139540050|4398046546912|1664944603644|business associate
10995116294498|1099511663933|1663255956466|business associate
5497558145621|2199023282603|1645580313870|business associate
7696581411173|2199023271924|1655945280193|business associate
7696581411173|14293651198017|1669519001562|business associate
10995116294502|2199023272087|1667139281157|business associate
26742|3298534908767|1671113193901|business associate
26742|4398046518522|1649429550844|business associate
4398046547846|10995116283141|1668921678806|business associate
4398046547846|15393162805506|1672261607483|business associate
13194139550055|9895604656244|1664326603203|business associate
13194139550055|8796093058056|1669889444230|business associate
9895604656728|7696581401096|1664973700685|business associate
9895604656728|5497558146169|1670850348059|business associate
1099511644520|2199023271931|1633296504213|business associate
26744|4398046526617|1610072746753|business associate
26744|7696581411351|1669883131978|business associate
36744|15393162825011|1671134292448|business associate
36744|2199023260800|1593378351230|business associate
9895604656729|12094627942629|1664243106649|business associate
7696581411177|9895604675646|1641636964280|business associate
7696581411177|4398046518134|1660551353197|business associate
7696581421178|7696581420442|1632930495542|business associate
8796093058954|8796093037831|1648106536701|business associate
8796093058954|13194139558837|1669974677064|business associate
7696581401179|15393162794871|1672026477033|business associate
7696581401179|1099511654632|1655164568026|business associate
16747|3298534919076|1628793689178|business associate
3298534910075|4398046518095|1621338646236|business associate
3298534910075|3298534909421|1609664960488|business associate
9895604686731|14293651177811|1671071531614|business associate
14293651177836|9895604675853|1670502820038|business associate
26748|5497558145952|1668470719973|business associate
14293651167837|1099511653249|1664150409017|business associate
4398046527853|3298534909137|1615731468990|business associate
4398046527853|10995116314359|1665847352259|business associate
7696581421181|12094627912345|1665425987209|business associate
7696581421181|13194139550263|1669760448971|business associate
9895604686733|1099511652978|1651165788599|business associate
9895604686733|26490|1660472787819|business associate
8796093038958|2199023290973|1653289368976|business associate
8796093038958|15393162795705|1671725644995|business associate
10995116314510|5497558164216|1654091784232|business associate
7696581411183|12094627921057|1659781225441|business associate
7696581411183|13194139569534|1669319820720|business associate
2199023262304|7696581400583|1643304300468|business associate
2199023292305|4398046537915|1644553358671|business associate
2199023292305|6477|1648080887477|business associate
9895604686738|2199023271856|1643342649510|business associate
9895604676739|37211|1664716749617|business associate
9895604676739|9895604686686|1645394377385|business associate
9895604686739|10995116294160|1658045504916|business associate
10995116294516|1099511662936|1668335036360|business associate
10995116314516|4398046537369|1658273085193|business associate
13194139540070|12094627912544|1664787454970|business associate
10995116304519|7460|1651838838662|business associate
10995116304519|10995116303471|1654697105730|business associate
1099511644537|17225|1640367018125|business associate
4398046527866|4398046548558|1671732964435|business associate
4398046527866|2199023271696|1647488333847|business associate
8796093058970|8796093048894|1663610907653|business associate
5497558145643|10995116293168|1659989959118|business associate
5497558145643|14293651197872|1668656241876|business associate
3298534900091|5497558174711|1658486166872|business associate
7696581421195|5778|1661966152504|business associate
14293651167852|2199023270892|1672464355963|business associate
14293651167852|4398046526306|1671761079496|business associate
12094627942300|14293651177689|1672370490167|business associate
2199023262317|2199023292589|1635259854467|business associate
3298534910093|26912|1609295623897|business associate
3298534890094|7696581399980|1629210934633|business associate
3298534890094|4398046516632|1631994622807|business associate
14293651187854|7696581419512|1668393902353|business associate
10995116284527|3298534890673|1651477887974|business associate
8796093038975|4398046537409|1661435924869|business associate
8796093038975|14293651166564|1672341336305|business associate
6597069793423|13194139550078|1663695978147|business associate
6597069793423|7696581420996|1638368760712|business associate
10995116314527|8796093047519|1671175817005|business associate
4398046517872|1099511633466|1665845638839|business associate
14293651187859|8796093058298|1668020492617|business associate
14293651187859|13194139569975|1666966204381|business associate
1099511664547|6597069773627|1658607642516|business associate
1099511664547|2199023261157|1639568979129|business associate
6772|2199023272187|1631263196279|business associate
3298534910100|5497558145779|1630534847342|business associate
3298534910100|5497558145239|1637908212370|business associate
15393162825636|6597069792450|1672438968527|business associate
15393162825636|13194139560414|1671274881043|business associate
9895604656757|2199023280997|1656880317410|business associate
1099511644549|14293651196655|1671891477372|business associate
1099511654550|8796093048346|1661983495493|business associate
1099511634551|14293651186857|1671777476834|business associate
2199023282327|5497558145687|1667886730676|business associate
6597069793432|1099511664760|1661366421875|business associate
6597069793432|14293651197811|1670555105333|business associate
2199023272330|10995116283280|1665270762006|business associate
15393162815642|10995116303551|1670371556238|business associate
15393162815642|12094627922855|1671149038033|business associate
2199023292330|3298534919237|1665703192585|business associate
2199023292330|10995116283053|1660096066833|business associate
14293651197867|9895604655208|1670293693820|business associate
9895604676764|4398046536257|1661729300610|business associate
9895604686765|7696581431055|1655323123258|business associate
5497558165662|7696581430730|1646882460519|business associate
36782|9895604677259|1659020495723|business associate
36782|10995116312847|1666709982250|business associate
13194139550095|8796093027234|1661087930606|business associate
14293651197872|12094627912812|1667959915580|business associate
13194139550097|13194139559538|1670177487696|business associate
13194139550097|7696581420752|1665755725101|business associate
12094627932321|15393162815113|1672401915959|business associate
1099511664561|8796093059043|1645103566962|business associate
13194139570098|15393162805544|1671997882719|business associate
1099511644563|12094627941089|1659256495169|business associate
1099511644563|3298534909125|1614849556273|business associate
7696581401220|12094627942530|1665403937948|business associate
7696581401220|7696581399699|1648354758300|business associate
5497558175668|13194139540368|1661126425162|business associate
3298534890117|5497558176103|1670939539113|business associate
3298534890117|14293651168543|1667704242696|business associate
8796093048997|6597069803704|1641220382199|business associate
8796093048997|5497558164264|1640901313759|business associate
7696581401222|3298534908476|1637581630424|business associate
7696581401222|15393162795229|1671810302229|business associate
6597069803446|2199023291322|1666794231144|business associate
7696581411223|3298534890700|1668914994202|business associate
7696581411223|13194139539155|1662926487038|business associate
1099511654567|3298534899871|1652533254037|business associate
1099511654567|12094627940611|1671651193547|business associate
3298534920119|4398046526617|1606887091747|business associate
13194139540104|12094627930638|1663966373154|business associate
2199023292344|16580|1647461809636|business associate
2199023292344|6597069773455|1642378447812|business associate
9895604666778|15393162813915|1672469846120|business associate
9895604666778|7696581429434|1642487562199|business associate
8796093029003|5325|1662535420203|business associate
12094627932331|14293651197405|1672414275104|business associate
10995116314556|12094627932440|1670129180148|business associate
8796093029005|7696581409852|1654314174244|business associate
5497558165677|8796093049140|1661661961008|business associate
6597069803453|9895604675970|1651194757180|business associate
6597069773455|4398046546223|1647217708635|business associate
13194139550112|4398046528024|1659525496495|business associate
13194139550112|8796093037688|1666432836423|business associate
13194139570112|2199023291546|1665756520514|business associate
13194139570112|2199023281268|1662360256503|business associate
7696581401233|3298534919714|1666233716754|business associate
7696581401233|4398046548072|1652898664751|business associate
4398046517907|2199023273031|1613361382517|business associate
1099511644579|10995116304336|1659658979029|business associate
3298534920131|6597069802884|1641050136800|business associate
3298534890132|15393162815614|1669847734527|business associate
15393162825668|1099511665203|1671621081668|business associate
15393162825668|2199023270738|1671515895507|business associate
1099511654581|12094627920803|1666480446348|business associate
1099511634582|2199023290973|1666013586007|business associate
9895604666790|1099511662940|1665599289832|business associate
9895604666790|8796093029136|1665929405233|business associate
5497558145687|13194139538634|1670803395476|business associate
5497558145687|13194139559308|1665342081921|business associate
5497558155687|10995116304302|1672516029944|business associate
8796093049015|1099511654777|1644305625015|business associate
14293651167896|10995116295196|1669300995445|business associate
9895604666792|2199023262884|1656187378683|business associate
9895604666792|10995116303122|1661533230459|business associate
12094627912345|12094627922039|1671907456876|business associate
9895604656794|9895604655998|1669910995697|business associate
9895604656794|3298534920372|1654560435533|business associate
12094627922346|15393162806320|1670756507943|business associate
10995116304570|5497558165480|1668894647212|business associate
10995116304570|4398046546459|1660770766596|business associate
3298534890139|4398046517657|1658235676765|business associate
1099511644587|15393162825668|1670942523401|business associate
1099511644587|2199023291745|1626606501718|business associate
5497558165692|7696581430975|1633458368397|business associate
5497558155693|7696581411081|1665543788673|business associate
4398046537917|1099511633468|1631348330877|business associate
4398046537917|1099511653843|1612093232546|business associate
7696581421246|2199023270857|1637504784238|business associate
13194139570126|3298534909529|1666716695043|business associate
13194139570126|4398046527984|1658880031115|business associate
3298534890144|5497|1632626548906|business associate
6597069793472|4398046538354|1654060494662|business associate
6597069793472|13194139570117|1659891348491|business associate
2199023292368|4398046516364|1620203701549|business associate
9895604676801|35161|1663581160869|business associate
36817|10995116284296|1646727477672|business associate
6818|4398046527689|1657508734729|business associate
6597069793474|8796093059697|1647832048746|business associate
6597069793474|8796093048865|1651461934991|business associate
6597069793476|1099511634774|1619644236040|business associate
4398046547924|3298534910020|1635277618130|business associate
6597069773477|17212|1624946073165|business associate
4398046537925|4398046546380|1659845635486|business associate
4398046537925|10995116283064|1672399182886|business associate
7696581411254|6597069782713|1651270433386|business associate
7696581411254|12094627922607|1662296743489|business associate
13194139540135|3298534919593|1667776919507|business associate
13194139540135|8796093037214|1659776724017|business associate
7696581411255|15393162824174|1671868677178|business associate
7696581411255|2199023281492|1661234584487|business associate
13194139560136|6597069801752|1667789719930|business associate
13194139560136|5497558175373|1659954278142|business associate
6597069803480|12094627922138|1667550813929|business associate
6597069803480|12094627912203|1662725147283|business associate
3298534920153|6597069802059|1640648037028|business associate
3298534920153|1099511652796|1664029794582|business associate
7696581401258|13194139539648|1669354827076|business associate
13194139550138|1099511664256|1666768430448|business associate
14293651167915|1099511645192|1668931030436|business associate
14293651167915|15393162814006|1671366375361|business associate
2199023272379|4398046548290|1632937290878|business associate
2199023272379|9895604656055|1658357426721|business associate
3298534920155|7696581430902|1663096411480|business associate
3298534920155|12094627940617|1670023152705|business associate
12094627912364|4398046548425|1665910275474|business associate
12094627912364|12094627922182|1670237583431|business associate
14293651177916|15393162804360|1670341613197|business associate
8796093049036|14293651187923|1667623293467|business associate
8796093059036|7696581430331|1669815614348|business associate
9895604656813|12094627910887|1653722423765|business associate
13194139550141|2199023272945|1664073098066|business associate
26829|14293651197371|1666222694351|business associate
26829|8796093028125|1642729814395|business associate
15393162805694|6597069793798|1671934305608|business associate
5497558145711|7696581410600|1657314950889|business associate
15393162795697|3298534918942|1671918183765|business associate
10995116294594|12094627922913|1672524914850|business associate
1099511654610|1099511653690|1601761377651|business associate
13194139570146|5497558154504|1666677606118|business associate
8796093059044|3298534889989|1648018520904|business associate
8796093059044|1099511643628|1646149999858|business associate
8796093059045|15393162795179|1671035872288|business associate
10995116284598|9895604677034|1662722688151|business associate
26838|5497558144527|1644689874789|business associate
26838|5497558164261|1636142183545|business associate
10995116304599|6597069792357|1662368878587|business associate
5497558165721|6597069803218|1653965126363|business associate
5497558165721|4398046548247|1638168660493|business associate
2199023282394|13194139540321|1664656547126|business associate
2199023282394|8796093049398|1666019469092|business associate
9895604666827|15393162814191|1670745195628|business associate
9895604666827|17311|1641375812143|business associate
3298534900172|5497558144161|1662215249352|business associate
3298534900172|15393162825272|1672297384403|business associate
7696581431277|9895604686030|1647447078627|business associate
7696581431277|7696581431467|1657182834657|business associate
6597069773503|5497558166115|1668771499943|business associate
6597069773503|3298534908343|1655010873390|business associate
14293651177935|8796093047566|1672303984825|business associate
14293651177935|12094627942798|1670112076811|business associate
26847|3298534889691|1630371885471|business associate
4398046537952|9895604675281|1646428634320|business associate
4398046537952|4398046536984|1613974583322|business associate
9895604686832|3298534919096|1668096497717|business associate
9895604656833|15242|1647255647519|business associate
1099511654625|12094627942601|1666447578808|business associate
10995116314609|8796093057948|1658012762576|business associate
10995116314609|14293651196317|1665813720400|business associate
4398046537954|2199023262217|1659323253989|business associate
15393162825714|5497558144617|1671038594583|business associate
10995116284611|13194139538339|1667911133221|business associate
10995116284611|6597069803454|1669275719868|business associate
7696581411284|1099511664753|1657824334157|business associate
15393162795717|12094627922601|1671270955246|business associate
15393162795717|4398046537538|1672212292288|business associate
2199023272405|1099511663428|1646366292771|business associate
4398046537957|6597069802915|1633618142688|business associate
4398046537957|6597069774058|1659274741874|business associate
15393162815718|3298534920619|1672188760725|business associate
7696581431286|1099511653958|1662020120133|business associate
26855|14293651197749|1671995410497|business associate
4398046547959|7696581431909|1658187492406|business associate
6597069783512|14293651186274|1670049870566|business associate
5497558175736|12094627931768|1660122626867|business associate
5497558145737|14293651178205|1663435695708|business associate
5497558145737|8796093048358|1660483677720|business associate
1099511644633|12094627910830|1670157841662|business associate
8796093059066|3298534909053|1666786937880|business associate
10995116284619|2199023272148|1649766962217|business associate
10995116284619|12094627942848|1670786224529|business associate
10995116294619|4398046538265|1649550315502|business associate
3298534920187|4398046516847|1623603562958|business associate
3298534920187|7696581421619|1644271237065|business associate
12094627942396|4398046518010|1668099047824|business associate
2199023282413|7696581420004|1636660733236|business associate
2199023282413|8796093048001|1641073286642|business associate
12094627942397|3298534909193|1664820286951|business associate
8796093049070|2199023282171|1670514652722|business associate
13194139550175|12094627931939|1669791086392|business associate
13194139550175|6597069803297|1669937632338|business associate
2199023282415|4398046538093|1626842631683|business associate
2199023282415|2199023262772|1660226974088|business associate
9895604686847|13194139569447|1668779882646|business associate
12094627922400|15393162824096|1672375087201|business associate
12094627922400|9895604685576|1668553660034|business associate
1099511654640|4398046546223|1649383642111|business associate
4398046547968|9895604657162|1658616796377|business associate
3298534890193|13194139569575|1667009499645|business associate
7696581411297|7696581431841|1629704552374|business associate
7696581411297|5497558174432|1639329564786|business associate
12094627912402|6597069793435|1666948569434|business associate
12094627912402|14293651196637|1669852702029|business associate
36866|2199023263043|1607100367554|business associate
5497558145747|12094627910944|1655635271932|business associate
5497558145747|4398046518390|1648476271986|business associate
36867|12094627932531|1652522065362|business associate
36868|12094627912697|1665563642865|business associate
36868|3298534889405|1638090506909|business associate
1099511654646|10995116303293|1651567331855|business associate
1099511654646|6088|1638683858582|business associate
12094627932407|2199023292504|1652488578141|business associate
12094627932407|3298534889955|1666546646112|business associate
14293651187960|4398046537858|1662990540948|business associate
14293651187960|5497558146185|1668273997407|business associate
6597069783529|12094627922890|1657905479673|business associate
6597069783529|3298534920153|1625017900926|business associate
36873|10995116313261|1664757007457|business associate
36873|7696581411891|1671849435317|business associate
9895604676858|13194139539852|1664091866519|business associate
9895604676858|14293651186464|1667778140346|business associate
13194139570186|4398046516637|1664698586603|business associate
4398046537979|9895604686227|1665031292859|business associate
4398046537979|26867|1627940391730|business associate
13194139570187|26924|1663910661710|business associate
13194139570187|14293651177795|1672371019901|business associate
26876|9895604686723|1644257136235|business associate
26876|3298534919573|1609249655178|business associate
9895604656862|9895604655924|1662922888112|business associate
10995116294639|9895604686065|1660522359168|business associate
4398046537983|4398046516685|1626731556838|business associate
4398046537983|10995116313080|1662670641198|business associate
7696581431311|10995116302959|1657894425716|business associate
5497558145760|12094627932887|1671606667234|business associate
4398046547984|1099511645230|1660591212113|business associate
4398046547984|15393162825557|1672388881365|business associate
14293651167969|6597069774078|1671926516884|business associate
2199023292433|5497558155159|1628744957856|business associate
2199023292433|5497558144917|1647082413372|business associate
6597069773538|8796093058452|1643857749121|business associate
6597069773538|13194139560249|1672475512353|business associate
10995116304642|14293651167814|1668150468276|business associate
13194139540195|8796093028436|1670514788064|business associate
4398046527987|7696581431901|1637646671680|business associate
4398046527987|13194139560295|1670280516192|business associate
9895604676867|6597069781862|1639471003602|business associate
10995116284645|1099511664865|1652877200940|business associate
10995116284645|2199023290608|1669528790448|business associate
13194139540198|5497558164241|1664792870957|business associate
13194139540198|13194139560085|1670965580983|business associate
4398046527990|6597069773827|1635172513478|business associate
1099511654662|13194139550778|1669789594388|business associate
15393162825750|8796093058937|1672041657635|business associate
15393162825750|14293651168395|1671921574223|business associate
1099511654663|7696581401833|1643110547863|business associate
7696581421320|6597069783768|1627276313030|business associate
7696581421320|3298534899415|1651830826018|business associate
12094627942424|12094627931398|1659428563214|business associate
7696581411321|13194139540305|1663133022081|business associate
7696581411321|15393162805030|1672214941811|business associate
10995116304649|12094627930826|1668803394124|business associate
10995116304649|6597069772655|1661611057179|business associate
36890|1099511653165|1602052882424|business associate
5497558155771|2199023290689|1651712994944|business associate
9895604686875|4398046547486|1659529615143|business associate
9895604686875|7696581409668|1651020810518|business associate
3298534900220|2199023271165|1659784477908|business associate
6597069803548|5497558155099|1633396550140|business associate
13194139540205|8796093059472|1672476176173|business associate
6597069783551|6597069771807|1670610129773|business associate
3298534910223|12094627911682|1655888516547|business associate
5497558175775|1099511663117|1638703073755|business associate
5497558175775|2199023290836|1636545581194|business associate
6597069773552|14293651166145|1669524851499|business associate
2199023272449|6597069772339|1651750677414|business associate
2199023272449|1099511664156|1596020089184|business associate
6597069793553|2199023291070|1653604230878|business associate
6597069793553|6597069771826|1626083210501|business associate
6597069803553|16406|1628202659566|business associate
14293651187986|10995116303247|1670125776717|business associate
14293651187986|15046|1672366219008|business associate
4398046528004|15393162825588|1672252338960|business associate
10995116304660|7696581421897|1666871022220|business associate
36901|6597069802085|1621646334309|business associate
36901|10995116283048|1663540349006|business associate
4398046538006|4398046546565|1662181537313|business associate
4398046538006|8796093038050|1649352550395|business associate
14293651177991|7696581421160|1670089884532|business associate
9895604666888|4398046527113|1654058277072|business associate
2199023262457|10995116294070|1663862218638|business associate
2199023282457|12094627941881|1663030355847|business associate
16906|5831|1645464323007|business associate
16906|5497558176356|1615141440491|business associate
4398046538010|2199023271606|1631385440549|business associate
4398046538010|7696581410050|1636429616657|business associate
9895604686890|15393162815261|1672379719969|business associate
9895604686890|9895604675547|1666244677943|business associate
13194139550220|15393162804447|1671748714736|business associate
13194139550220|1099511664719|1658398707936|business associate
10995116314668|10995116282836|1668208452477|business associate
10995116314668|12094627911925|1653933617891|business associate
2199023262461|12094627921386|1657671743024|business associate
2199023262461|12094627941879|1666807997321|business associate
12094627912446|35404|1662503478468|business associate
9895604666894|15393162794996|1669993486953|business associate
9895604666894|8796093037443|1643212277226|business associate
6597069793566|6597069793689|1641315721542|business associate
3298534920238|3298534909906|1614715415542|business associate
3298534920238|7696581401222|1656596729264|business associate
12094627912447|13194139559446|1666629312168|business associate
5497558175791|6597069802059|1670963414977|business associate
8796093029120|12094627932115|1664030243723|business associate
8796093029120|3298534910757|1648330979109|business associate
12094627922448|3298534910384|1656295109170|business associate
12094627922448|6597069784004|1671879037916|business associate
14293651198000|3298534899811|1667214120800|business associate
14293651198000|9895604687312|1672322212453|business associate
12094627942449|8796093058734|1658698613726|business associate
12094627942449|6597069792220|1667696515958|business associate
10995116284674|2199023292717|1667145863710|business associate
12094627932450|36607|1656943398599|business associate
12094627932450|2199023261328|1656230290460|business associate
15393162825778|9895604676294|1672459543257|business associate
7696581401348|6197|1645561409037|business associate
7696581401348|7696581421787|1629603856397|business associate
10995116284677|15101|1670335883817|business associate
4398046538021|3298534909916|1637684545285|business associate
4398046538021|7696581409757|1670185219799|business associate
10995116284678|7696581399655|1649981255239|business associate
3298534890247|14293651168001|1671625610948|business associate
7696581411351|6597069803970|1644250276836|business associate
7696581411351|8796093038041|1670858827221|business associate
13194139570231|16056|1669051755936|business associate
4398046528024|1099511642926|1659465790601|business associate
1099511664696|12094627941622|1663965914297|business associate
1099511664696|14293651168499|1668714454854|business associate
10995116294681|13194139538460|1671820584889|business associate
10995116294681|14293651188313|1670630584639|business associate
9895604686905|4398046547424|1667450122486|business associate
1099511644698|8796093039428|1640829131352|business associate
1099511644698|10995116294286|1667861455411|business associate
7696581431354|10995116284957|1652217229347|business associate
7696581431354|2199023262487|1650425740149|business associate
1099511654699|2199023261818|1638563039459|business associate
8796093039132|2199023282875|1664377990399|business associate
14293651178013|4398046548441|1668529769007|business associate
14293651178013|13194139569015|1666041213933|business associate
13194139570237|3298534920027|1662332444066|business associate
3298534900254|4398046547924|1612278021386|business associate
1099511664702|4398046516911|1631335245149|business associate
1099511664702|13194139570368|1660178903418|business associate
3298534890255|3298534899888|1653864933988|business associate
3298534890255|10995116304319|1660225351327|business associate
6597069783583|2199023272320|1653780915358|business associate
6597069783583|2199023271976|1653506925850|business associate
5497558165807|13194139559101|1666786835672|business associate
5497558165807|6597069792463|1645417214205|business associate
5497558175807|10995116293388|1660941252883|business associate
5497558175807|7005|1637297177015|business associate
7696581411360|1099511634862|1644360977827|business associate
10995116294689|6597069783546|1660974833721|business associate
10995116294689|6597069773503|1655926752222|business associate
7696581401362|7696581411891|1671705532054|business associate
7696581401362|3298534898592|1663487600821|business associate
10995116304690|9895604667247|1653104769830|business associate
15393162795795|2199023292655|1672444597986|business associate
8796093039139|15393162814092|1671054720632|business associate
8796093039139|1099511653105|1659883693200|business associate
10995116284692|36289|1658327456746|business associate
10995116284692|9895604657413|1665866559093|business associate
3298534920260|8796093048105|1638118158019|business associate
1099511654709|14293651187854|1670299140111|business associate
8796093029142|5497558166188|1652561064418|business associate
8796093029142|13194139550650|1667370927845|business associate
6597069783590|8796093027453|1663653176931|business associate
8796093059142|4398046516296|1663475738593|business associate
8796093059142|1099511634634|1654281692475|business associate
2199023262487|6597069781669|1633848751308|business associate
2199023262487|15837|1602114863253|business associate
10995116294695|1099511654836|1659969823089|business associate
15393162825799|4398046516961|1672378254850|business associate
9895604656920|3298534900815|1655256616151|business associate
10995116294696|9895604666696|1656963151320|business associate
10995116294696|14293651197277|1666341610967|business associate
3298534910264|2199023291045|1644622095801|business associate
3298534910264|3298534909116|1612150105253|business associate
1099511634713|7696581420236|1657375847038|business associate
1099511634713|1099511634289|1608181600603|business associate
3298534900265|10995116293366|1670345467479|business associate
3298534900265|5497558174076|1655995662841|business associate
10995116304698|15393162795393|1671556255940|business associate
7696581411371|4398046537084|1632806068230|business associate
13194139550252|6597069773058|1658329863361|business associate
13194139550252|12094627942601|1670155577147|business associate
3298534910268|8796093027826|1652511568654|business associate
3298534910268|4398046547109|1661882898249|business associate
36940|12094627910875|1672108167614|business associate
36940|36231|1672207502195|business associate
4398046518045|13194139540058|1668674018908|business associate
2199023262494|12094627912297|1658864017255|business associate
2199023262494|2199023291350|1602865092689|business associate
5497558165823|4398046518403|1657554892664|business associate
1099511664719|3298534899853|1663698554136|business associate
1099511664719|15393162824482|1672299819902|business associate
10995116284704|13194139538326|1664582759222|business associate
6597069803600|17339|1664573196854|business associate
6597069803600|15393162794479|1671343594594|business associate
4398046518049|9895604677078|1656644681232|business associate
4398046518049|1099511643381|1627990042420|business associate
10995116284706|8796093049548|1664993628448|business associate
10995116284706|14293651198029|1669821158065|business associate
15393162815810|9895604656598|1672395920256|business associate
5497558175826|14293651188570|1668924710718|business associate
5497558175826|4398046537208|1614063150187|business associate
13194139550259|4398046546927|1665087675538|business associate
10995116284708|2199023290878|1663206446023|business associate
10995116284708|9895604674991|1662493727550|business associate
12094627942484|14293651176493|1669264490332|business associate
12094627942484|2199023292023|1657032427404|business associate
8796093029157|7696581399633|1668010028916|business associate
15393162795814|2199023282208|1672429937702|business associate
5497558165831|3298534919187|1670565985428|business associate
5497558165831|8796093029005|1635874337431|business associate
7696581431383|9895604657374|1663684318213|business associate
7696581431383|4398046526871|1641402517497|business associate
7696581401384|13194139559210|1662477700322|business associate
3298534900280|7696581409808|1664934708910|business associate
3298534900280|12094627941310|1662863887109|business associate
16953|3298534910460|1664283089697|business associate
16953|4398046536823|1640584354173|business associate
4398046538057|1099511663203|1649217743138|business associate
7696581431385|13194139570522|1663777510621|business associate
7696581431385|8796093047723|1667103039187|business associate
6954|6597069772116|1638686175516|business associate
7696581411386|6597069793120|1653354723209|business associate
7696581431386|5497558165721|1653955079774|business associate
7696581431386|14293651177159|1665477094232|business associate
6597069783611|13194139549101|1661674389126|business associate
4398046548060|2199023282117|1640203316899|business associate
2199023272509|6597069783318|1671651287756|business associate
10995116304717|2199023261539|1668339285163|business associate
2199023292511|3298534899100|1649755613146|business associate
2199023292511|2199023260862|1603923374900|business associate
4398046528064|4398046546381|1630221444469|business associate
9895604686944|15393162806118|1670694954031|business associate
9895604686944|2199023262928|1671758578788|business associate
14293651168049|2199023271792|1669584605656|business associate
10995116304722|7696581420236|1665156321389|business associate
10995116304722|13194139560073|1668029607334|business associate
6597069783619|1099511662871|1655535436782|business associate
8796093049171|17075|1664886067943|business associate
8796093049171|14293651177710|1666913520087|business associate
4398046548067|3298534898339|1633571510239|business associate
12094627932500|2199023261866|1671289146738|business associate
12094627932500|26614|1664218722229|business associate
5497558175844|9895604665383|1655221394959|business associate
16965|6597069783275|1628280185098|business associate
16965|1099511643594|1614386422788|business associate
13194139560277|13194139540367|1670321065482|business associate
13194139560277|2199023271768|1669463216787|business associate
3298534920293|9895604686704|1646629114902|business associate
10995116304728|7224|1671918054163|business associate
10995116304728|6597069783047|1651266330132|business associate
2199023282521|10995116304319|1660427000979|business associate
16970|8796093028825|1660232389171|business associate
10995116304730|15393162805453|1671393214370|business associate
2199023272523|6597069792380|1626283913648|business associate
2199023272523|5497558155332|1639357323447|business associate
3298534910299|5497558165509|1654872152580|business associate
3298534910299|7173|1657854901790|business associate
13194139570283|1099511634410|1663995818552|business associate
7696581401405|4398046538228|1630694338099|business associate
7696581401405|13194139569447|1663876480523|business associate
9895604666960|5497558155237|1645746156991|business associate
9895604666960|14293651177007|1668602369184|business associate
15393162825840|2199023280868|1672342948495|business associate
15393162825840|1099511644737|1671787189411|business associate
14293651178065|6597069792286|1668397719948|business associate
13194139560289|12094627910907|1662784726683|business associate
1099511664753|2199023292799|1606472132679|business associate
13194139540290|7696581401333|1669174658520|business associate
13194139540290|1099511635229|1669716113772|business associate
9895604666962|2199023262756|1653519929952|business associate
9895604666962|12094627931881|1660713429766|business associate
13194139570290|15393162815391|1671526492396|business associate
13194139550291|26360|1667790971158|business associate
13194139550291|13194139549582|1671659806438|business associate
10995116314739|5497558176285|1653555687153|business associate
10995116314739|3298534890595|1652486187669|business associate
9895604656964|2199023262766|1670121719077|business associate
9895604656964|3298534899415|1645709738790|business associate
3298534920308|1099511654143|1664409540036|business associate
8796093039189|1099511664220|1650034775782|business associate
8796093039189|4398046517030|1642396880110|business associate
7696581411414|4398046527689|1653016615618|business associate
7696581411414|14293651196404|1667986622783|business associate
7696581421414|3298534908532|1668092636510|business associate
7696581421414|7696581431439|1666493749609|business associate
13194139550295|3298534890398|1670167915122|business associate
13194139550295|10995116314995|1664170982846|business associate
13194139560295|6597069803045|1668835043141|business associate
13194139560295|25639|1667086268406|business associate
3298534890312|14293651186857|1669474811118|business associate
14293651178072|7696581410866|1665831549407|business associate
14293651178072|8796093049504|1665645045880|business associate
2199023282536|8796093057704|1651196454245|business associate
2199023282536|27374|1641021866058|business associate
2199023262537|5435|1617874771810|business associate
1099511654761|8796093049284|1640552919814|business associate
1099511654761|3298534890717|1632726056967|business associate
12094627912522|1099511664712|1661640632105|business associate
12094627912522|13194139569209|1665413104397|business associate
5497558175866|8796093058378|1669903579294|business associate
15393162795851|7696581399650|1671192340396|business associate
15393162795851|6597069772875|1672388135466|business associate
5497558155867|13194139558784|1668110348543|business associate
7696581431419|15393162794718|1672376454475|business associate
3298534920316|7696581420588|1651305416631|business associate
3298534920316|5497558165989|1671415043017|business associate
5497558155869|5497558176225|1662146854968|business associate
6597069803645|14293651176779|1667890029892|business associate
6597069803645|15393162815022|1671574235911|business associate
12094627922526|2199023290973|1671570046628|business associate
12094627922526|7696581401333|1655825786804|business associate
3298534900319|8796093048909|1661163735950|business associate
3298534900319|13194139560742|1669656054147|business associate
13194139550304|5497558144799|1663905272254|business associate
8796093049200|6597069772903|1653010138188|business associate
8796093049200|1099511664702|1662302259662|business associate
13194139540305|14293651187852|1670960439187|business associate
13194139540305|12094627931574|1664024594779|business associate
12094627942530|7696581401149|1669517300417|business associate
12094627912531|7696581411045|1657752507125|business associate
12094627912531|8796093028766|1659211439010|business associate
8796093039203|12094627932072|1667114444154|business associate
12094627932531|17300|1670405472781|business associate
7696581401428|26014|1644560306458|business associate
13194139550308|9895604657440|1660538103981|business associate
13194139550308|9895604685620|1667483937996|business associate
1099511654772|10995116283371|1672458468521|business associate
12094627912533|12094627911229|1665427901793|business associate
1099511654773|1099511663680|1610359501626|business associate
1099511654773|4398046537410|1606290400285|business associate
15393162805862|9895604677467|1670888415773|business associate
13194139560310|10995116312763|1663193929682|business associate
36998|9895604685455|1652619698550|business associate
6597069803655|15393162794713|1672420295950|business associate
6597069803655|14293651187931|1670071160438|business associate
13194139540312|6597069782188|1668412615140|business associate
8796093039208|13194139569702|1668074153497|business associate
8796093039208|14293651167969|1670805155744|business associate
7696581411433|7696581400577|1647066157559|business associate
7696581411433|12094627921677|1672103916519|business associate
1099511654777|15393162805493|1671137379933|business associate
1099511654777|12094627941123|1653068954866|business associate
3298534920329|3298534900254|1606706997807|business associate
14293651168090|8796093029184|1671693163530|business associate
13194139550314|10995116302906|1665885262856|business associate
13194139550314|2199023271457|1669416149914|business associate
15393162815866|3298534898635|1672248895180|business associate
15393162815866|13194139539505|1672468621221|business associate
6597069773659|5497558165520|1622632980488|business associate
2199023272555|14293651186098|1671229995998|business associate
2199023272555|7696581411001|1627366514743|business associate
2199023272556|2199023282904|1613068870720|business associate
4398046548108|9895604667353|1648050895850|business associate
2199023282557|10995116304728|1652304930488|business associate
2199023282557|12094627942027|1657134528140|business associate
4398046518110|1099511654074|1649685850132|business associate
4398046518110|5497558166315|1667830935215|business associate
4398046548110|3298534889439|1640954672461|business associate
7696581431439|1099511663428|1648226745655|business associate
5497558175888|3298534918607|1639429172586|business associate
9895604666993|2199023281018|1647261317670|business associate
10995116284770|4398046526537|1653404384787|business associate
10995116284770|6218|1667868882070|business associate
6597069773667|25217|1660761525996|business associate
6597069773667|6597069782455|1671303697018|business associate
5497558145892|6597069782815|1658362876059|business associate
3298534920340|14293651197851|1665115839524|business associate
7013|14293651167191|1668601414699|business associate
7013|4398046537092|1639649485178|business associate
7696581411445|13194139569093|1670480435351|business associate
7696581411445|7696581399980|1659487764150|business associate
3298534920341|12094627941941|1652957213723|business associate
3298534920341|13194139540035|1666845346977|business associate
7696581401446|1099511643622|1669175113986|business associate
1099511644790|6332|1630362390858|business associate
1099511644790|2199023272737|1667885978736|business associate
13194139560326|1099511644083|1663605671428|business associate
4398046548118|3298534888521|1663123882388|business associate
4398046548118|7696581399483|1667036174957|business associate
13194139540327|5497558154888|1657368878112|business associate
14293651178104|2199023281520|1669938886155|business associate
5497558175896|3298534900295|1633814824196|business associate
13194139550329|8796093027269|1662997037933|business associate
13194139550329|1099511633461|1671489097302|business associate
10995116284778|4398046538006|1665647713373|business associate
4398046538122|6597069791942|1621605898547|business associate
1099511664794|1099511654585|1610683036118|business associate
1099511664794|4398046546293|1652041523126|business associate
14293651178107|6597069792820|1672184303536|business associate
14293651178107|10995116284778|1672447577737|business associate
14293651168108|14293651186265|1669016291684|business associate
14293651168108|1099511664609|1671553928658|business associate
4398046528124|5497558165071|1615139195118|business associate
4398046538124|7696581410454|1664453078528|business associate
10995116294781|4398046517562|1647630028996|business associate
10995116294781|15393162805544|1671819586490|business associate
9895604677005|16497|1665118904971|business associate
13194139570333|36430|1665357398540|business associate
13194139570333|12094627932558|1665846404289|business associate
8796093039230|9895604667459|1661249031876|business associate
6597069803678|7696581410170|1626706056621|business associate
6597069803678|14293651198420|1663543273303|business associate
4398046528127|12094627911092|1655517973465|business associate
15393162805888|7696581401798|1672059272783|business associate
15393162805888|13194139558784|1672080917940|business associate
13194139570336|4398046527722|1668225963654|business associate
13194139570336|15393162804787|1671721970907|business associate
12094627932561|4398046528222|1661279252869|business associate
9895604677010|8796093059325|1645313494863|business associate
12094627912563|7696581409815|1672413727135|business associate
12094627912563|5497558164126|1658209534910|business associate
9895604677011|8796093038017|1665966882868|business associate
9895604677011|8796093028698|1659996455636|business associate
12094627942563|12094627942689|1671222893666|business associate
12094627942563|7696581431285|1666237717784|business associate
1099511634805|12094627922759|1670645636010|business associate
1099511634805|9895604675354|1644071830616|business associate
10995116314789|5497558144439|1651138235104|business associate
3298534900358|8796093028779|1649108740852|business associate
7696581421462|7696581410945|1660251381696|business associate
6597069773687|12094627911500|1666538969911|business associate
6597069773687|6597069772783|1658543574169|business associate
6597069793687|25522|1635169059713|business associate
6597069793687|12094627911240|1671485085819|business associate
13194139560344|5497558165668|1667678840381|business associate
3298534920360|6597069783718|1649468988373|business associate
3298534920360|12094627930788|1667646559287|business associate
10995116284793|14293651198029|1668403470493|business associate
3298534920361|5497558155867|1660879299413|business associate
3298534920361|6597069792892|1660222091652|business associate
6597069793690|9895604676768|1640586652062|business associate
8796093029244|13194139540054|1665638000886|business associate
6597069783693|14293651197361|1669104548062|business associate
6597069783693|6597069781875|1668495882098|business associate
2199023282589|8796093029482|1654255253891|business associate
2199023292589|3298534919490|1654348889829|business associate
2199023292589|12094627922371|1666849462649|business associate
2199023282590|8796093058384|1651950713839|business associate
5497558175918|1099511633173|1654431451036|business associate
5497558165919|6597069773520|1625996377284|business associate
5497558165919|12094627940726|1662889622366|business associate
1099511664816|15393162793917|1671294511281|business associate
14293651168129|8796093047735|1669315907191|business associate
14293651168129|13194139539149|1670168260238|business associate
7696581431473|14293651186289|1668576726399|business associate
4398046538146|5497558144455|1662636467030|business associate
4398046538146|4398046527616|1616068816163|business associate
3298534920371|9895604685468|1656595023959|business associate
3298534900372|2199023281322|1648835371359|business associate
3298534900372|12094627931711|1659200765243|business associate
12094627912581|14293651196700|1671323959801|business associate
12094627912581|10995116312821|1669226178668|business associate
3298534920373|7215|1659572120648|business associate
3298534920373|7419|1638964291502|business associate
15393162805910|6597069782668|1671706112423|business associate
13194139540359|12094627932407|1671957874325|business associate
13194139540359|7696581431330|1668909167813|business associate
2199023272599|14293651177590|1666997287038|business associate
2199023272599|6597069772655|1646666118512|business associate
4398046538151|10995116303150|1659660303583|business associate
1099511634824|7696581431821|1640064836226|business associate
1099511634824|16869|1602211017992|business associate
2199023282601|4398046538146|1662103168014|business associate
10995116314809|2199023271660|1646056702852|business associate
10995116314809|10995116305175|1662910660110|business associate
10995116294810|9895604657210|1672497622304|business associate
9895604677034|4398046547730|1645929766980|business associate
9895604677034|14293651177733|1667676181753|business associate
1099511664826|4398046548323|1647581704936|business associate
1099511664826|3298534910386|1650830700810|business associate
2199023282603|15393162806118|1671806988674|business associate
2199023282603|9895604677347|1641887455783|business associate
3298534900381|14293651178315|1670130180777|business associate
4398046518158|14293651186975|1670895746076|business associate
7696581421486|5497558166194|1663339962005|business associate
37054|35624|1664332878045|business associate
37054|3298534910012|1626890202416|business associate
13194139540367|13194139570475|1662697399386|business associate
13194139540367|6597069792169|1670757035777|business associate
9895604667039|12094627912574|1657949171804|business associate
9895604667039|2199023271075|1639623820291|business associate
8796093059263|2199023292072|1637156621860|business associate
13194139540368|12094627941575|1663440179869|business associate
13194139540368|10995116294224|1672403266060|business associate
8796093039264|14293651176914|1666115673802|business associate
3298534910384|15393162795179|1671402843169|business associate
5497558165937|2199023270892|1656373016032|business associate
5497558165937|15393162805765|1672394842547|business associate
7696581401490|12094627912943|1670911905675|business associate
7696581401490|8796093037235|1656253431341|business associate
14293651178146|13194139539442|1672498544325|business associate
14293651178146|26727|1670262243720|business associate
7696581431490|14293651178570|1671167870731|business associate
1099511664835|7696581420574|1649621810739|business associate
1099511664835|8796093027826|1667723277594|business associate
5497558155940|10995116284619|1666988629271|business associate
5497558155940|9895604675264|1643858712379|business associate
10995116304821|9895604657150|1646649076676|business associate
1099511664837|5497558164663|1639253555777|business associate
6597069783718|13194139549922|1663172532053|business associate
14293651188150|2199023271211|1669818336319|business associate
10995116304823|7696581429788|1654103742871|business associate
8796093029272|1099511644976|1666461430446|business associate
6597069793720|5497558174477|1659423389234|business associate
8796093059272|3298534900520|1635859785540|business associate
12094627922601|5497558165255|1669340364590|business associate
12094627922601|13194139569932|1663601395596|business associate
2199023282617|5497558165433|1637663547846|business associate
12094627942601|1099511653551|1670281917883|business associate
8796093029274|6597069782173|1649097384532|business associate
8796093029274|9895604677010|1659769519657|business associate
9895604667051|1099511652928|1659514222237|business associate
9895604677051|13194139569385|1662271867656|business associate
5497558175947|3298534920435|1628945465464|business associate
5497558175947|1099511645037|1642366149765|business associate
8796093039276|13194139539006|1663598480722|business associate
12094627942604|2199023272099|1667892053097|business associate
2199023262621|6597069773552|1627565271117|business associate
2199023262621|13194139550175|1670366090893|business associate
7696581421501|15393162804418|1670880204255|business associate
7696581421501|1099511644898|1650239887305|business associate
14293651198157|13194139558406|1671558788858|business associate
3298534890398|13194139569018|1667424814851|business associate
3298534890398|2199023262494|1628658421582|business associate
9895604677054|4398046526921|1652568227040|business associate
10995116284831|9895604686056|1667129482710|business associate
3298534910399|4398046517648|1622797076118|business associate
3298534910399|7696581411691|1635054264066|business associate
6597069783728|1099511664237|1651029817202|business associate
6597069783728|1099511644652|1641403396541|business associate
7696581421504|12094627912573|1667475545643|business associate
8796093029281|14293651166587|1664994896547|business associate
8796093029281|5497558173902|1670614588999|business associate
4398046538177|7696581419604|1647712634943|business associate
4398046538177|12094627930811|1670146283587|business associate
10995116284834|1099511634264|1665970654720|business associate
10995116284834|15393162794479|1672220327939|business associate
4398046538178|4398046526626|1654833411606|business associate
4398046538178|5497558154775|1631541231734|business associate
8796093059282|8796093028436|1665128380074|business associate
8796093059282|13194139568675|1659885891173|business associate
3298534890403|8796093049688|1632146916144|business associate
1099511654851|14293651177368|1670118936556|business associate
1099511654851|7696581430276|1641952511886|business associate
4398046518180|10995116293259|1649514463361|business associate
8796093049284|12094627942601|1661826135418|business associate
7696581401509|1099511645134|1664422843566|business associate
6597069793733|4398046517096|1646113877735|business associate
8796093029286|1099511664174|1654264020126|business associate
7696581421511|5497558174978|1653600367996|business associate
4398046538184|1099511652902|1664647243919|business associate
4398046548184|35015|1630071428980|business associate
4398046548184|9895604685857|1664649205927|business associate
7696581401514|8796093058836|1651117564882|business associate
7696581401514|3298534889958|1638186654100|business associate
15393162805947|6597069803870|1671819963346|business associate
9895604677067|6597069773116|1641498496236|business associate
13194139570395|3298534899057|1659795451606|business associate
13194139570395|9895604657009|1669377393949|business associate
4398046538189|6597069773826|1653695668426|business associate
4398046538189|8796093048736|1642568656671|business associate
14293651198173|4398046517750|1669133028292|business associate
14293651198173|3298534908836|1672125295455|business associate
1099511644862|9895604667312|1653779164168|business associate
2199023262639|2199023272099|1598731323626|business associate
2199023262639|8796093059302|1671295444970|business associate
7696581431519|9895604675929|1653946348617|business associate
8796093039296|9895604685562|1655785094090|business associate
8796093039296|1099511654896|1656116127177|business associate
4398046518193|1099511654872|1616535098130|business associate
7696581421521|2199023291622|1635355354087|business associate
1099511634866|3298534909573|1607186576864|business associate
1099511634866|26386|1592567127359|business associate
8796093049298|1099511654074|1661261003466|business associate
8796093049298|7696581430603|1647466926911|business associate
3298534890419|8796093038960|1631892506712|business associate
3298534890419|1099511655028|1623403183881|business associate
27091|12094627932851|1664229969508|business associate
9895604657076|7696581421787|1661105949326|business associate
9895604677076|7696581400895|1658503248691|business associate
9895604677076|6597069791957|1649447901962|business associate
4398046548196|5497558164224|1671415769066|business associate
8796093059302|13194139559410|1660397396883|business associate
15393162815959|3298534900726|1671593373683|business associate
9895604687079|4398046527342|1667303405543|business associate
9895604687079|6597069772371|1666581950502|business associate
1099511654872|12094627912821|1660097451670|business associate
1099511654872|10995116283763|1667247577344|business associate
7696581421529|12094627932067|1662136235079|business associate
7696581431529|4398046547156|1651891744218|business associate
7696581431529|12094627932762|1665723222093|business associate
4398046518203|27336|1639276173002|business associate
4398046518203|2199023290709|1664183060384|business associate
9895604667084|9895604657080|1665708826162|business associate
6597069793756|3298534888783|1628255307544|business associate
6597069793756|12094627922759|1660544573195|business associate
12094627942636|8796093058293|1664761745309|business associate
12094627942636|3298534900640|1667238814359|business associate
10995116284861|6597069773547|1645000450248|business associate
6597069803757|12094627922351|1670650587228|business associate
6597069803757|27293|1669570111865|business associate
4398046528207|5497558145747|1656314882692|business associate
4398046528207|12094627932072|1669209373946|business associate
2199023292655|5497558174074|1660583727724|business associate
2199023292655|2199023272148|1630194445129|business associate
7696581411536|1099511643628|1630708283364|business associate
8796093059312|4398046526626|1641451016001|business associate
14293651168193|9895604687239|1669537025030|business associate
14293651168193|12094627940830|1670209753908|business associate
17105|1099511633878|1595221779064|business associate
10995116304865|25474|1656878156673|business associate
9895604657090|10995116295112|1663553125619|business associate
10995116294866|6597069773717|1660657074025|business associate
2199023282659|3298534900678|1605685962528|business associate
4398046548212|10995116304336|1657471288833|business associate
4398046548212|10995116284887|1666134857481|business associate
2199023272662|12094627942424|1658555805610|business associate
5497558165991|13194139559378|1668087862513|business associate
5497558165991|7696581430444|1634275925178|business associate
10995116314871|8796093047439|1670246172151|business associate
10995116314871|13194139570184|1662506284021|business associate
4398046518217|12094627942436|1661310201445|business associate
12094627932649|1099511634705|1666915314971|business associate
2199023262666|4398046528019|1631621812439|business associate
3298534910442|7410|1671308662728|business associate
3298534910442|15393162805619|1670453040418|business associate
4398046548218|10995116303397|1663334407257|business associate
15393162795979|4398046516113|1671989218038|business associate
15393162795979|15735|1671793044505|business associate
12094627932652|13194139548594|1669917109761|business associate
12094627932652|4398046518537|1670669182180|business associate
14293651198204|9895604676354|1667159023536|business associate
14293651198204|5497558144799|1669090107384|business associate
4398046538221|5497558164459|1628417042153|business associate
8796093059325|5497558155073|1667809890232|business associate
8796093059325|1099511632825|1635116261594|business associate
3298534890446|15350|1601718759152|business associate
3298534890446|3298534909730|1637692671224|business associate
5497558175998|26660|1646907176594|business associate
5497558175998|1099511634644|1614323935254|business associate
10995116304879|8796093058954|1663077002570|business associate
3298534890449|2199023271474|1620387449368|business associate
14293651198209|9895604676095|1666088979255|business associate
14293651198209|7696581421128|1670088025987|business associate
1099511644898|2199023290565|1596830277105|business associate
4398046518227|1099511634941|1616471466387|business associate
4398046518227|14293651197713|1670883781614|business associate
2199023262676|6597069773051|1662971306255|business associate
6597069783781|14293651186606|1671349399653|business associate
6597069783781|6597069772880|1637362915051|business associate
8796093049333|13194139539442|1669261178908|business associate
8796093049333|12094627932197|1672156034209|business associate
10995116294886|7696581430652|1656553383512|business associate
6597069793783|3298534918477|1623881649982|business associate
10995116314887|10995116283214|1660658746990|business associate
10995116314887|2199023282171|1667984677644|business associate
14293651168216|3298534889495|1668754605287|business associate
14293651168216|15393162795833|1671517807171|business associate
17128|4398046548248|1608739853889|business associate
17128|4398046526714|1665168217721|business associate
12094627942664|36032|1651346074007|business associate
12094627942664|13194139538518|1670873211191|business associate
5497558146009|1099511655260|1617412317988|business associate
5497558146009|15393162825397|1672491376846|business associate
7696581421561|15026|1668656428084|business associate
14293651198217|7696581410262|1669442235053|business associate
14293651198217|7696581409838|1670676624645|business associate
8796093049338|13194139540189|1668926166980|business associate
8796093049338|2199023271165|1645308908959|business associate
12094627942666|5497558164622|1653465226485|business associate
12094627942667|10995116303855|1650537455136|business associate
12094627942667|5497558165374|1665165435805|business associate
3298534900460|8796093048373|1664092187089|business associate
3298534910460|3298534909517|1636738789631|business associate
7133|4398046526932|1638563260308|business associate
13194139540446|9895604655145|1661742542236|business associate
13194139540446|6597069773809|1664654860668|business associate
13194139550446|13194139560789|1663462817888|business associate
13194139550446|8796093028159|1660797263177|business associate
10995116304894|13194139560163|1665125246972|business associate
3298534920462|12094627932536|1665984618010|business associate
3298534920462|13194139558756|1661408842577|business associate
13194139550447|13194139538326|1670317112827|business associate
13194139550447|10995116283098|1670094456466|business associate
1099511654911|5497558166236|1641488646753|business associate
10995116284898|5497558146169|1663114513237|business associate
4398046528242|15393162806234|1671158893909|business associate
12094627942674|12094627921550|1663398311490|business associate
4398046518243|12094627911717|1667345515248|business associate
4398046518243|6597069773074|1664832720194|business associate
10995116294899|14293651197277|1670371847936|business associate
10995116294899|14293651167332|1667391296904|business associate
14293651198228|6597069781775|1667873349923|business associate
14293651198228|3298534920535|1667658626279|business associate
9895604667125|4398046547914|1659415540601|business associate
9895604667125|12094627931185|1671201781069|business associate
8796093059349|9895604655792|1647912673904|business associate
13194139540454|3298534918924|1663238418843|business associate
13194139540454|1099511653844|1669112517291|business associate
14293651178231|4398046516728|1671633076014|business associate
14293651178231|8796093058954|1669093922967|business associate
4398046538247|13194139549493|1662808152158|business associate
4398046548248|3298534900376|1657650684348|business associate
4398046548248|13194139539884|1671692463793|business associate
10995116294905|6597069781936|1671582596204|business associate
4398046518250|2199023281492|1621263983210|business associate
6597069783802|3298534899013|1624362448637|business associate
6597069783802|7696581421414|1660322334312|business associate
37146|4398046546579|1653643833809|business associate
37146|8796093028125|1672270853245|business associate
13194139540462|16953|1665578816248|business associate
4398046538254|9895604656609|1655121659119|business associate
4398046538254|15393162804751|1672036401504|business associate
10995116314910|15085|1652690210615|business associate
10995116314910|7696581430989|1664127371601|business associate
8796093029359|7696581431529|1666977029476|business associate
1099511664927|8796093027417|1644460936103|business associate
12094627942689|14293651186219|1672257395646|business associate
10995116284914|7696581430398|1664493184147|business associate
10995116284914|5497558175276|1651247769052|business associate
9895604677138|7696581420545|1657966089742|business associate
9895604677138|7696581410783|1657408656460|business associate
10995116314915|5497558144390|1667445108752|business associate
7696581401588|9895604677259|1652207906988|business associate
7696581401588|15393162814631|1672487209909|business associate
1099511644932|1099511643953|1613966080990|business associate
1099511644932|5497558155520|1644294444876|business associate
7696581421588|14293651166503|1667107300825|business associate
7696581421588|7696581410689|1658360894670|business associate
14293651198244|4398046548151|1670409001381|business associate
14293651198244|9895604655753|1670259150540|business associate
15393162806022|1099511663370|1672261599033|business associate
27158|4398046536731|1618769674835|business associate
7696581431590|15393162825799|1671915417315|business associate
17159|14293651196127|1669049213802|business associate
17159|26729|1599599740387|business associate
6597069793815|12094627940563|1662139832513|business associate
27160|12094627921700|1671371634476|business associate
5497558156041|9895604685539|1644399914465|business associate
4398046538265|4398046527702|1614909414473|business associate
4398046538265|4398046517907|1642373283148|business associate
10995116284922|1099511654572|1672214862986|business associate
1099511644938|2199023281357|1624867931123|business associate
1099511644938|8796093027849|1664020738684|business associate
27162|5497558166236|1647915827624|business associate
8796093059370|4398046547074|1654474867554|business associate
8796093059370|13194139539854|1666066629387|business associate
6597069773819|1099511634314|1665383024241|business associate
6597069773819|9895604656647|1661669194634|business associate
15393162806027|1099511634230|1672480878532|business associate
15393162806027|25244|1672080747943|business associate
6597069793819|15393162814019|1672363318361|business associate
13194139570475|7696581419997|1671855439829|business associate
13194139570475|12094627940729|1666557513060|business associate
3298534900492|2199023262170|1652549207163|business associate
3298534900492|14293651198217|1666513211125|business associate
13194139560477|7696581400367|1664840915339|business associate
13194139560477|15393162795795|1670645044078|business associate
2199023292717|12094627930974|1660237600933|business associate
2199023292717|13194139559803|1665408372163|business associate
9895604667150|2199023270731|1663536852940|business associate
6597069793822|9895604676048|1662862289302|business associate
14293651188255|1099511653964|1668086036058|business associate
10995116294928|1099511653662|1657739474790|business associate
8796093049377|1099511654772|1636214251610|business associate
10995116314929|36206|1665317275371|business associate
10995116314929|12094627912935|1662149637879|business associate
6597069793826|37091|1630967548280|business associate
6597069793826|8796093037553|1669655607232|business associate
10995116294931|13194139540454|1666205486631|business associate
10995116294931|4398046537036|1668354151909|business associate
37171|2199023261053|1604586045625|business associate
6597069773828|15393162825367|1671564166071|business associate
12094627932708|6597069771773|1657579346687|business associate
12094627932708|1099511663428|1671416471919|business associate
14293651198260|10995116284708|1671180823446|business associate
4398046538278|10995116303868|1646616594794|business associate
9895604687158|13194139559538|1671650875987|business associate
9895604687158|13194139540368|1661191452178|business associate
27175|4398046538559|1671988124871|business associate
7176|13194139539520|1671572995186|business associate
13194139540489|3298534888910|1664180302487|business associate
15393162826041|3298534920532|1671649806534|business associate
9895604657162|1099511664339|1651339560354|business associate
5497558166058|3298534910717|1659587502648|business associate
27179|4398046546118|1629199161430|business associate
2199023272732|5497558146159|1659801229946|business associate
17181|3298534910075|1617099088853|business associate
17181|5497558155178|1646453035207|business associate
10995116304941|5497558154062|1670548421936|business associate
12094627912718|10995116294350|1656569533180|business associate
12094627912718|12094627930623|1658632380148|business associate
6597069793838|15393162826222|1672269094856|business associate
6597069793838|13194139559915|1657535360677|business associate
13194139570494|13194139548912|1662051810102|business associate
13194139570494|7696581400076|1670593841726|business associate
6597069793839|10995116305102|1668928058766|business associate
12094627942719|10995116303247|1651963427362|business associate
12094627942719|2199023272291|1661047857644|business associate
14293651168272|4398046526532|1669585368689|business associate
14293651168272|7696581420545|1667479713244|business associate
13194139560496|2199023282546|1662514107433|business associate
1099511654961|13194139569584|1669646897393|business associate
4398046518290|4398046516764|1612004530764|business associate
4398046518290|4398046516147|1638052925709|business associate
15393162796051|1099511645055|1672234464458|business associate
15393162796051|5497558154244|1672228100623|business associate
17187|13194139560563|1661227828770|business associate
17187|13194139569760|1658772901629|business associate
7696581421619|7696581419997|1656569127203|business associate
7696581421619|13194139560352|1671616213590|business associate
13194139570499|2199023271595|1670982749388|business associate
6597069793844|6597069792004|1628807685843|business associate
4398046548292|5497558144368|1635078995311|business associate
4398046548292|15393162796252|1671446924686|business associate
3298534890517|1099511665270|1621031807940|business associate
5497558166069|9895604665659|1647384687667|business associate
12094627912726|3298534888435|1669870995330|business associate
14293651178278|6597069803757|1665307326954|business associate
12094627912727|13194139539854|1666356234403|business associate
27191|6597069791822|1647548383407|business associate
5497558146072|12094627911752|1661280927912|business associate
5497558146072|13194139559908|1667309630990|business associate
15393162816056|2199023280708|1672303687436|business associate
3298534920520|6597069771997|1670028717990|business associate
3298534920520|2199023270882|1649115024187|business associate
10995116304953|5497558144273|1667654459821|business associate
10995116304953|9895604675600|1654958064958|business associate
37193|5497558173954|1617310830049|business associate
27194|2199023262991|1652209954196|business associate
10995116294955|15393162795393|1672358064217|business associate
7696581411628|13194139568343|1661291026144|business associate
10995116284957|1099511654073|1669565807537|business associate
10995116284957|15393162824374|1671207911804|business associate
12094627922733|7696581420709|1671298420852|business associate
15393162826061|5497558155256|1672524377401|business associate
7696581411630|8796093057581|1642814803850|business associate
7696581411630|8796093058056|1638877408499|business associate
2199023292751|12094627932500|1671097348392|business associate
10995116284960|13194139539708|1664213062601|business associate
10995116284960|8796093038206|1651494006754|business associate
3298534890531|13194139549940|1665770849779|business associate
3298534900531|5497|1601350996989|business associate
3298534900531|35174|1630052430294|business associate
8796093049411|10995116284674|1671451456609|business associate
8796093049411|9895604665057|1654674805200|business associate
9895604687187|12094627940807|1669901004713|business associate
2199023262756|5497558146185|1646936412946|business associate
13194139560516|4398046517615|1665417092749|business associate
13194139560516|5497558165395|1671355367771|business associate
9895604677190|12094627932067|1663882878530|business associate
9895604677190|3298534889166|1666935437605|business associate
37206|7696581401397|1638669030046|business associate
8796093039415|16869|1652206616496|business associate
12094627912744|2199023270970|1667882274583|business associate
12094627912744|13194139539199|1661242070865|business associate
7209|7696581430446|1650433341011|business associate
7696581421642|14293651188297|1668345358556|business associate
14293651188299|10995116285016|1669101445193|business associate
14293651188299|4398046548108|1667690099796|business associate
37211|12094627930646|1668656727922|business associate
37211|16406|1592296708205|business associate
5497558146092|10995116314981|1668367306968|business associate
5497558146092|6597069782363|1640652641423|business associate
1099511654988|6597069792042|1624534865673|business associate
10995116284973|14293651196151|1672113017824|business associate
10995116284973|10995116303731|1648248424434|business associate
6597069803869|3298534909410|1625260948812|business associate
8796093039422|13194139570112|1667330707955|business associate
6597069803870|1099511634306|1657559471971|business associate
6597069803870|3298534890595|1662755104280|business associate
2199023272767|2199023262991|1600814961918|business associate
10995116314975|4398046537601|1649596239510|business associate
10995116314975|7696581411536|1657175797096|business associate
5497558146096|13194139539806|1671168928736|business associate
14293651168305|12094627922890|1668039354557|business associate
27217|7249|1619936571583|business associate
6597069773874|4398046536566|1646591732789|business associate
6597069773874|5497558176356|1653266551614|business associate
4398046518323|1099511663563|1623334403938|business associate
4398046518323|15334|1645104017539|business associate
10995116294979|5497558165937|1668288732237|business associate
10995116294979|3298534900021|1659768896916|business associate
7696581421651|9895604686620|1667174372749|business associate
7696581421651|10995116294502|1652644147634|business associate
10995116284981|15393162796111|1672390551621|business associate
17221|3298534909072|1615112787568|business associate
17221|13194139560352|1665754558656|business associate
10995116314981|1099511643173|1671191903229|business associate
7222|3298534909930|1656309673056|business associate
7222|9895604666666|1666578270128|business associate
15393162806086|13194139538634|1670472759360|business associate
15393162806086|14293651178370|1672217238890|business associate
3298534910550|2199023272410|1624433955550|business associate
37222|8796093039422|1654537121254|business associate
12094627922759|9895604685507|1659350589870|business associate
12094627922759|6597069781745|1656348622953|business associate
12094627932762|3298534919898|1653806942056|business associate
2199023292778|5497558145572|1663425321022|business associate
14293651178315|37139|1671344354823|business associate
14293651178315|8796093049633|1671915712680|business associate
10995116314987|13194139549504|1667220447232|business associate
1099511645004|13194139560380|1668971333529|business associate
12094627942764|9895604655657|1665259130835|business associate
3298534890557|3298534899308|1654165625545|business associate
3298534890557|8796093037698|1646785048907|business associate
10995116304989|14293651187960|1672000862721|business associate
10995116304989|12094627922031|1663278516183|business associate
6597069803886|14293651196654|1670459731146|business associate
1099511645007|4398046527113|1620620142057|business associate
10995116294992|2199023261148|1661077777785|business associate
1099511655008|7696581410904|1653368943647|business associate
1099511655008|5910|1669421207704|business associate
14293651198320|10995116314405|1668869686552|business associate
14293651198320|13194139570475|1668611444809|business associate
8796093029441|12094627911751|1656393244062|business associate
12094627932769|15393162813907|1672362829981|business associate
6597069783890|2199023261562|1622650373306|business associate
6597069803890|8796093048408|1650961980048|business associate
17235|14293651197085|1664940741680|business associate
5497558146116|14293651177689|1666236460293|business associate
1099511665012|2199023262374|1644076609030|business associate
1099511665012|8796093047752|1646390485105|business associate
1099511665014|7696581410677|1648741566316|business associate
14293651178327|3298534899315|1670137375668|business associate
14293651178327|1099511664067|1670933926647|business associate
37239|9895604675023|1650007708952|business associate
7240|14293651177170|1669341163111|business associate
3298534900568|14293651168271|1671340064786|business associate
8796093059448|14293651186836|1671435653320|business associate
8796093059448|15393162794740|1671751254897|business associate
8796093029449|13194139548685|1659885160212|business associate
7696581431673|1099511653776|1655381011529|business associate
4398046518346|14293651177400|1671314048560|business associate
4398046518346|12094627912786|1671092993919|business associate
2199023262795|3298534909271|1670992039967|business associate
8796093059451|4398046546166|1641365867875|business associate
8796093059451|6597069793815|1635015988533|business associate
8796093029452|3298534919721|1656889691700|business associate
8796093049452|13194139570290|1671757379228|business associate
8796093049452|3298534898364|1656564518020|business associate
4398046518349|6597069772118|1668268808656|business associate
4398046518349|8796093047658|1656743026295|business associate
1099511645023|13194139540359|1664622678783|business associate
12094627932783|8796093059250|1668333930446|business associate
7248|14293651176457|1669229449726|business associate
7248|1099511643080|1671619561654|business associate
8796093049456|4398046517214|1660284119424|business associate
8796093049456|6597069803905|1662451816811|business associate
1099511665024|15393162816259|1672095309910|business associate
7249|7696581431354|1665803949996|business associate
7249|1099511652895|1654890812606|business associate
6597069803905|13194139570259|1671426642943|business associate
6597069803905|3298534890109|1635630245883|business associate
14293651168339|15393162795972|1671249448459|business associate
2199023292803|4398046527379|1612801567449|business associate
2199023292803|5497558166118|1669699519011|business associate
13194139570564|2199023261580|1669223601885|business associate
8796093029461|3298534920630|1661609269133|business associate
8796093029461|1099511664091|1661542659408|business associate
2199023262807|14293651186320|1667471600984|business associate
2199023262807|9895604655514|1642415562169|business associate
9895604687239|8796093037228|1653705544060|business associate
9895604687239|13194139540412|1663546670079|business associate
9895604667240|12094627921315|1656722215573|business associate
9895604667240|8796093049675|1644925336150|business associate
6597069793912|9895604675600|1665177450065|business associate
4398046538361|5497558145531|1642619927830|business associate
15393162826121|10995116305102|1671525324450|business associate
15393162826121|27276|1670409260428|business associate
7696581411690|13194139570718|1670687803569|business associate
2199023262811|4398046548585|1630501258603|business associate
7696581411691|9895604676722|1660494118535|business associate
8796093029468|10995116283338|1658079673554|business associate
8796093029468|25085|1635836986782|business associate
10995116285021|12094627931817|1656183917969|business associate
15393162816125|10995116294594|1672262843329|business associate
1099511645038|2199023261957|1651846325897|business associate
1099511645038|14293651197311|1671974618820|business associate
9895604667247|12094627932738|1661428406286|business associate
4398046548367|37133|1647263693075|business associate
4398046548367|12094627931464|1658569018822|business associate
2199023272816|2199023291892|1644313259337|business associate
8796093039473|15393162804447|1671732160851|business associate
3298534890595|14293651166614|1672321203509|business associate
2199023272819|8796093049220|1667582505359|business associate
2199023272819|8796093057557|1638790479377|business associate
7696581421699|3298534899189|1634897883086|business associate
7696581421699|12094627910733|1666748682126|business associate
10995116285028|10995116284704|1667201464297|business associate
1099511645044|10995116303784|1653255175458|business associate
6597069803924|15393162805461|1671859017128|business associate
5497558146151|4398046547686|1650238992951|business associate
12094627942807|6597069792932|1657746823626|business associate
6597069783928|9895604655514|1645343287276|business associate
13194139570584|12094627941464|1665172993426|business associate
13194139570584|1099511643286|1668130844925|business associate
2199023282825|8796093049630|1639969614379|business associate
37273|8796093037645|1653435675003|business associate
8796093029482|3298534890409|1659822587968|business associate
8796093029482|1099511653512|1634685990660|business associate
2199023282826|3298534918702|1647543641227|business associate
2199023282826|6597069792296|1653864636788|business associate
1099511635051|15393162824096|1672253937138|business associate
14293651198363|1099511653102|1670013618531|business associate
10995116315036|1099511644938|1662342599858|business associate
10995116315036|25545|1657917172961|business associate
8796093049485|14293651176892|1672069399724|business associate
8796093049485|3298534920260|1637047148107|business associate
9895604667262|14293651177334|1669559685193|business associate
3298534910606|5011|1613193681807|business associate
3298534910606|12094627942397|1657828761371|business associate
14293651198366|9895604655073|1667677857294|business associate
14293651198366|7696581431385|1671763568292|business associate
1099511645055|4398046526395|1637352104050|business associate
1099511645055|8796093057417|1655164544991|business associate
12094627942815|6597069803816|1660641233990|business associate
13194139550592|2199023292657|1665013322656|business associate
5497558176160|10995116303358|1659117367858|business associate
5497558176160|4398046516376|1623207675562|business associate
6597069793937|5497558176103|1662318589907|business associate
2199023292833|7696581431616|1659690243933|business associate
2199023292833|10995116292902|1661878725039|business associate
7282|9895604686599|1645267752320|business associate
7282|10995116285071|1667614050608|business associate
14293651178370|10995116314028|1669406781303|business associate
14293651178370|13194139550138|1670546942256|business associate
3298534910610|26376|1639968067321|business associate
3298534910610|7696581431386|1656634707779|business associate
10995116315042|5497558164146|1646370452736|business associate
37286|8796093059432|1657556842189|business associate
37286|13194139550138|1662907860958|business associate
15393162816151|15425|1671856370171|business associate
9895604687271|13194139550327|1662221851937|business associate
13194139540600|6597069802107|1662030227007|business associate
13194139540600|8796093048865|1668054547983|business associate
10995116305048|12094627921973|1660326556638|business associate
10995116305048|2199023291367|1646206873226|business associate
8796093059497|5497558144272|1650327638884|business associate
15393162806156|2199023292344|1670331629895|business associate
15393162806156|4398046547023|1671183268120|business associate
9895604657277|4398046548365|1652833483997|business associate
27293|8796093038363|1644819750620|business associate
27293|2199023282536|1647167637380|business associate
14293651198381|14293651177368|1671632916697|business associate
1099511635070|2199023291764|1612374981106|business associate
7696581421726|6597069782675|1657965271512|business associate
7696581421726|7696581431019|1649732842775|business associate
7696581411727|9895604657049|1657472415955|business associate
1099511655071|12094627932577|1664718746575|business associate
1099511655071|9895604675583|1669107405243|business associate
6597069803951|10995116303868|1657062837164|business associate
3298534920624|12094627942563|1661794861542|business associate
4398046518401|2199023262423|1614811920912|business associate
9895604667281|12094627942424|1669131194761|business associate
9895604667281|3298534900536|1648249809866|business associate
4398046548401|13194139540290|1669130418535|business associate
4398046548401|7696581430071|1652416442964|business associate
14293651178386|36697|1671713471444|business associate
6597069793955|2199023291424|1638140307087|business associate
6597069793955|1099511663709|1635372166769|business associate
2199023262854|8796093048616|1665954924214|business associate
2199023262854|26948|1624017900194|business associate
5497558166182|6597069793163|1668845766597|business associate
14293651188391|25446|1669404693583|business associate
4398046518408|8796093047694|1653375061640|business associate
4398046528408|8796093059585|1651806023144|business associate
5497558146185|9895604676136|1642009913171|business associate
3298534890634|5497558175835|1667720861962|business associate
3298534890634|10995116294931|1650615123856|business associate
6597069793962|4398046546365|1662431465215|business associate
2199023282859|7696581430243|1662019721033|business associate
2199023282859|16336|1670987675619|business associate
13194139550620|27336|1658535934480|business associate
13194139550620|27293|1659256392467|business associate
1099511645085|2199023262116|1604276973390|business associate
14293651168398|9895604666628|1669111586079|business associate
27310|8796093028830|1637202875856|business associate
27310|9895604686673|1659882570803|business associate
10995116285071|4398046547354|1652812208501|business associate
3298534910639|1099511633292|1646198687472|business associate
3298534920639|13194139568492|1665395012430|business associate
3298534920639|9895604686733|1650473199588|business associate
13194139540624|15393162796252|1672221932852|business associate
13194139540624|3298534919693|1671181820782|business associate
3298534900640|5497558156372|1638328226599|business associate
5497558166192|3298534919712|1640437916657|business associate
7313|3298534919491|1618604998461|business associate
6597069803970|8796093029461|1635641735054|business associate
9895604657299|4398046538514|1652800770697|business associate
1099511645092|6597069802329|1645043997595|business associate
1099511645092|2199023292777|1654036386689|business associate
9895604687300|3298534899576|1662553832930|business associate
15393162796181|13194139559229|1671005839204|business associate
4398046538421|1099511644177|1619150126731|business associate
3298534900646|13194139550286|1661427087063|business associate
12094627932854|6597069792900|1664308816764|business associate
15393162826182|8796093027830|1669819359808|business associate
5497558146199|8796093048027|1649279441352|business associate
10995116285080|6597069803378|1662644932276|business associate
10995116285080|8796093058970|1644789229530|business associate
13194139560632|4398046517030|1664856884685|business associate
4398046518425|1099511663503|1635928187367|business associate
4398046548425|10995116284706|1647579761275|business associate
3298534910650|13194139539595|1672494376374|business associate
8796093059531|8796093058375|1635851362794|business associate
8796093059531|6597069791834|1666445457463|business associate
4398046538428|14293651168537|1670065917699|business associate
7696581411757|26314|1634734145567|business associate
1099511635102|3298534918542|1603161930665|business associate
1099511635102|10995116284864|1656926724356|business associate
10995116295086|7696581419727|1666345321933|business associate
10995116295086|7696581429502|1652022043916|business associate
14293651188414|12094627932072|1672287000834|business associate
14293651188414|9895604665302|1669756335956|business associate
5497558156207|5497558165707|1618318421624|business associate
5497558156207|3298534898371|1611841550751|business associate
17329|14293651167793|1669327208156|business associate
3298534920657|4398046518600|1606444369480|business associate
14293651168418|15393162813907|1671269226701|business associate
14293651168418|4398046548060|1667621050094|business associate
17330|15393162805862|1671818452934|business associate
1099511665106|15393162805947|1672112565794|business associate
1099511665106|7696581401413|1663292927118|business associate
2199023262884|13194139548855|1665900576100|business associate
2199023262884|17250|1608994524109|business associate
8796093039540|2199023261668|1648096007039|business associate
6597069793988|9895604665663|1657841853499|business associate
8796093039541|3298534919168|1671638663469|business associate
12094627942870|12094627930690|1660850720033|business associate
10995116295095|7696581431841|1647984225227|business associate
10995116295095|4398046538029|1654423962569|business associate
6597069793991|14293651197867|1672256880854|business associate
6597069793991|9895604656609|1651666248776|business associate
14293651168424|12094627912563|1669446619285|business associate
14293651168424|7696581400929|1667749967949|business associate
8796093039544|3298534888465|1654640453609|business associate
7337|1099511644388|1654248310207|business associate
4398046548441|10995116304819|1656047133712|business associate
4398046548441|7696581430652|1629367501601|business associate
10995116285098|1099511655255|1654607058429|business associate
13194139540651|4398046517036|1666401775158|business associate
13194139540651|4398046537210|1665168777736|business associate
13194139560651|2199023262487|1668510558628|business associate
13194139560651|4398046547289|1664056981039|business associate
13194139540652|8796093028050|1666566785786|business associate
13194139540652|10995116313893|1664660266194|business associate
14293651178428|1099511662855|1669169275685|business associate
14293651178428|13194139570748|1667554709014|business associate
6597069783998|10995116293786|1654044466553|business associate
6597069783998|3298534920462|1648854089896|business associate
7343|7696581400552|1669646874372|business associate
5497558176223|2199023270586|1649705362703|business associate
14293651178432|1099511664307|1666366424065|business associate
7696581431776|7696581401715|1667996504286|business associate
3298534890673|12094627932039|1657486120258|business associate
13194139540658|4398046548323|1671782828701|business associate
5497558166226|6148|1649924253533|business associate
5497558166226|13194139569189|1661270086883|business associate
9895604657332|14293651187859|1669094830098|business associate
6597069784004|3298534899612|1659003230961|business associate
6597069784004|14293651178569|1669501356499|business associate
14293651188436|7696581431037|1665822616769|business associate
14293651188436|13194139558661|1668525983873|business associate
3298534920676|8796093038203|1637093820154|business associate
1099511635125|7696581411321|1644457712467|business associate
1099511635125|7696581420576|1630145808665|business associate
8796093039557|5497558165113|1642120037935|business associate
5497558166229|14293651186515|1668813098096|business associate
5497558166229|4398046517615|1654171297428|business associate
2199023262902|15393162814765|1672330764295|business associate
12094627922887|10995116295196|1672251438624|business associate
9895604657336|7696581419540|1668552178434|business associate
9895604657338|25514|1640903757164|business associate
9895604657338|6597069802766|1658652762100|business associate
12094627922890|5497558145554|1659191103497|business associate
7696581421787|12094627932738|1668412717241|business associate
1099511635132|10995116282782|1664863853229|business associate
1099511635132|12094627921525|1672248973825|business associate
3298534900684|6554|1648957797558|business associate
3298534900684|13194139570395|1666574132722|business associate
1099511645134|13194139559713|1661975053000|business associate
1099511645134|13194139549582|1669429689380|business associate
3298534910686|8796093047510|1651445576319|business associate
3298534890687|12094627942982|1659503781158|business associate
3298534890687|7696581399776|1633452178926|business associate
8796093039567|15393162804022|1672213571457|business associate
8796093039567|9895604657346|1648756890805|business associate
13194139560671|2199023291902|1670216897570|business associate
13194139560671|14293651197359|1668392003466|business associate
2199023272913|26431|1647814985928|business associate
14293651178450|2199023261652|1672260054881|business associate
2199023282914|3298534918667|1644137683115|business associate
2199023282914|3298534918942|1614420100453|business associate
10995116295123|12094627922232|1663302771081|business associate
9895604677347|1099511643976|1651474545063|business associate
7696581431795|12094627931442|1669310810431|business associate
7696581431795|26247|1658145062199|business associate
6597069794020|5497558164001|1627051266312|business associate
14293651188453|3298534900712|1670825889758|business associate
5497558156246|12094627922067|1661852987711|business associate
5497558156246|10995116285181|1665759925574|business associate
3298534910694|12094627921317|1671566806430|business associate
3298534910694|12094627920788|1670728184159|business associate
14293651198454|8796093057762|1671569164099|business associate
14293651178455|3298534918371|1664216385734|business associate
14293651178455|2199023282333|1667004297347|business associate
5497558176247|13194139539050|1659952944910|business associate
14293651178456|5234|1669693240927|business associate
14293651168457|6597069792793|1670836624832|business associate
13194139570681|3298534889226|1664151470072|business associate
13194139570681|1099511633463|1669815630187|business associate
4398046518474|15393162825272|1670595836010|business associate
15393162806234|10995116293983|1672307802516|business associate
9895604657355|13194139569519|1669367006364|business associate
3298534890700|15393162794516|1672160340523|business associate
3298534900700|10995116294107|1671983271138|business associate
3298534920700|5497558155332|1666881092219|business associate
3298534920700|6178|1627263784259|business associate
1099511655149|7696581430257|1632088817129|business associate
1099511655149|12094627912621|1669198121082|business associate
1099511635150|13194139560378|1671652905367|business associate
12094627922910|14293651188522|1668172864876|business associate
10995116285135|5497558176313|1647828003856|business associate
10995116285135|3298534899696|1667958089634|business associate
3298534900703|13194139559740|1671233459827|business associate
9895604687360|4398046538022|1668013446283|business associate
9895604687360|5497558144206|1659771461363|business associate
12094627922913|4398046546870|1665476955904|business associate
8796093059585|13194139538461|1670288170323|business associate
4398046548482|27158|1655663347535|business associate
4398046548482|3298534919486|1625012904408|business associate
14293651178467|14293651176089|1670683410734|business associate
14293651178467|1099511652951|1671924553473|business associate
5497558166259|2199023261472|1624553010186|business associate
5497558166259|1099511634902|1633585936082|business associate
5497558146260|2199023290602|1668188604356|business associate
12094627922916|7696581410600|1669522968864|business associate
8796093029589|4398046548323|1644792018635|business associate
8796093029589|4398046546435|1648918819951|business associate
4398046538485|1099511633517|1621545207594|business associate
1099511665157|12094627941061|1652031194793|business associate
5497558146262|6597069773809|1644012188755|business associate
2199023272934|1099511634164|1634116131764|business associate
4398046538486|1099511634385|1608132793837|business associate
14293651198470|8796093027849|1671445617648|business associate
7696581401815|9895604686083|1644995403947|business associate
7696581401815|7696581419521|1669063945859|business associate
9895604677367|10995116293168|1671325693308|business associate
9895604677367|6477|1671755455273|business associate
15393162796248|8796093027427|1671928731146|business associate
3298534900712|1099511663727|1620278975786|business associate
12094627942920|7696581400076|1671073273134|business associate
8796093059595|1099511635229|1638820729713|business associate
8796093059595|6597069781875|1635623247809|business associate
15393162796252|3298534920537|1671972827577|business associate
15393162796252|7696581401319|1671338169932|business associate
15393162806253|12094627920915|1670176842774|business associate
15393162806253|15393162814765|1672033177870|business associate
3298534910717|3298534898684|1657852449352|business associate
9895604657374|6597069793960|1651289373734|business associate
5497558176270|8796093029287|1651128868324|business associate
8796093039599|4398046516637|1636873513477|business associate
14293651198479|12094627942129|1669716450101|business associate
27393|5497558175390|1639708312246|business associate
27393|12094627921975|1670772479808|business associate
8796093059601|5497558174414|1669596471031|business associate
17394|8796093038306|1645225133563|business associate
12094627942930|36289|1656594735226|business associate
13194139540707|5497558154329|1662780828799|business associate
12094627922931|9895604675466|1663016109107|business associate
12094627922931|6597069783308|1663849334991|business associate
9895604687379|6597069793756|1670281034026|business associate
9895604687379|4398046536843|1647393816771|business associate
12094627932932|15393162806015|1672064432149|business associate
12094627932932|1099511664237|1672183761417|business associate
10995116305157|14293651186233|1667328928603|business associate
10995116305157|12094627922031|1666943679974|business associate
4398046548501|4398046546427|1617547477787|business associate
4398046548501|5497558154660|1620102225393|business associate
8796093049606|5497558154287|1654689398926|business associate
8796093049606|14293651197371|1667914799650|business associate
12094627912935|14293651187534|1672138701441|business associate
8796093039607|9895604676768|1654011897929|business associate
8796093039607|8796093037484|1664806641534|business associate
27399|2199023281624|1671302631473|business associate
27399|3298534899691|1654539602761|business associate
13194139570711|4398046546396|1669604285613|business associate
9895604657384|10995116313080|1654421738820|business associate
7696581401833|4398046526952|1666690711868|business associate
7696581401833|6597069773314|1642009144802|business associate
8796093039610|3298534890724|1656406951088|business associate
8796093039610|5497558145485|1670090603264|business associate
1099511655178|1099511664305|1644747474868|business associate
1099511655178|6597069803553|1665170779061|business associate
10995116285163|3298534900726|1658998699784|business associate
10995116285163|14293651186600|1667989800938|business associate
3298534900731|4398046526169|1616191100713|business associate
12094627932939|10995116293734|1658333069015|business associate
5497558166284|14293651166242|1668426896844|business associate
37404|1099511664528|1597523713660|business associate
37404|3298534909015|1650331581994|business associate
8796093029614|5015|1661432444996|business associate
8796093029614|5497558165580|1650355911724|business associate
3298534900734|6597069802105|1642410766649|business associate
3298534900734|8796093059475|1666554820333|business associate
37408|10995116303369|1665591640245|business associate
37408|5497558164117|1640810474779|business associate
12094627932945|10995116294327|1664035977169|business associate
7696581431841|12094627912491|1671785471576|business associate
14293651168499|6597069793004|1670094895650|business associate
14293651168499|8796093059036|1665169434914|business associate
8796093049619|6597069783529|1634355479807|business associate
2199023282964|3298534909129|1643039643803|business associate
5497558156293|15393162814269|1670761333251|business associate
5497558156293|8796093057417|1636331866010|business associate
2199023282965|5497558155687|1624685074254|business associate
14293651198501|13194139548374|1672172650016|business associate
14293651198501|6597069782723|1671845832416|business associate
14293651188502|3298534899856|1667491507634|business associate
14293651188502|2199023282630|1665751872471|business associate
37414|14293651176872|1667751836721|business associate
14293651168503|13194139558953|1671113106560|business associate
14293651168503|4398046516550|1668443665564|business associate
3298534890744|6597069782793|1645610421774|business associate
1099511645192|6903|1614811093187|business associate
1099511645192|3298534918693|1627452578691|business associate
14293651188505|15393162805493|1671448374064|business associate
14293651188505|10995116314779|1672468032847|business associate
4398046518522|6597069792422|1652288545227|business associate
9895604677402|9895604685515|1652898428942|business associate
9895604677402|7696581421218|1642321919550|business associate
10995116295179|6597069792892|1667193624134|business associate
10995116295179|26988|1668755924815|business associate
4398046528524|12094627941013|1664056825580|business associate
4398046528524|7696581420693|1665598557562|business associate
9895604687404|13194139559421|1661452558217|business associate
9895604687404|8796093058911|1653932085811|business associate
7696581421853|5497558145777|1645726671740|business associate
15393162826286|15393162806156|1672407799057|business associate
12094627932959|5497558156207|1662922887078|business associate
1099511645200|8796093058753|1651777699104|business associate
8796093049633|7696581411255|1658154880973|business associate
8796093049633|3298534909040|1649301136130|business associate
6597069794082|3298534889495|1656145571063|business associate
6597069794082|10995116314554|1644560872245|business associate
37426|9895604687444|1637773198036|business associate
37426|6597069772072|1625852964577|business associate
1099511655203|12094627932561|1663399343768|business associate
10995116285188|14293651187854|1670360251911|business associate
5497558176308|8796093037928|1655913291034|business associate
5497558176308|1099511633581|1649089233361|business associate
9895604657413|14293651186765|1670730110743|business associate
9895604657413|10995116293548|1647474868187|business associate
6597069774086|10995116295196|1644464987988|business associate
5497558146311|13194139558699|1663906092590|business associate
5497558146311|9895604665986|1669491340828|business associate
5497558146312|2199023271167|1617293112863|business associate
1099511655208|2199023271058|1659568385782|business associate
1099511655208|4398046546435|1612802969422|business associate
12094627922970|9895604665377|1652505660790|business associate
14293651188522|1099511645192|1669706277563|business associate
14293651188522|15393162796252|1672358273496|business associate
15393162826298|1099511662820|1672317127995|business associate
10995116315195|10995116303890|1651543923567|business associate
8796093049645|7696581430088|1671293467721|business associate
8796093049645|14293651176308|1668928172518|business associate
13194139560750|14293651177916|1666722347455|business associate
12094627922976|1099511633297|1667048280064|business associate
12094627922976|9895604656296|1657519806167|business associate
12094627932977|7696581430634|1669490277632|business associate
8796093039650|7696581430398|1664810586930|business associate
8796093039650|8796093047490|1658688663499|business associate
8796093059650|3298534888764|1662410582058|business associate
1099511645219|7696581421588|1638490247019|business associate
8796093049652|8796093029524|1659247699402|business associate
12094627912982|9895604676785|1658412978128|business associate
12094627912982|14293651167729|1668277900610|business associate
4398046528550|2199023282413|1664203050797|business associate
12094627942982|13194139548912|1672362531520|business associate
9895604657431|14293651176960|1672185852414|business associate
9895604677431|1099511634259|1669040735422|business associate
10995116285208|12094627921315|1655188653901|business associate
10995116285208|14293651176588|1671122192227|business associate
14293651168537|3298534909930|1671434437252|business associate
14293651168537|5497558154497|1669682792444|business associate
3298534900777|1099511633116|1665729962334|business associate
3298534900777|1099511643049|1606322999559|business associate
3298534910777|3298534918420|1609308543099|business associate
3298534910777|10995116283280|1668869036613|business associate
12094627942985|13194139568523|1659745374044|business associate
1099511665227|8796093049630|1670102635172|business associate
1099511665227|12094627922138|1653180009713|business associate
12094627912988|5497558154775|1667313766451|business associate
12094627912988|6597069792832|1661333575262|business associate
13194139570764|10995116304225|1669577157423|business associate
13194139570764|26539|1664272369324|business associate
12094627922989|2199023281149|1657287214486|business associate
3298534910781|9895604665663|1659477472214|business associate
3298534910781|13194139570741|1665411419407|business associate
14293651168543|6597069774153|1666479521377|business associate
14293651168545|13194139538326|1665825880838|business associate
14293651168545|4398046537891|1670216322763|business associate
13194139570769|13194139539262|1668102620024|business associate
7696581431891|1099511664609|1627247809665|business associate
27460|2199023262847|1645508398525|business associate
4398046528565|2199023282601|1662716330022|business associate
13194139560773|6597069792684|1669600995576|business associate
13194139560773|5497558144222|1661054559481|business associate
12094627942997|3298534900005|1667754529048|business associate
12094627942997|9895604676900|1658753082967|business associate
4398046518566|14293651197811|1670826512100|business associate
4398046518566|1099511654244|1614912916779|business associate
6597069784118|5497558154284|1671168431300|business associate
10995116315222|6597069792193|1665966357796|business associate
10995116315222|8796093047966|1657734968556|business associate
9895604657448|2199023291058|1663406025860|business associate
9895604657448|8796093048896|1670128685362|business associate
13194139550778|8796093037285|1666891195003|business associate
13194139550778|8796093049688|1666199473360|business associate
12094627943002|14293651178238|1670780316723|business associate
8796093049675|1099511664249|1661282017306|business associate
8796093049675|5497558175243|1651090897218|business associate
4398046518572|4398046517615|1662521867873|business associate
3298534900796|1099511654183|1629032346578|business associate
2199023273021|1099511664816|1654957841540|business associate
2199023273021|10995116303173|1669778662968|business associate
7696581431901|1099511633058|1628705904138|business associate
6597069784126|7696581410028|1635837241311|business associate
6597069784126|13194139568359|1667120371279|business associate
6597069804126|10995116313831|1654553295499|business associate
12094627923007|5497558144283|1666536594848|business associate
12094627923007|27218|1665729537689|business associate
13194139550784|6597069803338|1667727280500|business associate
5497558166353|4398046538528|1621434036576|business associate
5497558166353|1099511644547|1628842951093|business associate
6597069804129|3298534910694|1667768129361|business associate
6597069804129|12094627941031|1652024631421|business associate
5497558166354|4398046538011|1641971331417|business associate
3298534920802|6597069782099|1659555301313|business associate
9895604667459|5497558154837|1656722536873|business associate
9895604667459|4398046517388|1668930178999|business associate
10995116285236|2199023272291|1655693036168|business associate
10995116285236|9895604676463|1656054670142|business associate
17476|2199023271759|1611886819895|business associate
5497558146357|4398046547523|1633275643857|business associate
5497558146357|10995116305259|1656826186579|business associate
7696581431909|7696581399761|1672490648989|business associate
2199023273030|5971|1613727022507|business associate
4398046548582|12094627942186|1663795655927|business associate
9895604657463|10995116294869|1656755473750|business associate
12094627913017|1099511634742|1651526539701|business associate
12094627913017|8796093049411|1663207021034|business associate
14293651178569|5497558165509|1671399386581|business associate
4398046548585|4398046547146|1626394243210|business associate
1099511635258|6666|1635670434823|business associate
1099511635258|6954|1643599951945|business associate
14293651178570|7696581410397|1669145216877|business associate
14293651178570|10995116313340|1669996026858|business associate
14293651188570|5015|1665361217226|business associate
1099511645259|2199023270586|1613691782701|business associate
9895604677467|2199023270892|1639955489272|business associate
5497558156364|8796093057866|1666639309060|business associate
2199023263038|2199023262621|1649640360539|business associate
2199023263038|13194139570186|1669547273473|business associate
4398046548590|10995116314910|1662009014145|business associate
4398046548590|3298534919754|1631829290465|business associate
4398046518591|27419|1650642578599|business associate
12094627933023|25477|1657614503532|business associate
14293651168576|6597069783631|1669380234355|business associate
2199023273040|4398046526743|1637119892311|business associate
9895604677472|6597069803480|1649598092835|business associate
1099511665264|14293651187668|1670414972285|business associate
15393162796353|15393162824526|1672212830797|business associate
2199023283041|7246|1659020603697|business associate
5497558156370|4398046528004|1622253037044|business associate
4398046538594|3298534909689|1614435546590|business associate
4398046538594|5497558175581|1664480560915|business associate
10995116315250|14293651198178|1670035896755|business associate
10995116315250|3298534920388|1660457731672|business associate
14293651178579|3298534908816|1666994104239|business associate
14293651178579|1099511634289|1669210143363|business associate
2199023283043|3298534919760|1651725774582|business associate
37491|10995116285227|1665040838322|business associate
37491|14293651176493|1672004996177|business associate
4398046538596|8796093059260|1642025802690|business associate
10995116315252|17330|1662693071114|business associate
3298534920821|2199023281820|1610650218662|business associate
3298534920821|13194139540807|1667259782825|business associate
6597069784150|1099511645134|1628656991825|business associate
6597069794150|7696581431590|1633417989619|business associate
6597069794150|2199023291513|1637957225933|business associate
13194139540807|2199023260558|1663484072806|business associate
13194139540807|2199023280788|1668031661761|business associate
4398046528599|9895604666993|1656833897003|business associate
6597069794151|13194139539313|1667878905565|business associate
6597069784152|1099511653142|1632237010864|business associate
6597069784152|8796093047531|1657078998344|business associate
14293651178585|4398046517611|1671787606452|business associate
27497|12094627932407|1671265328000|business associate
5497558176377|9895604676635|1669556830452|business associate
5497558176377|13194139549578|1659987282082|business associate
14293651168586|10995116314981|1670084069584|business associate
14293651168586|5497558164470|1667605010454|business associate
