fromId|toId|createTime|relation
10995116300260|14293651175834|1671899472082|business associate
7696581426932|14293651164735|1669385333015|business associate
8796093054709|7696581427393|1648356241729|business associate
8796093054709|9895604662562|1638869461979|business associate
12094627908038|12094627929099|1660759475142|business associate
9895604662486|3298534887054|1650941078048|business associate
9895604662486|3298534906936|1660965217888|business associate
5497558161382|4398046535255|1611051634454|business associate
2199023288054|1099511652770|1644110303554|business associate
13194139535815|14293651164025|1671410635760|business associate
5497558161383|8796093036350|1665688298651|business associate
32503|9895604664602|1667009608052|business associate
12094627908040|6597069779235|1655278942230|business associate
7696581426936|7696581427247|1658885998879|business associate
12094627908041|10995116301650|1662924131671|business associate
12094627908041|8796093045016|1669349707033|business associate
1099511630282|1099511631674|1657370307212|business associate
1099511630282|15393162811679|1671811852769|business associate
5497558151386|9895604654633|1668454049451|business associate
5497558151386|3298534896375|1658876586942|business associate
14293651183594|3298534887172|1671010936355|business associate
14293651183594|8796093024791|1670861113443|business associate
6597069799162|14293651185915|1672255439672|business associate
1099511640283|3298534918102|1616363786597|business associate
1099511640283|3298534906496|1659914814582|business associate
12508|10995116311999|1670428668471|business associate
12508|1099511651600|1589826653276|business associate
12094627928044|13194139545850|1669486783340|business associate
12094627928044|13194139547671|1661717295029|business associate
2199023288060|15393162811689|1672359361510|business associate
1099511640285|8796093035509|1636246644766|business associate
1099511640285|7696581417645|1647369373251|business associate
3298534895838|2199023260252|1644525173699|business associate
3298534895838|13194139557063|1663043765170|business associate
1099511650286|12094627938376|1670849391486|business associate
10995116280271|10995116311248|1665038403579|business associate
3298534905839|7696581407604|1667675443247|business associate
22512|3298534886033|1613067220835|business associate
22512|6597069801174|1667503223518|business associate
12094627918051|4398046534312|1662823524162|business associate
12094627918051|10995116312613|1661505948761|business associate
8796093044723|6597069770821|1663119704846|business associate
5497558171395|8796093035577|1651616737810|business associate
5497558171395|14293651173772|1668434757170|business associate
3298534885844|8796093035077|1651894769991|business associate
2199023278071|12094627908184|1657002775842|business associate
13194139565831|9895604653539|1669997367859|business associate
13194139565831|13194139538284|1671766507223|business associate
3298534885848|3298534886953|1646232282505|business associate
9895604682504|3298534897667|1668888628461|business associate
9895604682504|9895604652847|1647454665434|business associate
1099511630298|12094627918619|1670473626147|business associate
12094627918058|9895604653403|1670931493772|business associate
12094627918058|15393162822377|1672493998371|business associate
2199023288074|14293651164222|1667198523004|business associate
8796093034731|4398046524940|1648042326923|business associate
8796093034731|10995116301099|1648018745551|business associate
5497558161403|3298534897885|1670327111640|business associate
5497558161403|1099511632402|1632962758855|business associate
5497558151404|1099511632497|1630309122216|business associate
32524|15393162792264|1672138587658|business associate
14293651183613|15393162822901|1671683137851|business associate
13194139565838|14293651184959|1669376662417|business associate
13194139565838|2199023290222|1667416320056|business associate
8796093034735|15393162812513|1672368717304|business associate
12094627908064|15393162791863|1669964874566|business associate
12094627908064|9895604654461|1655448974336|business associate
14293651183616|3298534906956|1671165070553|business associate
14293651183616|1099511642742|1665595361827|business associate
2199023268081|1099511630408|1622865968682|business associate
8796093044737|12094627939000|1659859925078|business associate
12094627938065|10995116282189|1667590345425|business associate
13194139535842|6597069799809|1671205304599|business associate
1099511630308|7696581417196|1643309812391|business associate
3298534885861|5497558163760|1642745973907|business associate
3298534885861|3298534916849|1628826080408|business associate
14293651173621|15393162793162|1671797278802|business associate
14293651173621|1099511660708|1666616199320|business associate
1099511630310|12094627919786|1655221180700|business associate
1099511630310|13194139548261|1660097679542|business associate
2199023288086|9895604654406|1650461062328|business associate
2199023288086|10995116301650|1663298003755|business associate
9895604662519|5497558153440|1650686766896|business associate
9895604662519|13194139536989|1663538378239|business associate
3298534905863|3298534896949|1639115682663|business associate
3298534905863|3298534896845|1611232885515|business associate
12536|1099511661870|1636088814183|business associate
15393162801401|1099511661449|1672235990853|business associate
15393162801401|9895604683673|1671740040545|business associate
4398046543641|1099511650478|1665927762109|business associate
1099511630314|4398046524758|1620900673957|business associate
1099511630314|10995116302391|1662981560708|business associate
22538|3298534906421|1647201767284|business associate
22538|6597069769311|1639338015210|business associate
10995116280299|6597069779919|1663475926612|business associate
8796093034747|9895604664690|1669482853028|business associate
12094627928075|12094627919811|1658782845332|business associate
12094627928075|6597069779306|1657592579491|business associate
5497558151420|8796093026067|1669437433638|business associate
4398046523645|8796093046370|1640219094962|business associate
2199023268097|14293651184506|1672453277148|business associate
8796093044753|5497558142188|1637646633122|business associate
14293651193633|9895604674007|1670736154491|business associate
7696581396978|14293651193981|1667873639015|business associate
7696581396978|14293651184211|1668975248981|business associate
5497558151426|6597069769812|1658353535023|business associate
5497558151426|12094627908413|1667656650994|business associate
8796093034755|7696581428067|1663335779418|business associate
8796093044755|14293651194313|1670839206868|business associate
8796093044755|13194139568198|1665108749342|business associate
1099511660323|9895604683725|1651191047914|business associate
1099511660323|8796093026753|1657823706404|business associate
9895604662532|5497558172417|1656845834576|business associate
2199023278100|8796093036166|1648455127192|business associate
3298534915876|4398046525318|1644399375362|business associate
1099511630325|8796093047049|1660274610594|business associate
1099511630325|2199023268396|1654488424726|business associate
6597069779205|1099511642462|1658608131802|business associate
6597069779205|14293651184450|1669219004471|business associate
12094627928085|14293651175480|1668180884945|business associate
5497558141430|13194139537564|1663227022700|business associate
32550|3298534916128|1613502989588|business associate
14293651173639|13194139556934|1670396965898|business associate
14293651173639|13194139537831|1666592175898|business associate
2199023258104|5497558143409|1650236442796|business associate
2199023258104|2199023259826|1615450290347|business associate
15393162801416|6597069781561|1672512686832|business associate
15393162801416|14293651195512|1672472055975|business associate
15393162811417|14293651184146|1672508119674|business associate
15393162811417|14293651194842|1672457116405|business associate
15393162821417|1099511630408|1672479641926|business associate
10995116290315|1099511662343|1651986603143|business associate
4398046543659|14293651185225|1671740549873|business associate
4398046543659|1099511640702|1669328935848|business associate
14293651173645|14293651195911|1668441210072|business associate
22557|13194139536276|1661816581577|business associate
8796093054765|1099511631492|1645273087980|business associate
8796093054765|6597069800728|1642457117747|business associate
8796093054766|4398046514608|1632994338954|business associate
3298534885887|8796093026067|1665505741196|business associate
3298534885887|13194139537134|1660301694149|business associate
14293651183647|8796093025215|1667825347146|business associate
10995116290321|15393162821741|1671761464146|business associate
5497558161441|4398046535944|1641534402319|business associate
12094627938097|13194139566777|1662914842380|business associate
4398046513666|6597069790803|1660814821191|business associate
13194139555874|1099511660945|1661643975128|business associate
13194139555874|13194139568085|1670377525753|business associate
13194139565874|5497558141853|1667626018156|business associate
32563|5497558171745|1663563589405|business associate
32563|2199023280050|1619483807610|business associate
1099511630340|22960|1609731766786|business associate
1099511630340|2199023290007|1669769337249|business associate
6597069799220|12094627918560|1658602130184|business associate
7696581406997|10995116290935|1671797254602|business associate
7696581406997|34568|1645903829498|business associate
4398046533669|2199023268591|1669503754891|business associate
4398046533669|13194139537828|1663428139746|business associate
4398046543670|3298534917154|1645293012731|business associate
2199023268120|13194139548151|1667080335895|business associate
2199023268120|3298534896540|1671487088368|business associate
22568|5497558143669|1633168102746|business associate
9895604652553|13194139548301|1661632955546|business associate
5497558151449|14837|1623269220406|business associate
5497558151449|12094627940356|1662415538595|business associate
7696581417002|4398046535115|1633817038821|business associate
7696581417002|15393162822086|1671550229537|business associate
2199023258123|1099511650712|1616746391961|business associate
2199023258123|6597069770628|1633625637429|business associate
12571|7696581427915|1644718342726|business associate
2199023288123|6597069781350|1642529862391|business associate
22572|15393162791941|1672304481666|business associate
13194139565884|13194139557747|1664411408983|business associate
8796093054781|7696581427690|1635301927958|business associate
8796093054781|3924|1647828907960|business associate
10995116280334|10995116302352|1655618450129|business associate
2199023278126|23442|1650028502158|business associate
2199023278126|6597069779963|1668970431785|business associate
7696581427007|15393162823287|1671589408882|business associate
7696581427007|5497558142807|1634480030796|business associate
10995116280336|8796093026068|1671811285916|business associate
10995116280336|2585|1659205524670|business associate
32576|2199023288535|1660540550693|business associate
6597069769233|7696581417483|1657374180294|business associate
6597069769233|12094627928785|1668219894376|business associate
4398046533681|6597069799302|1631189756638|business associate
5497558141459|7696581397314|1633625885299|business associate
14293651183667|5497558152057|1669208332218|business associate
14293651183667|6597069789681|1669054612352|business associate
1099511630356|9895604684033|1644411186903|business associate
1099511630356|2199023288224|1623059795214|business associate
15393162801444|14293651164403|1671925457431|business associate
15393162801444|2199023280061|1671807033284|business associate
6597069779237|13194139547070|1666856515062|business associate
10995116300341|4398046525055|1649299991770|business associate
10995116300341|8796093026816|1655199576641|business associate
7696581427013|1099511640821|1649121025151|business associate
7696581427013|5497558171708|1639653660909|business associate
5497558151462|3298534897505|1651922454449|business associate
7696581427014|3298534906144|1648915148562|business associate
14293651163672|1099511630325|1671627650854|business associate
10995116300344|1099511661677|1654246180621|business associate
9895604682568|13194139568032|1662543579066|business associate
9895604662569|4398046533638|1658839222103|business associate
9895604662569|23775|1656040441377|business associate
13194139565897|8796093056274|1670552949927|business associate
13194139565897|9895604654917|1669833948468|business associate
3298534895914|1099511641630|1646431973311|business associate
8796093054795|1099511652705|1652761470903|business associate
9895604652572|9895604664570|1645775583706|business associate
9895604652572|8796093045581|1663387091011|business associate
4398046513693|33497|1608886620219|business associate
4398046513693|12094627909495|1668088921968|business associate
9895604662573|7696581427176|1650419273398|business associate
9895604662573|6597069770723|1668569562484|business associate
3298534915917|3298534908002|1659605486636|business associate
9895604652575|7696581427902|1653325032695|business associate
9895604652575|5497558173820|1671544412584|business associate
6597069799247|3298534907171|1638659699451|business associate
6597069799247|4398046514554|1636189880548|business associate
12094627908129|15393162811852|1671419501754|business associate
9895604682577|4398046524576|1654450830355|business associate
6597069769250|2199023270044|1636924977424|business associate
9895604662578|15393162791857|1672283258625|business associate
3298534915922|3735|1599563478046|business associate
5497558141475|12094627928075|1659444601958|business associate
13194139545907|9895604674771|1672272345546|business associate
13194139545907|12094627910205|1670434012472|business associate
6597069789251|9895604682691|1666734338996|business associate
32595|6597069770723|1654130208780|business associate
32595|6597069790072|1649713356060|business associate
7696581397028|2199023289720|1659057357043|business associate
13194139565908|2199023279739|1671711196336|business associate
15393162801461|14293651165768|1672352668946|business associate
15393162801461|10995116301996|1670731937057|business associate
3298534905925|7696581426936|1665135255742|business associate
4398046513703|14293651194322|1667344013845|business associate
4398046513703|1099511631928|1619111617338|business associate
2199023278151|13194139536318|1659164844170|business associate
7696581407032|7696581418378|1670386721627|business associate
12094627928136|3298534898063|1658242380370|business associate
12094627928136|7696581428241|1664105395802|business associate
32600|2199023278071|1634683501870|business associate
32600|4398046526071|1663058045946|business associate
6597069769257|8796093035482|1655882593127|business associate
6597069769257|14293651165250|1672519368071|business associate
10995116300362|10995116301249|1652882235098|business associate
3298534895931|12094627929526|1662778982218|business associate
5497558171483|1099511630920|1665680628911|business associate
5497558171483|7696581427843|1624887994525|business associate
12094627908140|6597069801640|1660428827829|business associate
22604|9895604683211|1657239809657|business associate
22604|14293651173965|1667620864834|business associate
6597069769261|13194139555836|1663988129721|business associate
12094627908142|13194139536774|1664744765192|business associate
7696581407038|2646|1632400908392|business associate
7696581407038|9895604663874|1670730362371|business associate
5497558161486|14293651184713|1670437420710|business associate
5497558161486|15393162823038|1670358064890|business associate
22607|12094627920017|1666403715673|business associate
2608|4398046523645|1640642263429|business associate
2608|10995116301043|1659216618150|business associate
12094627938144|8796093045249|1659657819287|business associate
9895604652594|8796093047150|1646093938234|business associate
3298534905938|1099511661588|1671942730328|business associate
3298534905938|8796093055311|1644174236686|business associate
8796093024820|7696581417806|1660937364927|business associate
8796093044820|15393162803168|1671262466059|business associate
8796093044820|10995116301106|1667513773782|business associate
15393162821476|7696581427131|1670754179145|business associate
15393162821476|13194139568287|1670964041112|business associate
4398046523717|24710|1624254022372|business associate
12094627938150|6597069770161|1659848420958|business associate
12094627938150|10995116311922|1670026616797|business associate
5497558141495|13963|1625990619907|business associate
5497558141495|10995116301312|1668373982012|business associate
12094627928151|2199023268903|1653490025065|business associate
12094627928151|7696581428857|1669039902621|business associate
12094627938152|2548|1666046258450|business associate
12094627918153|13194139547144|1659503568222|business associate
12094627918153|1099511651302|1658669081983|business associate
6597069799273|2199023270340|1623908527257|business associate
6597069799273|9895604653151|1643905378084|business associate
6597069769274|6597069779611|1623164325576|business associate
6597069769274|12094627909713|1655892354418|business associate
5497558161498|7696581427007|1633334580679|business associate
5497558161498|3298534897299|1645139079448|business associate
4398046523723|14293651174895|1668257688273|business associate
10995116280380|7696581398216|1660986015714|business associate
10995116280380|13194139558101|1671614113945|business associate
2199023288172|5497558153790|1651472561927|business associate
4398046513725|3902|1646224483225|business associate
9895604682605|8796093026399|1658633182202|business associate
9895604682605|5497558142387|1646485324371|business associate
7696581417054|2199023258361|1669047514624|business associate
6597069799278|33842|1668917398546|business associate
4398046523727|2199023259746|1671855258082|business associate
4398046523727|15393162803361|1670105773071|business associate
13194139555935|14293651194603|1668411084606|business associate
13194139555935|3298534897998|1667844924966|business associate
4398046543727|9895604674307|1666599928984|business associate
6597069769280|13194139557214|1665127754745|business associate
6597069769280|4398046543727|1647701374217|business associate
13194139545936|9895604653535|1661496882020|business associate
13194139545936|7696581429223|1667681268736|business associate
5497558171504|7696581408658|1656614923928|business associate
5497558171504|10995116292265|1657864727436|business associate
14293651163713|8796093044950|1669574004680|business associate
14293651163713|12094627909647|1667147158737|business associate
10995116290385|3298534896381|1667508328667|business associate
10995116290385|4398046543727|1658006565857|business associate
22625|6597069771537|1656596596257|business associate
22625|14293651174495|1667842980155|business associate
13194139545938|12094627918619|1671725803102|business associate
13194139545938|10995116310450|1668571453761|business associate
3298534885955|3298534886730|1604400036343|business associate
2199023268179|6597069791232|1631739589655|business associate
2199023268179|2199023278318|1661756824504|business associate
12094627908164|7696581427512|1661779843625|business associate
3298534895957|4398046534905|1659665733102|business associate
3298534895957|2729|1620091371582|business associate
6597069789285|1099511651220|1647609188011|business associate
6597069789285|3298534908102|1671252907897|business associate
14293651163718|12094627938043|1668301692727|business associate
14293651163718|7696581429297|1672262658659|business associate
2199023258183|8796093055458|1655431618905|business associate
14293651173719|5497558153872|1672212949734|business associate
14293651173719|4398046524426|1672386055526|business associate
2199023268184|13194139567251|1664249885173|business associate
2199023268184|4398046524766|1622005973449|business associate
3298534905960|7696581418957|1629940732686|business associate
3298534905960|14293651195219|1667159245860|business associate
5497558171512|5497558171670|1645682843721|business associate
5497558171512|7696581427561|1626528365153|business associate
12094627938169|2199023269754|1658616002963|business associate
1099511630411|15393162803361|1672416473260|business associate
4398046543739|5497558162696|1658600729851|business associate
1099511630412|14293651165201|1672211771977|business associate
22636|13194139537967|1663639456456|business associate
22636|2199023279650|1642379752247|business associate
12094627938173|1099511641002|1661567333919|business associate
7696581407070|1099511642645|1636064977303|business associate
6597069789294|7696581427537|1652485116151|business associate
6597069789294|15393162811613|1672195719753|business associate
7696581427070|5497558162207|1632846245155|business associate
7696581427070|3298534897390|1666847954868|business associate
8796093024847|3298534905949|1641249781747|business associate
8796093024847|8796093046636|1643234869386|business associate
13194139545951|13194139536629|1665605378545|business associate
9895604672623|9895604674374|1643664264595|business associate
9895604672623|8796093056083|1663145117955|business associate
32639|3298534916169|1636762354687|business associate
32639|6597069799546|1653424180108|business associate
5497558161520|24567|1656444915080|business associate
5497558161520|4398046545228|1637661352705|business associate
7696581427072|10995116311559|1643970799431|business associate
7696581427072|13194139566950|1658709394523|business associate
14293651193729|14293651175887|1671055847803|business associate
14293651193729|2199023270004|1671269681768|business associate
7696581417075|5497558142826|1652146805459|business associate
6597069799299|10995116292051|1656507248853|business associate
6597069799299|5497558152823|1650210941956|business associate
10995116290404|6597069781520|1649711088979|business associate
10995116290404|8796093055185|1671223090820|business associate
14293651183732|2199023280417|1669030513663|business associate
10995116310404|10995116302730|1652838733027|business associate
10995116310404|2199023260369|1672506671348|business associate
1099511640421|3298534896234|1611411245012|business associate
1099511640421|10995116291836|1652105776011|business associate
1099511650421|3298534896020|1641258157682|business associate
1099511650421|10995116291177|1669135720331|business associate
2646|4398046515829|1657582029440|business associate
2646|2199023260366|1654611116496|business associate
6597069789302|4398046544522|1641941920635|business associate
6597069799302|1099511632059|1670146160857|business associate
8796093024855|1099511632619|1645821543487|business associate
1099511640423|2199023290255|1633352282580|business associate
1099511640423|4398046544585|1629356382566|business associate
4398046543751|9895604683455|1663891447164|business associate
14293651173736|14520|1670978659512|business associate
2199023278200|12094627919391|1663761118425|business associate
2199023278200|8796093026172|1670386848205|business associate
1099511650426|2199023269065|1636019783704|business associate
1099511650426|5497558161853|1616899076032|business associate
4398046523755|1099511662045|1612856408469|business associate
4398046523755|3298534906679|1648230951514|business associate
1099511650427|8796093036670|1649394452454|business associate
12094627938188|6597069770723|1656571520150|business associate
14293651163741|13194139567898|1669802910534|business associate
9895604682637|7696581399014|1655548028720|business associate
9895604682637|7696581427393|1663517203725|business associate
6597069789310|1099511642179|1670347286423|business associate
6597069789310|9895604672617|1653405096643|business associate
10995116290415|12094627938837|1658143138231|business associate
12656|9895604673977|1644673070857|business associate
12656|10995116290977|1647556686662|business associate
10995116310416|4398046535856|1654901327448|business associate
10995116310416|1099511640473|1654365917476|business associate
6597069769313|13194139557100|1669084780124|business associate
6597069769313|14293651194918|1669567204225|business associate
3298534895985|14293651164964|1669008176845|business associate
3298534895985|12094627908245|1661750981940|business associate
3298534905985|12094627918469|1661797226874|business associate
3298534905985|1099511640519|1651379455393|business associate
8796093054865|13194139546919|1658116741400|business associate
8796093054865|1099511630411|1659801744885|business associate
2199023258210|8796093036248|1649940074652|business associate
2199023258210|14293651176006|1665419693467|business associate
7696581417090|6597069770733|1644114213841|business associate
1099511660434|10995116281911|1648755954361|business associate
1099511660434|8796093025535|1647633673316|business associate
15393162821524|8796093026514|1671968163617|business associate
9895604652645|4398046526048|1644917581581|business associate
3298534895989|3298534906040|1648719209871|business associate
3298534895989|4398046524210|1606078342478|business associate
14293651183749|8796093025993|1664416120724|business associate
6597069799317|13194139545855|1666986001741|business associate
3298534885991|13194139547909|1671692648151|business associate
15393162801527|9895604683211|1672501172910|business associate
3298534905991|10995116311830|1669334260814|business associate
3298534905991|10995116312722|1654812800870|business associate
5497558171543|15393162821803|1672128944054|business associate
12094627918200|13194139535938|1667744378745|business associate
1099511630441|15393162791551|1671923803934|business associate
4398046543769|7696581408055|1629318070582|business associate
4398046543769|10995116291250|1646640284040|business associate
15393162791532|3298534887538|1671269836927|business associate
1099511640444|3298534906291|1637415064056|business associate
1099511640444|3298534888017|1608930951313|business associate
7696581397102|9895604673207|1659886898684|business associate
4398046543775|5497558142458|1627337253980|business associate
14293651163761|14293651193943|1669823690112|business associate
14293651163761|1099511651220|1670688669007|business associate
10995116300433|10995116291072|1669154318981|business associate
10995116300433|2199023279655|1651416754533|business associate
5497558171554|22698|1632629680225|business associate
12094627908212|14293651174799|1671785624975|business associate
7696581427108|8796093055746|1668680052875|business associate
7696581397109|6597069800974|1662249319152|business associate
7696581397109|15393162813108|1671935597617|business associate
1099511640454|2199023290112|1640845015117|business associate
1099511640454|2199023260523|1607958810568|business associate
7696581397111|6597069769308|1668744858499|business associate
13194139545992|10995116312250|1664427180875|business associate
12094627928216|6597069780449|1666420951261|business associate
12094627938216|9895604683580|1664510681285|business associate
12094627938216|14293651184067|1669973464303|business associate
13194139555993|13194139536694|1666431688733|business associate
13194139555993|12094627918488|1669143285586|business associate
10995116310441|10995116292534|1669819398283|business associate
10995116310441|1099511642114|1646637557793|business associate
12094627928219|13194139558023|1662543911027|business associate
12094627928219|3298534886712|1660230434907|business associate
9895604682667|14293651195681|1667208515177|business associate
9895604672668|1099511632006|1665628704704|business associate
9895604682668|12094627910486|1667633791452|business associate
9895604682668|5497558143686|1644416220675|business associate
3298534896013|7696581427693|1653767954832|business associate
3298534896013|1099511662142|1620256800751|business associate
7696581417117|1099511630937|1662097452844|business associate
6597069769342|1099511660883|1647513523002|business associate
12688|6597069770134|1663958067678|business associate
22688|8796093036818|1640136650936|business associate
3298534916016|6597069790634|1634127114193|business associate
3298534916016|14679|1639346706589|business associate
6597069769345|2775|1621054644157|business associate
6597069769345|13194139555817|1662430845108|business associate
4398046523793|9895604662835|1660551635624|business associate
1099511660467|5497558143511|1654898486262|business associate
1099511660467|12094627909495|1657129205385|business associate
3298534896020|8796093034735|1664892149268|business associate
32692|10995116300282|1669875481764|business associate
12094627928229|3298534916651|1663692014422|business associate
15393162821557|3298534917090|1670954726929|business associate
13194139556006|2199023259972|1671798621798|business associate
13194139556006|4398046524083|1663453789013|business associate
1099511630472|4398046514423|1633075751714|business associate
22698|14293651195165|1672069009417|business associate
4398046543802|5497558152022|1645781296822|business associate
10995116280459|12094627908721|1654720758245|business associate
9895604662683|8796093056753|1644219337535|business associate
13194139546012|7696581398899|1667496952445|business associate
13194139546012|3298534917838|1672373605307|business associate
2199023288252|4398046545946|1667189344730|business associate
9895604652685|12094627919467|1660891064806|business associate
8796093044909|9895604673932|1670530919058|business associate
1099511650478|4398046534402|1646420676312|business associate
7696581397135|2199023269493|1664821001172|business associate
1099511630480|14293651184550|1669229641916|business associate
7696581407136|12094627939101|1668774988182|business associate
12094627928240|7696581397189|1652475398264|business associate
12094627928240|5497558143087|1671862478900|business associate
6597069769362|4398046545521|1671524466299|business associate
4398046533810|12094627908282|1660771412434|business associate
4398046533810|12094627929190|1666919263091|business associate
14293651193794|9895604654060|1665267156140|business associate
14293651193794|2199023288172|1671652981264|business associate
8796093024915|14293651164506|1668115441410|business associate
5497558161587|2199023289963|1653122193197|business associate
5497558161587|8796093056846|1649231936876|business associate
9895604682691|12094627919683|1666205297960|business associate
6597069799364|14293651195284|1667963546107|business associate
6597069799364|5497558143391|1664493061227|business associate
3298534896037|13194139556421|1671706405481|business associate
3298534896037|6597069801074|1659335608671|business associate
14293651163798|13194139536535|1671120956553|business associate
14293651163798|12094627929167|1665788538774|business associate
1099511630487|12094627908129|1670179695591|business associate
1099511630487|5497558171506|1644505509646|business associate
9895604662695|13194139565884|1667853060034|business associate
3298534896040|8796093036843|1645291092562|business associate
3298534896040|1099511630971|1626967667886|business associate
13194139566024|2199023290348|1671108309503|business associate
13194139566024|6597069791060|1662683902294|business associate
5497558151593|4398046524370|1646984655062|business associate
5497558151593|12094627909717|1661755057398|business associate
14293651173802|9895604673017|1669817481819|business associate
15393162791580|2199023279653|1672339652127|business associate
10995116290476|14293651194704|1666431069394|business associate
10995116290476|12094627908390|1655516905127|business associate
6597069789372|23857|1645336329049|business associate
13194139546029|34714|1659299464817|business associate
4398046533821|3298534897505|1614885915226|business associate
4398046533821|13194139557346|1663009406087|business associate
6597069799373|4398046526048|1665936248981|business associate
4398046513822|5497558152100|1636139274646|business associate
15393162801582|3298534916667|1669843774544|business associate
15393162801582|6597069770161|1671225114711|business associate
8796093024927|9895604673190|1659834476388|business associate
8796093024927|2199023279274|1644725750016|business associate
14293651173808|33779|1667963029963|business associate
14293651163810|14293651176050|1671226436889|business associate
5497558161602|15393162791685|1671824296986|business associate
2723|12094627918509|1664949985933|business associate
5497558151603|7696581398051|1664797083880|business associate
14293651183811|13194139547934|1670491260531|business associate
14293651183811|13827|1669460322890|business associate
2199023258276|10995116291401|1671270567211|business associate
2199023258276|7696581429291|1657224414346|business associate
9895604662708|1099511661396|1653881505186|business associate
7696581417156|13194139547393|1672196815590|business associate
8796093054932|3298534907590|1646764960092|business associate
8796093054932|9895604684899|1654509830790|business associate
8796093024933|5497558153613|1644985240192|business associate
8796093024933|2199023268538|1636146571534|business associate
1099511650501|15393162801416|1672480173130|business associate
1099511650501|12094627909494|1655465698331|business associate
10995116290486|2199023288947|1669835205278|business associate
10995116290486|1099511630480|1654614531716|business associate
6597069799382|4398046544461|1637408994629|business associate
3298534916055|10995116310749|1654344484813|business associate
2199023258280|3298534896845|1658023584187|business associate
2199023258280|13194139557444|1667712260297|business associate
10995116290489|7696581409062|1661912004851|business associate
10995116280490|6597069770313|1662831488745|business associate
12094627908267|13194139567136|1670019678538|business associate
9895604672715|3298534887192|1648372264538|business associate
7696581397164|8796093056933|1645508922785|business associate
1099511650509|12094627939442|1658896471267|business associate
1099511650509|5497558171698|1671837835310|business associate
7696581407166|13194139536269|1672371989018|business associate
7696581407166|7696581418697|1663163844121|business associate
5497558141615|13634|1637055907052|business associate
8796093044943|5497558152022|1649204135134|business associate
8796093044943|8796093047049|1656093838934|business associate
10995116300496|3298534896297|1648812547376|business associate
10995116280497|10995116290912|1668390392344|business associate
1099511640513|2199023259190|1607385653335|business associate
1099511640514|15393162823237|1672218864056|business associate
1099511640514|13194139537698|1662904742526|business associate
14293651163827|3298534888222|1672158814386|business associate
2199023268291|14293651184199|1668324302610|business associate
2199023268291|9895604674031|1651054001564|business associate
15393162811603|6597069769308|1672475109787|business associate
15393162811603|33912|1672442809332|business associate
12740|7696581417636|1632000036546|business associate
12740|14293651175251|1671385905777|business associate
4398046533844|9895604684530|1640107739429|business associate
4398046533844|8796093046362|1666310258859|business associate
12094627908277|12094627928447|1662059549966|business associate
12094627908277|6597069800479|1671308855880|business associate
8796093044950|2199023288297|1658953052468|business associate
1099511640519|5497558153282|1614552701851|business associate
1099511640520|12094627939623|1672018682662|business associate
12094627928280|8796093025804|1664204695698|business associate
12094627928280|6597069791624|1662887533327|business associate
2745|5497558172096|1629106490395|business associate
13194139546057|4398046524666|1665253161887|business associate
22745|1099511641286|1669996594837|business associate
22745|4398046535111|1624204122224|business associate
7696581417178|6597069770865|1640962957573|business associate
7696581417178|3298534887590|1641434714890|business associate
13194139566058|4398046535841|1667469639469|business associate
15393162801611|10995116280664|1670243639167|business associate
10995116300507|1099511642140|1661211270354|business associate
10995116300507|13408|1658067160567|business associate
32747|7696581419289|1662267549948|business associate
32747|2199023289937|1628654461003|business associate
12094627908284|12094627928387|1661778279875|business associate
3298534896076|15393162823549|1671100454889|business associate
1099511640525|12094627939983|1660203394953|business associate
15393162811613|10995116291770|1671118411988|business associate
1099511660525|3847|1640080434682|business associate
1099511660525|9895604664898|1649419018594|business associate
9895604672734|8796093054726|1652011780110|business associate
1099511630527|10995116290506|1666576883549|business associate
1099511630527|7696581397403|1634879687329|business associate
5497558141632|4398046514410|1652227755345|business associate
14293651193840|7696581427924|1665992871529|business associate
14293651193840|13194139547393|1663784487603|business associate
8796093024963|14293651175197|1668528381210|business associate
14293651163844|3298534917893|1668179896148|business associate
14293651163844|15393162812377|1671752118569|business associate
9895604672740|14293651165103|1667274175639|business associate
9895604672740|23775|1670611969045|business associate
2199023288309|10995116311582|1663423993895|business associate
2199023288309|14293651174161|1671687295668|business associate
2199023258310|14293651175799|1670842377261|business associate
2199023258310|1099511631482|1635213682355|business associate
14293651183847|2199023280096|1668168396303|business associate
14293651183847|8796093055763|1669512697231|business associate
4398046543863|6597069790962|1668211319088|business associate
3298534896089|10995116312298|1657217363267|business associate
3298534896089|1099511632396|1650497134999|business associate
13194139566074|3393|1662980816861|business associate
4398046533867|9895604653735|1645325690909|business associate
4398046533867|7696581398551|1658989828670|business associate
4398046543869|14293651165201|1667727015264|business associate
2199023278318|13194139536966|1668543902789|business associate
2199023278318|2199023260204|1652534675066|business associate
6597069779423|8796093055769|1664837175446|business associate
6597069779423|3298534897634|1642818052304|business associate
12094627928303|1099511661193|1656063081604|business associate
12094627928303|24567|1663945856472|business associate
32767|7696581428971|1670656532744|business associate
32767|10995116281482|1655585113419|business associate
4398046513872|13194139567191|1664597889951|business associate
4398046513872|10995116300474|1660633027195|business associate
5497558161648|12094627938651|1669466846828|business associate
5497558161648|8796093057174|1653522466196|business associate
5497558151649|5497558163235|1619707772728|business associate
3298534906097|32984|1660866092424|business associate
5497558141650|9895604654771|1648131571825|business associate
5497558141650|9895604653787|1669646134375|business associate
5497558151650|5497558153698|1672371776384|business associate
10995116310530|1099511640698|1649394074694|business associate
9895604682755|13194139547314|1670202211435|business associate
4398046513878|4398046514367|1638407860512|business associate
4398046513878|1099511642721|1647344683655|business associate
15393162801638|3298534896519|1671249783131|business associate
7696581427206|10995116301077|1670525740401|business associate
7696581427206|8796093027148|1666945341772|business associate
2775|14293651186061|1668691507006|business associate
4398046533879|4092|1666918478488|business associate
4398046533879|9895604683925|1658896609217|business associate
14293651163864|5497558163517|1672515992666|business associate
14293651173864|5497558163836|1670165498466|business associate
14293651173864|14293651175811|1668486917647|business associate
22776|4087|1665815608860|business associate
7696581427208|12094627919165|1666014740868|business associate
4398046523882|14293651173808|1669683048047|business associate
4398046523882|10995116302356|1670412356178|business associate
2199023278330|4398046533832|1635754146641|business associate
1099511630555|13194139557980|1660375119314|business associate
3298534896107|2199023260021|1626863781479|business associate
14293651163868|9895604663142|1671754609893|business associate
10995116290540|7696581408429|1650800197664|business associate
10995116290540|7696581427503|1666687895608|business associate
12094627938316|32503|1657839581615|business associate
12094627938316|14293651184845|1667942758740|business associate
6597069789437|13194139537692|1666032479981|business associate
9895604682765|15393162813095|1672483284032|business associate
8796093024990|7696581398973|1671447980337|business associate
8796093034990|13194139547062|1660518720591|business associate
5497558141663|2199023289088|1665182747060|business associate
14293651183871|34284|1668737179408|business associate
14293651183871|3298534887455|1667116033470|business associate
12094627928320|9895604682984|1662325809510|business associate
8796093054992|3756|1639151995762|business associate
8796093054992|4398046544865|1655693975111|business associate
7696581397217|3298534895989|1646696512737|business associate
10995116290545|12094627919325|1654549119554|business associate
6597069789441|12094627929420|1667034032226|business associate
32785|5497558151386|1660961126898|business associate
9895604682770|4398046544688|1661436744377|business associate
14293651163875|14293651195548|1671811483693|business associate
14293651163875|5497558162966|1671427861205|business associate
14293651193875|9895604683895|1670229920188|business associate
14293651193875|13194139536781|1670863302953|business associate
5497558141668|5497558143470|1671459302466|business associate
9895604682772|2199023288457|1671417672156|business associate
9895604682772|22942|1645077086714|business associate
10995116300549|8796093036521|1647341022993|business associate
10995116300549|5497558172824|1669973625600|business associate
4398046513894|12628|1659675014774|business associate
4398046513894|13194139566829|1664723592879|business associate
4398046523894|3298534907054|1624098146589|business associate
5497558161670|14293651194047|1669883343056|business associate
5497558161670|2199023278536|1661326736490|business associate
22791|9895604672740|1652600717996|business associate
9895604662776|4398046535115|1662322310792|business associate
9895604662776|9895604664800|1646764992103|business associate
3298534916120|12094627928164|1670849419788|business associate
3298534916120|15393162803033|1672350338470|business associate
14293651183881|8796093054781|1671876427102|business associate
15393162821657|1099511652710|1671232643232|business associate
15393162821657|6597069789627|1670296797341|business associate
3298534886122|23711|1628822618570|business associate
3298534886122|9895604654065|1668324964400|business associate
5497558171674|12094627918363|1666098442114|business associate
5497558171674|10995116280605|1651607657605|business associate
2199023258347|1099511660875|1640641532211|business associate
3298534916124|4398046544865|1622910977107|business associate
3298534916124|12094627929870|1654152035148|business associate
12094627908333|14293651184975|1670011646466|business associate
3298534896125|14293651193943|1671514554967|business associate
3298534896125|4398046524722|1655466012141|business associate
6597069799453|9895604654294|1671773955246|business associate
8796093035006|9895604653078|1641750812915|business associate
8796093035006|8796093045915|1651278967678|business associate
6597069789455|14293651183811|1670646869119|business associate
6597069789455|2199023269348|1625048032318|business associate
3298534906128|2199023259916|1645620027604|business associate
6597069769458|13194139547353|1660263278178|business associate
14293651183890|3298534906445|1669521690876|business associate
8796093035011|9895604684377|1660433861941|business associate
8796093035011|9895604662830|1665588526512|business associate
7696581417236|1099511630779|1640475680724|business associate
12805|9895604664691|1659419670150|business associate
9895604682789|12094627910401|1671756512172|business associate
9895604682789|10995116311562|1666924509340|business associate
9895604652790|5497558152753|1648650361116|business associate
9895604662790|2199023258944|1665043726148|business associate
10995116310566|14293651163868|1671105368733|business associate
14293651163895|13194139556906|1672129362402|business associate
14293651163895|13257|1672525119183|business associate
1099511650583|4871|1638910950194|business associate
1099511650583|1099511631343|1646138604176|business associate
32807|15393162812676|1671696970112|business associate
32807|2199023289404|1642205975150|business associate
13194139546120|9895604664437|1665318459315|business associate
6597069799464|6597069800630|1651274543232|business associate
6597069799464|8796093026311|1642369541660|business associate
2199023258361|5497558151386|1624803313092|business associate
9895604672793|7696581429307|1660056971956|business associate
3298534916137|9895604653832|1666660525406|business associate
3298534916137|6597069769280|1621828913816|business associate
1099511630586|7696581397726|1629149230678|business associate
10995116290570|5497558152443|1658397810576|business associate
7696581427242|13194139547756|1667399123534|business associate
5497558151691|1099511661909|1613487802597|business associate
5497558151691|6597069770754|1623701038097|business associate
14293651183899|5497558143149|1670286299584|business associate
14293651183899|13194139566950|1665639441510|business associate
2199023258364|5497558173586|1627008089691|business associate
2199023258364|12094627908719|1670156696952|business associate
10995116290572|5497558163162|1646716293362|business associate
10995116290572|8796093025604|1671357650643|business associate
5497558161692|12094627919639|1664891597386|business associate
8796093035021|13194139537473|1670435709310|business associate
15393162811679|4398046525636|1669894341778|business associate
3298534906144|12094627909139|1664047532673|business associate
3298534906144|1099511651164|1637817047785|business associate
5497558151698|4398046514827|1653479457760|business associate
3298534886147|24966|1606430096441|business associate
3298534886147|1099511640513|1644475893132|business associate
12094627918355|5497558141907|1667874853633|business associate
1099511630596|1099511651768|1603012474546|business associate
7696581407252|12094627939685|1662811790608|business associate
7696581407252|14293651174456|1665321661219|business associate
12094627928356|2199023268144|1660340116742|business associate
12094627928356|5497558152053|1669658064160|business associate
14293651163911|8796093045016|1670385348884|business associate
14293651163911|12094627918676|1671210273481|business associate
8796093035031|14293651185914|1671108394379|business associate
8796093035031|3854|1643870995702|business associate
6597069789479|14293651194760|1669153314206|business associate
6597069779480|3298534907290|1663747762580|business associate
14293651183912|3298534908062|1668258683023|business associate
10995116280585|4398046535133|1648188708059|business associate
10995116280585|9895604673840|1671281613281|business associate
12825|10995116282657|1670316641943|business associate
9895604682809|9895604664602|1661216040046|business associate
9895604682809|5497558143380|1640535067625|business associate
12094627908362|4398046525530|1657879498640|business associate
12094627908362|12094627910259|1664840541159|business associate
10995116310587|9895604654335|1650982341704|business associate
5497558141710|24484|1645768063384|business associate
5497558141710|3298534897561|1620037487596|business associate
6597069779486|5497558143257|1666107942955|business associate
3298534906159|2199023278736|1644526727549|business associate
7696581397264|9895604683440|1663328482441|business associate
7696581397264|8796093036998|1663491590928|business associate
14293651173920|4398046544458|1667886242332|business associate
3298534916160|9895604662835|1671158371842|business associate
5497558141713|12094627938410|1669199460055|business associate
5497558141713|6597069800835|1635963779724|business associate
10995116290593|7696581428397|1652847791163|business associate
10995116290593|1099511661858|1658131665185|business associate
7696581417265|2199023289091|1638391796036|business associate
4398046543937|13194139536975|1666227201372|business associate
5497558141714|4398046525643|1642059088587|business associate
5497558141714|13732|1625879741097|business associate
2199023278386|9895604652770|1671577843934|business associate
10995116310594|2199023290307|1647699464858|business associate
10995116310594|34076|1658646501460|business associate
6597069769491|5497558172480|1659397280171|business associate
7696581407268|10995116292372|1656186850493|business associate
7696581407268|2199023278305|1661543902917|business associate
2199023258389|5497558161447|1669289175058|business associate
22838|3298534906956|1619002821762|business associate
22838|14293651195367|1670278406975|business associate
12839|2199023258123|1649935250734|business associate
22839|15393162801401|1672522717964|business associate
7696581427271|12094627928440|1662560968779|business associate
7696581427271|3298534916626|1657311495626|business associate
3298534906168|6597069799220|1637228072781|business associate
10995116290601|10995116302377|1653747950915|business associate
3298534916170|4398046544865|1662442432070|business associate
3298534916170|2199023290322|1615226667113|business associate
2199023268396|14293651184150|1671582775000|business associate
2199023268396|7696581419149|1632871191535|business associate
8796093055052|8796093026159|1640930551055|business associate
10995116290605|2199023290531|1656536316852|business associate
9895604662830|7696581427446|1639386588371|business associate
2847|7696581399073|1650839447203|business associate
9895604662831|1099511660323|1649454584997|business associate
22847|10995116300549|1649846029563|business associate
22847|4398046513693|1630016379612|business associate
7696581427279|5497558173489|1628922704360|business associate
7696581427279|2199023258175|1635653503618|business associate
32848|6597069781264|1621366412465|business associate
32848|3298534917635|1618427160672|business associate
14293651173937|24125|1670679917210|business associate
12094627908386|10995116291297|1667849070735|business associate
12094627908386|10995116311347|1668896896421|business associate
9895604662835|14293651173920|1670209547653|business associate
10995116290612|2199023279457|1645927788839|business associate
2199023288404|2199023289694|1654118964278|business associate
2199023288404|4398046515462|1619333061066|business associate
12094627908389|14293651194322|1666764743700|business associate
2199023268405|14293651185983|1672370907216|business associate
10995116290614|5497558172762|1665630514571|business associate
10995116290614|12094627919901|1662857095661|business associate
2199023278406|10995116281580|1652613482749|business associate
13194139536167|12094627928573|1663533711996|business associate
13194139536167|5497558142918|1668096640333|business associate
7696581417287|1099511630467|1649619721044|business associate
14293651193943|15393162792693|1671831314589|business associate
14293651193943|6597069790803|1671995108849|business associate
10995116280616|13194139537492|1658591739950|business associate
10995116280616|4398046534854|1658594554474|business associate
13194139546171|7696581409367|1665746506053|business associate
12094627938396|4398046545802|1671850806685|business associate
12094627938396|4398046535115|1665580294932|business associate
2199023268413|7696581408450|1653553568887|business associate
2862|4398046534474|1667817143223|business associate
5497558151742|1099511630779|1649858838558|business associate
5497558151742|2199023260295|1654259652446|business associate
6597069799518|9895604664680|1655981928097|business associate
6597069799518|3359|1623623371758|business associate
9895604652847|7696581427882|1648929169471|business associate
9895604652847|12094627940524|1670558061967|business associate
5497558161743|13194139566878|1671341991949|business associate
5497558161743|12094627908505|1663626980365|business associate
15393162821727|6597069789367|1671195973685|business associate
15393162821727|8796093036684|1671778696489|business associate
12094627908400|5497558141748|1666904817946|business associate
3298534896192|4398046544494|1662647478792|business associate
3298534896192|15393162802419|1671224631986|business associate
8796093055072|14121|1670708244159|business associate
14293651163953|9895604654908|1667792319512|business associate
9895604652851|4398046513878|1653808214649|business associate
9895604652851|7696581429175|1644034066473|business associate
9895604682851|14293651175922|1668876875436|business associate
9895604682851|9895604673595|1662863831924|business associate
3298534916196|23924|1651306056890|business associate
2869|14293651173983|1672215369052|business associate
2869|4398046525863|1646749789469|business associate
7696581417301|4398046514162|1655917855199|business associate
7696581417301|22688|1665717539863|business associate
15393162791734|9895604653546|1671687286565|business associate
22870|13194139537647|1663907671997|business associate
22870|5497558152945|1639976486906|business associate
5497558141751|5497558172804|1626037225930|business associate
5497558141751|2199023280001|1615831370437|business associate
2199023268423|1099511640963|1638192653889|business associate
2199023268423|4398046543749|1644944119900|business associate
5497558141752|13194139547382|1662872807103|business associate
5497558141752|9895604682789|1648060942768|business associate
5497558171752|1099511632054|1614726341465|business associate
10995116290633|10995116290404|1667987709972|business associate
10995116290633|6597069801578|1668131532827|business associate
15393162791739|6597069789285|1671310010082|business associate
12875|8796093055888|1656373743982|business associate
12875|8796093046028|1651354460827|business associate
4398046523980|9895604684899|1671564564624|business associate
5497558171756|33990|1612843381829|business associate
5497558171756|1099511641658|1645014936013|business associate
10995116300638|13194139557503|1663299052280|business associate
2879|4398046524576|1658247294779|business associate
2879|14407|1618067277154|business associate
6597069799535|23465|1626278864793|business associate
2199023258432|13963|1660358155075|business associate
2199023258432|13194139567743|1661341823075|business associate
12094627928416|13194139538305|1668712194639|business associate
12094627908417|14293651175116|1666998983635|business associate
15393162801745|3298534896687|1672386015379|business associate
9895604682865|2829|1660625292067|business associate
9895604682865|9895604664679|1652454419373|business associate
3298534896210|3298534897741|1644436265014|business associate
2199023268435|10995116311024|1655572601841|business associate
2199023268435|8796093056115|1662099996118|business associate
4398046543987|9895604683673|1664192113338|business associate
4398046543987|12094627928691|1670063832873|business associate
6597069779540|8796093055255|1639671129495|business associate
13194139556196|1099511662695|1661482457745|business associate
13194139556196|14293651194530|1670807518142|business associate
14293651193973|4398046524823|1671319343743|business associate
14293651193973|10995116291943|1668177881078|business associate
8796093045095|1099511641575|1669415978821|business associate
22888|9895604654406|1648613286496|business associate
10995116310648|14293651165442|1671072635509|business associate
2199023268441|15393162792582|1672337604569|business associate
2199023268441|4398046535105|1666698588392|business associate
6597069799546|1099511632059|1652967989845|business associate
10995116290651|12094627919232|1657337949171|business associate
10995116290651|13690|1670215754636|business associate
2199023278444|5497558142429|1638813006458|business associate
14293651173981|3298534906459|1672020194231|business associate
5497558161773|4398046524716|1653661367345|business associate
14293651193981|13194139547503|1668100522392|business associate
14293651193981|8796093024950|1669568279661|business associate
4398046513998|8796093024890|1640789953352|business associate
12094627918430|10995116292468|1664391940128|business associate
12094627918430|12094627908329|1664918810847|business associate
14293651173983|3298534907833|1667757211337|business associate
14293651173983|5497558172580|1668034957990|business associate
2199023258448|10995116292385|1659995826858|business associate
2199023258448|7696581418357|1645248079573|business associate
12094627918432|4871|1661860770891|business associate
8796093055104|5497558162186|1665200104121|business associate
8796093055104|4398046523961|1638358861233|business associate
7696581407329|3868|1638045640997|business associate
7696581417329|5497558142952|1634437530842|business associate
12094627938433|13194139546904|1672404560077|business associate
13194139546211|23230|1660086966148|business associate
13194139546211|2199023258083|1661636179972|business associate
13194139556211|23817|1666522049104|business associate
13194139556211|4398046535247|1670757293623|business associate
7696581427331|7696581408116|1651554474930|business associate
3298534886228|2199023290255|1623875734606|business associate
3298534886228|9895604682554|1659536764695|business associate
13194139546212|1099511641141|1661545470896|business associate
13194139546212|2199023279491|1662334244526|business associate
9895604672885|10995116312722|1649007156900|business associate
3298534886230|2199023268520|1641609263142|business associate
10995116280664|14293651175844|1668042888290|business associate
10995116280664|10995116290912|1659719057942|business associate
13194139546216|12094627918469|1670387422911|business associate
13194139546216|7696581428397|1667115308572|business associate
7696581427336|12094627929735|1659377067859|business associate
7696581427336|2199023279915|1631064535684|business associate
14293651183993|13194139546216|1669218126240|business associate
14293651183993|4398046545600|1670781536155|business associate
13194139556218|12094627909689|1668915779073|business associate
14293651163995|5497558171698|1668632895052|business associate
14293651163995|12094627919574|1669128440288|business associate
6597069789563|13194139567923|1670527792640|business associate
5497558171787|24255|1661879210592|business associate
5497558171787|14293651195986|1669185604963|business associate
13194139536220|7696581398403|1663280295665|business associate
5497558151788|24763|1647497748308|business associate
2910|5497558152850|1635222530872|business associate
2910|4398046524428|1650661961556|business associate
5497558151790|7696581428656|1657275412827|business associate
13194139546223|5497558152622|1662144047011|business associate
14293651193999|4398046514478|1670981259634|business associate
9895604652896|10995116281881|1656482876953|business associate
14293651184000|6597069770876|1667249328117|business associate
14293651184000|14293651194786|1669892980781|business associate
9895604662898|4398046515425|1641018378486|business associate
9895604662898|2199023279499|1645923390562|business associate
22916|6597069800479|1656311535919|business associate
22916|9895604663869|1649673177875|business associate
9895604662901|4398046514816|1651879328671|business associate
9895604662901|8796093025240|1648250978918|business associate
6597069789573|4398046536043|1656581769288|business associate
6597069789573|9895604674935|1662095343277|business associate
13194139546231|2199023279598|1665519307775|business associate
13194139546231|14293651184709|1672238288045|business associate
3298534916247|7696581407114|1641078994275|business associate
6597069779576|10995116310754|1671826306125|business associate
13194139556232|6597069789351|1671204902948|business associate
14293651194009|9895604673872|1670420934554|business associate
14293651194009|9895604674851|1671972148538|business associate
5497558161802|3298534918241|1646531204623|business associate
9895604672907|13194139546265|1660728996382|business associate
9895604672907|6597069770754|1662063761760|business associate
8796093025132|1099511662243|1650812761140|business associate
8796093025132|14293651194299|1669552453451|business associate
1099511630701|2199023278954|1661659224426|business associate
1099511630701|9895604664645|1659603103003|business associate
9895604662909|8796093036025|1651676115672|business associate
1099511650701|6597069779383|1645920938068|business associate
1099511650701|4398046524719|1614547241947|business associate
10995116310685|12094627918295|1668904529475|business associate
1099511640702|24332|1614214061652|business associate
1099511650702|3298534905991|1622197343874|business associate
13194139536240|1099511641332|1665679535612|business associate
4398046524032|7696581397000|1628219194918|business associate
4398046524032|5497558171787|1644173660710|business associate
2199023258481|23260|1645657451815|business associate
14293651174017|8796093026192|1672442365947|business associate
8796093035138|8796093025734|1637008676554|business associate
10995116300690|15393162792785|1672365734435|business associate
10995116300690|14293651164440|1669597941295|business associate
2199023258483|15393162812103|1672514060434|business associate
12094627918469|12094627918488|1665085230428|business associate
12094627918469|13194139558037|1666150684272|business associate
6597069799589|8796093056844|1656090987879|business associate
6597069799589|5497558163762|1666946577817|business associate
9895604682918|1099511641653|1642735036480|business associate
9895604682918|12094627929058|1669555843104|business associate
1099511630711|4398046523885|1622324520971|business associate
14293651194023|2199023268848|1669477899454|business associate
14293651194023|12094627938376|1667224007307|business associate
1099511640712|10995116282194|1653296753786|business associate
1099511650712|7696581427625|1649917313998|business associate
1099511650712|5497558153203|1657050106879|business associate
5497558171817|2199023288998|1666107128042|business associate
5497558171817|5497558162186|1656882932581|business associate
14293651174026|1099511650954|1666355485916|business associate
14293651164028|6597069800630|1672023183569|business associate
13194139546252|7696581407774|1663511350232|business associate
13194139546252|13194139537185|1665131614489|business associate
4398046534044|15393162802115|1671622021730|business associate
6597069799596|7696581417318|1658297880980|business associate
9895604652925|8796093024791|1654791443040|business associate
32941|23711|1605612878425|business associate
3298534916270|8796093056664|1657328250698|business associate
3298534916270|12094627938963|1667312486597|business associate
10995116290703|12094627928560|1668876662058|business associate
6597069789599|6597069780527|1633394996457|business associate
6597069789599|12094627909000|1670457871636|business associate
12094627908480|9895604674817|1668567333250|business associate
15393162811808|1099511650652|1672156309247|business associate
15393162811808|3298534885848|1672485719474|business associate
7696581427376|9895604653832|1656989227861|business associate
7696581427376|6597069799744|1636123561838|business associate
1099511650721|2199023268897|1610812527214|business associate
1099511650721|13194139546621|1668486828687|business associate
1099511660721|3298534886753|1603014984658|business associate
1099511660721|4398046533613|1643185980822|business associate
3298534896275|4398046524452|1610972758046|business associate
3298534896275|12094627938906|1664686874931|business associate
22947|5497558163402|1638478669303|business associate
22947|2747|1645571029665|business associate
1099511630724|14293651165369|1670162528737|business associate
1099511630724|4398046544100|1611037430621|business associate
22948|14293651194209|1667842390468|business associate
10995116310709|22636|1662514554823|business associate
5497558151831|1099511650974|1661906020926|business associate
5497558151831|10995116280764|1651367994712|business associate
9895604672936|9895604654261|1646280207487|business associate
5497558171832|4398046525277|1621252728975|business associate
6597069769609|9895604674946|1666237818024|business associate
6597069769609|3298534897635|1670108412910|business associate
13194139546265|14293651195440|1671511447941|business associate
15393162801818|13257|1672324728276|business associate
5497558161834|13194139567032|1664955531992|business associate
1099511650732|4398046523691|1609215707181|business associate
7696581427388|14293651165011|1672080238835|business associate
7696581427388|7696581399038|1656476300864|business associate
7696581407389|4398046545007|1627917783272|business associate
7696581407389|1099511651123|1640197008800|business associate
14293651184045|12094627908390|1669343317571|business associate
14293651184045|2199023279890|1667752385969|business associate
4398046514062|7696581408816|1671121205764|business associate
4398046514062|3298534917077|1614716015474|business associate
14293651174046|10995116291250|1672417948235|business associate
14293651174046|8796093046112|1670259590512|business associate
6597069789614|2199023260240|1636270278539|business associate
6597069789614|14293651165140|1669700998914|business associate
4398046544062|2199023260369|1650505146058|business associate
8796093025167|2199023258276|1637633197766|business associate
8796093025167|4398046513704|1667991922044|business associate
12959|1099511641976|1619684250576|business associate
9895604652944|6597069770787|1646975922152|business associate
6597069779616|34272|1641229819162|business associate
22960|3298534897318|1634118421886|business associate
12094627938496|7696581428040|1667805449764|business associate
6597069769617|10995116282607|1649600885445|business associate
6597069769617|3298534917773|1630867140929|business associate
9895604662946|8796093044793|1650959870325|business associate
9895604662946|8796093046332|1655962822140|business associate
10995116300722|8796093036396|1667265768419|business associate
10995116300722|14293651193994|1672279675664|business associate
32962|2199023269431|1668694783357|business associate
32962|1099511631021|1591230493978|business associate
2199023258515|1099511650536|1593318887755|business associate
2199023258515|9895604662776|1666579705096|business associate
4398046524067|5497558163673|1658937797329|business associate
3298534906291|3298534917024|1666759457230|business associate
15393162821827|12094627919807|1672284474186|business associate
15393162821827|24283|1672406891830|business associate
8796093035172|1099511642194|1662870496711|business associate
4398046514070|15393162812053|1672215756647|business associate
10995116290726|4398046544195|1657898099515|business associate
10995116290726|13948|1671223706150|business associate
7696581417398|9895604653526|1650189549279|business associate
14293651164055|23443|1668806835292|business associate
3298534886296|2199023288671|1614462638093|business associate
3298534896297|10995116281088|1665856354480|business associate
3298534896297|2199023289845|1609929883864|business associate
14293651184057|9895604652995|1669241876086|business associate
10995116310729|9895604682553|1661926370009|business associate
10995116310729|6597069790919|1671919700851|business associate
6597069769626|5497558143553|1664322289321|business associate
14293651184058|4416|1669669374560|business associate
7696581397403|2199023260192|1671578078500|business associate
8796093035179|14293651174614|1671087836647|business associate
8796093035179|10995116301765|1661622130869|business associate
6597069799627|2199023258739|1644288982122|business associate
6597069799627|1099511650618|1644777350131|business associate
13194139546284|14293651164988|1671793275070|business associate
12094627918509|22625|1657104699622|business associate
3298534916301|2199023278249|1620163526999|business associate
15393162801838|12621|1670107331532|business associate
7696581427407|9895604673896|1655412786046|business associate
15393162791842|2869|1670562142838|business associate
12978|3298534895887|1653656918132|business associate
12978|22507|1668177209796|business associate
14293651184066|8796093046908|1670700227455|business associate
4398046524083|2750|1653605273568|business associate
4398046524083|9895604683876|1668991880793|business associate
14293651184067|4398046524210|1669495366188|business associate
14293651184067|10995116302293|1669878390975|business associate
2199023278533|4398046533681|1670561554780|business associate
8796093025190|12094627919814|1669781763784|business associate
8796093025190|9895604654762|1672329558869|business associate
8796093035190|6597069789667|1660690484280|business associate
8796093035190|13919|1669945205937|business associate
14293651174071|3102|1672414047579|business associate
14293651174071|2199023269649|1670817298647|business associate
3298534886312|14964|1629686104212|business associate
3298534886312|13194139536167|1662709002383|business associate
1099511640760|9895604682634|1653851549433|business associate
1099511640760|2199023279864|1665432251891|business associate
2199023278536|3298534918212|1637510699374|business associate
7696581407417|12536|1660895597124|business associate
2199023278537|13194139558214|1661523985882|business associate
2199023278537|6597069790634|1629655292548|business associate
8796093055194|15393162792421|1671747950421|business associate
8796093055194|6597069769968|1667494143998|business associate
10995116290747|15393162813712|1670320842486|business associate
9895604682971|6597069801448|1667042136302|business associate
3298534886316|13194139558288|1666330671445|business associate
3298534886316|5497558142815|1651443232903|business associate
15393162811852|7696581397708|1672091541727|business associate
2199023258541|5497558172848|1655886476343|business associate
3298534886318|12094627928799|1664279118645|business associate
3298534886318|3298534895985|1667230882942|business associate
14293651184078|5497558142419|1669055686632|business associate
14293651184078|3127|1670808507973|business associate
1099511630768|2199023259243|1614791707328|business associate
15393162791857|7696581419303|1672528959609|business associate
15393162791857|2199023278108|1672095943958|business associate
10995116310753|13194139558005|1660362426636|business associate
10995116310753|13194139536941|1665404685395|business associate
5497558141874|13194139545938|1667644495903|business associate
10995116310754|13194139565838|1667421624935|business associate
7696581397427|12094627938113|1654901151791|business associate
14293651174083|12094627919901|1666846910302|business associate
6597069789651|15393162813036|1672496502346|business associate
7696581427427|9895604672894|1648399102952|business associate
4398046544100|6597069781324|1629992014925|business associate
3298534886325|4398046523894|1670983106834|business associate
3298534886325|7696581409121|1627020807512|business associate
3298534916325|7696581428472|1670198349170|business associate
1099511630774|7696581399394|1639732048462|business associate
2199023288550|4093|1649345031506|business associate
6597069769656|7696581397979|1658098153441|business associate
10995116290761|8796093045873|1668647967090|business associate
10995116290761|14293651185983|1671644816969|business associate
6597069789657|9895604672885|1647256858567|business associate
1099511660777|10995116290430|1665673540232|business associate
1099511630779|6597069779722|1621421376962|business associate
1099511630779|14293651174071|1672507903802|business associate
1099511650779|12094627909116|1666076937222|business associate
1099511650779|4398046524243|1671662675904|business associate
4398046534108|14293651194628|1668490938168|business associate
6597069779661|8796093035024|1665589880014|business associate
12094627928542|8796093056244|1660819223591|business associate
12094627928542|1099511651356|1670418532714|business associate
2199023278559|3298534896689|1600431887199|business associate
3298534916335|2608|1610780661158|business associate
3298534916335|2199023258105|1629046627260|business associate
14293651164096|3298534916510|1671954769699|business associate
12094627908545|12094627938484|1670087425029|business associate
12094627908545|12094627929253|1657007381984|business associate
10995116290769|1099511662106|1650170578602|business associate
1099511630786|2199023278989|1662329290105|business associate
1099511630786|2199023258752|1613592035515|business associate
3298534916338|5497558153604|1670646381209|business associate
9895604652995|10995116310450|1651853872636|business associate
13011|1099511661858|1648128390926|business associate
13011|2199023259202|1644054833249|business associate
3298534886341|8796093045937|1638897887009|business associate
9895604662997|10995116281623|1650807084601|business associate
9895604662997|10995116292193|1652142331641|business associate
6597069789669|10995116301693|1666680490768|business associate
6597069789669|13194139556647|1667476255778|business associate
12094627918550|14293651164941|1669993616765|business associate
12094627918550|2199023270338|1656773718660|business associate
1099511660791|5497558162313|1648920627820|business associate
1099511660791|10995116281460|1664283816349|business associate
3016|13194139536245|1665815858380|business associate
3016|14293651195189|1669614029458|business associate
6597069789672|9895604662997|1670137354180|business associate
6597069789672|1099511631687|1666066388564|business associate
7696581417449|4398046535535|1631557056444|business associate
7696581417449|13194139536875|1667456707248|business associate
8796093055225|12094627908329|1669460908007|business associate
1099511630795|12094627918560|1670662693722|business associate
1099511630796|7696581409037|1651181297256|business associate
1099511630796|14293651174076|1666757061362|business associate
6597069779676|2199023259931|1657241554502|business associate
14293651164109|12094627910255|1669821509895|business associate
14293651164109|9895604652907|1667896921626|business associate
9895604673005|10995116280497|1671764804754|business associate
9895604673005|8796093055990|1657609484445|business associate
6597069769678|8796093055263|1656743982677|business associate
4398046524126|6597069780108|1644492981127|business associate
1099511630799|12094627930264|1659010046692|business associate
10995116290783|6597069770599|1655415839586|business associate
13194139536336|6597069780978|1670376097761|business associate
13194139536336|10995116311588|1665697526486|business associate
13194139566336|5497558152867|1664674246614|business associate
13194139566336|3298534895989|1671588906461|business associate
3298534886353|34281|1650420808058|business associate
13194139566337|12094627918355|1665875837640|business associate
13194139566337|10995116312259|1665585244275|business associate
14293651174114|8796093045542|1669061826121|business associate
14293651174114|14293651194209|1669899125043|business associate
13194139556338|4398046545937|1666999670572|business associate
5497558141907|3298534886671|1620609722633|business associate
2199023268579|10995116311559|1668822323474|business associate
5497558161907|1099511630953|1622945014651|business associate
5497558151908|10995116301296|1667479134386|business associate
3029|13194139546231|1666657171774|business associate
3029|6597069791238|1659229843684|business associate
10995116290789|32692|1670935225524|business associate
6597069779686|5497558151908|1662906525747|business associate
6597069779686|5497558163631|1633659212335|business associate
9895604653015|15393162822473|1672019542074|business associate
9895604653015|7696581409066|1659133204756|business associate
9895604663015|2199023289641|1651232526471|business associate
5497558171911|13194139547649|1671810825493|business associate
5497558171911|8796093035509|1668392576545|business associate
4398046524136|9895604684049|1667999546675|business associate
9895604683016|5497558173602|1670609258394|business associate
8796093025241|8796093035695|1664657666797|business associate
8796093025241|12094627919743|1670655349045|business associate
6597069779690|5497558172804|1658684076398|business associate
6597069779690|1099511630994|1664546577923|business associate
13194139556346|5497558171787|1669179905422|business associate
13194139556346|14293651196064|1670533608062|business associate
14293651174123|4398046514753|1671391763884|business associate
13194139566347|5497558151420|1668877092175|business associate
13194139566347|5497558143059|1662627150842|business associate
15393162801900|2199023279697|1671381103114|business associate
14293651184124|7696581407806|1671844363531|business associate
14293651184124|6597069790216|1666472160930|business associate
3298534916364|2199023279742|1603519639877|business associate
5497558141917|6597069779840|1639331878844|business associate
5497558141917|7696581429185|1658710195481|business associate
2199023268591|9895604664032|1671462618495|business associate
2199023268591|10995116280942|1663108456246|business associate
5497558141920|7696581398021|1629836044310|business associate
5497558141920|5497558162523|1655180751964|business associate
13040|7696581429092|1652721784866|business associate
13040|12094627939039|1656269920088|business associate
3298534886369|7696581397291|1657857799641|business associate
12094627918577|9895604673149|1669204148403|business associate
8796093045249|7696581428442|1647758959176|business associate
8796093045249|15393162823549|1670588438625|business associate
3298534916369|5497558163499|1653087106996|business associate
9895604673026|2199023289898|1650725337873|business associate
9895604673026|3298534906791|1643577669114|business associate
14293651174131|1099511662536|1669232311598|business associate
14293651174131|2199023258301|1671717814001|business associate
1099511660819|12094627928280|1654057988987|business associate
1099511660819|4398046536056|1650654692893|business associate
7696581417476|5497558163494|1653940199626|business associate
2199023288596|23775|1661810939942|business associate
3298534886374|2199023289713|1667010974132|business associate
8796093045254|7696581407185|1646646612899|business associate
8796093045254|9895604683992|1652170322088|business associate
3298534896375|8796093045038|1661558438019|business associate
23047|4398046525037|1619897707184|business associate
23047|7696581408866|1656142852491|business associate
8796093055255|8796093026671|1665510341780|business associate
8796093055255|10995116302187|1656397201561|business associate
7696581407480|4398046526012|1648833999225|business associate
7696581427480|2199023268247|1659427444857|business associate
3298534896377|9895604684345|1648600143058|business associate
14293651184137|10995116290912|1669370585393|business associate
14293651184137|9895604682772|1671342675189|business associate
3298534916377|5497558172549|1641359397629|business associate
1099511630826|5497558163104|1640622456703|business associate
9895604663034|1099511641654|1668264331025|business associate
9895604663034|4398046523608|1666859386769|business associate
6597069789706|8796093035435|1637640023615|business associate
10995116290812|12628|1668584524275|business associate
5497558171932|2796|1627282216819|business associate
4398046514157|8796093045666|1639821590096|business associate
15393162811917|2199023280124|1672315847594|business associate
8796093055261|5497558161970|1651801545836|business associate
8796093055261|2199023260204|1647250792274|business associate
12094627908590|8796093024915|1656903945760|business associate
4398046534158|9895604672919|1665398188401|business associate
4398046534158|10995116292735|1663240806069|business associate
12094627918591|12094627920267|1658333430428|business associate
5497558151936|6597069799628|1625982704214|business associate
5497558151936|2199023288241|1654499244208|business associate
23056|10995116300675|1657776421168|business associate
23056|12094627929300|1655648916156|business associate
7696581427488|13194139567867|1664579285938|business associate
14293651174145|14293651194482|1672103815679|business associate
14293651174145|15393162791532|1670491668828|business associate
1099511650833|5497558172556|1646397277715|business associate
8796093055265|13194139536412|1661826127264|business associate
8796093055265|14293651165368|1664977684997|business associate
4398046514162|8796093025480|1643922429489|business associate
4398046514162|5497558152496|1654442235847|business associate
9895604653043|6597069780148|1660441803796|business associate
9895604653043|5497558161580|1661431875484|business associate
4398046524163|5497558171718|1642716654920|business associate
15393162811923|8796093037015|1670687284437|business associate
15393162811923|10995116301035|1671469518829|business associate
13194139546372|6597069801578|1666676513832|business associate
13194139546372|13194139546527|1665004822416|business associate
9895604683044|1099511630405|1651434425745|business associate
9895604683044|13194139568200|1663277494316|business associate
5497558141941|2199023278728|1625910978559|business associate
2199023278613|15393162821977|1670768587023|business associate
6597069799717|12094627910202|1666896498113|business associate
6597069799717|13194139556276|1658850066322|business associate
7696581397494|5497558161802|1660758652707|business associate
7696581397494|2675|1634062291443|business associate
4398046524167|6597069800571|1661479498984|business associate
4398046524167|14293651165716|1670951610058|business associate
12094627908600|2199023279154|1659734942672|business associate
8796093035272|8796093026962|1638421564607|business associate
9895604673048|8796093026441|1662898970640|business associate
9895604673048|2199023268423|1654989789017|business associate
14293651164153|4398046523635|1669239848531|business associate
1099511650841|9895604672515|1650774032344|business associate
9895604653050|10995116281035|1661173532377|business associate
9895604653050|14293651194603|1671847256362|business associate
13194139556379|9895604654588|1671854603518|business associate
7696581427499|3298534888311|1631143998626|business associate
1099511650844|12094627938272|1671808096573|business associate
3298534906397|3298534907558|1629608751305|business associate
7696581427501|10995116290570|1663257538763|business associate
7696581427501|13527|1648044387530|business associate
3298534896398|2199023268221|1646847508593|business associate
3298534896398|4398046535675|1613661501353|business associate
8796093045278|3298534918109|1641791621800|business associate
4398046544174|12094627939974|1663984471533|business associate
13071|1099511630438|1657722412765|business associate
13071|8796093025427|1639848894983|business associate
2199023258625|14293651164241|1671433231779|business associate
2199023258625|2199023279211|1616674183658|business associate
1099511640850|2199023279845|1650614933135|business associate
1099511640850|9895604673005|1670288793990|business associate
3298534906402|4398046534745|1621932594541|business associate
3298534896403|10995116302353|1652847289409|business associate
3298534896403|7696581407946|1669419972619|business associate
4398046514180|2199023289424|1655075271824|business associate
2199023288628|2199023269637|1666680976004|business associate
15393162791941|6597069780384|1671614748687|business associate
10995116290837|2199023288219|1672404566659|business associate
1099511630854|8796093056326|1662691749500|business associate
1099511630854|4398046516046|1666120099188|business associate
2199023268630|13194139547902|1669158938014|business associate
4398046514183|4398046524239|1624365438673|business associate
4398046514183|7696581407417|1663986035966|business associate
8796093045287|3298534887566|1669172722783|business associate
7696581397512|14293651175703|1668472707246|business associate
7696581397512|3298534887512|1656059091271|business associate
3298534896408|6597069800802|1624262953906|business associate
7696581427512|3298534907469|1633382004005|business associate
7696581427512|24002|1653847771400|business associate
3298534896409|13194139557747|1670391468576|business associate
3298534896409|9895604673321|1663324160957|business associate
4398046544185|1099511631538|1620405460345|business associate
3298534886410|6597069791269|1665602974483|business associate
3298534886410|34114|1613396400789|business associate
9895604653069|7696581397979|1663217799195|business associate
5497558151965|2199023280411|1654061006271|business associate
4398046534190|12094627929602|1669252527635|business associate
5497558171966|1099511630786|1626370963395|business associate
13194139536399|4398046534108|1662738902579|business associate
13194139536399|10995116311136|1671063572071|business associate
7696581407519|4398046525002|1648901553354|business associate
7696581407519|5497558151473|1663576978723|business associate
12094627918625|8796093054795|1666927497165|business associate
2199023278641|7696581427363|1630451512873|business associate
1099511660865|1099511641676|1641840241784|business associate
1099511660865|6597069801481|1624447519929|business associate
8796093035298|9895604654288|1642617489054|business associate
8796093035298|7696581408334|1660995049907|business associate
3091|3298534886799|1613390044884|business associate
3091|4398046525753|1663792719281|business associate
4398046534195|3298534897944|1618522430930|business associate
4398046534195|2199023278238|1612019637291|business associate
4398046544195|10995116310416|1646371615328|business associate
7696581397525|4398046514439|1627677270155|business associate
7696581397525|24843|1662601393415|business associate
9895604653078|6597069779747|1667165608395|business associate
12094627918630|3298534886228|1659100914634|business associate
10995116300854|2199023288896|1662667870084|business associate
1099511630871|8796093056161|1662359703894|business associate
13194139556407|10995116301164|1667296443728|business associate
13194139556407|8796093057011|1669562595745|business associate
6597069769752|1099511642046|1626602091501|business associate
6597069769752|1099511642018|1620214772258|business associate
3298534886425|2199023279284|1669112476614|business associate
3298534886425|14293651174280|1669611358202|business associate
1099511660875|22538|1605683099441|business associate
12094627928636|4398046545447|1671012781051|business associate
12094627928636|3298534886675|1655790501709|business associate
8796093025309|4398046513671|1668510522797|business associate
8796093025309|4398046514472|1637652383662|business associate
14293651194189|12094627908245|1671690893539|business associate
3102|2199023279655|1604277047690|business associate
3102|3298534905960|1613933990002|business associate
9895604663086|12094627919985|1663197849540|business associate
9895604663086|4398046544612|1651724880571|business associate
5497558161982|6597069770740|1632561308400|business associate
8796093055311|14293651194358|1669149458670|business associate
8796093055311|13194139566561|1671077835305|business associate
2199023268656|4398046524407|1660707686613|business associate
2199023268656|24486|1672254638381|business associate
12094627908641|4398046534192|1656630257498|business associate
12094627908641|12094627919017|1671021276510|business associate
2199023278658|14293651184845|1667801164920|business associate
7696581397539|10995116290537|1669734199588|business associate
7696581397539|14293651184550|1668173396385|business associate
13194139556419|8796093045581|1672271532872|business associate
9895604663092|2199023268543|1657095885079|business associate
9895604663092|9895604683255|1664907045923|business associate
12094627938644|8796093056650|1662291422731|business associate
13194139556421|6597069781238|1666800827676|business associate
13194139556421|3298534906869|1663738539452|business associate
7696581417542|2938|1650150187372|business associate
3298534916438|14199|1604804625654|business associate
1099511630887|8796093046169|1649827738559|business associate
12094627918647|5497558162321|1661518688949|business associate
4398046534216|12742|1633185793448|business associate
4398046534216|7696581429291|1644796184151|business associate
13113|1099511662584|1614255688713|business associate
13113|6597069789334|1667080755437|business associate
1099511640890|14293651174817|1669599895255|business associate
6597069769771|2199023270289|1656340085864|business associate
5497558141996|8796093056244|1647743358207|business associate
9895604683101|6597069780325|1644603734353|business associate
9895604683101|2199023258306|1661645628351|business associate
6597069769774|1099511631307|1628268020891|business associate
6597069769774|10995116301870|1656196622294|business associate
15393162811982|7696581398965|1669964421916|business associate
13194139536431|1099511632415|1667186152412|business associate
2199023288671|14293651185614|1663914126790|business associate
2199023288671|14293651193690|1669602253749|business associate
6597069769776|6597069801355|1669236243858|business associate
10995116300880|12094627929530|1658622248561|business associate
10995116300880|3298534917373|1663350542891|business associate
14293651194208|15393162812896|1671802366268|business associate
14293651194208|8796093045051|1671286855130|business associate
4398046514225|14293651174083|1667176872355|business associate
23121|4398046535408|1671848728103|business associate
23121|12094627919123|1668389689322|business associate
14293651194209|3298534896445|1671718375836|business associate
14293651194209|8796093045072|1669045647183|business associate
2199023288674|8796093046180|1647661666935|business associate
7696581407555|10995116290461|1653775971296|business associate
10995116310883|24563|1649761143333|business associate
10995116310883|6597069770643|1671615833452|business associate
6597069799781|8796093046626|1667219668295|business associate
14293651164214|12094627929530|1672513911031|business associate
14293651164214|5497558151396|1671973228360|business associate
13126|2199023259961|1609375164922|business associate
13126|4398046544633|1643376516390|business associate
4398046534230|13071|1629680598813|business associate
14293651174215|14293651194628|1668499159447|business associate
14293651174215|14727|1668512720445|business associate
3298534886456|9895604663758|1657469942261|business associate
1099511660904|4398046544753|1618661696104|business associate
13129|14293651174318|1664897070429|business associate
13129|8796093035881|1671624243377|business associate
10995116300889|32962|1657528117841|business associate
7696581427561|7696581417161|1635693878272|business associate
3298534886458|13194139566229|1668034291788|business associate
3298534916458|14293651164954|1670856685046|business associate
9895604663115|3298534897572|1656759626513|business associate
1099511660907|4398046524766|1652094389051|business associate
1099511660907|13194139547722|1661516953343|business associate
3298534886460|15393162822867|1670914874551|business associate
3298534886460|5497558161435|1650514072797|business associate
12094627938668|9895604653320|1666113728834|business associate
3298534886461|13194139537027|1669108960883|business associate
1099511640909|10995116291573|1659241761278|business associate
1099511640909|10995116312495|1667667793834|business associate
1099511650909|5497558163649|1650150482272|business associate
1099511650909|13194139556086|1662544078807|business associate
12094627938669|12094627929686|1671668792969|business associate
14293651164222|8796093026770|1672240490180|business associate
14293651164222|1099511662330|1665507058235|business associate
4398046524239|3298534897224|1639114918815|business associate
4398046524239|9895604664328|1664120644561|business associate
4398046544241|1099511630718|1644247502880|business associate
4398046544241|5497558163762|1615483005330|business associate
8796093035346|3298534917743|1652511666235|business associate
8796093035346|4561|1650976069889|business associate
12094627938674|1099511662406|1666602193532|business associate
12094627938674|5497558153154|1659748145448|business associate
2199023278691|14251|1632948424385|business associate
2199023278691|7696581428165|1650593047775|business associate
12094627928676|9895604654627|1658867399501|business associate
6597069769797|6597069799199|1649145145549|business associate
3298534916469|9895604654765|1645799318957|business associate
5497558152022|14293651184066|1670456193172|business associate
5497558152022|14293651174017|1666274676224|business associate
33144|2199023258280|1644710445370|business associate
1099511630921|9895604653584|1644900669858|business associate
9895604673129|13194139536878|1659483027887|business associate
6597069769802|6597069780209|1663308666192|business associate
4398046534250|13194139567460|1664298608147|business associate
4398046534250|3298534915851|1670736332613|business associate
8796093035355|8796093026147|1661466411769|business associate
8796093035355|7696581397291|1635991815674|business associate
6597069799803|7696581398441|1658416420779|business associate
6597069799803|23465|1629272741311|business associate
5497558162028|1099511661088|1652100719622|business associate
3298534886477|3298534907865|1624337568629|business associate
3298534916477|12094627929301|1663189465300|business associate
3298534916477|14293651174960|1671857013743|business associate
13150|10995116281255|1667085541760|business associate
12094627938686|10995116291724|1653483934422|business associate
12094627938686|4398046514816|1652842182936|business associate
13194139546463|5497558152565|1667674456436|business associate
9895604673136|14293651163827|1671638082040|business associate
9895604673136|1099511642531|1665744918779|business associate
12094627938688|2199023259342|1663528187049|business associate
12094627938688|3298534888313|1663831348735|business associate
2199023258706|32639|1642241386353|business associate
2199023258706|5497558142816|1651529957795|business associate
3298534896482|5497558162459|1649868749727|business associate
3298534896482|8796093056710|1636429158727|business associate
9895604673138|6597069771198|1652429971919|business associate
9895604673138|9895604682984|1655957704380|business associate
6597069799810|14293651194147|1672267158701|business associate
6597069799810|6597069800330|1650991349528|business associate
12094627918692|10995116301226|1669268586473|business associate
12094627938692|10995116282411|1667031272758|business associate
12094627938692|2199023278126|1654872443358|business associate
1099511630933|1099511661028|1605413769198|business associate
1099511630933|1099511661567|1659926562509|business associate
4398046524261|10995116282358|1662942796352|business associate
9895604663142|4398046535339|1651652475830|business associate
9895604673142|14293651186065|1670329428876|business associate
9895604673142|5497558153777|1644348380685|business associate
10995116310918|10995116290537|1669202011095|business associate
10995116310918|12094627928636|1671687741667|business associate
8796093025367|7696581417615|1645896396468|business associate
15393162812023|5497558152022|1669936016007|business associate
15393162812023|1099511640454|1671422155387|business associate
3298534916487|10995116311011|1665632628351|business associate
5497558152040|12094627920323|1663069979175|business associate
5497558152040|7696581429334|1670488491966|business associate
5497558162040|5497558172944|1650753122230|business associate
5497558162040|2199023258210|1643126875127|business associate
6597069779817|4439|1659182418529|business associate
6597069779817|13400|1663695638150|business associate
8796093045370|8796093025463|1653536571379|business associate
3298534906491|6597069790626|1654462043902|business associate
3298534886492|7696581417832|1635951572124|business associate
10995116290924|9895604654970|1648217842198|business associate
6597069799820|6597069780986|1624384292183|business associate
6597069799820|23455|1650647557267|business associate
5497558172045|4398046536024|1654679485598|business associate
5497558172045|6597069770941|1618251749288|business associate
8796093035374|13194139536824|1671987917925|business associate
6597069769824|10995116312722|1655719813746|business associate
6597069769824|1099511650536|1624137229447|business associate
8796093035377|10995116290974|1647162105993|business associate
13170|10995116290761|1654324709356|business associate
15393162792035|12094627908038|1672342707460|business associate
15393162792035|12094627938660|1672238183296|business associate
15393162802035|10995116302644|1672479006375|business associate
15393162802035|14293651165216|1672356484474|business associate
10995116310931|2199023288887|1668844866479|business associate
10995116310931|8796093045600|1651264273357|business associate
8796093025380|6597069801063|1638400652619|business associate
8796093025380|4398046515059|1667759623579|business associate
1099511660948|3298534897447|1643830903081|business associate
1099511660948|22946|1616813937883|business associate
1099511660949|7696581399091|1667410831037|business associate
15393162802038|12094627929607|1672426726097|business associate
4398046534278|7696581418797|1662313151004|business associate
4398046534278|6597069801172|1624608403195|business associate
5497558172054|34114|1669017745574|business associate
10995116290935|6597069771300|1657264346164|business associate
12094627908712|6597069790013|1664847815928|business associate
12094627908712|8796093056846|1658938621574|business associate
2199023278728|6597069769261|1666862026538|business associate
9895604683160|14926|1645769958706|business associate
9895604683160|2199023278728|1649961510416|business associate
1099511650954|5497558172611|1667930335050|business associate
6597069789835|3298534916236|1638833314267|business associate
6597069789835|9895604684574|1663259121614|business associate
6597069769837|8796093035623|1642397380797|business associate
6597069769837|4398046544821|1665720726826|business associate
6597069779837|14293651194403|1666720541414|business associate
6597069779837|12094627918550|1670511652800|business associate
3298534906509|5497558172549|1652950972448|business associate
3298534906509|9895604653107|1648987362206|business associate
14293651174271|9895604683514|1670106521098|business associate
6597069779840|7696581429232|1655789247266|business associate
6597069779840|32903|1623507973592|business associate
6597069799840|4398046535841|1670488338300|business associate
12094627908721|7696581418417|1659229506932|business associate
7696581407617|7696581427271|1659734801830|business associate
7696581407617|6597069780894|1634308501112|business associate
3298534886514|14293651184709|1670244291507|business associate
3298534906514|10995116291523|1670182491199|business associate
3298534906514|3298534907705|1624544241306|business associate
1099511640963|15393162813622|1672360187756|business associate
6597069799843|7696581397979|1641194693731|business associate
15393162812053|4398046544511|1672292090815|business associate
15393162812053|3466|1672442672376|business associate
15393162822053|1099511631968|1671018832128|business associate
15393162822053|12094627928745|1672409405200|business associate
12094627908726|3298534898080|1664245997889|business associate
12094627908726|4398046525923|1660813721134|business associate
8796093055398|8796093055499|1650602473733|business associate
8796093055398|7696581419009|1657640528121|business associate
2199023278743|6597069769998|1631224515893|business associate
2199023278743|8796093035794|1641107920020|business associate
14293651174280|1099511652693|1670923481236|business associate
13194139556504|5497558171787|1671638784390|business associate
12094627908729|8796093026233|1659178101692|business associate
13193|2199023278890|1632786371624|business associate
13193|7696581398756|1670983112263|business associate
12094627928729|7696581398835|1661506839663|business associate
5497558142074|9895604662899|1646704777937|business associate
5497558142074|8796093035720|1648299911155|business associate
1099511640970|14293651194009|1664775663336|business associate
7696581427626|10995116291047|1661512998052|business associate
7696581427626|9895604663557|1653452867708|business associate
1099511630971|15393162822970|1670657134846|business associate
9895604683179|7696581418332|1644312169239|business associate
9895604683179|13194139557203|1672120360574|business associate
14293651164284|3298534885955|1671600106888|business associate
9895604683180|14293651195670|1672115000091|business associate
3298534896526|12094627938587|1663262984454|business associate
3298534896526|1099511650909|1638653253186|business associate
9895604653183|5497558173816|1668154940151|business associate
14293651174287|1099511651561|1668966817137|business associate
14293651174287|8796093025415|1671305827755|business associate
2199023258752|10995116291114|1651766437839|business associate
2199023268752|14293651164162|1672470658216|business associate
4398046534304|32574|1654993929130|business associate
5497558172080|9895604682907|1655089605825|business associate
9895604663185|8796093044950|1654912999260|business associate
9895604663185|7696581398756|1664969363651|business associate
4398046544305|12094627920447|1661199104038|business associate
10995116300962|1099511651077|1666446547371|business associate
14293651194290|13194139546816|1667963160886|business associate
14293651194290|1099511661088|1665880284050|business associate
2199023278755|13194139556031|1663220695624|business associate
2199023278755|8796093035190|1637333388312|business associate
9895604653188|9895604664149|1643576275918|business associate
9895604663188|14293651165176|1671907815924|business associate
9895604663188|8796093036770|1659113773198|business associate
9895604663189|3298534917822|1648026700610|business associate
10995116300965|4398046534041|1653645261530|business associate
12094627938741|4398046525252|1668181094284|business associate
12094627938741|8796093026147|1660473728641|business associate
9895604653190|9895604682543|1666753072373|business associate
7696581407638|13194139548090|1664856996391|business associate
8796093025415|2199023278954|1651900029205|business associate
4398046534312|14293651173772|1669462822095|business associate
4398046534312|3298534907977|1664807078607|business associate
1099511630985|9895604664136|1664856758541|business associate
5497558152089|9895604682638|1638408911767|business associate
5497558152089|2199023288457|1652566970699|business associate
9895604663194|12094627939329|1671153600574|business associate
9895604663194|5497558161869|1652368523855|business associate
1099511650986|3298534897453|1621391358625|business associate
1099511650986|8796093045600|1658339898214|business associate
5497558172090|7696581398474|1656046926036|business associate
5497558172090|9895604662569|1659710285555|business associate
3298534886539|4398046525498|1627226970122|business associate
1099511650987|12094627939670|1662222980500|business associate
1099511650987|14293651174030|1670951247144|business associate
14293651194300|14293651165441|1665665308154|business associate
14293651194300|4815|1663644248866|business associate
6597069789870|5497558152369|1635392162150|business associate
13194139546527|4398046514240|1666853160016|business associate
13194139546527|5497558143056|1666532176952|business associate
6597069769872|10995116311101|1655984852486|business associate
2199023268768|2199023278847|1612145339660|business associate
4398046534320|7696581417799|1667252821343|business associate
4398046534320|7696581408333|1657922468857|business associate
5497558172096|15393162813622|1672059874575|business associate
5497558172096|7696581418895|1656440680768|business associate
1099511630994|6597069780628|1651578632313|business associate
2199023268770|1099511641658|1600849083955|business associate
2199023268770|9895604654060|1642235269040|business associate
8796093055427|7696581427499|1668085641012|business associate
5497558152100|14293651194300|1671518065610|business associate
23220|14293651175409|1666133628451|business associate
23220|5497558163699|1640715511981|business associate
7696581417653|5497558142294|1648270271511|business associate
10995116310981|7696581428663|1645597325007|business associate
10995116310981|7696581408956|1656426069177|business associate
4398046514326|14293651185225|1670259436503|business associate
3298534896551|4398046514922|1630541781945|business associate
6597069799880|2199023288628|1634021717488|business associate
6597069799880|5497558173274|1653629956063|business associate
2199023268777|13194139537782|1660710578148|business associate
2199023268777|4398046514367|1649721498989|business associate
1099511631002|14768|1666967596106|business associate
1099511631002|2199023259613|1630345604199|business associate
1099511641002|14293651195069|1668406919342|business associate
3298534916554|12094627918591|1663262787854|business associate
8796093025435|5497558143680|1655960801071|business associate
8796093025436|12094627938169|1656231617252|business associate
3298534896556|2199023269774|1661824184905|business associate
3298534896556|9895604662562|1650595463455|business associate
10995116300988|13194139537828|1663415102428|business associate
5497558152109|4398046545261|1641328660984|business associate
5497558152109|14293651164506|1670724970991|business associate
5497558142110|6597069770387|1665347345005|business associate
14293651174318|13194139566198|1669708058450|business associate
12094627938766|9895604653785|1668894472929|business associate
14293651174319|5497558173749|1670499065958|business associate
14293651174319|2199023279274|1667984902094|business associate
4398046514337|9895604674473|1659756781382|business associate
4398046514337|14642|1632456839004|business associate
13233|9895604673775|1646794873696|business associate
13233|4398046514791|1647063282680|business associate
7696581417665|3298534918301|1656550747296|business associate
4398046514338|5497558151513|1668066139012|business associate
4398046514338|4398046534953|1638895823431|business associate
2199023278786|9895604663869|1666758951131|business associate
7696581397667|2548|1630662577743|business associate
13194139546547|12094627908729|1672089699969|business associate
2199023278787|8796093025436|1645530109651|business associate
2199023278787|2199023258504|1634532051061|business associate
3298534916563|12886|1619976697720|business associate
4398046524340|13190|1617427904766|business associate
4398046524340|15393162823559|1672407435589|business associate
12094627928773|2199023259342|1662000617703|business associate
12094627928773|6597069770387|1667014914972|business associate
15393162822101|3298534906086|1672134211402|business associate
1099511661014|2199023280013|1650907572072|business associate
4398046514343|10995116312020|1665460813383|business associate
15393162812103|8796093045102|1672368057357|business associate
15393162812103|9895604653898|1672525837255|business associate
12094627908776|3298534888295|1652448275172|business associate
2199023268792|9895604654851|1656777505363|business associate
2199023268792|5497558173282|1666884340023|business associate
6597069789896|2199023280050|1648177477576|business associate
6597069789896|2199023258819|1667393892149|business associate
13194139566552|12094627910259|1666113917740|business associate
13194139566552|6597069799304|1669322986697|business associate
5497558172122|10995116290277|1668542312525|business associate
14293651184331|13194139547062|1667122441820|business associate
14293651184331|8796093025121|1667701477408|business associate
5497558152124|5497558172607|1654987856900|business associate
5497558152124|24850|1655010809584|business associate
6597069789903|2199023290307|1627990058193|business associate
12094627928785|12094627918058|1665845962333|business associate
12094627928785|13194139566535|1670508606770|business associate
13194139566561|3298534886799|1669510569261|business associate
13194139566561|12094627909717|1659850068077|business associate
4398046524354|5497558143831|1671491608313|business associate
4398046524354|4398046533899|1668142338580|business associate
13194139536563|13194139536535|1660537122565|business associate
13194139536563|9895604674467|1670013649681|business associate
10995116311011|10995116290789|1660597139965|business associate
10995116311011|9895604653407|1650539116854|business associate
12094627918788|8796093056160|1662572764050|business associate
10995116301012|5497558161923|1671910616531|business associate
10995116301012|1099511660314|1663784319574|business associate
1099511661028|2199023260375|1650016314418|business associate
14293651174341|14293651194286|1671620127984|business associate
3298534916581|12094627929614|1664829476358|business associate
3298534916581|9895604683992|1657994374800|business associate
14293651184342|12094627919254|1672442057768|business associate
6597069789911|4398046533898|1640023678568|business associate
6597069789911|9895604654858|1646715528091|business associate
8796093055463|1099511660708|1645841628197|business associate
8796093055463|3485|1645082817003|business associate
1099511661032|6597069769311|1661698449577|business associate
1099511661032|6597069779233|1660724554902|business associate
10995116281018|14293651184516|1667346727096|business associate
7696581427690|2199023268598|1635131159447|business associate
9895604663243|13743|1648971127585|business associate
9895604663243|13194139557941|1661790655256|business associate
12094627908796|8796093045307|1671619684179|business associate
12094627918796|3298534887900|1665473765878|business associate
12094627918796|5497558142256|1656749160832|business associate
23260|2199023280417|1602504931626|business associate
3298534916588|1099511630718|1616038964564|business associate
13194139536573|7696581427843|1668683040744|business associate
8796093035469|5497558161799|1665216047251|business associate
8796093035469|3298534916699|1663412574226|business associate
13194139536574|7696581398900|1663569670955|business associate
13194139536574|6597069769459|1668111015442|business associate
4398046514367|5497558162259|1644170104364|business associate
4398046514367|1099511632497|1646728813890|business associate
6597069779919|7696581408334|1637026562007|business associate
6597069799919|5497558173827|1622699518211|business associate
6597069799919|3298534896275|1660394525208|business associate
5497558152144|5497558161742|1652131547407|business associate
3298534906592|9895604663818|1653140300665|business associate
3298534906592|14293651183741|1670129940732|business associate
5497558162145|5497558173598|1615176091566|business associate
5497558162145|12094627929301|1669745029901|business associate
15393162822129|5497558142660|1671963900706|business associate
15393162822129|9895604682840|1672172512174|business associate
2199023258818|10995116300592|1655774211513|business associate
8796093045474|2199023270312|1647280348428|business associate
8796093045474|23876|1665314052771|business associate
15393162812131|7696581397512|1672205732589|business associate
3268|34176|1638198192465|business associate
3268|3298534896794|1643017677541|business associate
12094627918805|12094627928316|1671625954947|business associate
12094627918805|8796093055556|1657645473474|business associate
10995116301029|12094627929607|1665813855655|business associate
12094627938805|4398046525764|1671614505991|business associate
12094627938805|3298534887471|1665192041888|business associate
6597069789927|8796093025675|1655579256997|business associate
8796093025480|8796093047003|1640508639648|business associate
12094627908809|9895604663514|1663241873061|business associate
3298534906601|32767|1634859062598|business associate
4398046544377|5497558171422|1670156800225|business associate
8796093035482|13194139537720|1666346208371|business associate
8796093035482|6597069770782|1667015006092|business associate
2199023268827|12094627929745|1660006332044|business associate
2199023268827|5497558163619|1644594135981|business associate
10995116301035|14293651185171|1667439399021|business associate
10995116301035|13194139546029|1660713907817|business associate
8796093055483|15393162813588|1671995360417|business associate
15393162802140|5497558143370|1670382420263|business associate
9895604673260|6597069770959|1641919461498|business associate
9895604673260|1099511642353|1648901370575|business associate
9895604683260|2199023280417|1654352168468|business associate
3278|15393162812023|1671586456227|business associate
12094627908815|7696581409247|1654988787146|business associate
2199023278831|3298534916979|1635387057490|business associate
2199023278831|3298534907827|1670228560135|business associate
2199023258832|4398046545934|1633317621152|business associate
2199023268832|13194139567812|1665132922960|business associate
3281|7696581397111|1637116594579|business associate
3281|4398046515491|1612392223254|business associate
2199023268833|6597069799820|1656727180825|business associate
3298534906609|13400|1645213470723|business associate
3298534906609|24486|1660017258495|business associate
10995116311041|6597069769308|1646073444204|business associate
10995116311041|12094627909689|1666482958551|business associate
14293651164370|2199023289387|1670452037467|business associate
14293651164370|3298534916055|1667274481469|business associate
3298534886611|8796093026753|1642521359349|business associate
10995116301043|2199023259290|1655745815108|business associate
14293651164372|8796093046374|1667877898914|business associate
14293651164372|4398046534170|1668081419028|business associate
3298534886613|4398046524856|1622947150187|business associate
7696581407717|9895604682577|1644370554390|business associate
7696581407717|15393162803033|1672128487595|business associate
4398046544389|2199023270245|1642124083013|business associate
9895604653270|3298534906168|1660537813878|business associate
9895604653270|14293651184598|1667972680241|business associate
13194139556598|2608|1658514566356|business associate
4398046544390|1099511662545|1628695804354|business associate
7696581397719|15393162823236|1672204798405|business associate
10995116311047|3298534907586|1652705488011|business associate
10995116311047|10995116311008|1661697857213|business associate
9895604663272|23877|1660335913893|business associate
12094627928824|5497558151793|1669531856141|business associate
6597069799944|6597069799273|1655453203826|business associate
4398046514394|1099511661325|1626072285538|business associate
4398046514394|14326|1636798789045|business associate
15393162812154|3298534896628|1672137893592|business associate
15393162812154|6597069771517|1672394218933|business associate
13194139536603|5497558153644|1670238798025|business associate
8796093035499|7696581427882|1667103719678|business associate
8796093035499|7696581417913|1643084837741|business associate
8796093055499|13194139537100|1658365151174|business associate
8796093055499|4398046515363|1663311406243|business associate
2199023258844|8796093025367|1632968214726|business associate
2199023258844|1099511641400|1636930928302|business associate
2199023268844|15393162793132|1669793309205|business associate
2199023268844|10995116300496|1650679079776|business associate
6597069789948|9895604673656|1651841393215|business associate
6597069789948|1099511631534|1627392682339|business associate
10995116311053|33921|1662828457185|business associate
10995116311053|7696581417753|1666316917758|business associate
6597069779950|6597069790319|1666570072431|business associate
9895604673278|12094627938692|1663918055154|business associate
1099511641071|7696581428245|1638471854320|business associate
1099511641071|8796093036224|1652909324585|business associate
2199023278847|13194139547414|1662663185849|business associate
3296|7696581428557|1630995731493|business associate
7696581417728|10995116291928|1658529286909|business associate
8796093025505|5497558141582|1666693273805|business associate
15393162812161|6597069769547|1670262135575|business associate
15393162812161|6597069770212|1671130348751|business associate
8796093055505|9895604664698|1662726297940|business associate
3298534916626|5497558162569|1618605780177|business associate
7696581397731|8796093047135|1642996424161|business associate
1099511641075|32978|1651614147644|business associate
12094627938835|15393162802789|1672114856268|business associate
3298534896628|9895604682830|1662593675404|business associate
3298534896628|15393162791406|1672273276920|business associate
5497558162180|1099511642715|1653186559239|business associate
5497558162180|3449|1638240237397|business associate
8796093035509|1099511630356|1667951444312|business associate
8796093035509|6597069780801|1656269327017|business associate
8796093025510|1099511631421|1670944014798|business associate
8796093025510|3298534917090|1646689090944|business associate
13194139546614|2199023279301|1667548352231|business associate
15393162792167|12094627919029|1672397442115|business associate
3298534906631|3298534887110|1635417516552|business associate
8796093025512|5497558163834|1634554218825|business associate
8796093025512|5497558172566|1640228596119|business associate
7696581417736|15393162801428|1672485831811|business associate
7696581417736|3298534886899|1634589901666|business associate
5497558142185|9895604674255|1637717251588|business associate
8796093035514|10995116280490|1669985299407|business associate
8796093035514|6597069770142|1669650876134|business associate
5497558162186|7696581428961|1667619223048|business associate
14293651194394|2199023289559|1672337114075|business associate
12094627928843|1099511641898|1660824942567|business associate
5497558142188|13194139538238|1662478665316|business associate
5497558142188|8796093046586|1659019559985|business associate
13308|23926|1634406397785|business associate
13194139566620|10995116291686|1661864299945|business associate
13194139566620|3298534897194|1657935306888|business associate
3309|3298534905975|1655489524744|business associate
4398046534413|7696581408510|1636733712526|business associate
4398046534413|4398046535534|1630320509775|business associate
4398046524414|6597069799396|1659282651884|business associate
3298534916638|14293651195122|1669182470219|business associate
3298534916638|12094627919991|1672050515867|business associate
8796093045519|3298534907211|1647152532595|business associate
6597069769968|1099511660803|1656464108417|business associate
6597069769968|9895604684861|1669591590985|business associate
9895604673296|6597069791387|1637497914026|business associate
1099511661088|4398046534177|1658110022734|business associate
6597069779969|3298534916554|1649109256519|business associate
13194139556625|3298534895914|1669138985715|business associate
14293651164403|6597069779662|1666189681181|business associate
14293651174403|5497558143717|1669342308095|business associate
14293651174403|5497558172733|1671395523126|business associate
14293651194403|10995116290842|1670248151375|business associate
10995116301077|12094627909370|1665556112498|business associate
10995116301077|8796093045915|1659617044538|business associate
1099511661093|4398046523755|1667391802960|business associate
1099511661093|15393162811705|1672452899883|business associate
10995116301078|2199023260176|1670224825934|business associate
10995116301078|2199023279284|1657378144385|business associate
8796093055526|10995116301963|1652930005921|business associate
13319|5497558173552|1615940285010|business associate
3298534906647|8796093026093|1638975765128|business associate
3298534906647|14293651164440|1670741473320|business associate
2199023288871|14293651184709|1669323666610|business associate
6597069799976|9895604684211|1666685572794|business associate
9895604653305|6597069790313|1651996638645|business associate
14293651174409|3298534897158|1670261828527|business associate
14293651174409|15393162801664|1671225346795|business associate
3298534916649|5497558172611|1625145428535|business associate
3298534916649|15393162813455|1670468198325|business associate
5497558172202|5497558162504|1646913220475|business associate
12094627908859|15393162791734|1671490350929|business associate
9895604663307|10995116301850|1666667754709|business associate
9895604663307|5497558173032|1667253926144|business associate
3298534916651|15393162803033|1671523313306|business associate
4398046514428|15393162793841|1672159771152|business associate
4398046514428|2199023268648|1670467408124|business associate
8796093055532|3298534906421|1644380960216|business associate
4398046544429|14293651165989|1670771720758|business associate
4398046544429|34568|1638018798503|business associate
5497558162207|8796093046954|1661261912084|business associate
2199023288879|14293651184331|1671685916142|business associate
13194139556640|2199023280510|1664745115530|business associate
4398046514434|4398046545449|1641491020952|business associate
4398046514434|10995116281482|1652107266376|business associate
7696581427762|9895604664107|1671975163362|business associate
5497558152211|14293651165716|1670890668087|business associate
5497558152211|14293651193774|1667746430727|business associate
4398046534435|8796093025330|1665291735914|business associate
33331|8796093046028|1651795477886|business associate
13194139536644|4398046525654|1660995189184|business associate
13194139536644|14293651185480|1672159763757|business associate
12094627918869|10995116290506|1653321236418|business associate
12094627918869|9895604654726|1666948951208|business associate
7696581417765|32978|1626352925999|business associate
6597069769990|5497558143426|1667301244417|business associate
6597069769990|12094627919958|1663535873869|business associate
8796093045542|7696581397719|1649171745587|business associate
4398046544438|7696581419238|1660366350219|business associate
4398046514439|14293651185170|1669548578478|business associate
4398046514439|7696581408958|1670055095063|business associate
13194139546647|4398046514931|1669929258530|business associate
13194139546647|34132|1666693626608|business associate
13194139556647|14293651174256|1668030586128|business associate
13194139556647|3847|1671658617178|business associate
14293651164426|3298534908062|1666429829420|business associate
14293651164426|3298534906040|1666632360717|business associate
2199023278890|5497558151698|1634043511314|business associate
6597069779995|12094627919468|1671363757258|business associate
10995116301099|34907|1654281742641|business associate
3298534886669|10995116281080|1669851271232|business associate
3298534886669|14293651164836|1668666441547|business associate
15393162812205|23926|1671968202934|business associate
15393162812205|4398046525963|1669934421158|business associate
10995116311101|8796093026407|1653577023370|business associate
10995116311101|6597069780086|1666913619172|business associate
7696581407774|8796093035726|1653110877131|business associate
23342|2199023268179|1636070174540|business associate
12094627918879|7696581407329|1669164435872|business associate
12094627918879|7696581398748|1653446134504|business associate
14293651194431|10995116300397|1672129254165|business associate
14293651194431|2199023290397|1669980551062|business associate
3344|12094627919232|1652478308095|business associate
12094627918880|1099511642462|1654937652298|business associate
12094627918880|6597069800191|1666684299470|business associate
23344|10995116281088|1648747275262|business associate
23344|2199023268063|1670171773935|business associate
2199023288896|8796093036664|1655371685118|business associate
2199023288896|8796093036543|1666584935912|business associate
2199023268897|10995116301963|1658570760784|business associate
15393162802211|1099511650920|1672528991338|business associate
15393162802211|14293651184517|1672500080018|business associate
14293651184436|13194139557263|1670964402979|business associate
14293651184436|10995116301865|1669507528821|business associate
5497558152229|12094627909672|1660581251212|business associate
6597069800005|23372|1639486166249|business associate
10995116281110|9895604663741|1660781511416|business associate
10995116281110|15393162812081|1672510125547|business associate
9895604663334|24850|1672156985454|business associate
12094627928886|13194139556800|1667676999045|business associate
3351|10995116301234|1653125999466|business associate
13194139556664|15393162822867|1672107374944|business associate
13194139556664|9895604664163|1671461963604|business associate
12094627938888|8796093046853|1670126678215|business associate
1099511631129|34691|1659813972236|business associate
2199023278905|2199023279082|1628154420774|business associate
2199023278905|13194139558055|1669822317469|business associate
9895604683337|4398046524452|1661885268262|business associate
5497558142234|12094627910384|1656256812886|business associate
10995116291114|8796093026147|1671792796969|business associate
10995116291114|9895604683475|1670148453369|business associate
1099511651130|7696581427323|1656133724112|business associate
8796093025563|14293651185217|1671998423254|business associate
8796093025563|3298534887349|1657120934817|business associate
4398046524459|7696581418179|1627869892174|business associate
4398046524459|13194139557553|1667102202395|business associate
9895604673340|6597069771102|1652603209089|business associate
9895604673340|3298534898080|1671056615447|business associate
4398046544461|8796093056586|1640088096078|business associate
4398046544461|5497558163481|1637840896495|business associate
6597069790015|13194139557815|1663221824233|business associate
14293651184448|5497558142824|1672226812842|business associate
14293651184448|1099511662564|1667192057573|business associate
9895604653345|14293651185054|1670242733230|business associate
3298534896689|7696581399073|1632254117819|business associate
7696581397794|14293651184436|1672489188588|business associate
7696581397794|3298534896107|1653380941606|business associate
14293651184450|3298534886436|1671324204624|business associate
14293651184450|13194139536842|1669104814633|business associate
33362|8796093036731|1642178903432|business associate
13194139536675|14284|1669655839134|business associate
13194139536675|14293651174753|1669042591276|business associate
15393162812227|3298534887424|1672396742843|business associate
1099511661139|14293651174938|1665199629383|business associate
8796093025572|3298534886976|1651492570513|business associate
4398046524470|8796093035098|1663323641758|business associate
4398046524470|10995116300658|1651823605824|business associate
33366|8796093054946|1645888746937|business associate
33366|10995116280497|1672341411057|business associate
4398046514471|6597069790080|1617901292485|business associate
4398046514471|9895604672936|1655118999566|business associate
33367|7696581418771|1658859713556|business associate
10995116301128|14293651174733|1672014157735|business associate
8796093035577|4398046525843|1645157202497|business associate
8796093035577|2199023268390|1655576629691|business associate
3298534896700|8796093035355|1670373881891|business associate
23372|7696581397189|1652506018422|business associate
2199023288924|15393162822579|1671936744968|business associate
8796093045581|14293651165006|1669105547836|business associate
6597069800029|7696581409031|1651946197592|business associate
4398046514478|1099511631882|1606330899009|business associate
5497558172254|7696581407022|1668821924391|business associate
2199023258927|5497558163044|1654078112888|business associate
8796093055583|10995116311129|1667705762391|business associate
8796093055583|7696581418640|1671333527200|business associate
13376|8796093046710|1659524968254|business associate
13376|9895604673199|1665631845072|business associate
4398046534480|2199023289112|1659507816566|business associate
10995116311136|2199023289559|1659123620634|business associate
5497558152257|9895604674255|1663719628895|business associate
5497558152257|10995116291618|1669845106660|business associate
14293651184465|8796093027204|1666728006613|business associate
14293651184465|10995116310270|1667857093938|business associate
13194139546690|8796093026853|1670130942697|business associate
13194139546690|14293651195573|1671015012873|business associate
14293651164467|13194139546544|1670932404368|business associate
4398046524484|12094627909135|1659849262531|business associate
4398046524484|2199023279011|1610385967540|business associate
4398046534484|4398046535632|1646607338641|business associate
4398046534484|8796093037120|1657443222758|business associate
10995116311140|12094627928308|1668057511638|business associate
10995116311140|13194139555964|1666527808099|business associate
6597069800039|12536|1630496868848|business associate
8796093055592|7696581427013|1634835570855|business associate
8796093055592|6597069770062|1654034262193|business associate
5497558142265|10995116291283|1656775311936|business associate
3298534896713|6597069789573|1629365817900|business associate
3298534896713|10995116282377|1661596239375|business associate
10995116311145|5497558172169|1659348905604|business associate
13194139546698|15393162812513|1672326280289|business associate
13194139546698|13194139537329|1661937286345|business associate
6597069800042|15393162801838|1669848962816|business associate
10995116301147|13194139537218|1668855134739|business associate
10995116301147|14293651165204|1666858162664|business associate
1099511651164|5497558162618|1613750919785|business associate
7696581427820|1099511652741|1627770700403|business associate
23389|8796093027181|1669651630946|business associate
8796093035598|10995116300278|1661272397341|business associate
9895604653375|10995116291608|1663909645336|business associate
9895604653375|23047|1659068564477|business associate
1099511641167|10995116302046|1661982224538|business associate
1099511641167|12094627919464|1667495763007|business associate
2199023258944|9895604674491|1662676434504|business associate
12094627918928|22705|1669060916482|business associate
12094627918928|8796093055814|1668519538719|business associate
8796093045600|8796093035509|1636603856349|business associate
4398046524498|3298534886325|1640158351034|business associate
4398046524498|1099511662330|1608322945923|business associate
15393162812258|4398046534745|1670506762686|business associate
4398046534499|4398046514434|1638016006235|business associate
4398046534499|4398046525422|1659616679870|business associate
8796093025604|6597069799464|1661041483012|business associate
2199023288948|3298534916086|1609195515705|business associate
6597069770053|3298534916424|1668832486639|business associate
6597069770053|12094627939268|1660937736991|business associate
23397|2199023288866|1647572626709|business associate
23397|9895604672763|1669241538071|business associate
9895604673382|12094627939512|1658987013474|business associate
9895604673382|13194139567295|1663994391115|business associate
5497558142279|12094627909748|1665641905715|business associate
5497558142279|4398046544086|1665270774190|business associate
5497558162279|7696581398116|1669315461201|business associate
7696581427831|4398046534459|1646203423250|business associate
15393162792264|1099511652086|1669473998234|business associate
15393162792264|2199023259580|1671357486923|business associate
5497558172280|13194139556211|1670884095418|business associate
13194139546713|12094627918255|1664726866702|business associate
12094627928937|23868|1670763669497|business associate
12094627928937|34786|1665229323326|business associate
5497558172281|13194139546547|1659358098297|business associate
3298534886730|3298534917719|1654510092417|business associate
2199023278954|3298534896381|1655733632581|business associate
2199023278954|5497558143776|1642423833257|business associate
7696581427835|2199023289166|1639263446591|business associate
2199023258957|12094627918338|1668227009040|business associate
2199023258957|3298534886784|1662094775080|business associate
14293651174493|10995116312613|1664788188879|business associate
7696581427838|7696581417178|1641090779479|business associate
7696581427838|8796093036406|1643294553258|business associate
9895604653391|13194139567598|1661249442056|business associate
9895604653391|3298534897844|1656355428992|business associate
10995116311168|6597069800146|1646001448904|business associate
10995116311168|7696581399189|1653657322597|business associate
1099511641185|12094627928676|1657491345045|business associate
3298534916737|15393162802309|1672249579299|business associate
3298534916737|4398046524798|1661677671011|business associate
7696581407842|4398046544494|1635032297092|business associate
2199023258963|13194139556379|1670783705084|business associate
13411|15393162823038|1669707262759|business associate
14293651184499|10995116311140|1670126311965|business associate
7696581427843|5497558153830|1655790958432|business associate
7696581427843|5497558172804|1645068072510|business associate
9895604673397|1099511660708|1666878727960|business associate
9895604673397|3298534896628|1660306470241|business associate
4398046544517|1099511632375|1662333727190|business associate
5497558142294|10995116301896|1657367686027|business associate
5497558142294|5497558172108|1648771582833|business associate
8796093035623|5497558143426|1646254970999|business associate
8796093035623|13194139546999|1670308029847|business associate
10995116301175|9895604682739|1658111727400|business associate
10995116301175|3855|1663231470328|business associate
15393162822279|3158|1671183949381|business associate
15393162822279|1099511652627|1671825713947|business associate
2199023258968|2199023268247|1660734357630|business associate
2199023258968|7696581429133|1624881728586|business associate
1099511641192|12094627928308|1667290763941|business associate
13194139536729|12094627938067|1669299142046|business associate
13194139536729|14293651173993|1667659420305|business associate
10995116301177|10995116302500|1650176620644|business associate
10995116301177|2199023288273|1667572264795|business associate
1099511661193|14293651164123|1671172716858|business associate
1099511661193|1099511640837|1595389462859|business associate
14293651184506|1099511640444|1669708910708|business associate
14293651184506|5497558141475|1669151662529|business associate
2199023278971|7696581428165|1659019487527|business associate
2199023278971|15393162801569|1672192078756|business associate
6597069800075|4398046534428|1626646232724|business associate
6597069800075|12094627929530|1656147636171|business associate
7696581397852|10995116290783|1655987459423|business associate
7696581397852|5497558142785|1654096070014|business associate
5497558152300|9895604662532|1657402235239|business associate
5497558152300|6597069791116|1656338617183|business associate
12094627938956|13194139537930|1671027289572|business associate
12094627938956|10995116291612|1657895564954|business associate
12094627908957|9895604663505|1661153981200|business associate
4398046534525|8796093036543|1641110856859|business associate
4398046534525|8796093035188|1634303221139|business associate
2199023278974|1099511660973|1652349898055|business associate
2199023278974|15393162801745|1672288495991|business associate
9895604653407|8796093036064|1667399188372|business associate
6597069790079|1099511662243|1631900819255|business associate
2199023258976|3752|1665531717181|business associate
3298534896754|5497558172466|1625181252080|business associate
4398046514531|9895604684211|1647445202673|business associate
4398046514531|14293651163864|1672277022268|business associate
9895604663412|13194139558218|1669707637247|business associate
9895604663412|6597069800504|1650625202398|business associate
5497558172308|1099511642306|1637240330396|business associate
3429|13194139568184|1660202400615|business associate
14293651184517|10995116302353|1671745751330|business associate
14293651184517|3298534917635|1671619434224|business associate
6597069780086|7696581418180|1671047974140|business associate
6597069780086|10995116282280|1665266551728|business associate
12094627908967|4398046525843|1666238198996|business associate
12094627908967|8796093056802|1659828265493|business associate
4398046524535|12094627929155|1670445946418|business associate
4398046524535|2199023269013|1625699038835|business associate
1099511661207|7696581407575|1651794122013|business associate
1099511661207|4398046543857|1661262771833|business associate
2199023268984|6597069769274|1627603714913|business associate
15393162812296|2199023279219|1671197423245|business associate
15393162812296|15393162813036|1672286657337|business associate
5497558162313|1099511660865|1658923171175|business associate
5497558162313|22888|1643586859772|business associate
12094627938969|6597069801611|1663615566969|business associate
10995116291195|8796093025144|1656859345418|business associate
10995116291195|2199023289088|1668792135569|business associate
12094627908972|2199023290101|1659605146133|business associate
12094627908972|13076|1655518917311|business associate
9895604683420|5497558171706|1649817604728|business associate
1099511631213|34294|1629862550794|business associate
2199023278989|13194139547099|1661220353148|business associate
12094627928974|3298534916737|1658138672078|business associate
12094627928974|13194139547070|1667652225583|business associate
12094627908975|9895604682934|1664980314458|business associate
12094627908975|13194139557381|1672318985399|business associate
10995116291199|4398046545714|1670995682141|business associate
10995116291199|1099511632536|1658627679703|business associate
13194139566751|2199023290069|1666013815984|business associate
13194139546752|14293651174409|1672511115464|business associate
1099511661216|8796093046026|1634204698886|business associate
5497558162321|8796093046526|1642329927274|business associate
5497558162321|5497558173636|1646430441164|business associate
15393162792307|7696581408643|1670072770915|business associate
7696581407875|7696581407022|1645193534463|business associate
23443|13194139567765|1663618715544|business associate
23443|23956|1620634320061|business associate
4398046524548|10995116290837|1664389483437|business associate
4398046524548|5497558171932|1637778017252|business associate
1099511651220|9895604664536|1667003902757|business associate
14293651194532|12094627919902|1666904353592|business associate
14293651194532|3298534888042|1666813382566|business associate
7696581397877|7696581397952|1657149569956|business associate
2199023278997|5497558161670|1662264530124|business associate
5497558172325|14293651183663|1668065939854|business associate
9895604653430|2199023278786|1651551866421|business associate
2199023288998|12094627939680|1665496965555|business associate
8796093045655|14712|1667045089198|business associate
8796093045655|2199023278404|1668383407218|business associate
6597069800103|1099511631865|1631193472196|business associate
5497558172328|8796093025360|1638727528469|business associate
3449|9895604652685|1664139659218|business associate
3449|13194139548014|1665699939257|business associate
2199023269002|12094627910228|1668553215703|business associate
7696581427882|14293651164838|1669604122083|business associate
7696581427882|8796093026068|1642074676198|business associate
8796093045659|1099511650920|1636294581781|business associate
13194139536764|14293651165876|1670145714615|business associate
14293651164541|2199023279284|1671880034014|business associate
14293651164541|7696581428472|1666940738397|business associate
7696581407887|6597069800885|1651654624316|business associate
7696581407887|15393162802126|1671365258904|business associate
23455|4398046513818|1633990614038|business associate
23455|1099511650932|1592770790987|business associate
23456|8796093057160|1665699052613|business associate
23456|9895604663015|1654952205142|business associate
9895604683440|15393162822210|1671051038820|business associate
33457|10995116312701|1660850455585|business associate
33457|6597069789210|1650866031053|business associate
14293651164546|8796093046121|1668519765439|business associate
14293651164546|10995116281281|1669255178114|business associate
8796093045666|3298534916056|1654020162722|business associate
4398046514564|10995116302014|1662132362033|business associate
4398046514564|8796093046139|1652644705991|business associate
2199023269013|14293651174046|1670481441590|business associate
2199023269013|13194139547428|1672289768954|business associate
8796093045669|15393162791863|1671292919696|business associate
8796093045669|8796093056490|1661119840914|business associate
13194139536774|9895604682937|1672234635111|business associate
4398046544566|23502|1624142557975|business associate
4398046544566|7696581427393|1653006228733|business associate
2199023259015|12094627910150|1655321771204|business associate
2199023259015|7696581417432|1655553620997|business associate
8796093055671|7696581408133|1646515273986|business associate
8796093055671|12094627918788|1657785904445|business associate
12094627909000|10995116312259|1672148022538|business associate
12094627909000|14293651194925|1672490280050|business associate
13194139556776|9895604673017|1663039948242|business associate
15393162792329|1099511661540|1671960832082|business associate
3466|12094627938396|1670879041495|business associate
3298534896794|15393162802666|1670422328589|business associate
5497558152347|13194139567185|1664447471297|business associate
13194139536780|7696581398110|1662862232506|business associate
13194139536780|8796093035810|1671740526993|business associate
13194139536781|8796093026592|1671382370105|business associate
13194139536781|9895604662489|1658542561481|business associate
4398046524573|14312|1652858974433|business associate
4398046524573|13194139557873|1668393122828|business associate
3470|15393162823178|1671765144589|business associate
3298534886799|1099511640512|1603995647799|business associate
3298534886799|6597069771198|1622190565875|business associate
9895604683455|14293651194068|1672518719201|business associate
5497558142352|3298534896551|1628591116380|business associate
4398046524576|4398046543869|1622145328074|business associate
4398046524576|2199023290031|1626143201100|business associate
3298534896801|6597069789367|1645854227860|business associate
3298534896801|8796093056366|1666904845490|business associate
7696581417905|1099511661330|1637586266591|business associate
4398046544578|3298534897197|1623759091049|business associate
4398046544578|13194139566142|1671935640384|business associate
9895604663459|10995116291612|1658047344420|business associate
9895604663459|32639|1641940562159|business associate
3298534916803|8796093026449|1669331497281|business associate
3298534916803|10995116312497|1652719531762|business associate
6597069770132|12094627910123|1661240350387|business associate
12094627919012|14293651173772|1670965699348|business associate
12094627919012|13194139556482|1666239501555|business associate
1099511651252|4398046524163|1628428606252|business associate
4398046514581|6597069800565|1625216766591|business associate
4398046514581|6597069780800|1658936567815|business associate
2199023289029|13194139547632|1670923653738|business associate
2199023289029|12094627919464|1656168804067|business associate
10995116291238|5497558153089|1650791430077|business associate
10995116291238|14276|1650769801674|business associate
14293651184566|8796093035227|1671018637271|business associate
4398046544582|9895604663094|1656420155205|business associate
13479|9895604683705|1656910425026|business associate
7696581407912|15393162801401|1671638550659|business associate
7696581407912|10995116302200|1649181925907|business associate
4398046544585|8796093026311|1638934767767|business associate
9895604673466|15393162823506|1672135913227|business associate
9895604673466|5497558153382|1644438036386|business associate
3298534886811|8796093027148|1640960678365|business associate
3298534886811|6597069791624|1653892380915|business associate
1099511631260|15393162813712|1671458355628|business associate
1099511631260|13194139556416|1667001640188|business associate
8796093055692|2199023258963|1640758621641|business associate
3485|2199023288998|1622025640427|business associate
1099511651261|2199023258183|1664277231087|business associate
1099511651261|13194139536875|1662049115106|business associate
12094627939021|6597069770263|1669176255922|business associate
6597069770142|10995116290935|1666194747485|business associate
6597069770142|3298534907016|1628675080637|business associate
3298534896814|10995116312716|1670334558900|business associate
3298534896814|7696581418683|1640936693343|business associate
8796093055694|1099511641553|1661952181336|business associate
8796093055694|1099511632580|1630454111851|business associate
8796093035695|5497558163535|1644510977831|business associate
8796093035695|4398046525497|1647386350617|business associate
6597069770144|13194139556647|1665466428367|business associate
13194139556800|8796093036643|1671929744524|business associate
13194139556800|4398046523961|1666635525694|business associate
1099511631265|4398046525884|1630057060214|business associate
1099511631265|15393162822579|1671975682550|business associate
10995116301249|3298534888042|1655912539084|business associate
10995116301249|3298534916916|1672320932475|business associate
10995116311249|6597069799382|1655856183754|business associate
10995116311249|10995116302703|1653713727739|business associate
1099511631266|9895604664796|1647943680958|business associate
10995116281252|24969|1646025739926|business associate
6597069780148|22738|1624543599210|business associate
6597069780148|8796093046672|1652384388697|business associate
12094627919029|14293651174708|1671932312007|business associate
8796093035702|5497558172080|1668450834577|business associate
12094627919033|12094627908277|1657535051834|business associate
12094627919033|12094627938913|1671969660592|business associate
23497|8796093055937|1642393286957|business associate
10995116281258|8796093055645|1669795039519|business associate
10995116281258|10995116290321|1669458469384|business associate
7696581427930|6597069799382|1652743605723|business associate
2199023259053|7696581427779|1657583792012|business associate
2199023259053|8796093036670|1659159075280|business associate
23502|8796093035469|1657216147630|business associate
2199023289054|8796093034817|1667627728775|business associate
3503|10995116291836|1649398172619|business associate
3503|4398046544390|1655958553293|business associate
7696581417935|13194139547902|1669323580497|business associate
7696581417935|1099511642353|1640093747500|business associate
13194139546816|6597069771573|1672431041056|business associate
5497558172384|6597069800331|1669761046641|business associate
5497558172384|3298534887054|1641076145835|business associate
13194139556817|12094627928421|1665053534078|business associate
5497558172385|3298534898191|1661363767656|business associate
2199023259058|10995116291157|1655249791284|business associate
7696581407938|1099511631266|1634703448259|business associate
7696581427938|1099511632508|1625500215809|business associate
2199023279059|6597069769990|1672016306484|business associate
2199023279059|22568|1644690571551|business associate
2199023269060|12094627919993|1665979116937|business associate
4398046544612|10995116311830|1653316381346|business associate
4398046544612|1099511640760|1669022198749|business associate
6597069770165|2199023269091|1635984056006|business associate
3298534916837|10995116290491|1654738591797|business associate
3510|15393162802511|1671162828850|business associate
15393162802375|5497558142188|1672108142605|business associate
15393162802375|7696581398625|1672498498819|business associate
9895604673495|34262|1651540691936|business associate
9895604673495|4398046514053|1669013682291|business associate
14293651194599|13194139566043|1671329032768|business associate
14293651194599|13194139567498|1672058695645|business associate
13194139556824|15393162802211|1672530371774|business associate
13194139556824|7696581397264|1667814846047|business associate
15393162822377|8796093036706|1672125347599|business associate
7696581417947|5497558142493|1628409934005|business associate
14293651194603|13194139537397|1670501643130|business associate
14293651194603|10995116310369|1668783324082|business associate
1099511631292|9895604653096|1653447071649|business associate
6597069780172|2199023279890|1659646572003|business associate
12094627929052|14926|1665871253223|business associate
4398046544620|3503|1630325046805|business associate
4398046544620|14293651195030|1665580137273|business associate
3298534896845|14293651195401|1672378764204|business associate
3298534896845|5497558171617|1643925461488|business associate
1099511651293|24482|1611255693762|business associate
1099511651293|3298534906590|1615214156692|business associate
10995116311278|9895604672885|1657070361976|business associate
4398046524624|10995116282558|1663791013810|business associate
4398046524624|2199023279650|1649415739081|business associate
12094627939056|9895604654762|1659213429399|business associate
9895604663505|10995116310648|1658340106723|business associate
13522|5497558173095|1667586554893|business associate
13522|6597069769837|1650091372241|business associate
14293651164611|13194139536535|1664958142649|business associate
14293651164611|9895604673099|1665409205604|business associate
2199023279075|9895604684731|1659148040583|business associate
2199023279075|10995116291536|1666757623403|business associate
3298534916851|6597069771347|1640222040180|business associate
14293651164612|5497558162315|1670523603811|business associate
3298534916855|3298534906205|1624628818663|business associate
14293651164617|13194139567923|1669213435440|business associate
14293651164617|2199023279219|1667123290733|business associate
23529|13194139558172|1664965894944|business associate
13194139536842|12094627929058|1662736639214|business associate
9895604663514|32903|1644346188518|business associate
9895604663514|10995116282655|1649014740786|business associate
2199023279082|13194139567036|1663429549708|business associate
2199023279082|9895604683531|1657005296736|business associate
7696581427964|10995116281262|1652721133519|business associate
14293651194621|3298534888097|1669439684096|business associate
5497558172414|4398046525277|1642538948269|business associate
5497558172414|2199023268844|1641990791560|business associate
8796093035743|8796093046239|1646419485736|business associate
8796093035743|14362|1651753167242|business associate
6597069800191|1099511630555|1627487394282|business associate
6597069800191|4398046514753|1648885037840|business associate
10995116281296|7696581408715|1666158675143|business associate
10995116281296|3298534897634|1670618252528|business associate
10995116301296|5497558172174|1650978913237|business associate
10995116301296|4398046534953|1646232678424|business associate
10995116291297|12094627940459|1665382222669|business associate
10995116291297|4398046515491|1666713795243|business associate
6597069790193|12094627908570|1665618170587|business associate
5497558172417|3298534907951|1647210491299|business associate
8796093055746|14293651174907|1670129316820|business associate
8796093055746|6597069790637|1632695653628|business associate
2199023269091|4398046515831|1671201346828|business associate
2199023269091|10995116310876|1657429747097|business associate
3540|2199023280324|1624276768150|business associate
3540|9895604664110|1649417068794|business associate
8796093035749|6597069790213|1655530850758|business associate
8796093035750|9895604682830|1664387983776|business associate
3298534916870|14293651194322|1669441180498|business associate
13543|5497558161670|1633364139425|business associate
1099511631320|8796093056635|1650957249246|business associate
1099511631320|14293651194147|1672087907424|business associate
9895604673528|5497558172122|1661760652372|business associate
10995116291305|13194139558023|1658989627198|business associate
13194139556857|12094627909794|1663453050056|business associate
1099511661321|33885|1663621525335|business associate
7696581397979|7696581427014|1669727596998|business associate
7696581397979|7696581397028|1634745539022|business associate
9895604683531|6597069801243|1663955041621|business associate
9895604683531|8796093056917|1658255620930|business associate
3548|33895|1610055793409|business associate
3548|5497558162504|1614919452498|business associate
5497558142429|14293651173772|1671603503053|business associate
5497558142429|9895604662945|1649694298863|business associate
12094627919085|4398046544100|1664711077886|business associate
14293651184638|14293651185619|1666656621116|business associate
14293651184638|5497558152022|1667978294233|business associate
12094627939086|1099511650421|1666525623833|business associate
10995116291312|6597069770165|1661358160649|business associate
14293651194640|10995116280858|1670060648308|business associate
8796093045761|7696581428273|1641062104520|business associate
8796093045761|8796093036721|1672438165886|business associate
9895604683537|6597069799958|1665704654111|business associate
9895604683537|10995116302580|1654739008163|business associate
3554|13194139567270|1669815669626|business associate
7696581407986|15393162822579|1670460429557|business associate
8796093045762|13194139536941|1666382186820|business associate
8796093045762|6597069799934|1660552988922|business associate
9895604653539|14293651163824|1665055461146|business associate
9895604653539|14293651184975|1672513319259|business associate
3298534916884|4398046524239|1635245180478|business associate
2199023259111|4398046525301|1618947493215|business associate
14293651174647|3298534917517|1666064201940|business associate
12094627929095|6597069800923|1657957777002|business associate
8796093055767|1099511650974|1643364523640|business associate
8796093055767|7696581407480|1644632146294|business associate
1099511631336|13194139538074|1671993465007|business associate
1099511631336|13194139556696|1667653305020|business associate
13194139546872|13194139547649|1669652110278|business associate
6597069790216|15393162813130|1670787421826|business associate
6597069790216|7696581408675|1640880288377|business associate
4398046524666|10995116300887|1662688095244|business associate
4398046524666|13194139557316|1667193763427|business associate
5497558152443|1099511650286|1625858279986|business associate
5497558152443|24782|1630519822612|business associate
12094627929099|2199023278831|1663795470356|business associate
5497558172443|2199023268120|1652969440432|business associate
5497558172443|4398046523635|1653684980051|business associate
6597069790220|9895604652889|1654592093049|business associate
6597069790220|2199023259763|1638361602476|business associate
1099511641342|9895604664471|1642265807278|business associate
1099511641342|8796093026472|1671045496436|business associate
13194139566878|13194139556776|1666516442103|business associate
4398046534671|1099511630814|1660370630448|business associate
3298534906896|6597069779904|1629397543303|business associate
3298534906896|4398046524909|1618081620309|business associate
1099511661344|4398046525252|1660576465966|business associate
1099511661344|12094627930361|1670469503803|business associate
1099511641345|5497558161834|1623894835821|business associate
4398046514674|6597069789657|1646453543942|business associate
5497558162450|6597069780372|1627211391589|business associate
5497558162450|13194139547444|1669077561144|business associate
15393162792436|4398046515434|1672224261426|business associate
15393162792436|3298534886753|1672456281129|business associate
1099511661348|1099511642531|1597503755468|business associate
1099511661348|6597069770044|1642563328089|business associate
9895604663557|24183|1661428423392|business associate
9895604663557|2199023288674|1653768728755|business associate
14293651164662|6597069769250|1668810598057|business associate
14293651164662|1099511662264|1671323121698|business associate
2199023269127|2199023259430|1665133472798|business associate
2199023269127|34284|1650234052593|business associate
33575|3298534907676|1630273807569|business associate
33575|13194139547474|1658466338568|business associate
4398046524680|8796093026975|1649196051701|business associate
2199023289128|4398046534953|1622711480951|business associate
2199023289128|14293651195866|1670930104063|business associate
1099511631353|2199023279812|1616591202262|business associate
1099511631353|24714|1659185826477|business associate
10995116291337|13194139545850|1663744752334|business associate
10995116291337|12094627929591|1664873839668|business associate
14293651194665|3298534885887|1670722092371|business associate
10995116311338|3298534895999|1666995543031|business associate
14293651164667|6597069780654|1668745198963|business associate
14293651164667|24715|1669839301439|business associate
13579|13194139538067|1672239492027|business associate
5497558162459|10995116312284|1656942788516|business associate
12094627909116|2199023289484|1666465509892|business associate
9895604683564|12094627938279|1667488302961|business associate
4398046544686|10995116310454|1652647132035|business associate
12094627929119|7696581408642|1654777869497|business associate
12094627929119|13194139566043|1667951289851|business associate
1099511651360|34482|1665050857717|business associate
4398046544688|13194139566226|1667822101736|business associate
14293651164673|15393162793820|1669939504701|business associate
1099511651361|13194139557270|1667043119570|business associate
23586|7696581406945|1648167616080|business associate
1099511631363|8796093026161|1653304217578|business associate
1099511631363|4398046515355|1611106102051|business associate
12094627919123|7696581428547|1667039950388|business associate
12094627919123|12094627930198|1669936871467|business associate
5497558162468|15393162822659|1672424306561|business associate
5497558142472|8796093045158|1664785613024|business associate
5497558142472|13194139555888|1661330972839|business associate
10995116281353|12094627938272|1654276513461|business associate
7696581408025|12094627928075|1665249203426|business associate
7696581408025|10995116292660|1659253618517|business associate
8796093045801|7696581408642|1669123610660|business associate
3594|8796093056849|1665791510832|business associate
3594|9895604672653|1641067748817|business associate
4398046524699|1099511651164|1629971807049|business associate
10995116291356|8796093044945|1660504145865|business associate
10995116291356|4398046534055|1652357181765|business associate
9895604683580|24850|1647387969776|business associate
7696581408029|24866|1659305910115|business associate
7696581408029|12094627918469|1664237699475|business associate
23597|3298534887900|1671833568939|business associate
23597|10995116291573|1668277892634|business associate
13194139566909|8796093046497|1667269900322|business associate
7696581428030|1099511662091|1658548072169|business associate
12094627909135|7696581427070|1668332858006|business associate
1099511641376|6597069801360|1661399945737|business associate
5497558162480|8796093037185|1648209182682|business associate
5497558162480|14293651174038|1670893694389|business associate
5497558172480|8796093027197|1659805257854|business associate
5497558172480|4398046523755|1635339607030|business associate
4398046524705|13194139547542|1671643801880|business associate
33601|5497558141459|1658771284305|business associate
5497558142484|13194139536729|1661653813001|business associate
12094627919140|3298534887424|1653399673644|business associate
1099511661380|2199023289733|1610117330588|business associate
1099511661380|13988|1608093520292|business associate
9895604683589|9895604653305|1672384782618|business associate
14293651174694|7696581407806|1666961756825|business associate
8796093055814|14293651195247|1667294853206|business associate
8796093055814|5497558152582|1661875844462|business associate
7696581428040|9895604654981|1661135565131|business associate
7696581428040|7696581427499|1660517922516|business associate
4398046524713|14293651175757|1670412336606|business associate
4398046524713|3298534906097|1653919296114|business associate
2199023269162|3298534887349|1627780746140|business associate
2199023269162|9895604652895|1660658563703|business associate
7696581408043|1099511640519|1638428344288|business associate
9895604673595|4398046534190|1658611310722|business associate
9895604673595|2199023279825|1643953456062|business associate
7696581398044|15393162802538|1672405827985|business associate
4398046524716|6597069790313|1634208721810|business associate
7696581418044|14293651185534|1666725121833|business associate
7696581418044|3298534908002|1662827610727|business associate
5497558142493|24493|1640051760377|business associate
13194139556925|13095|1661837547485|business associate
13194139556925|6597069790467|1670860659111|business associate
6597069770270|3298534897998|1668233374874|business associate
6597069770270|5497558172944|1635446651475|business associate
13194139556926|14293651184536|1669876316255|business associate
2199023289166|9895604654494|1664073542626|business associate
2199023289166|2199023279059|1642201704077|business associate
13194139566927|10995116290543|1667020631559|business associate
13194139566927|34281|1657905700068|business associate
10995116281377|8796093046655|1667731438177|business associate
10995116281377|14293651185087|1669182166899|business associate
12094627929155|2199023259822|1660517251622|business associate
14293651174708|3298534895929|1669224149886|business associate
1099511661396|12094627929085|1665559873424|business associate
1099511661396|9895604653294|1663617223579|business associate
3298534896949|14293651175525|1669514473988|business associate
3298534896949|1099511640978|1602316837779|business associate
6597069800277|5497558153571|1665854336816|business associate
6597069800277|8796093025734|1644891473512|business associate
4398046524726|7696581408452|1651426113637|business associate
7696581408055|2199023259867|1650968681087|business associate
10995116291385|12094627939400|1668487257386|business associate
10995116291385|10995116291365|1655530609119|business associate
13194139566937|4398046545274|1665368269237|business associate
3298534916954|8796093024848|1658152144891|business associate
3298534916954|6597069801137|1646973063418|business associate
8796093025835|23278|1642015668614|business associate
8796093025835|6597069801591|1660702174365|business associate
13194139546940|4398046534497|1662880852244|business associate
3298534906956|12094627938686|1652675519570|business associate
33628|6597069791116|1622637975957|business associate
33628|7696581428524|1646555150931|business associate
1099511651405|3847|1633799874848|business associate
1099511651405|2199023259281|1622352712747|business associate
12094627939166|7696581399287|1667179289742|business associate
9895604683615|12094627919467|1663194400170|business associate
9895604683615|3298534916160|1654788792896|business associate
3632|7696581399312|1657719044147|business associate
3632|2199023278207|1596579594882|business associate
6597069780288|1099511661535|1660854075017|business associate
6597069780288|9895604683183|1671803643902|business associate
4398046534736|33144|1662809224627|business associate
4398046534736|10995116301077|1668675319705|business associate
33632|1099511630340|1667033695576|business associate
33632|3298534887082|1655110012734|business associate
2199023279185|14293651164372|1672265067154|business associate
1099511631410|2199023259111|1668959269663|business associate
13634|6597069770822|1654561333532|business associate
13194139536947|8796093044943|1668338470152|business associate
10995116311396|8796093035944|1657038295928|business associate
3298534906965|9895604652918|1659345532212|business associate
3298534906965|6597069779986|1633562968259|business associate
2199023269190|13194139537705|1660831888884|business associate
14293651184726|4398046536043|1669480765928|business associate
12094627919175|7696581397697|1657204717578|business associate
12094627919175|3298534906631|1665669436088|business associate
14293651194727|4398046534420|1667378340606|business associate
2199023259192|13194139565931|1666019270795|business associate
2199023259192|9895604674935|1637592021957|business associate
13194139566952|7696581409199|1660076861373|business associate
13194139566952|7696581398403|1659289264210|business associate
4398046534745|5497558171670|1624920908957|business associate
13194139546954|15393162793524|1671596437330|business associate
13194139546954|9895604682605|1664317048617|business associate
1099511661418|2199023258533|1654902813548|business associate
3298534886972|2199023268078|1624607920190|business associate
5497558172524|7696581418845|1670256469655|business associate
14293651174733|10995116302567|1663464017156|business associate
14293651174733|14293651175757|1670799022084|business associate
13194139556957|13690|1671677089038|business associate
5497558172525|13194139556389|1662748009202|business associate
5497558172525|8796093025545|1646371132763|business associate
10995116311406|8796093026068|1668250438393|business associate
10995116311406|10995116292388|1656497498851|business associate
14293651164735|12094627910259|1669222122483|business associate
15393162802511|12094627920317|1671943093583|business associate
15393162812513|5497558153725|1671319132363|business associate
4398046544753|14293651194740|1669352860610|business associate
4398046544753|7696581418845|1632436165457|business associate
3298534896978|5497558153600|1619164694843|business associate
3298534896978|14293651184506|1667476813138|business associate
1099511651426|2199023279082|1671166464087|business associate
1099511651426|2199023258306|1629945758911|business associate
2199023289202|12628|1593031163407|business associate
12094627909187|8796093056254|1667980357569|business associate
12094627909187|6597069799720|1663846148479|business associate
10995116281413|4398046525883|1656326718193|business associate
10995116281413|34110|1659707340075|business associate
6597069780309|9895604672603|1662452780484|business associate
10995116311413|5497558153038|1658660826164|business associate
13194139536966|4398046514023|1664104398854|business associate
3298534916983|4398046525636|1634727952585|business associate
10995116281416|13988|1661538574987|business associate
13194139546968|3298534887566|1666612299040|business associate
13194139546968|6597069800728|1663239499545|business associate
6597069770313|9895604684324|1663096083094|business associate
6597069770313|1099511661444|1652680022045|business associate
4398046514762|13194139568168|1660375855462|business associate
4398046514762|14293651185560|1671265572601|business associate
12094627939194|5497558153585|1671168383042|business associate
5497558152539|5497558172006|1658203730914|business associate
9895604683643|7696581408084|1650577732132|business associate
2199023289212|2199023278473|1629893137319|business associate
2199023289212|1099511661782|1672492596338|business associate
6597069770317|8796093035802|1643027161119|business associate
3298534916989|10995116300988|1651844647344|business associate
9895604653646|13194139538284|1665348818069|business associate
9895604653646|3124|1666634979083|business associate
4398046524766|3278|1658271408829|business associate
9895604683646|3298534887808|1666589649493|business associate
9895604683646|4398046524460|1646309738336|business associate
13194139536975|10995116302365|1660847079833|business associate
13194139536975|4087|1662485246405|business associate
2199023289215|14232|1614376634586|business associate
14293651184752|7696581407329|1669673976086|business associate
4398046544768|9895604652510|1648714106930|business associate
4398046544768|12094627919991|1666418573507|business associate
6597069770321|2199023259170|1641955798999|business associate
6597069770321|8796093045034|1672412101976|business associate
14293651174753|6597069770919|1670021685505|business associate
15393162822529|1099511632508|1672521015532|business associate
4398046524770|8796093055694|1655408013646|business associate
23666|13194139568198|1670293715574|business associate
8796093025875|6597069770705|1665094223154|business associate
14293651194755|2199023289915|1672008788070|business associate
13194139556980|12094627920415|1667910478872|business associate
1099511661444|4398046543876|1665185277689|business associate
1099511661444|5497558143225|1633539737538|business associate
10995116281430|9895604683823|1661689379805|business associate
10995116281430|4398046523925|1654111789329|business associate
4398046544774|3298534886343|1663070810473|business associate
9895604663655|12094627938545|1659967012980|business associate
7696581398104|4398046515299|1645982629803|business associate
7696581398104|33304|1639329327939|business associate
9895604663656|13194139555921|1657277312856|business associate
9895604673656|1099511641376|1643606329385|business associate
9895604673656|12094627928447|1670206937079|business associate
14293651194760|2199023258448|1666024526507|business associate
1099511661449|3298534896551|1652725275021|business associate
1099511661449|8796093034731|1660447852383|business associate
15393162802538|14293651173962|1672049736795|business associate
6597069780331|10995116281080|1648067460862|business associate
6597069780331|22636|1628670299664|business associate
2199023279227|2199023279614|1598014238190|business associate
2199023279227|10995116310270|1649631984365|business associate
6597069800331|3298534917872|1636892282904|business associate
4398046514780|7696581417408|1658914476602|business associate
13676|32747|1607503625583|business associate
13676|2199023270540|1663267887951|business associate
13194139536989|15393162812131|1671880652228|business associate
13194139536989|9895604653689|1669981155818|business associate
4398046524781|9895604654167|1668381759905|business associate
4398046524781|12094627919070|1657532046309|business associate
3298534917006|6597069771312|1672123989735|business associate
3298534887007|1099511661186|1648687662323|business associate
3298534917007|13194139537494|1664989368124|business associate
3298534917007|1099511662544|1658726966612|business associate
7696581418112|6597069769345|1657068569684|business associate
7696581418112|1099511662254|1646365178023|business associate
8796093055888|14293651164123|1670322032446|business associate
9895604653665|2199023269060|1651675970890|business associate
9895604653665|5497558173072|1672383606820|business associate
10995116301441|12094627918950|1664104194933|business associate
5497558142562|12094627908815|1657684961013|business associate
8796093035890|2199023270399|1664922555142|business associate
9895604673666|3298534907400|1665083661308|business associate
3298534907012|7696581427762|1656549919791|business associate
3298534907012|8796093036723|1652949277362|business associate
10995116281445|10995116290842|1652734525586|business associate
10995116281445|5497558173179|1658216321042|business associate
13194139546999|5497558173139|1671388597184|business associate
5497558152568|6597069771046|1632474152297|business associate
5497558152568|7696581408276|1642673300217|business associate
4398046544792|7696581399189|1649614119990|business associate
5497558162569|5497558142030|1636211169073|business associate
5497558162569|7696581407166|1648728024792|business associate
9895604683673|9895604664423|1669847198899|business associate
9895604683673|22881|1639433955596|business associate
3298534907019|9895604674836|1652759743428|business associate
6597069780348|2199023259369|1629777824890|business associate
6597069780348|7696581418924|1661446598113|business associate
13194139567004|1099511641919|1660431639427|business associate
13194139567004|8796093054757|1660208571594|business associate
6597069770349|7696581407005|1630131433417|business associate
9895604663677|14293651174266|1668107334209|business associate
10995116281454|8796093056835|1668323270218|business associate
15393162822558|8796093045254|1672459373516|business associate
4398046514799|15393162813444|1671582038953|business associate
9895604663679|3298534917501|1648121157367|business associate
9895604663679|1099511661014|1642802683201|business associate
2199023289247|13194139535872|1664967036189|business associate
2199023289247|4398046546067|1629870484258|business associate
3697|3298534916618|1653404353610|business associate
3298534907025|14293651195459|1672248683342|business associate
3298534907025|2199023279219|1601533970695|business associate
4398046524802|7696581418771|1651603487516|business associate
6597069770355|13194139567421|1669261217557|business associate
13194139557011|8796093055965|1663882092041|business associate
4398046534804|5497558163619|1625872957900|business associate
9895604653685|10995116291928|1665673195747|business associate
9895604653685|7696581417601|1666618848110|business associate
7696581408133|9895604683580|1666299451839|business associate
7696581408133|4398046545086|1670090149423|business associate
4398046544805|3298534898223|1664782654629|business associate
4398046544805|7696581428698|1639979633623|business associate
8796093035911|10995116310952|1651765349106|business associate
8796093055911|6597069770355|1652993369710|business associate
14293651174792|14293651175623|1667833891933|business associate
14293651174792|1099511651302|1671054339287|business associate
23705|6597069780660|1623701840974|business associate
14293651194793|3298534905863|1669959631091|business associate
14293651194793|3124|1668982806404|business associate
14293651194794|10995116281252|1666553628915|business associate
8796093045915|8796093056306|1665115662282|business associate
8796093045915|1099511641230|1671103146826|business associate
4398046514812|12094627908284|1663282418154|business associate
14293651184796|4398046514891|1668706534742|business associate
4398046544813|7696581397539|1663522021229|business associate
14293651184798|13194139537185|1669139416617|business associate
13194139567022|12094627908948|1666418053729|business associate
13194139567022|4398046525636|1663500167887|business associate
4398046544815|8796093057125|1660595490206|business associate
4398046514816|14293651175873|1668228061204|business associate
4398046514816|9895604662996|1660364159532|business associate
13194139547025|4398046514709|1668645389583|business associate
15393162802578|10995116312443|1671516786852|business associate
14293651184802|9895604663516|1671615175047|business associate
14293651184802|5497558153872|1670397558237|business associate
13194139557027|3298534886020|1670703174043|business associate
13194139557027|4398046523877|1664119230019|business associate
1099511631492|15393162802908|1671947728464|business associate
7696581418148|2199023260252|1670709213557|business associate
12094627919254|7696581408246|1657840929364|business associate
12094627919254|13194139556191|1661818549959|business associate
9895604673703|4398046524713|1651836064165|business associate
10995116311479|1099511632084|1663049359450|business associate
6597069770376|7696581407519|1657036057241|business associate
12094627929256|8796093025240|1669760453837|business associate
13194139567032|10995116300836|1668863102792|business associate
12094627909257|7696581407774|1669516360496|business associate
12094627909257|9895604674473|1662224866019|business associate
10995116301481|2199023280510|1668575916741|business associate
4398046514827|4398046514806|1622206589783|business associate
8796093035931|8796093056557|1645681649823|business associate
15393162822587|10995116291283|1672115521579|business associate
15393162822587|10995116302187|1671215909679|business associate
9895604673708|6597069800507|1662449255829|business associate
9895604673708|2199023269616|1656806418970|business associate
13194139567036|1099511630814|1662063940304|business associate
13194139567036|14293651193994|1669864846767|business associate
10995116281485|15393162823287|1671774923090|business associate
3298534907053|1099511650501|1621559198333|business associate
3298534907053|6597069770941|1669916676158|business associate
3298534887054|14293651194234|1669233737175|business associate
3298534887054|12094627929119|1658397747628|business associate
13194139567038|1099511640421|1666489898467|business associate
14293651164815|5497558162171|1668368282117|business associate
14293651164815|9895604663877|1669341598996|business associate
9895604673711|2199023288140|1641620642236|business associate
5497558172607|13754|1645369609838|business associate
5497558172607|4398046544566|1658257676588|business associate
6597069780384|3298534886312|1658839876787|business associate
7696581428160|6597069789614|1629881659056|business associate
2199023259281|8796093056831|1661991978797|business associate
1099511641506|33765|1641825873392|business associate
1099511641506|7696581419013|1640538892690|business associate
15393162812594|8796093036224|1671146640654|business associate
13194139567042|15393162811365|1671884917167|business associate
13732|13194139556934|1664634795890|business associate
13732|7696581397616|1668886918672|business associate
2199023279284|7696581429307|1648099763135|business associate
3298534907061|1099511651884|1621696833809|business associate
3298534907061|7696581427617|1657922911953|business associate
14293651164822|1099511660948|1667822489382|business associate
13735|12094627909601|1664891078089|business associate
1099511651511|2199023268579|1610471034150|business associate
1099511651511|7696581418807|1658136878842|business associate
8796093035944|10995116310749|1645607506569|business associate
8796093035944|14293651165463|1666489513217|business associate
12094627929272|6597069800630|1659635170767|business associate
4398046544840|13194139547272|1670985217571|business associate
3737|5497558143056|1666285993214|business associate
4398046524841|10995116292051|1654717425230|business associate
4398046524841|1099511631586|1661796558371|business associate
5497558172617|13194139536529|1670125958761|business associate
5497558172617|13194139567614|1666611855295|business associate
2199023259290|14293651194679|1669387548140|business associate
5497558162618|4398046514084|1630917837188|business associate
5497558162618|15393162802035|1672359694409|business associate
7696581408171|3298534917653|1632641148318|business associate
10995116301499|7696581429038|1670422766114|business associate
8796093055947|1099511651222|1659406116996|business associate
7696581408172|14293651195306|1668621417445|business associate
1099511661516|13194139547663|1670990364317|business associate
15393162792605|1099511630527|1671143536716|business associate
15393162792605|12094627928672|1672219183787|business associate
9895604663725|2199023288664|1647653697994|business associate
9895604683725|3298534898031|1651383348820|business associate
5497558152622|34828|1612273481949|business associate
5497558152622|23480|1648804573035|business associate
13194139567054|8796093046169|1661715446535|business associate
3298534907072|24077|1644450703697|business associate
3298534907072|1099511652693|1657217007780|business associate
5497558142625|5497558142887|1657532490868|business associate
5497558142625|4398046534435|1618305455214|business associate
10995116291505|2199023279812|1651703162776|business associate
12094627909282|3298534886730|1668201537556|business associate
1099511631523|10995116302577|1648507290314|business associate
1099511631523|6597069800277|1664018557293|business associate
7696581418179|12094627909351|1661819584509|business associate
7696581418180|4337|1634383655150|business associate
10995116311508|5497558173032|1656051850144|business associate
2199023279301|7696581419062|1658541366265|business associate
13194139547062|13194139566335|1667477585066|business associate
13194139547062|12094627938496|1660861026767|business associate
9895604653735|10995116301226|1672049801445|business associate
9895604653735|3298534896013|1658964589209|business associate
2199023269303|13194139537783|1668187802786|business associate
13194139557063|6597069781339|1672439667102|business associate
13194139557063|13194139547225|1670386610139|business associate
3752|10995116300965|1669271703575|business associate
3752|6597069799317|1625713061454|business associate
1099511661528|2199023258739|1648100360281|business associate
1099511661528|14293651166034|1667408030841|business associate
7696581428185|12094627930205|1656038134774|business associate
13754|10995116310951|1654137699950|business associate
13754|13194139567834|1659205371914|business associate
4398046534858|1099511630795|1664178018961|business associate
14293651194842|1099511661556|1667771142669|business associate
3298534897083|13194139537202|1668035590141|business associate
13194139537069|3298534905863|1666486518935|business associate
13194139547070|2199023290297|1669358253203|business associate
8796093035968|5497558151793|1667226642562|business associate
14293651164852|3298534917353|1671201739956|business associate
12094627929300|10995116282447|1662276088337|business associate
12094627929300|2199023278182|1670101551503|business associate
14293651164853|7696581417668|1668454008993|business associate
14293651164853|3298534898018|1669443559931|business associate
12094627929301|23797|1668718170118|business associate
12094627929301|3298534916709|1664040802604|business associate
33765|9895604653959|1649587444354|business associate
33765|12094627910228|1660123019926|business associate
7696581408198|3298534916086|1667566431230|business associate
3767|10995116282719|1654151118156|business associate
3767|3298534888046|1637818646625|business associate
13768|32574|1614711894936|business associate
13768|4249|1624778259187|business associate
6597069800424|4398046524624|1631908543992|business associate
2199023259321|12094627940334|1662804275075|business associate
2199023289321|14092|1634214535216|business associate
2199023289321|2199023289046|1662535129508|business associate
7696581398202|10995116291238|1650812470767|business associate
12094627919306|5497558153571|1667730017934|business associate
15393162812634|8796093045370|1672066000296|business associate
15393162812634|3298534897062|1672369174322|business associate
14293651194858|7696581398638|1669588763905|business associate
6597069770427|7696581427255|1665372559415|business associate
3298534917099|5497558163418|1669784678773|business associate
3298534917099|6597069771239|1660676296944|business associate
5497558172652|4398046534156|1624745399790|business associate
13194139537087|1099511630994|1667145489358|business associate
13194139567087|3298534917230|1661232404623|business associate
7696581398208|33765|1646384849338|business associate
7696581398208|1099511632023|1627090341006|business associate
2199023279328|9895604683090|1666025084829|business associate
12094627909314|9895604674669|1667697431573|business associate
4398046544882|12094627938496|1662480150004|business associate
4398046544882|4398046525072|1641874113745|business associate
10995116281539|2199023260109|1654372643795|business associate
3298534897107|14175|1666451896117|business associate
3298534897107|4398046513693|1622165764335|business associate
33779|13194139568032|1663196173429|business associate
33779|23280|1660808164072|business associate
5497558142660|3854|1627590508749|business associate
5497558142660|15393162812377|1671753385529|business associate
13780|14293651165303|1665017120136|business associate
13780|4398046543987|1647775935924|business associate
14293651184868|3298534908150|1666670370384|business associate
1099511661556|10995116302541|1653120482635|business associate
1099511661556|13194139566255|1671777041699|business associate
2199023259333|3298534898218|1660261803506|business associate
2199023259333|12094627938651|1670814821303|business associate
7696581408213|5497558153843|1633383865552|business associate
7696581408213|10995116281080|1658901680279|business associate
6597069800437|13325|1648254586620|business associate
6597069800437|12094627908809|1668799911335|business associate
8796093055990|8796093055505|1665518673284|business associate
5497558172663|5497558151643|1649938787181|business associate
7696581398216|10995116300854|1653345866106|business associate
7696581398216|9895604683160|1640707309965|business associate
13194139567096|12094627928320|1671615829062|business associate
6597069780442|6597069771386|1670270388863|business associate
6597069790442|4398046514394|1632610353549|business associate
10995116311546|14293651185054|1667828482489|business associate
4398046514891|4398046534608|1614110541194|business associate
13194139557100|5497558161520|1670757602130|business associate
13194139557100|8796093026407|1661580199238|business associate
2199023289340|33601|1639329475915|business associate
2199023289340|8796093034708|1644524691490|business associate
14293651164877|15393162801773|1671923565476|business associate
14293651164877|5497558173562|1669893964610|business associate
12094627919325|7696581418952|1666134470247|business associate
12094627919325|14293651165201|1668451756087|business associate
3298534897118|7696581407367|1645132674874|business associate
3298534917118|10995116310530|1665102095656|business associate
3298534917118|34213|1639057542883|business associate
3792|6597069770142|1644607710527|business associate
6597069790448|10995116291401|1668066126581|business associate
6597069790448|10995116290612|1660818129887|business associate
3793|14293651185087|1667225974878|business associate
12094627939329|33986|1669236661162|business associate
12094627939329|9895604672734|1657347465452|business associate
3298534907122|2199023269641|1659147230393|business associate
33794|9895604664766|1653334772008|business associate
12094627919331|6597069771046|1656067453152|business associate
12094627929331|3298534908167|1654475368370|business associate
12094627929331|13194139568084|1667600453688|business associate
15393162822659|2199023269706|1672293349985|business associate
15393162822659|24002|1672456884312|business associate
3298534887124|3298534915958|1636751393635|business associate
3298534887124|5497558163834|1630603360958|business associate
2199023269348|8796093044839|1661577384918|business associate
9895604673780|7696581407656|1671662521237|business associate
9895604673780|5497558151420|1668669622649|business associate
14293651194884|34625|1669512952845|business associate
8796093026005|3298534897194|1655804838838|business associate
8796093026005|4398046545484|1634964562697|business associate
13797|7696581418923|1636272485531|business associate
13797|8796093026355|1644763048983|business associate
13194139557110|4398046543775|1667265125669|business associate
2199023279351|14293651174938|1663771891631|business associate
2199023279351|6597069781294|1626018250055|business associate
10995116311559|6597069779654|1658352279557|business associate
14293651174888|10995116281623|1671910665995|business associate
13194139557112|22538|1667215997776|business associate
13194139557112|8796093056250|1658690437813|business associate
9895604653785|1099511632291|1643897957095|business associate
4398046534905|5497558153276|1634657005054|business associate
13194139567113|5497558163729|1664296540339|business associate
7696581398234|8796093055458|1636422748432|business associate
15393162802666|13194139548213|1672509839475|business associate
15393162802666|13194139547707|1671164934707|business associate
10995116311562|3298534886458|1658590629463|business associate
10995116311562|13937|1660597624944|business associate
14293651174891|1099511650932|1666797983884|business associate
14293651174891|1099511661540|1668922672731|business associate
10995116301563|2199023278743|1648119259697|business associate
15393162802668|6597069789437|1672223362718|business associate
15393162802668|24782|1671244722255|business associate
14293651174894|9895604663139|1672461243404|business associate
9895604673790|5497558153229|1646057838394|business associate
9895604673790|6597069791569|1668574481561|business associate
3298534917134|3298534895929|1639176419113|business associate
3298534917134|13743|1621702917362|business associate
12094627929343|6597069790471|1662142897339|business associate
12094627929343|14293651184196|1669547796197|business associate
9895604683791|7696581399250|1656215935290|business associate
9895604683791|15393162792167|1669792214654|business associate
14293651194896|15393162801787|1670192395477|business associate
7696581398241|9895604664293|1647893696863|business associate
12094627919345|34439|1658902156623|business associate
6597069790465|8796093034752|1651867205696|business associate
6597069790465|12094627908796|1670831506493|business associate
7696581428241|9895604673780|1646291136255|business associate
1099511631586|8796093047040|1668993738567|business associate
1099511631586|3298534917995|1609594579911|business associate
4398046524914|7696581398815|1659874056535|business associate
6597069790467|15393162801428|1672430928156|business associate
6597069780468|4398046534886|1646845838883|business associate
15393162812676|14293651195706|1671626389346|business associate
15393162812676|13194139557112|1671427378654|business associate
1099511661588|6597069800504|1619899541949|business associate
14293651184901|3298534896375|1666281912713|business associate
6597069790471|13194139545910|1664047342222|business associate
5497558172695|14276|1639950450013|business associate
8796093056024|15393162792329|1672255041684|business associate
8796093056024|14293651163861|1670572591386|business associate
9895604683801|2199023278524|1667000795205|business associate
7696581408250|6597069791569|1630670087478|business associate
10995116281580|12094627918879|1654194324406|business associate
10995116281580|15393162812227|1671769996798|business associate
4398046524924|7696581397233|1664861137082|business associate
8796093046028|24107|1664819209371|business associate
8796093046028|23280|1650953608007|business associate
9895604673805|7696581418959|1658787357565|business associate
4398046524926|7696581419277|1650500405237|business associate
4398046524926|13194139537211|1668799741899|business associate
10995116311582|3298534906471|1672323407174|business associate
1099511651599|10995116282104|1656304744608|business associate
1099511651599|2199023278989|1651042831729|business associate
13194139567136|15393162801461|1670389042165|business associate
13194139567136|1099511642742|1669954165788|business associate
4398046534929|15393162801818|1671671189360|business associate
4398046534929|4398046534044|1623405765497|business associate
8796093036034|15393162793162|1672098855446|business associate
9895604673810|7696581397789|1656487841193|business associate
3298534917154|13194139567834|1659803334439|business associate
4398046534931|8796093056115|1653477456607|business associate
2199023289379|2199023259723|1648140731827|business associate
2199023289379|3298534896556|1612548494685|business associate
3298534907156|9895604683725|1652056159637|business associate
14293651174917|2199023268770|1668165788116|business associate
1099511651605|2199023279844|1627557609404|business associate
13194139567141|14293651175396|1671267477995|business associate
13194139567141|9895604664459|1668261192287|business associate
13194139537142|9895604684233|1662963141673|business associate
12094627929367|5497558163286|1667228099017|business associate
12094627929367|7696581427014|1652109040839|business associate
33831|10995116312143|1654700196976|business associate
3298534887160|3298534907770|1648949289475|business associate
7696581418264|12094627918200|1659742683120|business associate
7696581418264|22933|1626162489315|business associate
14293651164921|7696581407737|1669565156995|business associate
14293651174921|5497558162188|1670600193143|business associate
4398046524940|1099511661909|1638504767652|business associate
5497558162716|7696581398973|1662110011185|business associate
5497558162716|14293651175834|1670186477929|business associate
5497558142717|12094627918415|1656467683166|business associate
5497558142717|9895604683683|1644226315724|business associate
6597069780493|5497558173062|1661122967854|business associate
6597069780493|3298534907400|1642846866349|business associate
7696581418269|15393162802411|1671068650825|business associate
7696581418269|1099511660671|1651010363391|business associate
14293651194925|13194139537648|1670357723067|business associate
1099511631614|2199023279499|1601038803466|business associate
1099511631614|6597069780801|1662642555212|business associate
10995116301598|6597069800717|1654246966448|business associate
15393162802703|10995116302376|1672359312560|business associate
15393162802703|4398046514326|1672311446967|business associate
9895604683823|3298534886712|1648027098606|business associate
1099511641616|10995116310951|1660779574894|business associate
14293651164929|3298534897424|1670556318184|business associate
14293651164929|5497558153722|1666912337445|business associate
5497558152721|15393162801655|1672341388606|business associate
5497558152721|1099511641002|1662307534565|business associate
7696581428273|9895604662850|1641421403574|business associate
9895604653826|1099511650618|1667742988677|business associate
9895604653826|3298534916930|1655994502949|business associate
1099511641618|10995116300433|1661351084144|business associate
1099511641618|10995116310711|1666671412259|business associate
33842|6597069769418|1635578954757|business associate
33842|14367|1642514997493|business associate
13843|7696581408777|1653809836626|business associate
13843|7696581417913|1632887884467|business associate
3298534907171|3298534885848|1644888225152|business associate
3298534907171|10995116311406|1667851123414|business associate
9895604683827|13194139548301|1660507216412|business associate
3298534907172|10995116302543|1670415864395|business associate
3298534907172|9895604673466|1657524819031|business associate
4398046524949|4398046524713|1638479439870|business associate
4398046524949|15393162823390|1672210619591|business associate
7696581418277|12094627928974|1666280424130|business associate
7696581418277|7696581428336|1656604666445|business associate
8796093036055|13194139537537|1658980568564|business associate
2199023279399|6597069800923|1657720888894|business associate
2199023279399|5497558153427|1641454075383|business associate
9895604653832|14293651185376|1672438193437|business associate
6597069800504|2199023279059|1669599783859|business associate
6597069800504|3298534896408|1648382312526|business associate
8796093036057|10995116290812|1663361142173|business associate
14293651174938|7696581398195|1668141332360|business associate
14293651164940|8796093036025|1667875678998|business associate
14293651164940|7696581407182|1669594944017|business associate
10995116291612|1099511661396|1647633126820|business associate
12094627929388|1099511651600|1663034018068|business associate
2199023289404|1099511650467|1652126220631|business associate
2199023289404|6597069771179|1637502539114|business associate
9895604663837|7696581418979|1642307483464|business associate
9895604663837|2199023259170|1642894726611|business associate
4398046544958|13194139547694|1662010791727|business associate
3855|8796093045694|1661626872023|business associate
3855|14293651185084|1671235177457|business associate
2199023259408|13194139546968|1666091259345|business associate
2199023259408|6597069791604|1655488858996|business associate
2199023259409|8796093025769|1656338149617|business associate
23857|4398046524940|1634672025855|business associate
23857|6597069789417|1646176226246|business associate
2199023289409|1099511651196|1639878426239|business associate
10995116291618|1099511630555|1651780346280|business associate
10995116291618|13194139557049|1662705348006|business associate
12094627929394|10995116290485|1672332501754|business associate
12094627929394|2199023279920|1651400154308|business associate
3298534887189|14293651173965|1671043559750|business associate
3298534887189|2199023279228|1630030571651|business associate
10995116281622|3298534907445|1650138127140|business associate
12094627919398|12094627930519|1667762272933|business associate
12094627919398|4398046524798|1655546322494|business associate
14293651184950|12094627910465|1671334026463|business associate
10995116291623|6597069779662|1669442765363|business associate
5497558162744|8796093046908|1651972297703|business associate
5497558162744|5497558143218|1643543087025|business associate
3298534887193|13194139536781|1661678353713|business associate
14293651164954|5497558171646|1670780236785|business associate
14293651164954|6597069770705|1671357052238|business associate
6597069790522|10995116301483|1663892980436|business associate
6597069790522|13194139547707|1660342930296|business associate
13194139537179|1099511631102|1662743317171|business associate
2199023269419|12094627919815|1660047038119|business associate
2199023269419|3298534907951|1625236434371|business associate
3868|12094627919529|1666878893986|business associate
3868|8796093047062|1637192097820|business associate
5497558152748|2199023268833|1650625173452|business associate
5497558152748|4398046534278|1638637017892|business associate
1099511661644|7696581417254|1657505415344|business associate
1099511631645|2199023289387|1633757124333|business associate
1099511631645|12094627929770|1655684767387|business associate
3298534897197|12094627918689|1662660302876|business associate
3298534897197|7696581417178|1646250634569|business associate
14293651194958|6597069769998|1665213492445|business associate
14293651194958|7696581408643|1666909972377|business associate
14293651184959|33079|1666485656793|business associate
6597069770528|10995116311779|1653141089995|business associate
6597069770528|13194139558143|1671043103909|business associate
13194139567185|2199023270338|1662847618742|business associate
6597069770531|3298534916347|1657437494654|business associate
2199023279427|6597069779969|1636204234234|business associate
12094627919412|9895604654884|1658485083246|business associate
12094627919412|3298534887172|1663457331015|business associate
23876|2199023258444|1659898269127|business associate
1099511641654|4398046534322|1654500613337|business associate
1099511641654|3298534916285|1641364606140|business associate
4398046534982|1099511631589|1625856724422|business associate
13194139557191|5497558163760|1671502982083|business associate
13194139567191|7696581407032|1670688603217|business associate
14293651164968|6597069789198|1671000934636|business associate
5497558142761|4398046545619|1630688003950|business associate
5497558142761|14432|1619499928505|business associate
3298534907209|4398046536028|1630687917558|business associate
13194139537194|14293651174907|1670494252576|business associate
13194139537194|2199023260176|1661465552866|business associate
1099511631659|5497558171692|1616621484062|business associate
1099511631659|7696581409052|1656505301359|business associate
13883|4117|1660845779099|business associate
13883|14293651194428|1671529992215|business associate
33883|5497558163418|1636183265552|business associate
13194139547196|14293651185534|1670161900678|business associate
8796093026093|2199023278829|1653418869639|business associate
23885|12094627939910|1659732293253|business associate
23885|13194139547018|1664652706289|business associate
33885|8796093047169|1652117377621|business associate
4398046534990|14135|1652621892141|business associate
7696581428320|4398046534195|1662602654953|business associate
7696581428320|7696581397233|1645733800203|business associate
9895604663873|5497558152955|1646922314769|business associate
9895604663873|13194139547070|1663237673236|business associate
33889|15393162801611|1672148239560|business associate
9895604663874|2199023259916|1655600261051|business associate
9895604663874|13194139536830|1662721392670|business associate
15393162822754|12094627909601|1669509253322|business associate
15393162822754|4398046544287|1670325367435|business associate
3298534887220|5497558151722|1659763171405|business associate
3298534887220|9895604662532|1651947150035|business associate
9895604663877|3752|1645204926332|business associate
9895604663877|8796093036998|1644843626898|business associate
12094627929430|1099511652252|1659084565281|business associate
12094627929430|7696581418606|1659465432958|business associate
3298534917222|14319|1608214845786|business associate
10995116281655|9895604652847|1661626533975|business associate
5497558162775|12094627940385|1655264262673|business associate
5497558162775|8796093047085|1668254160488|business associate
33895|10995116312553|1669393616052|business associate
33895|5497558161570|1663047037701|business associate
2199023279448|5497558172055|1616399876552|business associate
3298534917224|4398046514762|1662153084118|business associate
5497558142777|8796093055990|1666114445783|business associate
5497558142777|9895604674305|1643926579955|business associate
1099511651673|15393162801787|1670044485669|business associate
1099511651673|4398046533669|1667876863157|business associate
13194139537211|24042|1663366583617|business associate
13194139537211|4398046514434|1667133412269|business associate
6597069780555|22617|1635009401753|business associate
6597069780555|15393162802538|1671921496594|business associate
13194139557211|9895604684269|1664183523132|business associate
14293651164988|3298534905954|1666045179464|business associate
2199023259453|14293651175071|1668865836908|business associate
1099511661677|5497558142353|1640262664444|business associate
1099511661677|10995116300282|1672497403102|business associate
13194139557214|9895604684232|1671433917067|business associate
1099511661681|4398046523882|1659204178586|business associate
1099511661681|2199023289907|1600506998776|business associate
5497558142788|10995116312033|1653438412128|business associate
3298534887237|13194139547671|1667163799404|business associate
3298534887237|1099511630342|1667675292054|business associate
3298534897237|3298534916347|1670151605848|business associate
3298534897237|2199023259202|1655899010222|business associate
6597069800565|2199023259521|1649175237038|business associate
1099511631686|8796093034747|1666259322095|business associate
1099511631686|7696581427488|1659161732439|business associate
2199023289462|9895604682605|1657950715429|business associate
2199023289462|9895604664459|1655511078158|business associate
9895604673895|14293651163861|1668423109016|business associate
9895604673895|3298534897163|1646724081713|business associate
9895604683895|9895604654402|1648812771185|business associate
12094627909448|10995116281296|1655513441001|business associate
33912|12094627938061|1655572322332|business associate
13194139547225|6597069799934|1664772841654|business associate
13194139547225|9895604684980|1663635196220|business associate
8796093056121|12094627910289|1668660911749|business associate
8796093056121|13194139546698|1661344799179|business associate
9895604653898|14293651184196|1663758077777|business associate
12094627919450|2199023289379|1659433524715|business associate
5497558162794|4398046534953|1621182235770|business associate
3298534917242|13194139567867|1669744678903|business associate
3298534917242|22705|1629434405911|business associate
5497558152795|13194139556926|1663889319808|business associate
9895604663900|10995116301077|1658040816762|business associate
13917|13194139566107|1669557985721|business associate
13917|1099511630614|1606077734720|business associate
5497558152798|1099511640593|1640410510490|business associate
5497558152798|10995116301483|1643392258526|business associate
13194139557230|7696581397512|1667224738135|business associate
13194139557230|14315|1669026511837|business associate
2199023289470|4398046514807|1627582674697|business associate
7696581398351|1099511662515|1651206242278|business associate
9895604663905|3298534895932|1667541618834|business associate
9895604663905|4398046534953|1638307913734|business associate
7696581398354|1099511630701|1657544074452|business associate
14293651175010|7696581409306|1671853090586|business associate
7696581418354|5497558153517|1651355501428|business associate
14293651165011|1099511640512|1669799216919|business associate
14293651165011|8796093026159|1668575918548|business associate
6597069780579|8796093054917|1633926172459|business associate
8796093026133|8796093026683|1669141050858|business associate
7696581398358|7696581398187|1635011616278|business associate
7696581398358|8796093044945|1660950496642|business associate
10995116291686|9895604664301|1662020851399|business associate
12094627919464|13194139558039|1662130440357|business associate
7696581418360|4398046524624|1635620909337|business associate
14293651195016|7696581427843|1672151141055|business associate
2199023259481|5497558142824|1649173726422|business associate
2199023259481|4398046514780|1646483002936|business associate
2199023289481|10995116300880|1653710057161|business associate
10995116281690|12094627928094|1652234251567|business associate
6597069800586|6597069770502|1624451818128|business associate
6597069800586|3298534888246|1652219675036|business associate
4398046515035|2199023278728|1622121485743|business associate
4398046515035|3298534917354|1630143125511|business associate
8796093046139|13194139537397|1668238181714|business associate
7696581398364|7696581407875|1646586635938|business associate
10995116301693|3298534906935|1665023690046|business associate
3298534887262|4398046534931|1619178448710|business associate
3298534887262|8796093046616|1668575860874|business associate
14293651185022|5497558143174|1669818836711|business associate
14293651185022|9895604674337|1670317326009|business associate
5497558142815|14293651164342|1665250576156|business associate
5497558142815|9895604662790|1638876837478|business associate
1099511631713|8796093056101|1634162085465|business associate
33937|7696581399095|1667386696592|business associate
3298534887266|6597069789441|1622343326242|business associate
14293651175026|14407|1667112997882|business associate
8796093026147|1099511630920|1635710118799|business associate
8796093026147|9895604653694|1655691274548|business associate
10995116291699|1099511652560|1654771457341|business associate
10995116291699|7696581419123|1651694241907|business associate
2199023279491|3298534916120|1614200317447|business associate
2199023279491|12094627919993|1667015030206|business associate
14293651175028|5497558142265|1668900412822|business associate
10995116301700|14293651185983|1671583715998|business associate
13194139567252|3298534887734|1669958211463|business associate
13194139567252|10995116281559|1667364300093|business associate
6597069770597|3821|1668969989715|business associate
2199023269493|15393162802035|1672287133563|business associate
23941|1099511661321|1668717411449|business associate
6597069770599|1099511662706|1661657406914|business associate
6597069770599|14293651174271|1671008695238|business associate
5497558152823|3298534918072|1617746253005|business associate
5497558152823|6597069791365|1672035318119|business associate
23943|7696581407560|1651577612649|business associate
23943|14995|1652398404025|business associate
14293651175032|1099511642770|1669428333042|business associate
14293651175032|14293651175623|1669826441511|business associate
9895604673928|12094627918430|1654930769576|business associate
9895604673928|10995116300490|1661026638046|business associate
15393162822809|4398046515929|1672265303387|business associate
5497558142826|10995116292285|1654202974377|business associate
5497558142826|14293651163880|1667527669527|business associate
12094627919482|1099511662243|1664521226734|business associate
12094627919482|2199023289215|1658006147945|business associate
7696581418378|10995116310931|1656341136907|business associate
3298534887275|9895604653665|1643792137936|business associate
5497558152827|2199023288372|1643835386274|business associate
5497558152827|4398046544688|1639087240961|business associate
2199023279499|10995116302500|1658088010185|business associate
5497558172827|2715|1659228278383|business associate
3298534907277|4398046534982|1656361997575|business associate
3298534907277|15393162813613|1672421466368|business associate
6597069770606|4398046516035|1636045732913|business associate
6597069770606|13194139556379|1660187347769|business associate
8796093026159|5497558153585|1669645081540|business associate
8796093026159|7696581418771|1671121618705|business associate
13194139557263|9895604662946|1669175901664|business associate
5497558142832|6597069780372|1639447249432|business associate
5497558142832|9895604662909|1647904078535|business associate
7696581408384|4398046515404|1631719537782|business associate
8796093056160|9895604663272|1658023741826|business associate
8796093056160|15393162821779|1669993487948|business associate
8796093026161|4398046524823|1653793477978|business associate
8796093026161|5497558162374|1653701450502|business associate
13953|2199023258531|1626084007424|business associate
6597069770610|15393162812081|1672202133000|business associate
5497558162834|1099511640473|1652849742711|business associate
5497558162834|3298534897462|1671903258498|business associate
15393162812819|13540|1672305640393|business associate
10995116311715|1099511632775|1671734680493|business associate
10995116311715|14293651193690|1672384942532|business associate
10995116291716|34421|1658264167155|business associate
7696581408389|1099511631819|1625084089973|business associate
7696581418389|7696581408043|1635729919867|business associate
4398046545061|3298534888017|1629366317628|business associate
4398046545061|7696581397697|1645066009779|business associate
13194139557270|2199023268179|1666977959399|business associate
13194139557270|9895604684156|1666930971892|business associate
13959|7696581399116|1654271251221|business associate
13194139557271|4398046515776|1666368595463|business associate
8796093056167|13194139546547|1659677594502|business associate
8796093056167|7696581397524|1670063129114|business associate
15393162792824|10995116310270|1672483156919|business associate
4398046535064|34596|1667110409973|business associate
13194139567272|7696581397135|1668291648038|business associate
13194139567272|10995116302414|1667599679876|business associate
3298534897289|10995116311715|1669697339162|business associate
3298534907290|7696581408958|1645185244736|business associate
7696581428394|24885|1656337369452|business associate
13963|1099511661820|1597331410219|business associate
13963|2199023290397|1610129644953|business associate
8796093026172|13319|1652211953460|business associate
8796093026172|9895604652677|1652075758197|business associate
3298534897293|8796093026169|1669764554238|business associate
3298534897293|13194139567251|1667404814906|business associate
7696581418397|15393162801416|1672134679744|business associate
7696581418397|7696581418491|1655651390502|business associate
13194139547278|6597069790193|1665952792906|business associate
13194139537280|9895604684325|1663983575747|business associate
5497558172848|13194139567109|1667259916232|business associate
7696581398403|5497558161907|1655165375883|business associate
5497558142853|7696581408343|1658819788790|business associate
3298534897301|10995116300889|1654777324573|business associate
8796093046181|8796093025512|1649564414534|business associate
3298534897302|3298534886540|1608389512865|business associate
3298534897302|12094627928636|1655388651833|business associate
3298534897303|12094627939590|1656009096052|business associate
3298534897303|10995116301483|1651270401118|business associate
2199023279527|2199023268221|1631304793352|business associate
2199023279527|5497558172154|1617547020183|business associate
1099511631752|1099511662747|1655200301904|business associate
1099511631752|12094627940461|1671498115863|business associate
12094627939512|6597069799717|1656022836746|business associate
3977|13194139547722|1671557136942|business associate
3977|14293651184465|1666340818104|business associate
33977|1099511642306|1656475818518|business associate
33977|33601|1644060698937|business associate
10995116281738|8796093035179|1651713020635|business associate
10995116291738|10995116291177|1662571767709|business associate
3298534887308|4398046514157|1620483687382|business associate
3298534887308|4398046534740|1642020430338|business associate
12094627929516|13194139567141|1665041158210|business associate
12094627929516|2199023269003|1663620079404|business associate
3298534897309|3298534898222|1621249996434|business associate
5497558152862|23548|1616690542324|business associate
23982|13194139548151|1663191879972|business associate
8796093026192|13194139546621|1662072675577|business associate
4398046525089|13735|1632775688769|business associate
15393162792850|14293651164836|1672218514941|business associate
23987|10995116290861|1668315346747|business associate
13988|12094627929625|1665321057537|business associate
13988|8796093034850|1646607252492|business associate
13194139557300|14293651164730|1666953133514|business associate
12094627909525|14293651194047|1671130904253|business associate
10995116291751|32807|1665555512048|business associate
4398046515096|14293651185560|1670935333579|business associate
4398046515096|5497558152721|1636847773684|business associate
9895604673977|9895604673740|1657709158260|business associate
9895604673977|7696581408250|1646470831397|business associate
5497558142874|1099511631968|1658078190851|business associate
8796093036202|15393162823514|1672452662447|business associate
8796093036202|8796093046928|1649479479502|business associate
3298534907323|3298534896085|1640892755434|business associate
3298534907323|2199023270459|1625177681905|business associate
1099511661771|8796093055532|1667096979727|business associate
1099511661771|15393162811378|1672527124774|business associate
8796093026204|6597069791116|1654920153439|business associate
13996|32962|1647823393194|business associate
7696581408429|4398046525884|1632194897065|business associate
7696581408429|6597069800402|1656550991515|business associate
6597069790653|10995116310754|1656319255383|business associate
6597069790653|12094627928544|1652047155635|business associate
2199023289549|5497558151708|1618278441315|business associate
2199023289549|4398046524452|1627669691581|business associate
10995116281758|3298534886843|1648263249840|business associate
10995116281758|14293651185217|1668338103461|business associate
9895604673982|14293651164096|1666311756232|business associate
9895604673982|7696581417483|1644476795898|business associate
4398046525103|9895604653785|1667879370163|business associate
14293651185087|1099511642412|1668780882618|business associate
14293651185087|3298534917909|1671604551439|business associate
1099511661775|3298534906513|1624103415123|business associate
1099511661775|4398046533949|1628657540471|business associate
10995116291760|2199023279256|1660297054586|business associate
10995116291760|10995116302740|1661993662239|business associate
3298534897329|5497558173829|1622109330276|business associate
3298534897329|10995116310594|1670359795917|business associate
9895604683985|6597069780044|1645060191686|business associate
13194139547314|6597069800479|1663447062866|business associate
13194139547314|14293651184448|1669302574082|business associate
24002|3298534908236|1645739451887|business associate
24002|5497558153267|1648933653927|business associate
4398046545106|15393162812364|1672153073257|business associate
4398046545106|4398046535274|1631702171079|business associate
12094627909540|1099511661829|1662734428201|business associate
9895604683988|9895604654065|1655148625858|business associate
4005|2199023269933|1667063273481|business associate
10995116301765|13194139536266|1669618454458|business associate
13194139567317|4398046524680|1671350780666|business associate
14293651185094|34035|1669941991773|business associate
14293651185094|12094627919311|1669652574558|business associate
1099511661782|3298534898230|1608127976876|business associate
14007|3345|1668698869204|business associate
4398046535111|9895604653190|1664531990101|business associate
9895604653992|14293651164214|1668813472603|business associate
8796093046216|9895604662489|1645380385548|business associate
8796093046216|9895604682789|1648585743370|business associate
6597069780665|13438|1649883655035|business associate
34009|10995116300320|1650213086608|business associate
10995116291770|9895604654335|1661824584419|business associate
4011|14400|1608195693264|business associate
4011|13194139556952|1667278634061|business associate
4398046535115|12094627929945|1667733132589|business associate
4398046545115|9895604673999|1659721241181|business associate
4398046545115|8796093036143|1656952444929|business associate
3298534897340|10995116292573|1671455327603|business associate
3298534897340|1099511651892|1636981510249|business associate
15393162812876|4398046546025|1672447061256|business associate
12094627919549|1099511632059|1671905130008|business associate
9895604673997|7696581418332|1662502318160|business associate
5497558172893|14293651194896|1670465021205|business associate
5497558172893|23365|1616505578374|business associate
7696581418446|10995116290618|1670801204403|business associate
14293651175103|13194139557230|1670699717872|business associate
14293651175103|9895604682795|1670374328740|business associate
9895604673999|3298534896814|1666329368644|business associate
9895604673999|8796093056753|1656841725539|business associate
7696581398448|13194139567032|1668452244759|business associate
7696581398448|3298534908236|1666116479140|business associate
10995116311776|7696581427205|1653608431228|business associate
10995116311776|4398046545617|1670433879210|business associate
13194139537329|2199023288201|1664010047921|business associate
13194139537329|8796093025464|1661876776155|business associate
1099511661793|7696581407838|1671258726882|business associate
3298534887346|6597069789681|1666386283395|business associate
4398046535122|3298534897014|1648601420690|business associate
4398046535122|14293651185294|1668178179603|business associate
5497558172898|3298534906357|1645187341781|business associate
7696581408452|34596|1669463180533|business associate
7696581408452|5497558152089|1639556564124|business associate
7696581418453|8796093055982|1658246406332|business associate
7696581428453|10995116290842|1667628794214|business associate
7696581428453|15393162812999|1672114692854|business associate
7696581398455|3298534916304|1668895223404|business associate
7696581398455|1099511652040|1640206668492|business associate
8796093026233|7696581408152|1656682041323|business associate
8796093026233|3298534887331|1640180242627|business associate
13194139547339|7696581398110|1671820087069|business associate
13194139547339|14293651185170|1671665525379|business associate
7696581428459|13193|1668639799967|business associate
2199023259580|7696581427101|1648164780804|business associate
2199023259580|12094627908590|1659768194371|business associate
14293651165117|10995116282189|1669851950794|business associate
14293651165117|8796093045548|1666629022988|business associate
6597069780686|4398046544244|1640633282372|business associate
12094627909568|3143|1665734616341|business associate
12094627909568|13194139557945|1662352673448|business associate
2199023269585|8796093045220|1661101880679|business associate
15393162812897|5497558172254|1672490787402|business associate
15393162812897|3298534917690|1672525295457|business associate
6597069800689|9895604664491|1666999817884|business associate
6597069800689|1099511650286|1622815942627|business associate
15393162802899|13150|1672236746652|business associate
9895604674019|9895604662562|1654578808951|business associate
14293651165124|13194139557211|1670267305822|business associate
14293651165124|10995116292492|1671495951037|business associate
14293651175124|13194139538097|1664827863504|business associate
14293651175124|13194139547934|1665638959833|business associate
4398046535142|3298534917354|1672393081167|business associate
4398046535142|14293651165402|1667592427440|business associate
12094627939574|12094627908233|1668659523507|business associate
12094627939574|2199023260192|1654699542480|business associate
12094627939575|12094627919716|1669922037433|business associate
12094627939575|2199023290166|1655247652440|business associate
6597069770696|4398046524052|1671186104802|business associate
6597069770696|6597069771350|1627656434305|business associate
8796093036248|14971|1671105721399|business associate
3298534907368|5497558153474|1655525250905|business associate
13194139547353|10995116291779|1658916345076|business associate
13194139547353|10995116311851|1659528171960|business associate
14293651175131|13194139536329|1670083503459|business associate
14293651175131|4398046524856|1665873045075|business associate
5497558162923|2766|1654642681019|business associate
5497558162923|4398046535785|1618348513848|business associate
5497558172923|5497558151578|1624106803075|business associate
5497558172923|4398046544244|1650237946530|business associate
15393162802908|9895604663189|1671999338891|business associate
13194139537357|13194139567498|1667207365308|business associate
13194139537357|12094627919958|1662237048385|business associate
2199023279598|12094627920017|1666240820035|business associate
5497558142927|10995116310388|1671599662965|business associate
5497558142927|6597069790038|1633334287330|business associate
12094627929584|8796093045349|1670607100173|business associate
15393162822912|13194139557346|1672516189649|business associate
15393162822912|3298534917353|1671898237772|business associate
9895604684033|9895604684686|1646020696875|business associate
9895604684033|7696581399093|1648057445847|business associate
2199023279602|12094627930264|1670738512592|business associate
9895604654035|10995116291667|1669608853870|business associate
14293651175139|6597069800719|1669462362322|business associate
14293651175139|12094627918120|1670616365487|business associate
14293651165140|8796093036843|1669124771262|business associate
14293651165140|15393162801787|1671543712424|business associate
10995116301812|23329|1647907608469|business associate
10995116301812|1099511632485|1653522246137|business associate
5497558142933|10995116281991|1669409468291|business associate
5497558142933|7696581418397|1635326290839|business associate
1099511661829|14293651175323|1670277781980|business associate
1099511661829|1099511650613|1665065041343|business associate
9895604674038|3298534886374|1657136707029|business associate
12094627939590|9895604664570|1667108624463|business associate
12094627939590|3333|1670694153407|business associate
14293651195143|6597069800005|1668363096770|business associate
4398046515160|2199023259531|1642796335374|business associate
1099511641834|6597069780417|1634171355634|business associate
4398046525163|4398046535111|1614171311296|business associate
4398046525163|15393162822579|1670543288814|business associate
14060|8796093035595|1636555668977|business associate
14060|7696581417950|1664316645332|business associate
2199023259613|10995116301164|1664082916607|business associate
2199023259613|6597069800728|1632575701969|business associate
8796093046269|3298534916654|1641959683525|business associate
6597069800717|2199023259263|1638820632492|business associate
9895604654046|2199023278755|1655339211462|business associate
14293651165151|6597069801243|1664363601149|business associate
14293651165151|13194139567087|1664014086466|business associate
8796093036271|14293651186065|1669525979642|business associate
8796093036271|7696581427646|1636420373761|business associate
3298534907391|15393162812517|1671069792534|business associate
10995116281824|6597069770725|1672031831319|business associate
10995116281824|10995116281138|1648920278144|business associate
10995116301824|14293651195010|1669685387970|business associate
10995116301824|14293651194560|1670707249704|business associate
5497558172944|2199023279712|1634180381242|business associate
5497558172944|33779|1660156304026|business associate
5497558152945|2199023288671|1654162670897|business associate
5497558152945|8796093044774|1665286693739|business associate
8796093056274|1099511640513|1664176072518|business associate
10995116291827|4398046515776|1663492194295|business associate
10995116291827|15393162802885|1672339731692|business associate
5497558172947|13194139546696|1672432726695|business associate
6597069780724|1099511631363|1664595505730|business associate
2199023289620|12094627910396|1667003885389|business associate
2199023289620|10995116311559|1657436930834|business associate
6597069770725|9895604663693|1640162111611|business associate
6597069770725|10995116302227|1671516754629|business associate
2199023269621|13194139566952|1670545303771|business associate
7696581418502|12094627940415|1657057467587|business associate
7696581418502|3298534907870|1654359702062|business associate
3298534887399|5497558173829|1646595724568|business associate
3298534887399|7696581427891|1646889478185|business associate
12094627929607|6597069789227|1663737161834|business associate
3298534897400|5497558163064|1636912614234|business associate
6597069800728|7696581428811|1628788376135|business associate
9895604674057|14293651165463|1669091923259|business associate
7696581428505|3298534886811|1654780181124|business associate
5497558152954|2199023269754|1620185759453|business associate
5497558152954|7696581398151|1638204228506|business associate
24074|10995116301106|1649146833860|business associate
12094627909611|6597069781244|1663386936743|business associate
12094627909611|3298534917134|1668636611337|business associate
4398046535179|9895604673703|1653614932306|business associate
4398046535179|1099511662175|1640689780139|business associate
6597069770733|14293651185472|1672204556629|business associate
6597069770733|12094627928932|1671053712913|business associate
14077|7696581398622|1665296851383|business associate
14077|14293651164815|1669869686456|business associate
15393162792942|4398046545719|1672407274704|business associate
12094627929614|12094627908140|1665834685741|business associate
12094627929614|14293651195247|1668000717080|business associate
13194139547391|7696581427626|1669411960664|business associate
13194139547391|5497558161382|1661972576002|business associate
1099511651855|22689|1668480499617|business associate
13194139547393|12094627930346|1664560855455|business associate
8796093036290|3298534916293|1641279170955|business associate
14293651185170|23956|1672282343726|business associate
3298534897411|9895604684559|1658523788128|business associate
14293651185171|9895604662558|1670904063589|business associate
7696581418516|13194139566229|1665865391812|business associate
7696581418516|14971|1645052245727|business associate
34084|5497558143087|1614948758235|business associate
5497558162965|12094627939396|1662843110080|business associate
1099511661861|7696581397494|1656035958043|business associate
5497558162966|3298534886585|1633878477757|business associate
5497558162966|1099511630487|1616938406914|business associate
10995116311846|10995116312149|1664531785708|business associate
10995116311846|3298534907013|1664712849305|business associate
1099511631865|5497558141430|1637990475751|business associate
1099511631865|10995116311129|1649990028770|business associate
2199023269641|3298534886669|1610654733023|business associate
2199023269641|3298534916237|1628356148866|business associate
12094627909626|13194139557040|1662971746560|business associate
10995116301850|5497558172493|1661030497558|business associate
9895604684074|10995116282441|1671763040718|business associate
10995116281851|3298534897237|1660195243718|business associate
3298534907419|3298534887270|1657309914355|business associate
2199023279644|3429|1601584679649|business associate
2199023279644|9895604684292|1657052568960|business associate
12094627929629|5497558163481|1666124886772|business associate
12094627929629|14293651165927|1668644473492|business associate
10995116291854|13194139566226|1669690426265|business associate
10995116291854|8796093035227|1664687602174|business associate
24094|10995116300658|1646453194715|business associate
24094|4398046534699|1654127231836|business associate
2199023259647|8796093044994|1667397875005|business associate
12094627919631|2199023269493|1664626699072|business associate
12094627929632|14293651165716|1672041832648|business associate
12094627929632|4398046534132|1653569232613|business associate
14293651165185|13194139557790|1671521689572|business associate
6597069770754|9895604683564|1649490739688|business associate
2199023279650|9895604653345|1667980761591|business associate
8796093056306|13194139537027|1669232309932|business associate
8796093036307|8796093035702|1655648240765|business associate
6597069790755|4398046525953|1658530857809|business associate
9895604674084|13194139547382|1662248399003|business associate
13194139567412|13194139536574|1663746110909|business associate
14293651165190|7696581399109|1672015144268|business associate
13194139547414|7696581418389|1660647087565|business associate
13194139547414|5497558172859|1669866428241|business associate
9895604684087|5497558163801|1659937098438|business associate
9895604684087|1099511642339|1664770775335|business associate
8796093026312|12094627938674|1668464169734|business associate
4398046525208|5497558152100|1655083551917|business associate
3298534897433|9895604674216|1668180633517|business associate
10995116301865|6597069801287|1661907828807|business associate
1099511631882|5497558162618|1661856487528|business associate
2199023269658|2199023279223|1609627953225|business associate
6597069790762|10995116302212|1663411734085|business associate
1099511631883|9895604684454|1669823472088|business associate
1099511631883|3298534907925|1658267160414|business associate
12094627919643|12094627928504|1664657979559|business associate
5497558142988|10995116282142|1665375225499|business associate
5497558142988|12094627919311|1655279191108|business associate
14293651175196|2199023270277|1669769382857|business associate
1099511651884|13194139547196|1662983318282|business associate
13194139567421|6597069800897|1663728555469|business associate
34110|13194139537744|1669798778338|business associate
12094627909647|9895604674284|1672186489192|business associate
3298534907439|33831|1652060917665|business associate
3298534907439|9895604684760|1652680865392|business associate
3298534917439|3298534915922|1662588072633|business associate
3298534917439|12094627929155|1670275374693|business associate
4398046525216|3298534916487|1651692493600|business associate
13194139547425|13194139546284|1672135237431|business associate
5497558172993|6597069799273|1641998710235|business associate
7696581428547|2199023279712|1659242265059|business associate
7696581428547|6597069790061|1657561630474|business associate
14293651165204|13503|1666247240656|business associate
14293651165204|8796093036239|1669554137589|business associate
3298534907445|7696581427499|1644799507687|business associate
7696581428549|7696581417678|1667864233139|business associate
7696581428549|13194139568198|1663616682658|business associate
5497558153000|5497558153128|1643602253920|business associate
5497558153000|8796093045885|1651999456165|business associate
9895604674104|15393162792407|1672241190037|business associate
9895604674104|12094627920017|1668683143748|business associate
6597069800776|13194139546057|1666338041053|business associate
6597069800776|1099511630937|1671183293806|business associate
9895604674105|33643|1641437358381|business associate
9895604674105|8796093057012|1641579609504|business associate
4122|5497558172414|1656653143903|business associate
3298534907450|7696581407329|1632374766542|business associate
13194139567434|10995116290633|1664144511058|business associate
13194139567434|2199023259158|1671062599806|business associate
9895604664107|7696581397507|1663884753664|business associate
9895604664107|1099511652366|1646244370897|business associate
4398046545228|12094627918057|1659835117550|business associate
24125|8796093035098|1643730162378|business associate
7696581428557|8796093046655|1662917812071|business associate
6597069770782|9895604662489|1666438656810|business associate
2199023289679|23646|1669164968316|business associate
2199023289679|10995116282358|1654740960702|business associate
1099511641905|13194139536781|1669036440368|business associate
14293651165218|1099511632520|1671471096220|business associate
14293651165218|8796093056366|1671051779671|business associate
10995116311890|13194139568139|1660792956719|business associate
7696581418563|6597069770502|1658316504123|business associate
7696581418563|10995116291943|1666647133264|business associate
14293651195219|1099511651356|1665514440737|business associate
14293651195219|12094627918362|1663794508196|business associate
13194139557444|5497558163555|1665925774389|business associate
13194139557444|2199023258210|1663264555877|business associate
1099511661909|2199023260095|1594940571190|business associate
1099511661909|1099511652646|1669763868336|business associate
7696581398566|9895604663693|1645147935307|business associate
12094627939670|9895604662558|1657994102560|business associate
12094627939670|2199023258819|1666962397227|business associate
14135|1099511650595|1591222416473|business associate
15393162812999|7696581428067|1671816554524|business associate
12094627909672|13194139558109|1667994417030|business associate
15393162823001|14293651165315|1672478311360|business associate
15393162823001|2199023289963|1672312302915|business associate
14293651165226|3298534908102|1668488837225|business associate
14293651165226|2199023268717|1671340403016|business associate
7696581408570|14293651175916|1669773286793|business associate
7696581408570|9895604654884|1643475010841|business associate
10995116301898|9895604674746|1658620458410|business associate
10995116301898|5497558173075|1657917344244|business associate
6597069780795|1099511642638|1642374421651|business associate
13194139567451|14293651184345|1672492771014|business associate
7696581398572|8796093037033|1668013866350|business associate
9895604684124|4100|1645017521618|business associate
9895604684124|1099511631293|1658097160877|business associate
6597069770798|15393162823185|1671802107035|business associate
6597069770798|8796093055638|1638435358857|business associate
2199023289694|14293651195534|1670014600360|business associate
2199023289694|6597069771015|1666440051988|business associate
4398046535247|24642|1635916623582|business associate
4398046535247|3868|1631192131205|business associate
8796093056351|3298534916170|1635653046400|business associate
8796093056351|8796093057056|1642793703266|business associate
12094627939680|9895604672943|1672012605422|business associate
4398046515249|4974|1614986539539|business associate
4398046515249|4398046515541|1645435337765|business associate
4398046515250|4398046514070|1651221482100|business associate
4398046515250|9895604683437|1664704175683|business associate
6597069800802|9895604673479|1670288190339|business associate
12094627919683|6597069801089|1668580387859|business associate
12094627919683|15393162803381|1671606874174|business associate
4398046525252|13194139557524|1661339834914|business associate
4398046525252|14293651163932|1670597533388|business associate
6597069790804|9895604652925|1661108316525|business associate
6597069790804|3298534915953|1641749195887|business associate
13194139567460|14293651185098|1669702865016|business associate
12094627929685|12094627928950|1667388195778|business associate
12094627929685|10995116301850|1658703951632|business associate
3298534897479|10995116312730|1653931032727|business associate
3298534897479|8796093055052|1634947265236|business associate
4398046535255|14293651175979|1670263122374|business associate
4398046535255|13194139557110|1671006065428|business associate
1099511631928|13194139557948|1663123096918|business associate
1099511631928|13194139536661|1664926796743|business associate
5497558173032|14293651164475|1671129511736|business associate
13194139547465|2199023278126|1665729094829|business associate
13194139547465|6597069771112|1672445311742|business associate
2199023269706|9895604674164|1661794285213|business associate
2199023269706|2199023288060|1666577053761|business associate
8796093046362|9895604663185|1665667970087|business associate
8796093046362|34281|1668658753867|business associate
5497558143036|12094627940385|1652883905533|business associate
5497558143036|2199023269637|1642589296429|business associate
4398046525260|6597069800103|1632223212177|business associate
3298534917484|6597069799810|1656119823206|business associate
4398046545261|1099511640732|1668371380956|business associate
4398046545261|5497558142824|1627803825236|business associate
5497558153038|15393162822901|1671783664850|business associate
13194139557471|7696581418180|1662249147899|business associate
13194139557471|1099511652741|1662299924284|business associate
5497558153040|34843|1666849094787|business associate
14293651195248|6597069780377|1668473804877|business associate
3298534897489|6597069790634|1651668545316|business associate
13194139547474|6597069790349|1659182596518|business associate
2199023259715|9895604652491|1671489032836|business associate
3298534907491|14293651185176|1667776364946|business associate
3298534907491|9895604674669|1666294922300|business associate
14293651195251|10995116290430|1672502920326|business associate
14293651195251|1099511661527|1670050076050|business associate
9895604664149|13194139567113|1662021268063|business associate
9895604664149|4398046543617|1667611362025|business associate
6597069770822|2199023289845|1643790501456|business associate
9895604664150|13194139536698|1659831108494|business associate
6597069770823|2199023278787|1669686592528|business associate
8796093056375|5497558173092|1650343943714|business associate
10995116291928|5497558162077|1665044003990|business associate
10995116291928|4398046525753|1661648777987|business associate
6597069770825|1099511641141|1634280183079|business associate
6597069770825|1099511631421|1668940383212|business associate
2199023269722|12094627929367|1669435841223|business associate
4398046535274|3956|1632676712054|business associate
4398046535274|7696581407268|1668451416009|business associate
4398046545274|1099511662047|1626414320985|business associate
4398046545274|5497558152886|1651145581016|business associate
2199023259723|7696581408246|1663955924885|business associate
14293651175260|1099511651843|1671177973441|business associate
7696581408606|10995116281904|1658167930548|business associate
15393162823038|7696581417329|1671124213486|business associate
15393162823038|13194139565826|1670919706540|business associate
13194139537487|3298534886425|1668528298374|business associate
14175|10995116312023|1671712271269|business associate
14175|6597069770387|1646708499173|business associate
13194139547488|9895604663587|1672132574316|business associate
24176|3298534907561|1663952161693|business associate
24176|15393162801900|1671199921948|business associate
12094627909713|4398046544686|1664460688080|business associate
24178|7696581427861|1655082197399|business associate
24178|13881|1606196794549|business associate
12094627939714|14293651173983|1665414051008|business associate
5497558143059|13194139567919|1663610605379|business associate
5497558143059|9895604683691|1660649113909|business associate
12094627919716|5497558152568|1660237518081|business associate
12094627919716|10995116281242|1661246513244|business associate
9895604684164|10995116301175|1659147178753|business associate
9895604684164|7696581428547|1656631386812|business associate
13194139537494|5497558173631|1664947600903|business associate
13194139537494|7696581397512|1669390270488|business associate
5497558173062|2199023259296|1657689942129|business associate
3298534887512|15393162801545|1671435415506|business associate
3298534887512|10995116292685|1668916575854|business associate
6597069780840|7696581417276|1653980345162|business associate
2199023269737|34671|1620115329356|business associate
2199023269737|32685|1666332457826|business associate
1099511651962|3298534907172|1636311695931|business associate
13194139567498|2199023270338|1659436414539|business associate
4398046515291|8796093026093|1650969364948|business associate
4398046515291|6597069769192|1635171954740|business associate
10995116291947|13194139538175|1668419447977|business associate
15393162823051|4797|1671815467967|business associate
15393162823051|3298534885848|1671784821130|business associate
12094627909724|1099511632415|1665652015987|business associate
12094627909724|2199023268396|1655466492022|business associate
2199023279740|22860|1608224133819|business associate
2199023279740|9895604653083|1642869221718|business associate
5497558153069|3639|1615312087881|business associate
7696581398622|10995116310855|1672224151406|business associate
7696581398622|12094627908607|1654008929754|business associate
8796093026399|2199023259170|1665683906020|business associate
8796093026399|4398046535105|1643066191167|business associate
13194139547503|8796093055207|1668120612852|business associate
7696581428623|32807|1638089439619|business associate
7696581428623|12094627909540|1661793923499|business associate
12094627929728|3298534887215|1670091174146|business associate
12094627929728|9895604683090|1663822643053|business associate
5497558173072|13194139537881|1671826798620|business associate
4398046535297|7696581409263|1633126642115|business associate
2199023259746|14293651195189|1671197132435|business associate
4398046515299|9895604663900|1658861804820|business associate
4398046525299|3298534906951|1662557285525|business associate
4398046525299|13194139568221|1671073995901|business associate
5497558173075|15393162822799|1672341837659|business associate
5497558173075|3298534916487|1656945500989|business associate
12094627909732|7696581397708|1669940447626|business associate
2199023269748|7696581399014|1656972192720|business associate
2199023269748|8796093045786|1669066043718|business associate
14293651195284|15393162812123|1672503576418|business associate
14293651185285|6597069770834|1669714807187|business associate
14293651185285|1099511630715|1670540224597|business associate
1099511651974|12094627909272|1660280234816|business associate
1099511651974|7696581398703|1646835420192|business associate
2199023289750|1099511630487|1669771322346|business associate
2199023289750|14293651175873|1664203921691|business associate
13194139567511|13194139557025|1662320181721|business associate
13194139567511|14293651173616|1672445424416|business associate
1099511651976|4398046545179|1627087332490|business associate
1099511651976|12094627930306|1667035953111|business associate
7696581398633|5497558172055|1630047274280|business associate
7696581398633|1099511661632|1644238827948|business associate
10995116301961|3298534886456|1652398081001|business associate
3298534907530|6597069801303|1633107210064|business associate
1099511631979|4398046546022|1633099297295|business associate
9895604684187|3298534896037|1662032802223|business associate
14293651175292|7696581399148|1669833870743|business associate
6597069800861|15393162793524|1672398964845|business associate
5497558143087|1099511652554|1632515391246|business associate
5497558143087|1099511652770|1651041840032|business associate
7696581428639|9895604673495|1667095349635|business associate
7696581428639|5497558141710|1670586579535|business associate
7696581418640|12094627928356|1658714116056|business associate
7696581418640|34693|1629961395961|business associate
13194139567520|7696581397732|1668587551749|business associate
13194139567520|5497558162775|1666572805305|business associate
6597069770865|13690|1623886210308|business associate
6597069770865|7696581428505|1633197499444|business associate
3298534887538|7696581398272|1634707420325|business associate
7696581408642|12094627928151|1667547678552|business associate
12094627909748|15393162822363|1672209109161|business associate
2199023259765|10995116281110|1668342867676|business associate
2199023259765|2199023269136|1614384447589|business associate
34213|12094627929253|1672137402917|business associate
14293651195302|6597069790086|1672508762171|business associate
14293651195302|12094627930032|1671916903537|business associate
14293651165303|5497558141651|1669582077956|business associate
3298534887544|7696581429037|1634997845909|business associate
24216|6597069770272|1666084461724|business associate
24216|13194139536314|1665124514980|business associate
2199023269769|13194139567434|1671683416221|business associate
15393162793082|6597069799594|1671261505438|business associate
3298534897546|33594|1656629924221|business associate
3298534897546|4398046545889|1671465978968|business associate
3298534907547|3298534896540|1617179460086|business associate
3298534907547|6597069790509|1645529750645|business associate
6597069770876|3298534887291|1671091948146|business associate
9895604664204|4398046543670|1641677094816|business associate
7696581418652|7696581407737|1658538148927|business associate
8796093046430|4005|1637338172318|business associate
12094627939758|5497558173051|1654920876025|business associate
8796093046431|14293651175516|1670909729660|business associate
8796093046431|13194139547662|1671918232500|business associate
8796093036432|4398046535960|1663929230422|business associate
8796093036432|1099511652305|1662085927200|business associate
5497558163104|9895604684413|1671722957320|business associate
5497558163104|13194139566478|1671112700941|business associate
7696581428656|5497558152906|1651392566272|business associate
13194139537541|12094627910465|1659570687338|business associate
7696581418661|13194139536276|1664587422119|business associate
7696581418661|5497558172657|1640613367946|business associate
6597069800885|1099511642537|1626211993944|business associate
13194139547542|7696581408970|1670737490491|business associate
13194139547542|13194139535957|1665764992867|business associate
10995116311990|7696581428505|1655566540181|business associate
2199023269783|8796093035009|1646279055589|business associate
15393162813095|7696581408133|1672339090021|business associate
15393162813095|1099511661368|1672440483298|business associate
9895604674216|15393162793066|1671954319156|business associate
9895604674216|13194139556298|1667625073038|business associate
8796093026441|15393162822558|1672433118985|business associate
3298534917561|4398046534190|1635360488634|business associate
5497558143114|1099511652086|1624072807367|business associate
3298534897562|8796093046140|1638667627392|business associate
3298534897562|2199023289424|1630525892550|business associate
2199023289786|7696581417287|1637241158596|business associate
2199023289786|1099511661820|1619413735716|business associate
4398046535339|8796093046655|1636696351464|business associate
12094627939771|12094627909351|1664684037041|business associate
10995116301996|15393162811405|1672190333816|business associate
8796093056444|4398046524340|1665952524023|business associate
15393162803101|3298534916623|1671573224973|business associate
15393162803101|7696581397111|1672222686693|business associate
3298534887566|12094627918625|1672509857403|business associate
3298534887566|12094627939746|1671968173251|business associate
6597069780894|6597069769968|1664480646352|business associate
8796093046446|2199023260161|1642846376625|business associate
8796093046446|8796093046636|1666034055669|business associate
6597069800894|1099511641395|1638423056164|business associate
3298534887567|13194139566885|1671013681227|business associate
1099511642015|8796093057207|1663273422997|business associate
1099511642015|8796093036082|1672448279781|business associate
15393162793104|4398046524136|1671645343992|business associate
2199023279792|12094627909195|1658863289037|business associate
4398046545344|10995116302597|1645178526807|business associate
4398046545344|1099511650467|1635459680584|business associate
9895604664225|13071|1657845367703|business associate
9895604664225|34356|1659299158061|business associate
6597069800897|4398046544100|1634244912792|business associate
6597069800897|2199023258065|1628693569224|business associate
1099511642018|15393162792421|1672497018173|business associate
1099511642018|3143|1633185165846|business associate
5497558143123|34942|1653866713533|business associate
6597069790901|22947|1645862548954|business associate
34245|1099511660980|1612619271364|business associate
34245|12094627919631|1658000115604|business associate
14293651195334|5497558151603|1671234970638|business associate
1099511632023|4398046535374|1605668597562|business associate
5497558153128|13194139557271|1670283711246|business associate
5497558153128|1099511660907|1642257958044|business associate
9895604684232|1099511630310|1646340934147|business associate
1099511642025|9895604654042|1647645489809|business associate
9895604684233|7696581418661|1660268106902|business associate
9895604684233|5497558142918|1671186251352|business associate
13194139537562|24850|1666983027745|business associate
13194139537562|10995116301813|1659826634298|business associate
24250|3298534907013|1672306597696|business associate
9895604684234|12094627920449|1661968609854|business associate
9895604684234|8796093045528|1641753094127|business associate
14251|5497558161570|1618956664765|business associate
14251|12094627919311|1667631826291|business associate
7696581418683|4398046513641|1641613634646|business associate
7696581418683|9895604684861|1662757227907|business associate
13194139537564|9895604674382|1668415075602|business associate
13194139537564|15393162813613|1672392429039|business associate
8796093046460|2199023259163|1653433179864|business associate
6597069780909|14293651174076|1669848423354|business associate
6597069780909|5497558172646|1670131096465|business associate
12094627929789|4398046534192|1667329506564|business associate
9895604664238|14293651175186|1670291476146|business associate
9895604664238|3298534897685|1660900309560|business associate
14293651195342|9895604654981|1671362521147|business associate
13194139547567|12094627909406|1663070635712|business associate
24255|5497558142294|1631840430007|business associate
24255|7696581427835|1666036238172|business associate
4398046545359|2199023278671|1624123009306|business associate
4398046545359|10995116302580|1661559689800|business associate
15393162793124|12094627939910|1672492819207|business associate
15393162793124|13194139535826|1672320565020|business associate
13194139547574|14293651184066|1671075247511|business associate
34262|5497558153818|1630161567697|business associate
6597069800920|8796093035810|1655782562098|business associate
15393162793129|4398046536029|1671046173812|business associate
14293651195353|13194139567335|1667241752031|business associate
14293651195353|1099511660434|1666751547289|business associate
13194139547578|14293651174841|1667327383362|business associate
7696581428698|15393162822280|1671984392537|business associate
3298534907595|8796093056127|1659656835755|business associate
3298534907595|12094627908358|1658965505663|business associate
3298534897596|10995116291538|1651782199020|business associate
3298534897596|8796093035469|1667729334747|business associate
12094627939806|13194139547393|1664623839276|business associate
7696581398703|8796093035699|1664970049305|business associate
9895604674255|7696581398348|1652019699815|business associate
9895604674255|13194139538175|1670203645873|business associate
1099511662047|7696581418959|1626659374955|business associate
8796093026480|15393162823101|1672175557217|business associate
34272|8796093036543|1666187121141|business associate
34272|8796093055610|1670059844389|business associate
14293651165361|2199023270312|1670368857999|business associate
14293651165361|13194139545938|1668079514528|business associate
2199023279825|7696581427014|1670562732076|business associate
2199023279825|9895604672715|1643455782003|business associate
5497558153154|1099511660722|1622936327120|business associate
5497558153154|10995116290470|1657633167690|business associate
14293651185362|14293651174752|1668462279336|business associate
14293651185362|2199023280274|1666021984635|business associate
13194139567586|5497558173738|1670143767691|business associate
13194139567586|12094627908417|1663577363734|business associate
14293651195364|1099511642412|1668944362084|business associate
14293651195364|2199023279680|1670231881118|business associate
9895604654261|2199023289549|1640853701817|business associate
9895604654261|13194139555964|1671408198595|business associate
6597069780933|14293651183647|1665101053529|business associate
12094627919814|5497558152053|1661542795948|business associate
12094627919814|7696581417430|1658213899886|business associate
12094627929814|8796093026133|1656035845257|business associate
10995116312038|4398046514062|1661797716528|business associate
10995116312038|7696581397549|1667838198954|business associate
5497558143159|5497558163290|1645032186324|business associate
5497558143159|1099511651974|1647795550840|business associate
12094627919815|10995116301481|1659576449645|business associate
12094627919815|7696581408172|1661719512541|business associate
14293651195367|8796093046998|1666870123097|business associate
14293651165368|12094627919232|1665266601795|business associate
14293651165368|4398046535675|1664145213297|business associate
2199023279832|10995116280609|1659493787179|business associate
3298534917608|9895604662578|1650459526238|business associate
3298534917608|9895604663758|1664000930761|business associate
8796093046489|9895604683992|1643547247832|business associate
8796093046489|2199023289713|1646137139164|business associate
5497558163162|4398046515541|1671226782538|business associate
5497558163162|4398046525301|1665473867218|business associate
1099511632059|9895604652851|1653440641807|business associate
7696581408715|1099511640732|1649071635207|business associate
24283|7696581429359|1645221495547|business associate
24283|2847|1647132092609|business associate
6597069770941|6597069781339|1634193460362|business associate
9895604664269|9895604654060|1671036517947|business associate
9895604664269|32750|1655014676918|business associate
9895604684269|14293651165151|1664954167603|business associate
9895604684269|1099511642617|1663792237578|business associate
3298534887614|9895604683343|1668968997087|business associate
10995116302046|7696581407673|1656365436129|business associate
6597069790943|10995116302295|1668512209642|business associate
7696581408720|8796093057160|1650705476898|business associate
12094627909825|3298534917909|1654987827365|business associate
12094627909825|15393162822222|1672141970128|business associate
1099511642065|10995116280585|1657129889492|business associate
1099511642065|5497558152909|1624677379861|business associate
1099511662065|2199023278212|1633689502567|business associate
9895604654274|5497558142419|1659623572722|business associate
3298534907618|2199023289799|1672528380341|business associate
3298534907618|2199023279351|1648764783761|business associate
14293651165379|3298534905874|1666625668183|business associate
14293651165379|8796093045798|1672296943507|business associate
10995116292051|3298534907815|1654641635648|business associate
10995116292051|2199023289484|1663949102887|business associate
34291|14293651164888|1664864622925|business associate
3298534917620|1099511651303|1669034787368|business associate
13194139537605|4952|1664025031408|business associate
8796093026503|14293651195120|1671306439826|business associate
10995116292055|7696581407254|1670989148984|business associate
6597069800951|8796093036638|1654878816580|business associate
6597069800951|2199023278786|1623701334405|business associate
8796093026504|9895604662708|1639024449027|business associate
8796093026504|1099511661516|1643514503216|business associate
5497558153176|5497558173820|1633165279875|business associate
5497558153176|14293651175237|1672009335499|business associate
14293651185384|3298534918059|1671349815408|business associate
7696581398729|7696581408505|1659374777156|business associate
7696581398729|15393162812676|1672042055877|business associate
15393162793162|8796093045655|1671288739892|business associate
15393162793162|1099511630438|1672133644768|business associate
8796093036507|7696581397109|1646184858157|business associate
8796093036507|14293651194793|1670264497733|business associate
4398046515404|8796093036772|1638717705118|business associate
4398046515404|10995116302046|1668752746640|business associate
8796093056508|7696581417408|1656716811277|business associate
4301|4398046514062|1618395816142|business associate
4301|3298534886228|1656386950880|business associate
2199023269853|8796093056127|1671318320138|business associate
13194139567613|5497558141632|1671926933207|business associate
13194139567613|5497558161701|1662728162017|business associate
15393162803166|3298534886519|1671724637380|business associate
15393162803166|12094627938097|1672406926945|business associate
6597069770959|1099511642737|1639246496757|business associate
12094627919839|9895604652995|1670987025664|business associate
15393162803168|12094627939357|1672077605837|business associate
34304|1099511660904|1618684895416|business associate
9895604664289|1099511661021|1651388535172|business associate
8796093046513|14293651194760|1666358031432|business associate
6597069790962|5497558142468|1635778792876|business associate
6597069790962|1099511630284|1620834375605|business associate
4398046545410|4398046524909|1659146722854|business associate
4398046545410|14293651195364|1664992108232|business associate
14293651175396|8796093036239|1670185714225|business associate
2199023279860|15393162803615|1672436981308|business associate
2199023279860|1099511662473|1641342736960|business associate
9895604654293|10995116301226|1653116967036|business associate
2199023289861|7696581428573|1639721785115|business associate
5497558153191|14293651194482|1666802505876|business associate
4313|2199023268247|1610200698861|business associate
4313|15393162812876|1672493068470|business associate
12094627929849|7696581428663|1668508673097|business associate
12094627929849|6597069780724|1661358305981|business associate
14293651195401|9895604664713|1668925918037|business associate
14293651195401|4398046545804|1672239162620|business associate
14293651165402|6597069800835|1670737037821|business associate
14293651165402|13190|1671751560954|business associate
10995116302074|1099511632178|1665267484400|business associate
10995116302074|13194139547773|1663826718750|business associate
2199023259867|10995116310618|1658570419414|business associate
14315|3298534916458|1615079273972|business associate
14315|3298534886557|1640881511908|business associate
14293651175404|4398046544815|1668328600037|business associate
7696581418749|6597069781513|1631639930096|business associate
4398046525422|13194139567892|1661563610708|business associate
6597069800974|3298534887817|1631023314340|business associate
14319|12094627918796|1667308923439|business associate
14319|13194139537720|1665180463498|business associate
12094627909856|9895604664536|1667524343312|business associate
13194139547632|8796093044774|1669583081417|business associate
13194139547632|12094627928810|1665749727847|business associate
14293651195408|14293651175899|1672296732918|business associate
14293651195408|5497558163475|1666390109957|business associate
4398046515425|1099511662051|1636323034369|business associate
6597069780978|4398046544597|1665740374697|business associate
13194139537635|2199023268768|1664493089048|business associate
13194139537635|7696581418397|1668815837916|business associate
9895604674307|13194139556232|1662545671135|business associate
14293651165413|13194139546714|1671695616576|business associate
3298534917653|9895604654618|1646181083393|business associate
3298534917653|7696581419041|1635818033709|business associate
3298534887654|14293651164475|1672241311891|business associate
3298534887654|10995116302356|1670116484993|business associate
14326|7696581417832|1631190654084|business associate
14326|9895604672524|1665320734556|business associate
3298534917654|10995116290837|1648785522788|business associate
1099511632103|14293651194786|1669335286704|business associate
8796093036535|3298534917822|1646732492989|business associate
8796093036535|4398046544904|1655067219135|business associate
5497558163207|13194139565831|1659997645167|business associate
5497558163207|7696581409149|1660083000201|business associate
3298534917655|9895604664602|1642872814931|business associate
3298534917655|7696581398151|1662560395870|business associate
9895604654312|6597069800507|1647334645032|business associate
10995116302088|8796093045714|1649806912466|business associate
1099511662106|12094627928843|1668742308382|business associate
1099511662106|15393162793162|1671989437473|business associate
12094627929867|9895604654335|1653842917881|business associate
12094627929867|6597069801015|1669046574547|business associate
12094627919869|7696581407367|1657159011197|business associate
3298534887662|14293651184516|1668195219218|business associate
3298534887662|2199023258944|1643046723090|business associate
12094627929870|12094627920526|1654959513523|business associate
6597069800990|5497558161958|1641444705156|business associate
8796093036543|8796093035632|1646489637257|business associate
4398046545439|4398046545106|1646792409104|business associate
1099511662112|5497558142562|1660234544923|business associate
1099511642114|2199023279274|1613501331968|business associate
2199023279890|3298534896403|1647523429403|business associate
2199023279890|6597069799389|1670620333953|business associate
3298534917666|12094627910089|1665244349987|business associate
3298534917666|1099511651974|1646158657729|business associate
10995116282100|9895604673396|1664428891226|business associate
5497558153220|12094627938969|1667276256768|business associate
5497558153220|6597069799412|1621304265024|business associate
9895604684324|10995116312722|1648044758528|business associate
24341|2548|1646553297187|business associate
2199023269894|9895604654982|1663462832686|business associate
5497558143225|7696581409349|1650894425319|business associate
5497558143225|7696581417178|1655953507415|business associate
7696581408777|12094627908815|1666536295154|business associate
7696581408777|7696581409402|1639681192749|business associate
10995116302106|2199023260379|1648202488440|business associate
10995116302106|3298534905863|1661160376497|business associate
2199023289898|7696581428557|1637423262500|business associate
8796093046555|14293651194321|1669685424328|business associate
8796093056555|3298534916510|1668733185226|business associate
8796093056555|12094627940334|1656754136766|business associate
5497558173228|5497558153402|1642676627775|business associate
8796093056557|9895604662504|1672509545340|business associate
8796093056557|2199023269754|1648640531042|business associate
13194139547662|33208|1662940265696|business associate
13194139547662|10995116300278|1663858599000|business associate
4398046535454|5497558173346|1663860613715|business associate
4398046535454|9895604674340|1644820263719|business associate
7696581428782|4398046514151|1663384339532|business associate
9895604654335|12094627920007|1660604825936|business associate
9895604654335|13271|1658194274213|business associate
4398046535455|8796093056498|1639613265524|business associate
4398046535455|10995116292055|1649167304717|business associate
7696581428783|15393162802282|1672385756783|business associate
7696581428783|8796093056962|1643172456474|business associate
1099511632128|3016|1594658345603|business associate
13194139547664|13194139557300|1661994006018|business associate
9895604674337|13194139546765|1664786709933|business associate
9895604674337|12094627910260|1666364132138|business associate
14293651165442|8796093054726|1672236890149|business associate
14293651165442|2199023279227|1672022415960|business associate
7696581408786|10995116311647|1652995103096|business associate
7696581408786|4398046543768|1651858621186|business associate
1099511652130|14293651193904|1672410584510|business associate
9895604684338|14293651165716|1669832263577|business associate
9895604684338|13194139546746|1668569488621|business associate
5497558163235|14293651165523|1666918243258|business associate
4356|5497558172303|1629579153609|business associate
4356|7696581427131|1659024904462|business associate
3298534897684|6597069771488|1649992611650|business associate
3298534897684|1099511631260|1641192250295|business associate
9895604674340|1099511640897|1646045420974|business associate
9895604674340|33139|1643626755098|business associate
34356|14293651184950|1670607894570|business associate
12094627909893|9895604684325|1655754274729|business associate
12094627909893|4398046513629|1656440257189|business associate
6597069791016|9895604663869|1671997228396|business associate
10995116292121|1099511630487|1661773420410|business associate
10995116292121|7696581427499|1666654003771|business associate
8796093046569|1099511651798|1657934997427|business associate
8796093046569|12094627938173|1672148141902|business associate
12094627929898|13194139557213|1659004946198|business associate
5497558143243|2199023279650|1619426762413|business associate
2199023279915|1099511662536|1613709576442|business associate
2199023279915|5497558141751|1646982624615|business associate
2199023289915|4398046516027|1627362593586|business associate
2199023259916|6597069789784|1656577188050|business associate
2199023259916|3298534917007|1626771383808|business associate
13194139567676|12094627939940|1665444006497|business associate
4398046515469|9895604663412|1664393943196|business associate
4398046515469|2199023260379|1619784180486|business associate
1099511662142|9895604672959|1668059479234|business associate
1099511662142|8796093025804|1657862815724|business associate
14367|8796093044820|1639149986743|business associate
14367|15393162811378|1672412573169|business associate
2199023279920|6597069791014|1637914462003|business associate
15393162823232|3298534897572|1671188980799|business associate
15393162823232|2199023258531|1672192404354|business associate
13194139547681|2199023289186|1672305773683|business associate
13194139547681|8796093035796|1668211596270|business associate
1099511652145|14293651194707|1670874737577|business associate
1099511652145|10995116310654|1657291140476|business associate
13194139537682|5497558152339|1665478851872|business associate
13194139537682|8796093044791|1670303578424|business associate
7696581418802|34035|1646585976362|business associate
7696581418802|1099511630412|1668948780671|business associate
10995116312130|2199023289688|1660963085143|business associate
4398046515475|1099511662264|1638082023489|business associate
4398046515475|13194139536842|1666147616393|business associate
14371|2199023269127|1650568930149|business associate
9895604664357|5497558151420|1642245631981|business associate
8796093026582|5497558153613|1644140458315|business associate
7696581418807|33779|1655122486569|business associate
5497558143256|7696581409136|1655791993149|business associate
8796093056584|1099511632277|1659529005154|business associate
8796093056584|15393162792605|1671660337954|business associate
5497558143257|3298534897915|1625609078437|business associate
5497558143257|9895604683782|1642550888536|business associate
3298534897706|33895|1640583150038|business associate
3298534897706|3298534907061|1629931405108|business associate
8796093046586|5497558171716|1659606117623|business associate
5497558153260|13194139537831|1670453529056|business associate
12094627929916|9895604682735|1666633783580|business associate
2199023279933|34439|1664700600605|business associate
5497558173261|14293651164153|1672312714511|business associate
5497558173261|13194139557927|1664418934319|business associate
10995116282142|12094627909000|1669221013654|business associate
12094627939918|4398046535223|1652772593071|business associate
12094627939918|14293651164888|1671435192770|business associate
8796093026592|1099511662378|1637093637940|business associate
8796093026592|7696581407838|1635031088814|business associate
3298534917712|7696581427205|1644402333518|business associate
5497558153265|13194139556196|1665060420210|business associate
10995116302145|3298534917902|1665331187627|business associate
13194139537698|14293651196052|1666720338023|business associate
13194139537698|13194139535826|1664227684608|business associate
4398046525490|13194139567251|1672258627957|business associate
2199023289939|8796093035623|1657057999085|business associate
2199023289939|34861|1629097717947|business associate
6597069771044|12094627938410|1657612432163|business associate
6597069771044|3298534905863|1660723270199|business associate
14293651175476|4398046523608|1672005955402|business associate
6597069791044|10995116282377|1666004110351|business associate
6597069791044|14293651193633|1671775248612|business associate
7696581398821|13194139567981|1666616865353|business associate
7696581398821|15393162791532|1672163893758|business associate
12094627919925|2199023259324|1666058522411|business associate
12094627939926|4398046544436|1668685878041|business associate
2199023259943|14293651164309|1671129325156|business associate
2199023259943|5497558152454|1622099920859|business associate
3298534897719|2199023278441|1672292392599|business associate
3298534897719|2938|1601762385719|business associate
24391|9895604652677|1664586050295|business associate
24391|5497558153602|1652662950099|business associate
13194139547707|2199023278071|1669426654188|business associate
13194139537708|13194139558200|1666030081015|business associate
34396|8796093047135|1643987746330|business associate
34396|1099511651077|1668743886555|business associate
4398046525501|6597069789294|1642595237270|business associate
2199023279949|2199023288984|1646576254757|business associate
9895604674382|5497558171648|1648661832574|business associate
9895604674382|5497558142610|1666128642143|business associate
13194139567710|5497558143159|1661062074962|business associate
12094627909935|2199023258269|1656522072106|business associate
12094627909935|13194139537179|1660646730198|business associate
24399|12094627918057|1657572691297|business associate
24399|14293651175033|1668768375430|business associate
9895604654384|14293651174334|1669940470091|business associate
9895604654384|3298534917840|1660436381434|business associate
2199023289952|13194139566777|1672507056593|business associate
2199023289952|3298534887110|1611461198732|business associate
12094627919937|6597069799247|1668064902628|business associate
12094627919937|15393162802375|1671599911836|business associate
15393162813265|6597069799358|1672209739694|business associate
15393162813265|4398046523727|1672415591867|business associate
5497558153282|10995116281705|1660689766635|business associate
5497558153282|9895604654461|1664479521509|business associate
5497558173282|5497558153154|1632930457425|business associate
5497558173282|14293651184868|1672399413686|business associate
1099511642179|5497558171752|1657305813984|business associate
1099511642179|1099511660708|1667003264364|business associate
2199023279955|14293651194918|1670725318959|business associate
4398046545507|2199023258963|1623764281637|business associate
4398046545507|10995116311990|1659257578147|business associate
3298534887732|13194139566142|1671591708860|business associate
3298534887732|6597069781279|1656807086601|business associate
2199023269956|12094627940334|1665986618396|business associate
2199023269956|3298534887007|1647772161414|business associate
15393162793269|34568|1671677013665|business associate
15393162793269|5497558171531|1671770312823|business associate
3298534887734|33562|1602011827533|business associate
3298534887734|3298534898183|1665432242478|business associate
13194139547718|7696581398455|1664668895020|business associate
12094627939942|4398046525498|1666783687718|business associate
12094627939942|13194139568085|1668052226784|business associate
8796093026615|3298534887275|1639982045126|business associate
8796093026615|6597069790732|1639408476149|business associate
14407|15393162793119|1672468821099|business associate
6597069801063|6597069770606|1647838713640|business associate
6597069801063|3298534916124|1644500969677|business associate
13194139537720|1099511652511|1659197823787|business associate
5497558153288|2199023270312|1618503671966|business associate
5497558153288|7696581427690|1662825433024|business associate
8796093046616|34304|1638821207337|business associate
2199023259961|2199023258850|1639468290410|business associate
1099511642185|12094627908480|1651155627825|business associate
12094627929945|4398046514420|1663159924100|business associate
14293651195497|8796093025548|1668253566563|business associate
5497558163290|3298534906302|1649483760603|business associate
5497558163290|8796093056635|1656577337428|business associate
14293651165500|7696581418683|1671723686992|business associate
14293651185500|1099511641230|1671749140808|business associate
7696581418845|4356|1632943360335|business associate
4398046545518|6597069779209|1650907207617|business associate
4398046545518|7696581408777|1630667239489|business associate
12094627909951|15393162812896|1672419673568|business associate
12094627909951|6597069769491|1661434685420|business associate
7696581408847|7696581417670|1663305125137|business associate
3298534917743|3298534917654|1666876270561|business associate
4416|13194139536336|1666496584191|business associate
4416|2199023278533|1594763820756|business associate
13194139547728|7696581409247|1672342959011|business associate
2199023289968|13194139537678|1666482102482|business associate
2199023289968|2199023260536|1609732274394|business associate
13194139547729|2199023258444|1662273101401|business associate
13194139547729|14293651174000|1668975871582|business associate
9895604654402|9895604662951|1648671569552|business associate
9895604654402|13194139536329|1657570631700|business associate
6597069801074|5497558172873|1630543852498|business associate
7696581398851|1099511642717|1658963366585|business associate
1099511662195|9895604683895|1665128897256|business associate
1099511662195|12094627940158|1665167084693|business associate
12094627919956|7696581407417|1667780628975|business associate
12094627919956|6597069800039|1651682993278|business associate
14293651185508|2199023278776|1669352079372|business associate
14293651185508|8796093026639|1668817314827|business associate
7696581428852|12094627908313|1664688671758|business associate
5497558153301|7696581397189|1637924221145|business associate
5497558153301|10995116281252|1671088185713|business associate
8796093046629|9895604684559|1641391545932|business associate
8796093046629|12094627920415|1666760889580|business associate
8796093036631|7696581417329|1667139702204|business associate
10995116302183|13126|1667353756620|business associate
15393162823287|1099511631586|1671436595527|business associate
7696581428857|12094627928787|1666939839380|business associate
7696581428857|7696581427398|1669874396755|business associate
4398046525530|2585|1645484814732|business associate
4398046535530|4476|1643473445908|business associate
4398046535530|4398046534326|1625191498067|business associate
8796093056635|3298534906601|1639156047094|business associate
4398046515532|5497558172480|1621730698362|business associate
4398046515532|1099511652252|1621551030801|business associate
8796093046636|5497558172174|1634557271450|business associate
8796093046636|14293651164653|1670233076860|business associate
4398046545532|13194139537705|1662287813165|business associate
4398046545532|1099511660611|1633430651040|business associate
1099511642205|5497558163852|1625375285961|business associate
8796093036638|12094627908329|1658263148588|business associate
8796093036638|9895604654293|1658298053799|business associate
13194139537744|14293651195859|1666535652115|business associate
14432|6597069799919|1623015332770|business associate
2199023259985|13194139537541|1659163330102|business associate
2199023259985|2199023290307|1635982988861|business associate
10995116292193|3298534897237|1649748849177|business associate
10995116292193|1099511631567|1666504965902|business associate
6597069791089|6597069779557|1642989802764|business associate
10995116282194|2199023279328|1661035718914|business associate
10995116282194|13579|1670101954606|business associate
12094627929970|33304|1659233334239|business associate
13194139557747|9895604673454|1668325591158|business associate
7696581398868|7696581419428|1665256262832|business associate
2199023269988|10995116282145|1650031212570|business associate
10995116312196|14293651175916|1670369377657|business associate
2199023289989|6597069789784|1629333649574|business associate
1099511652214|5497558152753|1642175200896|business associate
4439|8796093025257|1635039805972|business associate
4439|3298534907072|1632679484368|business associate
9895604664423|7696581397512|1650890234286|business associate
7696581418871|10995116291391|1651931748230|business associate
34439|12094627939758|1666690761727|business associate
8796093026648|5497558172202|1636250371892|business associate
8796093026648|12094627939248|1662027020752|business associate
10995116302200|3298534896089|1659883711044|business associate
10995116302200|1099511661861|1672238285288|business associate
5497558153321|8796093045249|1664697356981|business associate
4398046525546|2199023288273|1669304044309|business associate
4398046525546|3737|1640448404481|business associate
3298534907770|5497558142484|1670682274459|business associate
2199023269995|7696581398358|1657787222233|business associate
2199023269995|7696581427321|1637813533835|business associate
12094627929979|12094627940531|1671914593166|business associate
12094627929979|7696581419304|1655085171310|business associate
10995116312203|13194139566799|1662609590852|business associate
2199023259996|8796093026615|1645540323895|business associate
4398046535548|33090|1666939681622|business associate
10995116302205|7696581407749|1647750488989|business associate
10995116302205|3298534917645|1652412204388|business associate
3298534917773|1099511661681|1670034297539|business associate
12094627919982|1099511630408|1651295294693|business associate
12094627919982|3298534916510|1665225732912|business associate
14293651195534|7696581398551|1672315903512|business associate
7696581398879|12094627940461|1654729301550|business associate
7696581398879|9895604663334|1672192065921|business associate
8796093046655|14293651175033|1668676680081|business associate
12094627939983|14293651174266|1667707504112|business associate
9895604654432|6597069770270|1670588903630|business associate
5497558153328|14293651195353|1670775652366|business associate
5497558153328|14293651185844|1666745978226|business associate
9895604654433|1099511662343|1658553231250|business associate
9895604654433|9895604652906|1665644159130|business associate
13194139537764|14293651173973|1669458573326|business associate
13194139537764|7696581409041|1663245503697|business associate
2199023270004|7696581408276|1636292019178|business associate
2199023270004|5497558172733|1659629240409|business associate
2199023290004|6597069799701|1652633351978|business associate
1099511632230|14293651185472|1669841526565|business associate
1099511632230|3503|1592974666488|business associate
8796093046662|14293651194266|1671517316632|business associate
8796093046662|6597069769455|1664250431234|business associate
5497558173334|3298534907925|1668856005258|business associate
9895604654439|9895604653689|1647134530980|business associate
6597069771112|9895604653795|1667625710870|business associate
8796093056664|1099511652552|1642039847559|business associate
8796093056664|3298534886092|1650991466990|business associate
4398046515561|4398046534710|1649314430432|business associate
4398046515561|2199023280208|1641969993303|business associate
10995116282218|14293651163670|1665091385153|business associate
4398046545563|10995116311407|1665371636049|business associate
4398046545563|1099511641278|1656745020353|business associate
3298534897788|5497558162794|1618142869608|business associate
3298534897788|9895604672919|1649033204456|business associate
6597069791116|2199023270214|1649118996859|business associate
2199023260013|2199023258508|1612042870582|business associate
2199023260013|1099511660819|1605166621619|business associate
13194139547773|10995116292334|1671162979705|business associate
13194139547773|8796093025257|1669726018928|business associate
2199023280013|3298534906210|1605506673261|business associate
10995116312221|14293651193842|1671474791060|business associate
8796093036670|1099511631645|1656832352198|business associate
8796093036670|7696581407173|1665331430640|business associate
1099511652238|6597069779986|1647565618815|business associate
1099511652238|10995116291538|1650101132684|business associate
13194139567774|12094627908796|1671575174392|business associate
13194139567774|3205|1671447910765|business associate
8796093026671|12094627918804|1657474913876|business associate
8796093026671|5497558153585|1652455602009|business associate
9895604664447|6597069800146|1661690718746|business associate
9895604664447|3902|1667578418767|business associate
7696581418895|12094627908064|1659845405374|business associate
6597069801120|8796093056188|1645767339656|business associate
6597069801120|23855|1644626293947|business associate
7696581408897|8796093026233|1659841829972|business associate
8796093046673|12094627939714|1660266938878|business associate
7696581428897|7696581409306|1648079054766|business associate
7696581428897|2199023269956|1658443368300|business associate
8796093046674|4398046526035|1644597028366|business associate
5497558173346|10995116282145|1650177834108|business associate
5497558173346|12094627929686|1654127727237|business associate
7696581398899|7696581409306|1648501788836|business associate
8796093036675|9895604683917|1652438165219|business associate
8796093036675|6597069770750|1654732789876|business associate
10995116302227|7696581397640|1666480313286|business associate
7696581398900|4398046535448|1631830753913|business associate
7696581408901|10995116310454|1654096912279|business associate
15393162823333|6597069771593|1671473509084|business associate
9895604674454|4398046525753|1640093860998|business associate
9895604684454|12094627938433|1671797655580|business associate
9895604684454|13194139567753|1670881599140|business associate
13194139567783|14293651164222|1667198284005|business associate
12094627920008|3298534907815|1655294826172|business associate
14293651185560|4398046535983|1670624507590|business associate
4398046545576|13194139556664|1665633705636|business associate
4398046545576|4398046515541|1642455724186|business associate
15393162803337|13765|1672521850597|business associate
10995116302233|13194139548180|1671515091961|business associate
2199023290025|8796093046998|1659894542349|business associate
14474|7696581427007|1631559838073|business associate
14474|14768|1649912953976|business associate
14293651185562|8796093055645|1671872416222|business associate
14293651185562|7696581398851|1667916141035|business associate
8796093026683|3298534907553|1671709225954|business associate
8796093026683|10995116281353|1667699592552|business associate
9895604664459|5497558152652|1655836919474|business associate
9895604664459|5497558173139|1654680984781|business associate
4476|5497558153480|1654844832649|business associate
1099511652252|2199023268280|1628900425451|business associate
1099511652252|8796093026312|1667519519547|business associate
9895604654461|13194139556911|1666335887263|business associate
9895604654461|8796093036784|1666476218489|business associate
4398046535581|7696581398622|1635261486506|business associate
1099511662253|5497558172580|1620957632473|business associate
9895604654463|7696581397264|1672273092030|business associate
3298534887808|3298534907025|1618310905298|business associate
6597069801137|2199023290423|1667533782768|business associate
4398046515586|5497558163107|1642298826772|business associate
24482|6597069789257|1664779119540|business associate
24482|8796093035931|1639172887291|business associate
34482|3298534907595|1644703201144|business associate
24484|13194139567677|1663794154590|business associate
24484|6597069771044|1627727740815|business associate
14293651175573|1099511662065|1667357610815|business associate
14293651175573|13194139567301|1671968931736|business associate
14293651195573|5497558163466|1671424273374|business associate
14293651195573|3767|1672081029031|business associate
12094627920022|9895604652753|1670830817253|business associate
12094627920022|4398046524924|1666500562422|business associate
2199023280040|14679|1605150234189|business associate
4398046525593|12094627909135|1668392310189|business associate
9895604674473|9895604673751|1669424950243|business associate
3298534917817|4398046515876|1657294947670|business associate
3298534917817|15393162802419|1671462172650|business associate
4398046525595|6597069801492|1663093574266|business associate
4398046525595|7696581427208|1649985590816|business associate
7696581418923|1099511652560|1664559090699|business associate
7696581418923|7696581428185|1668443567990|business associate
2199023270044|6597069800042|1654917472374|business associate
2199023270044|4398046534278|1609208980630|business associate
10995116292253|5497558143690|1653234574605|business associate
10995116292253|14293651195512|1671096370637|business associate
5497558173373|14293651185661|1670034760250|business associate
2199023270047|13194139556321|1668318640961|business associate
2199023270047|15393162822579|1672062705088|business associate
10995116302255|6597069790402|1655691710318|business associate
10995116302255|14293651165768|1669576841348|business associate
7696581398928|12094627909494|1658863371506|business associate
12094627920032|3298534905962|1654838079885|business associate
12094627920032|3298534887970|1666115521919|business associate
15393162803361|3298534897667|1671896307072|business associate
8796093056705|4398046535247|1651240157158|business associate
8796093056705|9895604672515|1638019659777|business associate
8796093036706|10995116280271|1666325317879|business associate
8796093036706|3641|1634596915181|business associate
10995116312259|4398046534990|1648585778015|business associate
24500|4398046524782|1642454622061|business associate
24500|13919|1605205352454|business associate
13194139567812|3298534918145|1671852008194|business associate
13194139567812|23987|1663746232874|business associate
1099511632277|3298534886972|1665076025492|business associate
14293651195589|13194139567677|1665201772814|business associate
2199023260054|22507|1664858436915|business associate
2199023260054|1099511661556|1659722861062|business associate
5497558153382|6597069769797|1664804372446|business associate
8796093046710|13194139568240|1667767995020|business associate
13194139557815|10995116311019|1662940223948|business associate
34503|13194139547578|1671625454759|business associate
34503|4398046514420|1618227798189|business associate
9895604664488|6597069769837|1646485670966|business associate
10995116292265|12094627920415|1670019276737|business associate
5497558173385|3298534897390|1621258814120|business associate
5497558173385|15393162812896|1672299775315|business associate
14506|8796093046667|1663182843567|business associate
14506|3298534906350|1671852945616|business associate
12094627940042|5497558161441|1671047667962|business associate
9895604674491|1099511660312|1666824663286|business associate
14293651165596|9895604664032|1671417974406|business associate
14293651165596|14293651173818|1668463919229|business associate
2199023280060|2199023269096|1643008123104|business associate
2199023280060|12094627919529|1670138727767|business associate
34508|32600|1615490760751|business associate
3298534917838|14293651173965|1669120258024|business associate
14293651185600|8796093025215|1666048708123|business associate
14293651185600|2199023260054|1663082416907|business associate
4398046545617|4398046545086|1655662158479|business associate
4398046515618|7696581428397|1659479626018|business associate
12094627920050|8796093046381|1668249910377|business associate
1099511632291|1099511642770|1670317404815|business associate
4398046545619|4398046524426|1654188003912|business associate
4398046545619|14293651164262|1671406956555|business associate
13194139537828|3298534897541|1666821019221|business associate
3298534897844|9895604683985|1672133819299|business associate
14293651185604|8796093027153|1665118276593|business associate
6597069801172|1099511632649|1649016641185|business associate
6597069801172|22668|1664720962910|business associate
14293651165605|5497558171832|1668126619311|business associate
14293651165605|4398046515475|1672333806664|business associate
1099511642294|10995116311393|1667077786991|business associate
6597069801174|13194139558007|1663064933401|business associate
6597069801174|10995116312092|1653020259395|business associate
13194139537831|12094627918051|1664811495284|business associate
13194139537831|7696581428165|1665612859917|business associate
7696581408951|33628|1661836939724|business associate
7696581408951|13194139566412|1656785727060|business associate
5497558173400|7696581408029|1637463660449|business associate
5497558173400|6597069779383|1660305279211|business associate
4521|15393162803509|1671103865223|business associate
4521|12094627930466|1662695336964|business associate
5497558153401|12094627909659|1669422898890|business associate
5497558153401|1099511642360|1655002669423|business associate
2199023280073|2199023289321|1615986857098|business associate
2199023280073|7696581399013|1659433012873|business associate
14293651195609|14293651184736|1671054177382|business associate
10995116302284|14060|1672181940747|business associate
10995116302284|4398046534722|1655037114852|business associate
10995116312284|5497558153684|1657409029383|business associate
10995116312284|9895604682809|1647677961348|business associate
7696581398957|9895604663459|1666283345563|business associate
10995116292285|7696581428547|1671339664872|business associate
10995116292285|10995116292534|1659572055772|business associate
6597069801181|5497558142185|1652930571004|business associate
12094627910062|7696581417728|1656982537647|business associate
7696581408958|5497558163859|1661240874336|business associate
7696581408958|6597069791514|1632089254967|business associate
15393162793391|5497558171901|1670434046855|business associate
7696581418959|8796093046880|1660962502774|business associate
7696581428959|33967|1671840753468|business associate
13194139537840|4398046515932|1662371613796|business associate
8796093036736|5497558173738|1664731544736|business associate
8796093036736|7696581397291|1633058884943|business associate
4398046535632|9895604674173|1644669080207|business associate
34528|12094627939039|1660555410216|business associate
34528|14293651184345|1666601246212|business associate
7696581428961|4398046533867|1670031479000|business associate
14531|7696581399235|1630495633132|business associate
14293651185619|9895604653188|1665695699082|business associate
2199023290083|1099511631595|1628564382642|business associate
2199023290083|13194139565908|1664046781558|business associate
4398046525636|1099511632178|1610674117015|business associate
10995116302293|12094627928789|1672454801812|business associate
9895604684517|6597069770376|1641397700100|business associate
9895604684517|24094|1668259068584|business associate
4534|9895604654851|1661863593094|business associate
4534|15393162823506|1672282590635|business associate
5497558173415|4398046544566|1652102042165|business associate
4398046525640|14293651173621|1668938819955|business associate
4398046525640|15393162793083|1670982476805|business associate
6597069771193|8796093024915|1636308377025|business associate
9895604684521|5497558151601|1649480159092|business associate
9895604684521|10995116300722|1654750090548|business associate
7696581408970|3298534896510|1656786231439|business associate
5497558163418|15393162813095|1672476239580|business associate
5497558163418|6597069771300|1628850445615|business associate
10995116312298|9895604673526|1657266235569|business associate
10995116312298|8796093054766|1657704348548|business associate
7696581428971|4398046515299|1635563151321|business associate
12094627910076|2199023270289|1663197268386|business associate
12094627910076|13194139566922|1670415953022|business associate
4398046525644|24567|1610799591703|business associate
4398046525644|15393162812439|1672199953647|business associate
1099511652316|8796093044873|1652070695287|business associate
1099511652316|12094627918469|1667481647932|business associate
7696581418973|4398046544840|1632548566908|business associate
7696581418973|34245|1640219116488|business associate
3298534897870|7696581418468|1650613394760|business associate
9895604684526|13353|1638054518723|business associate
9895604684526|4398046514554|1670497821914|business associate
3298534917872|9895604682554|1647436597328|business associate
15393162803409|13194139566337|1669431522381|business associate
15393162803409|13194139546752|1672047964057|business associate
12094627930081|2199023278108|1667811049026|business associate
12094627930081|9895604683530|1665570755613|business associate
2199023280098|14293651175476|1672311314983|business associate
9895604684530|1099511640978|1654255382391|business associate
9895604684530|13989|1667084411048|business associate
5497558153427|5497558173103|1652365255142|business associate
6597069771204|6597069781476|1648217397980|business associate
6597069771204|4398046534873|1654684797660|business associate
4398046515653|3298534906601|1613814380231|business associate
4398046515653|9895604683531|1669785219628|business associate
4398046525654|12094627918350|1672067946848|business associate
4398046525654|9895604673528|1664259905037|business associate
9895604674534|4398046514326|1671087597162|business associate
5497558163431|4398046525923|1669554156220|business associate
5497558163431|9895604684124|1655309154943|business associate
12094627910088|4398046544264|1659035452519|business associate
10995116302313|7696581418584|1645813690128|business associate
13194139537866|6597069789788|1662561157020|business associate
4398046525658|6597069779328|1659216646678|business associate
4398046525658|1099511640897|1666314880623|business associate
5497558153435|13194139557372|1668939605871|business associate
5497558153435|9895604653525|1670247756048|business associate
15393162793420|3298534888148|1672097729604|business associate
13194139547868|10995116310416|1671257102447|business associate
2199023260109|12094627939574|1658600579910|business associate
3298534897885|5497558141752|1622162929626|business associate
3298534897885|3298534906373|1607922282533|business associate
3298534907885|5497558163836|1656477825620|business associate
3298534907885|7696581418606|1666052373434|business associate
13194139547870|3298534905938|1663958292140|business associate
4398046535662|2199023278786|1650918832048|business associate
4398046535662|3298534908102|1626928777904|business associate
1099511632336|9895604684345|1655723800649|business associate
5497558153440|1099511660451|1644200660626|business associate
4561|9895604673740|1648401685684|business associate
4561|4398046534320|1608901971865|business associate
13194139557873|14293651184245|1666623810564|business associate
13194139557873|3298534917912|1670734147541|business associate
10995116312321|13194139568197|1660942460333|business associate
8796093026770|9895604682937|1663657858244|business associate
8796093036770|6597069771251|1638959822855|business associate
2199023280114|4398046544174|1613163744077|business associate
9895604684546|23121|1660863919316|business associate
2199023260115|1099511641286|1627227493727|business associate
2199023260115|2199023288791|1660250271668|business associate
24563|13194139547718|1664975489185|business associate
24563|4398046514548|1654531951819|business associate
34563|23876|1603462047586|business associate
34563|6597069800785|1633579590661|business associate
8796093036772|14293651163704|1666256059786|business associate
8796093036772|10995116282100|1658256471207|business associate
5497558153445|4398046545348|1638449286071|business associate
5497558153445|2199023268644|1644562852841|business associate
9895604674549|4398046545804|1668846772029|business associate
3298534917893|13194139537487|1669909852568|business associate
7696581428998|10995116281655|1651031564926|business associate
7696581428998|4398046534376|1626870584843|business associate
6597069771223|4398046533899|1644002440197|business associate
6597069771223|10995116290277|1653942679220|business associate
15393162803431|5497558141582|1671560784795|business associate
1099511662343|5497558173637|1660066545537|business associate
1099511662343|1099511632336|1602368516016|business associate
2199023280120|3298534895838|1624782599445|business associate
2199023280120|8796093055888|1661600952529|business associate
34568|34938|1606060187915|business associate
34568|12094627910089|1660660278105|business associate
12094627910106|14293651165218|1671019747077|business associate
15393162803434|1099511641506|1672404391774|business associate
15393162803434|6597069799944|1671278604552|business associate
3298534917898|14293651195534|1665851858285|business associate
3298534887899|13194139567500|1665487633626|business associate
3298534887899|13411|1605395363007|business associate
14293651175659|9895604683860|1668095923521|business associate
14293651175659|8796093055965|1669426106405|business associate
13194139547885|8796093026208|1665376735875|business associate
14293651185661|2199023279264|1669844853124|business associate
14293651185661|1099511660980|1670037486314|business associate
9895604684557|5497558163305|1661109770909|business associate
3298534917902|15393162811378|1672358384584|business associate
3298534917902|1099511642674|1662859895233|business associate
8796093036784|3298534887955|1645602734884|business associate
8796093036784|15393162803478|1670781113787|business associate
6597069791232|1099511650701|1641089329735|business associate
5497558143457|12094627910202|1669549980411|business associate
5497558143457|13959|1642113478529|business associate
12094627920114|8796093025380|1666793065215|business associate
12094627920114|6597069769872|1658515818225|business associate
4398046515684|5497558173816|1624179382729|business associate
15393162813444|4398046535534|1671743696461|business associate
2199023270133|9895604652553|1661608806435|business associate
2199023270133|13194139536509|1670755758699|business associate
7696581419013|12094627929310|1662140764494|business associate
7696581419013|5497558172080|1661681041428|business associate
6597069791238|2199023269300|1652161941450|business associate
14293651195670|4534|1668317891199|business associate
14293651195670|34811|1670556634958|business associate
6597069771239|7696581429140|1660252284546|business associate
7696581419015|24959|1635503657678|business associate
5497558173463|9895604674929|1646985207503|business associate
3298534917912|5497558163036|1629124854432|business associate
14293651175673|33139|1670371716748|business associate
14293651175673|13194139567834|1668827590575|business associate
14293651185673|13194139537674|1668219983554|business associate
4398046515690|12094627938574|1670633228154|business associate
4398046515690|1099511652599|1670680855320|business associate
9895604664570|9895604663645|1647061639252|business associate
13194139567898|4398046515355|1659513066083|business associate
13194139567898|12094627938644|1664650357202|business associate
6597069771244|4846|1617419467916|business associate
13194139557900|7696581397002|1669048348424|business associate
13194139557900|6597069800785|1666160967082|business associate
13194139547902|2199023288507|1663512196008|business associate
13194139547902|14293651195497|1668638428336|business associate
10995116282351|8796093046616|1648882009848|business associate
3298534897919|8796093046381|1652885812047|business associate
3298534897919|13194139547414|1666474382867|business associate
15393162813455|15393162813158|1671448676632|business associate
1099511642368|12094627909828|1668017310209|business associate
5497558163474|14293651194299|1668713582759|business associate
5497558153475|9895604662683|1641678866329|business associate
5497558153475|3298534896526|1625952659534|business associate
5497558163475|14293651193597|1669790214534|business associate
15393162793460|10995116300437|1671406800800|business associate
15393162793460|7696581416983|1670900770449|business associate
9895604664580|9895604672912|1669155498723|business associate
10995116302356|5497558152100|1668410724595|business associate
10995116302356|12094627939910|1671796298377|business associate
34596|33188|1632782800011|business associate
34596|3298534907016|1624614478801|business associate
10995116282357|3298534916684|1657542134663|business associate
3298534907925|14293651175396|1666458576911|business associate
3298534907925|9895604662916|1644396308739|business associate
8796093056805|3298534917219|1643276569916|business associate
3298534907926|4398046544805|1625859109854|business associate
1099511632375|7696581418354|1634304257174|business associate
6597069791255|7696581409037|1635527860511|business associate
9895604654584|9895604674852|1671406456949|business associate
4398046545704|1099511652710|1623702945870|business associate
4398046545704|12094627920439|1661141150958|business associate
14601|8796093045727|1667067318878|business associate
14601|9895604673932|1651432818014|business associate
9895604674586|8796093055052|1649102939366|business associate
9895604674586|1099511651682|1646712445910|business associate
1099511662378|12094627918557|1664393306573|business associate
6597069771259|14293651193822|1672269594359|business associate
6597069771259|1099511661319|1664010103447|business associate
9895604654588|13194139536573|1664888673389|business associate
5497558153484|7696581428982|1642394655953|business associate
5497558153484|3298534907211|1624502142103|business associate
9895604674588|3298534907053|1662487404854|business associate
9895604674588|10995116290543|1651999858667|business associate
7696581429037|10995116292055|1652932012252|business associate
7696581429037|24256|1646970002896|business associate
2199023280158|10995116310654|1669145875111|business associate
2199023280158|12094627910384|1664003841338|business associate
10995116282367|4398046536085|1670841532340|business associate
10995116282367|3298534887814|1664778277487|business associate
6597069781263|7696581408025|1656946453190|business associate
9895604674591|9895604683705|1651700628230|business associate
9895604674591|10995116290404|1670648274612|business associate
7696581419041|3143|1652088300634|business associate
7696581419041|13765|1650088090795|business associate
14293651185698|6597069769219|1670862012993|business associate
14293651165699|6597069790762|1667959798109|business associate
7696581419043|3298534916301|1633610262787|business associate
7696581419043|2199023289952|1660362232650|business associate
13194139567923|8796093035699|1665035871622|business associate
10995116292372|2199023260252|1651162985050|business associate
12094627910149|7696581407656|1658562718624|business associate
6597069781269|12094627918106|1656907496301|business associate
6597069781269|9895604653646|1652989667210|business associate
12094627910150|9895604654726|1670399158482|business associate
12094627910150|2199023259985|1672150050559|business associate
5497558163494|3163|1618029144973|business associate
2199023290166|2199023278537|1653944450459|business associate
2199023290166|4398046525640|1649405932977|business associate
14293651175703|10995116281295|1671148196793|business associate
10995116282377|3298534917872|1658537768454|business associate
10995116282377|5497558153725|1662059017106|business associate
4398046525721|9895604652756|1648797448116|business associate
4398046525721|5497558172122|1643318320313|business associate
3298534917945|9895604663189|1640455274151|business associate
3298534917945|14293651184255|1668175365837|business associate
4398046535724|4398046513818|1663557315511|business associate
1099511642397|14293651174414|1670870843527|business associate
1099511642397|6597069800132|1627892109879|business associate
15393162823485|9895604663189|1671748098294|business associate
4622|12094627938169|1664844837484|business associate
9895604664608|4398046514674|1656921057031|business associate
2199023260177|6597069800107|1672318090782|business associate
2199023260177|14293651184555|1664611383281|business associate
10995116292385|3298534886296|1665745841312|business associate
10995116292385|3298534897197|1646733313190|business associate
1099511632402|9895604653330|1667133293497|business associate
1099511632402|7696581397115|1652536179802|business associate
12094627930162|3298534887832|1658768862936|business associate
12094627930162|14293651194142|1672327388718|business associate
1099511642403|5497558172332|1639966232987|business associate
6597069791284|5497558142493|1651938080758|business associate
13194139537941|3298534916055|1661856232313|business associate
1099511662406|4398046524624|1607308092685|business associate
1099511662406|3298534887814|1627759970408|business associate
9895604664615|12536|1654706619436|business associate
6597069801287|5497558162321|1664863498586|business associate
3298534887960|4173|1636053992639|business associate
3298534897960|23977|1637442319165|business associate
3298534897960|6597069779480|1640798729795|business associate
7696581419064|4398046544865|1649347866183|business associate
7696581419064|5497558172607|1667630361793|business associate
7696581409066|6597069799540|1661229369767|business associate
7696581419066|10995116290415|1655675678071|business associate
7696581419066|3298534896639|1627021229010|business associate
14293651165723|12094627929689|1670416163571|business associate
8796093036843|8796093056508|1667599586117|business associate
8796093036843|12094627928229|1663185114430|business associate
13194139557948|13194139546968|1669289191796|business associate
8796093056844|33144|1646319801580|business associate
8796093056844|8796093026309|1636608964058|business associate
5497558153517|2199023278126|1655531229876|business associate
5497558153517|10995116302365|1657205634103|business associate
8796093056845|7696581428397|1650775744606|business associate
14293651185726|8796093037005|1670224117774|business associate
10995116302400|13194139547681|1670467337819|business associate
10995116302400|8796093035172|1666646614282|business associate
13194139567952|4398046535172|1672054462912|business associate
8796093056849|9895604663412|1644015262150|business associate
8796093056849|9895604652677|1666762148249|business associate
3298534887970|9895604662646|1658554376681|business associate
14642|6597069789667|1631164312123|business associate
14642|15393162793763|1671019461389|business associate
15393162823506|7696581409389|1672018902708|business associate
6597069771300|1099511661093|1633738904367|business associate
1099511652420|3298534907101|1664689137287|business associate
1099511652420|5497558143370|1662494555461|business associate
14293651195732|8796093055398|1667930987672|business associate
14293651195732|5497558161982|1667824468463|business associate
8796093026853|8796093025241|1637297092526|business associate
8796093026853|9895604653529|1663062742907|business associate
2199023290197|4398046535983|1648881240841|business associate
12094627910182|6597069789198|1665335513784|business associate
4398046535750|2199023288241|1636896943661|business associate
4398046535750|22776|1607017517887|business associate
5497558143527|8796093055583|1652575507420|business associate
5497558143527|1099511651293|1620054275304|business associate
2199023270199|2199023289128|1627437952235|business associate
2199023270199|9895604654065|1645448748494|business associate
4398046535751|12094627909370|1661172429848|business associate
6597069801303|5497558142391|1629376624862|business associate
6597069801303|2199023289112|1636589319687|business associate
12094627910184|8796093046584|1667680666291|business associate
12094627910184|14293651184868|1666957843719|business associate
13194139547960|15393162803669|1671846335372|business associate
8796093056856|5497558153402|1637062306714|business associate
13194139537962|9895604673138|1667882177015|business associate
13194139537962|13194139537492|1661525586221|business associate
10995116282411|6597069799278|1651137378997|business associate
10995116282411|5497558162965|1665336142631|business associate
14293651185739|4398046515929|1671426012911|business associate
14293651185739|6597069780418|1668585696432|business associate
2199023260204|10995116311745|1652787283894|business associate
12094627930188|2199023269853|1666808468603|business associate
12094627930188|3298534897084|1655635763090|business associate
13194139557965|34528|1672087334392|business associate
14654|10995116310594|1671109393026|business associate
14654|4398046534312|1641820260986|business associate
10995116302414|4398046514084|1662170116939|business associate
13194139567966|8796093055862|1666115601474|business associate
13194139567966|5497558152726|1671880227187|business associate
13194139537967|3298534897562|1672459439408|business associate
5497558163535|3298534886611|1628800954687|business associate
5497558163535|12094627918676|1671119355439|business associate
6597069801311|8796093046555|1660887632574|business associate
6597069801311|1099511632550|1666268794438|business associate
34656|23597|1661774526200|business associate
34656|3298534916611|1621069144853|business associate
4398046515761|32747|1628668724119|business associate
2199023280209|8796093047169|1653933676097|business associate
2199023280209|24042|1644204415368|business associate
3298534887986|6597069789334|1623311702746|business associate
9895604664642|8796093045727|1662967332195|business associate
9895604664642|8796093035475|1648582992973|business associate
1099511642435|9895604653992|1660574978287|business associate
1099511642435|9895604674180|1656842324402|business associate
13194139567971|15393162801638|1670631974958|business associate
15393162793524|13194139557112|1669709460258|business associate
4398046525764|24760|1619242447425|business associate
9895604674644|3737|1667541742921|business associate
9895604664645|14293651193671|1669533636019|business associate
5497558163541|7696581419289|1656800359808|business associate
5497558163541|7696581409149|1666652617490|business associate
12094627930199|10995116300387|1670762520560|business associate
12094627930199|7696581428459|1654704003526|business associate
14293651165752|7696581408505|1663648144405|business associate
14293651165752|2199023280417|1670179093121|business associate
14664|9895604672892|1668771353558|business associate
14664|8796093025428|1651800758127|business associate
15393162813528|13194139565874|1672364974925|business associate
15393162813528|10995116302368|1671823890746|business associate
4398046545768|9895604654765|1659031180823|business associate
4398046545768|13194139566885|1661593824823|business associate
7696581419097|6597069790509|1651576522561|business associate
13194139567977|2199023268752|1659908690751|business associate
5497558163546|13194139556419|1664095332397|business associate
4398046545770|1099511630614|1644734517233|business associate
4398046545770|4398046545449|1615754972853|business associate
12094627910203|12094627919116|1659220580088|business associate
3298534917995|33028|1609325898105|business associate
6597069781324|9895604653083|1669769288623|business associate
6597069781324|24760|1642969223509|business associate
1099511662444|34110|1639825994939|business associate
1099511662444|5497558173035|1652800095683|business associate
12094627910205|14293651184342|1670479739294|business associate
12094627930205|13194139546057|1662430583889|business associate
3298534897998|5497558171708|1616049637293|business associate
3298534897998|2199023268179|1626003965067|business associate
9895604674654|12094627929945|1659572537283|business associate
9895604674654|12094627930177|1660982430098|business associate
34671|5497558153440|1667483054185|business associate
34671|3298534916496|1604079315579|business associate
9895604664656|33628|1664535002131|business associate
13194139547985|13194139538097|1669008651172|business associate
10995116282434|14293651194793|1667021207445|business associate
9895604664658|10995116281738|1671808231513|business associate
34674|10995116301693|1651501130189|business associate
34674|8796093055891|1645481760187|business associate
1099511632451|6597069799167|1649192590955|business associate
1099511632451|1099511650721|1647249437737|business associate
5497558153555|4902|1626226071213|business associate
5497558153555|2199023259053|1660795284407|business associate
14676|6597069799660|1637646550204|business associate
8796093046884|14293651195534|1663939675737|business associate
8796093046884|13194139537962|1659988043291|business associate
1099511652453|5497558153000|1625127465263|business associate
1099511652453|4398046514878|1652468229204|business associate
4398046545781|1099511642546|1652726750222|business associate
4398046545781|1099511662106|1655907396390|business associate
14293651175766|6597069800717|1665357252999|business associate
14293651175766|15393162822529|1672366440464|business associate
15393162813542|10995116281539|1672423903126|business associate
15393162813542|4398046513872|1671733529621|business associate
34678|12094627909847|1665250904707|business associate
1099511662455|3298534898230|1638275904920|business associate
1099511662455|32618|1659536176675|business associate
10995116302440|15393162801857|1672348104071|business associate
15393162823544|9895604654268|1672505769815|business associate
4398046535785|5497558173139|1661009133747|business associate
4398046515786|1099511630818|1656227657764|business associate
3298534898010|8796093056167|1638049705541|business associate
5497558173562|5497558142110|1639740386673|business associate
5497558173562|8796093055990|1645519540817|business associate
3298534888011|33208|1615379529583|business associate
9895604674667|10995116302578|1658800833317|business associate
14293651185772|8796093046169|1668282515463|business associate
8796093026893|33079|1668348159106|business associate
1099511642462|5497558173346|1632058708470|business associate
6597069791342|12094627928835|1665167679379|business associate
9895604674671|1099511651494|1659613558849|business associate
9895604674671|4398046514608|1654368840110|business associate
3298534888017|4398046544904|1638373616137|business associate
3298534888017|13194139557614|1662041836493|business associate
7696581409121|8796093036224|1640882514451|business associate
7696581409121|8796093045349|1640779136112|business associate
9895604674673|15393162823544|1672458717808|business associate
9895604674673|9895604683455|1640564575767|business associate
9895604684673|8796093025435|1670180615128|business associate
4690|32900|1662662407688|business associate
14293651185778|6597069780037|1672450956169|business associate
7696581429122|2199023288074|1634530284211|business associate
6597069771347|3298534887443|1665635180998|business associate
5497558153571|10995116292735|1664745913553|business associate
34691|9895604654268|1657856802976|business associate
34691|13194139547396|1664529209656|business associate
12094627910228|8796093027038|1661365567701|business associate
10995116292452|9895604674370|1648788194308|business associate
2199023280244|6597069799396|1645904025034|business associate
2199023280244|10995116302284|1651258752939|business associate
2199023270245|14092|1645759496708|business associate
13194139558005|5497558173701|1663279717018|business associate
13194139558005|13194139567981|1666132760765|business associate
6597069771350|8796093046782|1663975647750|business associate
5497558163574|12094627920439|1663586466316|business associate
5497558163574|2199023268405|1630715425795|business associate
9895604664680|4398046533845|1649380955582|business associate
6597069801352|15393162802578|1672147252632|business associate
6597069801352|9895604684543|1665371663201|business associate
2199023270249|10995116290924|1645223909029|business associate
2199023270249|10995116301234|1668525558474|business associate
4398046545802|12094627910295|1660463768080|business associate
4398046545802|2199023258850|1658498070459|business associate
4699|4398046535339|1637478988480|business associate
4699|5497558152823|1632066218188|business associate
12094627920236|32941|1668737849554|business associate
12094627920236|8796093054709|1667472637846|business associate
1099511632477|6597069770824|1659678877672|business associate
1099511632477|5497558141560|1642910651384|business associate
9895604684686|12094627930264|1654182326965|business associate
9895604674687|3735|1670744621486|business associate
2199023290255|13194139536694|1668314157404|business associate
2199023290255|3554|1660283751330|business associate
4398046535808|7696581409075|1648510951903|business associate
12094627910241|14293651185778|1664813988157|business associate
1099511652481|13194139567961|1662135064034|business associate
1099511652481|3298534916244|1645176866984|business associate
10995116282466|6597069780384|1663027696335|business associate
4398046535810|1099511651494|1636690754867|business associate
4398046535810|5497558153276|1661784205892|business associate
13194139558019|12094627919482|1664916534936|business associate
1099511652484|12094627919325|1661559070211|business associate
5497558153589|7696581397539|1633576186178|business associate
5497558153589|3632|1631094211565|business associate
8796093056917|8796093037003|1670136906746|business associate
8796093056917|14293651184622|1667202855975|business associate
4398046515814|3298534896398|1639253686747|business associate
10995116312470|10995116302352|1671537826318|business associate
13194139558023|2199023268832|1660325647700|business associate
4398046545815|4398046543616|1634911951212|business associate
13194139558024|2869|1670863542043|business associate
12094627930249|13194139535872|1669296792839|business associate
12094627930249|5497558152590|1668349654673|business associate
3298534888042|12094627908545|1664896259440|business associate
3298534888042|5497558172947|1636814575835|business associate
9895604664698|2199023289018|1648176314897|business associate
9895604664698|8796093035794|1662703560712|business associate
24715|7696581417601|1658365848946|business associate
34716|14293651175922|1670898328459|business associate
3298534888045|12094627920425|1661888132391|business associate
3298534888046|10995116282482|1649349747427|business associate
3298534888046|8796093026161|1667989805120|business associate
5497558163599|8796093035377|1653931338876|business associate
5497558153600|1099511641670|1662856633982|business associate
8796093046928|1099511641905|1649451397602|business associate
8796093046928|3298534895929|1669760908045|business associate
12094627920257|7696581417025|1662683696690|business associate
12094627920257|12094627918550|1658476131046|business associate
3298534908049|1099511632022|1632614583777|business associate
8796093056929|3298534907101|1663635782809|business associate
8796093056929|1099511652229|1657245827428|business associate
2199023280274|13194139558024|1669384321767|business associate
12094627910259|3298534906896|1669770383878|business associate
12094627910259|5497558171512|1662543725929|business associate
13194139558035|3298534906869|1670563849580|business associate
13194139558035|9895604672999|1671484655631|business associate
5497558173603|1099511651167|1652324431462|business associate
5497558173603|4398046535960|1618841791166|business associate
12094627910260|7696581428663|1658647375200|business associate
5497558153604|12094627920317|1662686423644|business associate
5497558153604|4398046524666|1646798363938|business associate
2199023270277|5497558153555|1652668630922|business associate
8796093056933|7696581399014|1653353992128|business associate
8796093056933|3298534896116|1646145575744|business associate
2199023270278|9895604664899|1650481324624|business associate
4398046515831|14293651185534|1665700072859|business associate
4398046515831|9895604662748|1654987181503|business associate
14727|12094627919391|1667262805611|business associate
13194139558039|1099511642734|1662979095136|business associate
10995116282488|12094627909882|1656354590091|business associate
12094627930264|5497558173334|1657126694099|business associate
4398046545832|10995116282234|1670535909929|business associate
5497558143611|6597069780415|1644651234597|business associate
5497558143611|14293651164266|1664984857559|business associate
12094627920267|23646|1656116260337|business associate
12094627920267|10995116281667|1666989046543|business associate
3298534918059|12094627909604|1666075796542|business associate
3298534918059|3298534906797|1630325141930|business associate
6597069791388|10995116310876|1644541189912|business associate
4398046545836|2199023279221|1654416848484|business associate
3298534888061|9895604653785|1655092762362|business associate
3298534908062|4398046535308|1630097134167|business associate
15393162793599|9895604683179|1672235562697|business associate
15393162793599|14293651174000|1670408105664|business associate
1099511652511|10995116302212|1653191776240|business associate
8796093036944|12094627939983|1670644730418|business associate
8796093036944|3298534907188|1633309092618|business associate
10995116312496|4398046513789|1665216604295|business associate
2199023270289|10995116310711|1664492418079|business associate
4398046535841|2199023260374|1640183823370|business associate
10995116312497|10995116292253|1663802385866|business associate
10995116312497|4398046515705|1662149319193|business associate
10995116292498|13194139537764|1670374111099|business associate
10995116292498|9895604672894|1658787412229|business associate
5497558163618|34639|1628017650117|business associate
5497558163618|15393162822453|1671194596700|business associate
14293651165827|4398046534858|1670412003905|business associate
14293651165827|9895604673260|1671965991694|business associate
4398046525843|1099511652420|1635177559222|business associate
5497558163619|6597069800861|1669190819661|business associate
1099511632516|12094627928872|1658828271930|business associate
10995116302500|1099511661396|1655832866136|business associate
10995116302500|2199023279864|1659812284557|business associate
9895604674725|13194139556419|1664271038286|business associate
9895604674725|6597069799540|1659852242565|business associate
9895604654726|15393162823544|1672077894409|business associate
14742|6597069770824|1656026023768|business associate
10995116282506|13194139537897|1665721944355|business associate
8796093046954|2199023278079|1645707847114|business associate
12094627940284|1099511631421|1665620366725|business associate
8796093026957|3298534897585|1640942147768|business associate
4398046525853|6597069799976|1630235753838|business associate
4398046525853|14293651193686|1669014688315|business associate
12094627910287|8796093046674|1662226064291|business associate
12094627910287|22870|1660479625948|business associate
4398046515856|1099511662536|1664396001519|business associate
3298534898080|8796093034843|1665754624330|business associate
4398046535856|12094627928555|1661400705005|business associate
12094627910289|3298534886033|1662868392224|business associate
3298534908081|8796093056805|1644421615256|business associate
3298534908081|8796093027129|1657557221609|business associate
8796093026962|14293651183667|1671368570614|business associate
3298534908082|4398046525103|1660532802922|business associate
3298534908082|7696581419428|1656680622617|business associate
5497558173637|13194139536603|1668751551199|business associate
5497558173637|14293651186035|1667824478713|business associate
15393162813622|4398046523727|1672214218012|business associate
15393162813622|15393162822053|1672333350850|business associate
12094627940297|1099511661444|1659632450760|business associate
12094627940297|9895604683683|1661461074715|business associate
14293651175850|3874|1669574451394|business associate
13194139568075|13194139547663|1665426550969|business associate
13194139568075|4398046515462|1664715211092|business associate
1099511652540|12094627930198|1662469108859|business associate
1099511652540|3298534887900|1669986777352|business associate
4398046545868|14293651193690|1672069405479|business associate
4398046545868|13194139567787|1669688826532|business associate
15393162813629|6597069791514|1671822372050|business associate
7696581409198|4398046543958|1658772115934|business associate
12094627930303|14077|1654063338991|business associate
9895604684751|3298534896700|1661526673965|business associate
9895604684751|14293651195696|1671541831408|business associate
14293651175857|14293651165704|1667355230547|business associate
14293651175857|5497558171792|1670042665339|business associate
5497558163649|14293651164096|1668701208350|business associate
5497558163649|6597069800412|1635017949914|business associate
14293651165858|3298534917762|1671711597039|business associate
14293651165858|6597069800402|1668618993445|business associate
2199023290322|13194139567109|1665997411981|business associate
1099511632547|34112|1619932249702|business associate
2199023280323|6597069771548|1650415125433|business associate
4398046515876|5497558161406|1654748444188|business associate
1099511632550|6597069771632|1636675744768|business associate
1099511632550|14293651173818|1665679146622|business associate
3298534908102|6597069771107|1636817355968|business associate
14775|10995116281353|1668241723493|business associate
1099511632552|8796093027144|1644614498160|business associate
7696581409208|10995116301599|1653052407516|business associate
1099511652552|1099511662065|1623370357874|business associate
1099511652552|5497558153301|1653239794733|business associate
9895604684760|2199023268227|1667339523388|business associate
3298534908105|5497558172893|1661596629178|business associate
1099511652554|5497558151829|1666385182331|business associate
1099511652554|15393162823236|1672005295574|business associate
14293651195866|2199023288791|1671018096543|business associate
14293651195866|12094627928784|1668622035381|business associate
4398046525883|5497558141475|1622377897305|business associate
13194139568091|2199023288924|1670582698109|business associate
5497558163660|10995116281881|1644528540449|business associate
9895604654765|9895604684587|1642871894586|business associate
10995116302541|14293651194727|1669400513735|business associate
10995116282542|7696581397109|1670570176884|business associate
10995116282542|24343|1662226368176|business associate
24782|6597069770134|1636979926444|business associate
24782|6597069780270|1670613572607|business associate
10995116292543|10995116310618|1648265529832|business associate
10995116292543|7696581428165|1668131811369|business associate
14784|5497558173075|1631399185861|business associate
14784|7696581417753|1658490157192|business associate
14293651175873|13194139537211|1667624000297|business associate
14293651175873|4398046525457|1669374992054|business associate
15393162813649|7696581419016|1671501350425|business associate
15393162813649|15393162821782|1672263835882|business associate
10995116282546|12094627929196|1662287364584|business associate
2199023270338|9895604653270|1666031944562|business associate
34786|10995116291047|1664949841898|business associate
34786|10995116302541|1646557845397|business associate
9895604654771|2199023259763|1667292309068|business associate
12094627920323|1099511662047|1658948047643|business associate
12094627920323|2199023270459|1669053406082|business associate
14293651165876|7696581397852|1671775861095|business associate
2199023270340|15393162802885|1672170073429|business associate
5497558143669|10995116311890|1659966091442|business associate
4398046515894|7696581397135|1640128980161|business associate
8796093036998|9895604674099|1645319031740|business associate
8796093036998|4398046525963|1653838689724|business associate
12094627940326|2199023258739|1655055208794|business associate
6597069791447|3298534907547|1622854984739|business associate
6597069801448|4398046545021|1620010172445|business associate
14293651165882|1099511642046|1664519360740|business associate
1099511652570|14293651196049|1671704094520|business associate
1099511652570|15393162823001|1671727034485|business associate
14293651195882|1099511632536|1671138704770|business associate
8796093037003|10995116310564|1670708786895|business associate
8796093037003|12094627919814|1661023150627|business associate
8796093047003|13194139567353|1671256103887|business associate
5497558173675|10995116310416|1669857522175|business associate
5497558173675|12094627938963|1665381050567|business associate
3298534888124|1099511642529|1620549852839|business associate
10995116302556|8796093057012|1660652706495|business associate
10995116302556|14293651185983|1671136367263|business associate
2199023290348|4398046514235|1617830924612|business associate
4797|5497558151742|1643042759600|business associate
4797|4476|1612947375913|business associate
13194139558109|7696581399094|1671606800109|business associate
2199023290349|10995116310416|1671940606967|business associate
2199023290349|14293651194299|1663754995885|business associate
8796093047006|9895604673711|1652867885192|business associate
2199023290351|1099511652687|1613874563363|business associate
2199023290351|12094627908796|1662141570091|business associate
13194139538113|34503|1662569841509|business associate
6597069781457|6597069770696|1629436404086|business associate
7696581399235|5497558141663|1664271333180|business associate
7696581399235|12094627928762|1671678751879|business associate
9895604664787|1099511651396|1647077198517|business associate
9895604664787|12094627908129|1661772144945|business associate
8796093057011|13194139567421|1665419082602|business associate
1099511632580|9895604653552|1656977309535|business associate
1099511632580|2199023268792|1602054057169|business associate
5497558153684|3298534916120|1626850253606|business associate
5497558153684|12094627928573|1665109875733|business associate
34805|5497558151788|1627282613479|business associate
34805|34110|1585474599007|business associate
6597069771463|12094627928053|1669882118238|business associate
12094627930344|12094627918796|1666996077257|business associate
1099511662584|8796093025634|1636532974741|business associate
1099511662584|7696581418269|1626356993568|business associate
10995116282569|14293651183676|1670586074008|business associate
10995116282569|14293651185644|1665893093136|business associate
10995116302569|4398046544620|1670163598116|business associate
10995116302569|5497558153427|1654436066708|business associate
15393162823673|14293651184448|1671986641237|business associate
5497558143690|7696581407254|1663757093568|business associate
1099511632587|5497558161447|1648221545166|business associate
1099511632587|3854|1629437051337|business associate
34811|1099511632580|1654456062393|business associate
4398046515917|10995116311606|1661505256038|business associate
4398046515917|14293651174012|1668778272073|business associate
10995116292573|5497558163834|1658873280955|business associate
10995116292573|8796093025896|1663074767359|business associate
9895604684797|23342|1657609396982|business associate
4815|14293651193904|1670403889255|business associate
4815|33304|1611553186430|business associate
7696581409247|12094627918170|1655866835805|business associate
3298534918143|4398046546043|1657042932078|business associate
5497558143696|3298534886458|1659639408545|business associate
5497558143696|12865|1613105385696|business associate
9895604664800|1099511641560|1651814454829|business associate
9895604664800|10995116281833|1652384201134|business associate
9895604674800|4398046534195|1638314039814|business associate
13194139568128|5497558171692|1659665604447|business associate
10995116302577|15393162792693|1672397707736|business associate
3298534918145|8796093047135|1635817149974|business associate
7696581399250|7696581408720|1639524390973|business associate
7696581399250|14293651175573|1667045131663|business associate
10995116302578|1099511632552|1654678538584|business associate
10995116302578|2199023259822|1650282266060|business associate
1099511662594|10995116301813|1671549731128|business associate
1099511662594|4398046525422|1617460536383|business associate
4819|15393162793524|1672509522597|business associate
4819|2199023289898|1665729862655|business associate
5497558163699|7696581418606|1672488244895|business associate
5497558163699|5497558142785|1658263748354|business associate
3298534888148|12094627930032|1658361112473|business associate
10995116302580|6597069779690|1660158793835|business associate
12094627940356|15393162823001|1672514081826|business associate
12094627940356|6597069791569|1659282355496|business associate
4398046535925|5497558171977|1655885026955|business associate
4398046535925|5497558152178|1668584095339|business associate
5497558173701|12094627939575|1662888642809|business associate
5497558173701|10995116281991|1663327569255|business associate
2199023260374|9895604684913|1660205521707|business associate
3298534908150|3503|1599695936846|business associate
3298534908150|3298534886410|1654558953572|business associate
1099511652599|13194139558023|1667870383768|business associate
14293651195911|6597069800107|1668427735573|business associate
14293651195911|8796093045519|1667593799891|business associate
34824|7696581408505|1629222986293|business associate
4398046515929|8796093025406|1636297479736|business associate
4398046515929|12094627909542|1664701430710|business associate
12094627930361|10995116281258|1672197368500|business associate
13194139538138|4398046524035|1661994488469|business associate
13194139538138|14293651194017|1669578484015|business associate
3298534898154|12094627920317|1660062394282|business associate
3298534898154|2199023290116|1672056683621|business associate
2199023260379|13194139568218|1671924597719|business associate
14293651185915|14293651174334|1672326279322|business associate
13194139568139|13194139545934|1667074811323|business associate
13194139568139|15393162821977|1671393124364|business associate
14293651175916|3298534896040|1670710276066|business associate
14293651175916|4398046534929|1670089405147|business associate
34828|10995116302088|1671339991958|business associate
8796093027038|12094627919328|1667059243001|business associate
13194139548142|6597069780986|1660061029499|business associate
13194139548142|13194139558039|1664908005543|business associate
4398046545934|10995116301177|1652349850915|business associate
7696581409263|5497558163784|1656685248010|business associate
4398046545937|3298534898154|1658104500396|business associate
4398046545937|13194139537866|1663760909473|business associate
3298534888162|8796093027078|1655270605867|business associate
3298534888162|3298534886789|1647376655231|business associate
14293651175922|8796093045600|1670915132789|business associate
14293651175922|2199023280098|1670190022350|business associate
2199023280387|12094627939685|1652008122141|business associate
2199023280387|5497558151462|1664753880207|business associate
9895604674820|9895604664245|1670582438864|business associate
9895604674820|14293651185673|1670828589884|business associate
10995116302597|10995116280841|1664320317289|business associate
4398046515942|5497558141731|1620693941357|business associate
4398046515942|2199023290348|1668539164335|business associate
14293651165927|8796093037120|1670054298425|business associate
13194139568152|6597069781639|1665426992566|business associate
13194139568152|3874|1664587553745|business associate
12094627910378|3298534887900|1654362244564|business associate
5497558153722|15393162822579|1671345442040|business associate
4398046525947|5497558172302|1646028361413|business associate
4398046525947|4398046544645|1640173282762|business associate
5497558143724|7696581429400|1657786632517|business associate
14844|22946|1594152938748|business associate
2199023290396|7696581398321|1666330937880|business associate
2199023290396|10995116300836|1657683026184|business associate
4846|8796093036643|1662957422592|business associate
4846|6597069790448|1647513098115|business associate
13194139568158|15393162811679|1671430829506|business associate
13194139568158|3298534887002|1667451511517|business associate
1099511642624|1099511661344|1659818699176|business associate
1099511642624|24255|1635727131803|business associate
2199023260402|6597069781400|1632946940143|business associate
12094627940386|12094627929970|1670956601295|business associate
12094627940387|13194139547062|1664382779831|business associate
12094627940387|6597069769368|1662430270448|business associate
2199023270404|3298534888222|1658720360087|business associate
2199023270404|7696581428136|1649494148220|business associate
7696581429284|14293651174403|1672479992890|business associate
7696581429284|7696581429161|1648478143388|business associate
12094627910389|13194139536729|1665513158276|business associate
12094627910389|2199023258081|1654961068597|business associate
4398046525957|24171|1671151123225|business associate
9895604654838|12094627928943|1654859291430|business associate
1099511662631|8796093025735|1642907809581|business associate
14293651165944|3298534897043|1668410631080|business associate
4398046535960|14293651193981|1670893089697|business associate
6597069781513|13194139557900|1669773488940|business associate
2199023260410|2841|1608213362631|business associate
2199023260410|13194139535826|1659639166753|business associate
4398046525962|4398046545274|1656617492375|business associate
4398046525962|15393162791508|1672292043513|business associate
5497558143739|3298534897110|1651827918059|business associate
2199023280411|8796093025548|1657384311985|business associate
6597069771517|9895604674883|1669271600837|business associate
13194139548173|10995116290663|1665433370797|business associate
1099511642638|34629|1635941109317|business associate
1099511642638|2199023289559|1619272576175|business associate
2199023280414|12094627929459|1654238894392|business associate
10995116312622|12094627939983|1667671472676|business associate
13194139538175|3298534917961|1663778581221|business associate
13194139538175|12094627909601|1671830728109|business associate
3298534898191|6597069780355|1653973842733|business associate
3298534898191|4398046515434|1650499033152|business associate
8796093057072|1099511642658|1655355854725|business associate
8796093057072|9895604684124|1662311132988|business associate
12094627910401|9895604654731|1655336708620|business associate
2199023280417|5497558143409|1626497533374|business associate
2199023280417|12094627928094|1658683619508|business associate
24866|6597069800785|1671599318429|business associate
4398046545970|15393162803337|1672258405734|business associate
4398046545970|8796093027038|1647950364352|business associate
9895604674851|5497558152568|1646558049088|business associate
4398046515972|6597069799720|1667907421795|business associate
4398046515972|10995116292121|1655708095655|business associate
9895604674852|13194139558214|1672456741513|business associate
9895604674852|14293651194906|1672091068260|business associate
5497558173749|4398046536085|1671066115390|business associate
8796093027078|5497558143225|1664892263180|business associate
8796093027078|3298534916623|1650543008214|business associate
1099511652646|7696581408956|1666727479753|business associate
1099511652646|3783|1631713599455|business associate
12094627940406|6597069801492|1654116714190|business associate
12094627940406|13194139568287|1667418138462|business associate
4871|10995116281445|1666373710507|business associate
7696581419303|6597069780956|1650589994321|business associate
7696581419303|12094627910088|1657916262326|business associate
2199023290423|2199023269065|1616157339688|business associate
2199023290423|9895604664301|1669884052215|business associate
13194139568184|15393162792436|1672110567879|business associate
1099511652649|3298534897302|1646252597691|business associate
1099511652649|2199023279832|1629109951269|business associate
9895604654858|3298534907072|1663159836509|business associate
9895604654858|12094627929770|1661874777690|business associate
8796093047083|12094627940406|1667669003207|business associate
15393162823740|8796093045548|1671755355564|business associate
13194139548189|4784|1667087650406|business associate
9895604684861|2199023289632|1666926022865|business associate
9895604684861|13194139546449|1669215622284|business associate
1099511632654|5497558163101|1636888296420|business associate
1099511632654|14293651184736|1670828811410|business associate
3298534908206|24249|1658998147735|business associate
3298534908206|4398046534931|1630426910118|business associate
8796093057086|4980|1644737549191|business associate
14293651165967|5497558141685|1665849686946|business associate
12094627920415|1099511630786|1656254935563|business associate
4398046535983|3298534886436|1643638721827|business associate
4398046535983|1099511651599|1667525217348|business associate
12094627940415|9895604674105|1657702091603|business associate
5497558163760|4398046534762|1640942877284|business associate
5497558163762|4398046545695|1654094575954|business associate
5497558163762|14293651175887|1669545840936|business associate
8796093057090|4398046514326|1643083121779|business associate
2199023280435|7696581398826|1668332522596|business associate
2199023280435|6597069790442|1625697219988|business associate
4398046515988|9895604674031|1661778607649|business associate
4398046515988|9895604683455|1655225303299|business associate
8796093037092|8796093046199|1658193302820|business associate
10995116302644|5497558152827|1655010629624|business associate
14293651175973|8796093047089|1672253695778|business associate
14293651175973|12094627918724|1671306755720|business associate
24885|10995116301898|1670693496969|business associate
12094627910422|14293651164836|1668589661359|business associate
12094627910422|8796093025896|1671626731404|business associate
1099511652662|22916|1631592769364|business associate
1099511652662|12571|1607399691957|business associate
13194139538199|10995116281416|1667874036912|business associate
13194139538199|15393162802035|1671773288627|business associate
8796093057095|12094627909951|1660079293238|business associate
14293651175976|4398046514531|1666782576523|business associate
13194139568200|5497558142826|1666142313668|business associate
13194139568200|5497558143415|1665023276379|business associate
6597069791545|10995116282377|1655403889161|business associate
6597069791545|1099511661976|1668095840818|business associate
13194139538202|1099511632103|1668399404806|business associate
13194139538202|14293651164653|1670149997848|business associate
3298534898218|9895604682667|1656890543056|business associate
1099511652666|10995116281622|1656306115434|business associate
1099511652666|4398046525764|1625748756218|business associate
14293651175979|5497558151383|1671127659477|business associate
14293651175979|13988|1671323388549|business associate
6597069801547|4398046525963|1630277869646|business associate
8796093037100|9895604652967|1647803887911|business associate
12094627930429|3298534917763|1666813673498|business associate
3298534888222|14293651175487|1671824984805|business associate
3298534888222|6597069799583|1667070517144|business associate
3298534898222|9895604674549|1657079916126|business associate
10995116282655|10995116312628|1664032555111|business associate
5497558143776|9895604674687|1671209116728|business associate
10995116282657|9895604653795|1651743571061|business associate
5497558153777|13194139537554|1661875668949|business associate
5497558153777|13194139556265|1659321903404|business associate
7696581419329|4398046515856|1635077543572|business associate
15393162793763|3298534896556|1671929652672|business associate
15393162793763|13194139546794|1671061781540|business associate
9895604674883|7696581427254|1664543788926|business associate
34899|3298534886899|1651077026636|business associate
9895604654884|3298534896020|1662865113497|business associate
13194139558214|12508|1668693947291|business associate
13194139558214|1099511661207|1671286427824|business associate
3298534888231|4398046545507|1637491082705|business associate
3298534888231|24768|1626595365949|business associate
13194139558215|10995116291114|1668712077762|business associate
13194139558215|5497558142666|1670350137994|business associate
13194139568215|10995116301481|1661186614734|business associate
13194139568215|13194139558200|1662388251579|business associate
13194139548216|10995116301228|1668556314765|business associate
15393162793769|14293651196033|1670628805996|business associate
15393162793769|2199023289481|1670491842349|business associate
14906|1099511660577|1651581034056|business associate
13194139558218|10995116301499|1664880698110|business associate
13194139568218|1099511640963|1670154405726|business associate
14293651165995|1099511661567|1666301876505|business associate
34907|7696581428524|1637266051772|business associate
34907|9895604673775|1667743228059|business associate
3298534908236|15393162812774|1672194223725|business associate
15393162823772|1099511632429|1671805570132|business associate
15393162823772|3298534907865|1672475913324|business associate
14293651185997|6597069781238|1665102649347|business associate
4398046546014|2199023260176|1610541341601|business associate
13194139568223|10995116302365|1667717428967|business associate
4398046546016|5497558162207|1647439652961|business associate
4398046546016|6597069790061|1634690754215|business associate
14293651166001|14293651183749|1671630050272|business associate
14293651166001|33885|1664220219199|business associate
12094627920449|14362|1657409790116|business associate
13194139538226|8796093056957|1664521322110|business associate
13194139538226|10995116292534|1672020312096|business associate
13194139568226|3298534916244|1661675461507|business associate
13194139568226|9895604683706|1667288362607|business associate
9895604664899|3298534907012|1649604162205|business associate
9895604664899|10995116282735|1648854015182|business associate
8796093027124|7696581417947|1636774797904|business associate
34916|6597069799266|1646697782059|business associate
7696581409349|14293651174755|1671318933990|business associate
7696581409349|10995116280336|1657562612661|business associate
13194139558230|6597069781306|1669941897213|business associate
13194139558230|2199023288273|1663524216908|business associate
4398046526024|5497558143409|1667820735291|business associate
8796093027129|13194139557503|1663863102647|business associate
8796093027129|4398046524428|1668876735495|business associate
2199023270473|6597069770754|1666913467454|business associate
2199023270473|1099511652710|1656991247973|business associate
7696581409354|8796093035632|1648828313055|business associate
7696581409354|2199023259701|1639990468312|business associate
6597069801578|15393162802992|1672175743790|business associate
6597069801578|8796093046430|1663574996018|business associate
7696581409355|1099511650652|1665806353558|business associate
10995116302683|8796093026592|1668336727402|business associate
10995116302683|1099511641976|1665202846631|business associate
9895604654908|10995116292058|1663589189174|business associate
1099511662700|33750|1651945127336|business associate
1099511632701|5497558161670|1616915960737|business associate
4398046536029|12094627910486|1655882984390|business associate
14926|10995116310762|1671897634954|business associate
14926|9895604654035|1665089025898|business associate
8796093037135|5497558143470|1646386107044|business associate
8796093047135|4398046525073|1638695971530|business associate
1099511632704|15393162812819|1671693023233|business associate
1099511632704|1099511631399|1651904187696|business associate
6597069781585|15393162791551|1672447166377|business associate
6597069781585|6597069790207|1637294010453|business associate
9895604684913|4398046534497|1644402203485|business associate
9895604684913|13194139567185|1671417104072|business associate
15393162793794|1099511642439|1672379170526|business associate
15393162793794|15393162801638|1670684565525|business associate
4398046526035|24249|1616246774184|business associate
13194139568243|4398046534873|1667811686805|business associate
14293651166020|1099511661380|1671708223119|business associate
8796093057140|2199023289713|1669425734132|business associate
8796093057140|15393162793438|1671353473980|business associate
2199023270485|3298534896519|1598718623179|business associate
2199023270485|4398046543655|1647068165215|business associate
8796093027142|13194139545992|1671194098903|business associate
8796093027142|5497558151942|1636887095698|business associate
4398046526038|8796093036507|1643740178201|business associate
1099511652710|14293651175525|1667536745881|business associate
13194139538247|14293651184390|1671146559667|business associate
13194139538247|12094627909525|1665263335566|business associate
6597069801591|7696581418130|1668343016601|business associate
7696581419368|4398046544633|1624587723993|business associate
1099511652713|9895604653109|1664406281055|business associate
7696581429369|7696581407986|1652756459775|business associate
7696581429369|34629|1652084322076|business associate
5497558153818|8796093055427|1648414217846|business associate
24938|12094627929139|1660786024522|business associate
4398046546043|2199023278682|1653310624116|business associate
4398046546043|7696581398703|1632322464354|business associate
8796093037148|10995116281126|1665097194927|business associate
6597069791597|6597069799674|1663667487826|business associate
4398046516046|8796093046088|1640549942025|business associate
4398046516046|1099511652666|1636867695991|business associate
8796093027151|8796093035346|1648564194871|business associate
10995116302703|6597069791295|1659287935990|business associate
10995116302703|13194139556696|1668824636219|business associate
1099511662720|12094627920257|1671445640946|business associate
8796093027153|6597069769308|1643479276812|business associate
8796093027153|12094627918120|1672187999934|business associate
1099511642721|7696581417202|1658197562612|business associate
1099511642721|6597069771300|1657695204293|business associate
14293651166034|9895604684797|1671419397355|business associate
8796093057154|10995116291505|1670888124374|business associate
2199023270499|14293651165140|1669568510666|business associate
14293651186035|8796093054865|1672040772967|business associate
5497558173827|6597069789669|1639071063535|business associate
5497558173827|10995116281333|1649084408505|business associate
15393162793812|1099511632520|1671181776638|business associate
3298534898276|13989|1610843646024|business associate
3298534898276|10995116291385|1652910335291|business associate
5497558173829|4398046534708|1667460781802|business associate
5497558173829|14293651164116|1668862772249|business associate
4952|13194139556817|1668872531935|business associate
4952|9895604683326|1655629203774|business associate
8796093057160|7696581417432|1638919579024|business associate
8796093057160|9895604674771|1665462856561|business associate
12094627930489|4398046544185|1670777529671|business associate
13194139568265|8796093025006|1660920030414|business associate
1099511642731|9895604663505|1655256302549|business associate
1099511642731|2199023260366|1662388722913|business associate
10995116302715|8796093046574|1656302474188|business associate
10995116302715|3298534916930|1666792182600|business associate
6597069801611|15393162802899|1672402296554|business associate
15393162793820|4846|1671809498307|business associate
15393162793820|7696581407557|1670653889584|business associate
5497558163836|8796093036772|1640750610808|business associate
5497558163836|7696581427503|1659190126156|business associate
10995116312717|3298534906086|1661382054180|business associate
8796093027166|10995116292554|1671219974553|business associate
8796093027166|13194139566950|1661319381514|business associate
1099511642734|4398046545561|1631758303610|business associate
2199023280510|14293651195122|1667347139697|business associate
34958|6597069780108|1655117366256|business associate
34958|8796093047118|1635603491670|business associate
9895604664943|4398046535965|1647217856971|business associate
10995116312720|6597069780468|1647393387439|business associate
10995116312720|1099511642140|1647063089486|business associate
12094627910497|10995116302578|1671525200852|business associate
12094627910497|4398046535785|1668813926673|business associate
1099511642737|12094627919012|1655479446251|business associate
14293651176050|15393162802111|1672078416905|business associate
2199023260515|6597069770502|1652650232779|business associate
1099511652739|9895604674307|1670942826189|business associate
1099511652739|13284|1660372789062|business associate
5497558163844|14293651195010|1664425415156|business associate
1099511652741|8796093037120|1670926297071|business associate
1099511652741|1099511631412|1642538468633|business associate
15393162793830|23150|1671216139434|business associate
1099511642742|12094627918488|1656560543073|business associate
9895604684951|7696581409402|1641217850823|business associate
6597069791624|15393162792824|1672147843971|business associate
24969|13194139547278|1665082514889|business associate
24969|1099511631538|1640394213617|business associate
3298534888298|13194139546837|1664759560856|business associate
2199023260523|14293651164132|1672087280245|business associate
6597069791627|3298534907928|1637798719042|business associate
6597069791627|13194139567460|1660133024192|business associate
1099511662747|14293651175833|1668566917504|business associate
5497558163852|9895604673321|1658451326964|business associate
5497558163852|5497558152216|1633375310464|business associate
10995116312732|1099511630586|1671499910426|business associate
5497558163854|14293651174000|1669060191215|business associate
8796093057182|2199023289243|1665776951470|business associate
8796093057182|14293651194299|1665889244182|business associate
10995116292735|1099511631607|1659885714803|business associate
10995116292735|33479|1651395429634|business associate
13194139568287|13194139536875|1662438903294|business associate
13194139568287|5497558163499|1667078072198|business associate
10995116292736|14293651184211|1671877901474|business associate
14293651196064|6597069801015|1671087951499|business associate
14293651196064|13194139556454|1669302520509|business associate
15393162793841|2199023280324|1672097873992|business associate
15393162793841|1099511642194|1672343078887|business associate
14293651186065|2199023289540|1666480337297|business associate
10995116312737|8796093034708|1651235008186|business associate
5497558163859|3298534916490|1657518913313|business associate
9895604664964|9895604664459|1664128737197|business associate
8796093057188|10995116290783|1660499008179|business associate
4398046536085|9895604673456|1647220015602|business associate
4398046536085|4398046534624|1643328685629|business associate
10995116282742|7696581398638|1654790291286|business associate
10995116282742|5497558172685|1664186457106|business associate
6597069791638|10995116310876|1645394608887|business associate
9895604684966|2199023260388|1644061630400|business associate
6597069781639|14293651174487|1667356831955|business associate
6597069781639|9895604673142|1646280666609|business associate
2199023260536|5497558173749|1643924305007|business associate
3298534888313|4398046535725|1646901002205|business associate
9895604654970|2199023278637|1658450336487|business associate
9895604654970|10995116310762|1669440888746|business associate
9895604684970|9895604673129|1640313746460|business associate
1099511642763|1099511632587|1635272640665|business associate
24987|4398046534177|1631602095571|business associate
24987|6597069769930|1648570188981|business associate
1099511632764|8796093025271|1669232152675|business associate
1099511632764|12094627929418|1650722466798|business associate
2199023270540|13194139567613|1665218341121|business associate
2199023270540|6597069800978|1662474654045|business associate
5497558163868|9895604664203|1643288807644|business associate
2199023290541|7696581399231|1637207387912|business associate
10995116282750|4398046534428|1648990720103|business associate
10995116282750|1099511632054|1668193933012|business associate
12094627920526|2199023278517|1671839919099|business associate
12094627920526|14121|1662534568726|business associate
8796093037199|13194139557927|1671171568175|business associate
8796093037199|9895604663514|1665558905422|business associate
12094627920529|33943|1652631088401|business associate
12094627920529|13194139538009|1665949124311|business associate
1099511642770|4398046544775|1644276152214|business associate
1099511652770|8796093025789|1650752131359|business associate
7696581419428|13194139537647|1666072431765|business associate
7696581419428|9895604683246|1659112734787|business associate
9895604684980|7696581428951|1651861489343|business associate
9895604684980|14293651173965|1670708783267|business associate
9895604654981|4398046545720|1645797508077|business associate
9895604654981|10995116300752|1659896717164|business associate
9895604654982|34298|1653759724040|business associate
9895604654982|12094627920323|1665637741129|business associate
8796093057207|3298534886930|1651031663055|business associate
8796093057207|1099511662033|1660131133249|business associate
