id|createTime|type|isBlocked|lastLogin|riskLevel
39582418619936|1639891083558|WIFI|false|1667144382609|Extreme risk
17592186064417|1608083044970|MAC|false|1669317145629|Low risk
20002|1580026219311|POS|false|1622486873305|Very high risk
61572651175459|1670324194607|ATM|false|1670796298625|Low risk
17592186064420|1610063305384|POS|false|1617862829393|Critical risk
17592186064421|1605372674411|WIFI|false|1630843996528|Very high risk
39582418619942|1639555416315|WIFI|false|1668566974842|Severe risk
52776558153255|1661711684089|IPv4|false|1663499628643|Low risk
48378511642152|1650926418155|ATM|false|1666698112651|High risk
61572651175465|1671160076042|NFC|false|1671900912868|Low risk
39582418619946|1642169423548|WIFI|true|1651785430451|Extreme risk
13194139553323|1600782940976|ATM|false|1604242746782|Severe risk
52776558153260|1659414863964|NFC|false|1665733011758|Low risk
52776558153261|1660504891796|RFID|false|1661816173622|Significant risk
35184372108846|1631790025771|POS|false|1645450044415|Very high risk
13194139553327|1601185769454|POS|false|1627628168654|High risk
26388279086640|1622461809745|MAC|false|1638858098961|High risk
17592186064433|1604091721213|POS|false|1662691560287|Significant risk
20018|1582004161189|IPv6|false|1634689907013|Very high risk
13194139553331|1601823568540|PHONE|true|1626469788223|Severe risk
35184372108852|1631039519229|IPv6|false|1632655469856|Minimal risk
8796093042229|1597258863400|RFID|false|1648434212152|Extreme risk
8796093042230|1595407275051|PHONE|false|1648462900459|High risk
35184372108855|1635773592263|IPv4|false|1663677244746|Significant risk
35184372108856|1633751211855|IPv6|false|1664717729238|Very high risk
17592186064441|1608971969884|ATM|false|1660008510471|Minimal risk
30786325597754|1629159753064|POS|false|1662686653556|Extreme risk
39582418619963|1638767192765|IPv4|false|1648078972487|Low risk
43980465131068|1646681647681|PHONE|false|1653828853558|High risk
30786325597757|1628316370148|POS|false|1630907509381|High risk
4398046531134|1584467257795|RFID|false|1595709475723|Very high risk
35184372108863|1633578898935|MAC|false|1665436991627|Severe risk
17592186064448|1609358989009|IPv4|false|1613230269280|Low risk
57174604664385|1664358089106|IPv4|false|1664651554706|Extreme risk
21990232575554|1616813432979|QRCode|true|1653889944590|Severe risk
13194139553347|1599076518698|WIFI|false|1649644512348|Minimal risk
48378511642180|1654026539239|RFID|false|1660270784881|Critical risk
39582418619973|1636875067616|WIFI|false|1663439901605|Significant risk
57174604664390|1664218304476|WIFI|false|1664536056040|Critical risk
13194139553351|1601534066399|PHONE|false|1605043351190|Moderate risk
17592186064456|1608361841944|IPv4|false|1641720177052|Very high risk
30786325597769|1625376354323|QRCode|false|1642993334357|Very high risk
61572651175498|1672177426444|WIFI|false|1672490245195|Moderate risk
26388279086667|1622910711221|ATM|false|1652131000988|Low risk
13194139553356|1602808300164|PHONE|false|1613058032299|Low risk
61572651175501|1672203325887|QRCode|false|1672417724488|Moderate risk
20046|1577842453095|RFID|false|1628951937015|Extreme risk
17592186064463|1606178010309|POS|false|1610894998445|Low risk
20048|1581917747609|IPv6|false|1646479194879|Very high risk
30786325597777|1623591263697|RFID|false|1640102003259|Very high risk
17592186064466|1609012699966|IPv6|false|1652659811510|Significant risk
57174604664403|1668964036869|QRCode|false|1671924581144|Severe risk
57174604664404|1665034090749|POS|false|1667063802357|Critical risk
43980465131093|1647280292378|RFID|false|1654393406208|Extreme risk
52776558153302|1658844962860|ATM|false|1670262676800|Very high risk
35184372108887|1634192413282|NFC|false|1640478956029|Low risk
52776558153304|1661924584675|PHONE|false|1668201642134|Very high risk
57174604664409|1666185742059|QRCode|false|1670603453703|Severe risk
48378511642202|1653268091597|IPv6|false|1657596149045|Extreme risk
4398046531163|1588414159027|MAC|false|1590353584465|Extreme risk
4398046531164|1585301827244|RFID|true|1616677977662|Severe risk
21990232575581|1611959912828|PHONE|false|1621768840364|Low risk
57174604664414|1666276142904|POS|false|1671054068869|Minimal risk
35184372108895|1635720578410|QRCode|false|1648172243547|Moderate risk
17592186064480|1605110377752|IPv6|false|1632710924663|Critical risk
35184372108897|1630339042343|PHONE|true|1636500590077|Minimal risk
57174604664418|1664341933807|ATM|false|1670990146842|Severe risk
20067|1583063606774|QRCode|false|1658183310727|High risk
4398046531172|1585166035528|QRCode|false|1609658023597|Very high risk
35184372108901|1631411192333|ATM|false|1666903993434|Minimal risk
30786325597798|1629810620690|NFC|false|1640167103603|Severe risk
39582418620007|1638389193943|IPv4|false|1646277037301|High risk
39582418620008|1638957841650|IPv4|false|1653316775617|Low risk
39582418620009|1641335435740|IPv4|false|1657004438393|Critical risk
30786325597802|1625106434912|WIFI|true|1672380872319|Low risk
26388279086699|1621709915418|NFC|false|1629179001555|Critical risk
4398046531180|1587516166953|NFC|false|1611029909293|Severe risk
43980465131117|1648982187163|PHONE|false|1649763777716|Very high risk
26388279086702|1618608341222|MAC|false|1643965590697|Minimal risk
48378511642223|1654238115099|IPv4|false|1661611260055|High risk
20080|1581958731342|MAC|false|1666360507797|Moderate risk
21990232575601|1615583200514|RFID|false|1617547029501|Minimal risk
48378511642226|1652177560459|ATM|false|1661581452919|Extreme risk
35184372108915|1632063128646|NFC|false|1659180419989|High risk
21990232575604|1611046851885|PHONE|false|1657891092896|Minimal risk
39582418620021|1641614453709|PHONE|false|1649157101014|Very high risk
35184372108918|1632803187111|ATM|false|1636466334689|Significant risk
13194139553399|1598908856663|PHONE|true|1661564097466|Very high risk
57174604664440|1668280696612|ATM|false|1669402754855|Minimal risk
21990232575609|1614228988772|POS|false|1662157623474|High risk
13194139553402|1600780275875|NFC|false|1603782128116|Minimal risk
52776558153339|1657759765281|IPv4|false|1659546010423|Extreme risk
57174604664444|1663242027465|ATM|false|1668712646983|Low risk
39582418620029|1642053034698|POS|false|1661571787810|Critical risk
17592186064510|1609111528272|POS|false|1654107845174|High risk
48378511642239|1655504925606|QRCode|false|1669152939791|Minimal risk
26388279086720|1617911739293|MAC|false|1664473323000|Critical risk
43980465131137|1646505500138|POS|false|1653272958106|Minimal risk
8796093042306|1593259893887|PHONE|false|1624435730835|Minimal risk
57174604664451|1667167963850|RFID|false|1672457368303|Low risk
52776558153348|1661939612994|ATM|false|1671413569538|Low risk
17592186064517|1604548274470|ATM|false|1648577038093|High risk
48378511642246|1650421020225|IPv4|false|1659379176063|Severe risk
43980465131143|1645322640116|QRCode|false|1648137583565|Low risk
26388279086728|1619100976994|PHONE|false|1643650391600|Severe risk
57174604664457|1668900745162|IPv4|false|1669240084836|Severe risk
17592186064522|1604354168975|ATM|false|1611442944879|Critical risk
61572651175563|1671296084666|RFID|false|1671809531316|Minimal risk
48378511642252|1655133825029|IPv4|false|1670222521149|High risk
4398046531213|1587891397763|POS|false|1608215454534|Minimal risk
57174604664462|1665949504036|RFID|false|1667222285864|Minimal risk
4398046531215|1589711987570|NFC|false|1654672503459|Low risk
26388279086736|1622119214776|PHONE|false|1628095825032|Low risk
13194139553425|1602966790043|NFC|true|1645399090718|Extreme risk
57174604664466|1669012901416|MAC|false|1669973032644|Low risk
13194139553427|1600763480513|IPv4|false|1665471170525|Minimal risk
4398046531220|1590707478253|NFC|false|1593691919751|Severe risk
21990232575637|1616966524755|WIFI|false|1646243583178|Minimal risk
26388279086742|1620819960031|QRCode|false|1649413902512|Low risk
13194139553431|1599141389678|RFID|false|1642354907834|High risk
21990232575640|1616866809617|PHONE|false|1643904165737|Minimal risk
8796093042329|1597037105669|NFC|false|1662610919683|Severe risk
48378511642266|1650782099520|IPv6|false|1669246658489|Low risk
43980465131163|1646492936111|MAC|false|1664498092025|Low risk
21990232575644|1615959305651|WIFI|false|1668462755065|Extreme risk
43980465131165|1649313809558|QRCode|false|1664559759966|Critical risk
30786325597854|1628988573261|WIFI|false|1648794398162|Very high risk
21990232575647|1616573895620|IPv4|false|1648100884978|Very high risk
21990232575648|1613365162269|WIFI|false|1647449108756|Extreme risk
43980465131169|1644462404839|IPv4|false|1647114824071|High risk
21990232575650|1615720235119|MAC|false|1630648983641|High risk
21990232575651|1614486681086|RFID|false|1621742998360|Very high risk
39582418620068|1637799471573|QRCode|false|1644318060320|Severe risk
26388279086757|1623400046137|ATM|false|1637972457309|High risk
26388279086758|1620608640977|IPv4|false|1648867701332|Extreme risk
52776558153383|1660630276315|RFID|false|1660700321847|Critical risk
20136|1582952082564|QRCode|false|1592719801368|Severe risk
4398046531241|1588536471584|MAC|false|1640447571733|Severe risk
17592186064554|1607822075462|MAC|true|1616641303108|High risk
52776558153387|1656497454742|IPv4|false|1661899780415|Moderate risk
43980465131180|1644297493571|RFID|false|1658876269436|Significant risk
4398046531245|1588966607010|QRCode|false|1604760160790|Extreme risk
57174604664494|1664308207607|IPv4|false|1667490000179|Extreme risk
30786325597871|1627883346996|POS|false|1643264412138|Critical risk
39582418620080|1641674990290|PHONE|false|1670515668564|Severe risk
26388279086769|1621013074233|ATM|false|1671873810929|Moderate risk
35184372108978|1634181583553|QRCode|false|1638251616102|Minimal risk
43980465131187|1648582153494|IPv4|true|1648988855364|Significant risk
52776558153396|1660497368473|IPv4|false|1660713551931|Very high risk
52776558153397|1659415014231|MAC|false|1666489448460|Moderate risk
4398046531254|1586478521519|IPv6|false|1667413157628|Very high risk
35184372108983|1631189407481|WIFI|false|1662773637932|Extreme risk
43980465131192|1644716598375|NFC|false|1652052916979|Very high risk
17592186064569|1605595095064|NFC|false|1614477151614|Extreme risk
48378511642298|1650160624409|RFID|false|1651171919830|Severe risk
30786325597883|1626696739943|POS|false|1634417706338|Moderate risk
48378511642300|1655504110803|NFC|false|1669214318303|Very high risk
43980465131197|1644558470818|IPv4|false|1651276144852|Severe risk
20158|1583564827977|IPv6|false|1642318949837|Critical risk
13194139553471|1601970694121|POS|false|1647451639344|High risk
52776558153408|1657027014420|QRCode|false|1667480824754|Minimal risk
48378511642305|1653309718084|IPv4|false|1667024076684|Moderate risk
39582418620098|1642586916344|ATM|false|1649116274079|Severe risk
39582418620099|1640305507053|IPv6|false|1642135817795|Low risk
43980465131204|1646825275749|IPv6|false|1671559948171|High risk
57174604664517|1666157221786|RFID|false|1667328847796|Moderate risk
57174604664518|1664554194701|IPv4|true|1671739383679|Critical risk
48378511642311|1654173946244|QRCode|true|1656569361886|Moderate risk
57174604664520|1664094536235|QRCode|true|1665081394150|Low risk
57174604664521|1665637239545|IPv6|true|1665798613755|High risk
43980465131210|1648595193710|RFID|false|1652304067010|Moderate risk
4398046531275|1586622640634|RFID|false|1654455748429|Severe risk
17592186064588|1608763719224|ATM|false|1622242278857|Critical risk
20173|1578636453887|PHONE|false|1594528982183|High risk
57174604664526|1666999061158|MAC|false|1669878614495|Low risk
17592186064591|1606388608581|NFC|false|1632468882674|Minimal risk
52776558153424|1656598666831|ATM|false|1662857644109|Critical risk
52776558153425|1656793751891|PHONE|false|1658148328337|Low risk
57174604664530|1666093430769|QRCode|false|1667896383086|Severe risk
21990232575699|1611777512201|WIFI|true|1625105478572|Severe risk
57174604664532|1667581119945|MAC|false|1671946071857|Critical risk
4398046531285|1586390253336|PHONE|false|1599783113101|Low risk
30786325597910|1625006415739|IPv6|false|1665639573766|Minimal risk
4398046531287|1585974519586|IPv4|false|1621767052705|Severe risk
35184372109016|1636557613960|QRCode|false|1666224396483|Very high risk
52776558153433|1660020826956|ATM|true|1670255160721|Moderate risk
30786325597914|1624898445847|RFID|false|1652460010862|Moderate risk
17592186064603|1605592058814|IPv4|false|1612997188531|Low risk
61572651175644|1669409354897|QRCode|false|1669495054033|Low risk
43980465131229|1643334291793|QRCode|false|1668628326729|Extreme risk
30786325597918|1628435319478|QRCode|false|1648830456033|Severe risk
4398046531295|1590863452982|MAC|false|1617475658806|Critical risk
4398046531296|1589728211619|POS|false|1597674564797|Extreme risk
48378511642337|1656213692135|NFC|false|1662558987637|Extreme risk
21990232575714|1611258798253|PHONE|false|1662636098241|Critical risk
48378511642339|1654636134884|WIFI|false|1668280057694|Significant risk
13194139553508|1597920426988|NFC|false|1657035816366|Low risk
13194139553509|1599985964827|NFC|false|1600012326551|Extreme risk
52776558153446|1661940626147|NFC|false|1665192096445|Very high risk
13194139553511|1601453941996|QRCode|false|1649762988310|Critical risk
4398046531304|1587384139218|POS|false|1628197273087|High risk
17592186064617|1608115392193|RFID|false|1618197344281|Minimal risk
21990232575722|1615212448431|PHONE|false|1629605312462|Critical risk
43980465131243|1648818718483|IPv6|false|1661344213623|High risk
8796093042412|1596301655316|MAC|true|1624533051305|Critical risk
30786325597933|1624969855261|POS|false|1651110110947|Extreme risk
48378511642350|1652091271698|PHONE|false|1657940725651|Low risk
4398046531311|1586026944451|IPv6|false|1598633421726|High risk
35184372109040|1636105542658|PHONE|false|1669886664199|Very high risk
21990232575729|1612283653712|IPv4|false|1660962505140|Extreme risk
17592186064626|1609010710040|IPv4|false|1634857508713|High risk
61572651175667|1669444890282|PHONE|false|1672296015224|High risk
13194139553524|1602783606394|WIFI|false|1613796212684|Very high risk
13194139553525|1599270461844|NFC|false|1671152853340|Severe risk
8796093042422|1595687365244|IPv6|false|1616099049488|Moderate risk
26388279086839|1619033018361|POS|false|1646158447665|Very high risk
20216|1580747570417|IPv4|false|1649468285153|Moderate risk
35184372109049|1636544330033|PHONE|false|1657526005801|Very high risk
48378511642362|1652180775029|MAC|false|1671936552593|Moderate risk
4398046531323|1590732475426|NFC|false|1612440144179|Minimal risk
20220|1579585898628|MAC|false|1667531758133|Very high risk
21990232575741|1614226053635|QRCode|false|1630882819175|Extreme risk
57174604664574|1666074018580|POS|false|1666262070578|Critical risk
13194139553535|1597720110500|NFC|false|1671993186194|Moderate risk
20224|1578817701368|IPv4|false|1657658333063|Minimal risk
52776558153473|1660040552857|ATM|false|1668916629198|Severe risk
43980465131266|1647778324174|ATM|false|1661940842841|Low risk
57174604664579|1664759864367|NFC|true|1664983709116|Low risk
35184372109060|1634320337925|WIFI|false|1643939518842|Low risk
48378511642373|1656071972945|MAC|false|1658478824824|Critical risk
48378511642374|1649757002177|NFC|false|1668090910659|Critical risk
20231|1581355070606|POS|false|1606272057668|Extreme risk
17592186064648|1604888582362|PHONE|false|1652674403339|Critical risk
35184372109065|1636244256365|IPv6|false|1652085252135|Severe risk
30786325597962|1629082506241|MAC|false|1659291640438|Significant risk
26388279086859|1622242092353|NFC|false|1640919817830|Very high risk
39582418620172|1640647732965|QRCode|false|1644849154209|Very high risk
21990232575757|1613736076117|IPv4|false|1656781142433|Minimal risk
43980465131278|1646047745578|MAC|false|1653440412055|Minimal risk
26388279086863|1622994370400|MAC|false|1656756389087|Severe risk
8796093042448|1592261878422|IPv6|false|1649714713440|Critical risk
61572651175697|1669914416269|IPv4|false|1670624989462|Significant risk
4398046531346|1585771211676|RFID|false|1638234345944|Minimal risk
26388279086867|1621564273156|RFID|false|1647453958140|Minimal risk
13194139553556|1598463047297|POS|false|1604627254135|Significant risk
35184372109077|1633929828653|ATM|false|1667547766146|Low risk
35184372109078|1630196345456|RFID|false|1640952872396|Extreme risk
8796093042455|1597237950696|IPv6|false|1633299908631|Low risk
57174604664600|1664801013352|RFID|false|1667534000717|Moderate risk
8796093042457|1591632654808|ATM|false|1619008690509|Very high risk
52776558153498|1661481713384|ATM|false|1668012505413|Significant risk
20251|1584178335160|IPv6|false|1662118001304|Low risk
35184372109084|1630197214929|PHONE|false|1667115949130|Critical risk
39582418620189|1640224919279|RFID|false|1659701678416|Severe risk
61572651175710|1670698519714|MAC|false|1671368143237|Severe risk
43980465131295|1645768080687|IPv6|false|1651933443123|Severe risk
48378511642400|1651441129712|ATM|false|1660041068747|Moderate risk
13194139553569|1599274971754|NFC|false|1668667270143|Minimal risk
4398046531362|1589752998378|NFC|true|1595755945020|Minimal risk
35184372109091|1633278485560|RFID|false|1646024869206|Significant risk
61572651175716|1669830304089|RFID|false|1670887146241|Significant risk
13194139553573|1602616544012|IPv6|false|1628617528027|Low risk
4398046531366|1584915177243|WIFI|false|1629986998863|Critical risk
21990232575783|1613483144936|RFID|false|1649258528094|High risk
52776558153512|1656306935383|WIFI|false|1661689427126|Significant risk
4398046531369|1587592627764|WIFI|false|1653663474056|Moderate risk
57174604664618|1668018065000|RFID|false|1669538208713|Very high risk
39582418620203|1641624567001|IPv4|false|1661413282204|Very high risk
4398046531372|1587745141003|RFID|false|1663597894792|Extreme risk
21990232575789|1610999205786|QRCode|false|1632923627020|Significant risk
4398046531374|1586954538183|IPv6|false|1666406086271|High risk
52776558153519|1659485817475|ATM|false|1661769909937|Low risk
13194139553584|1598572376259|IPv4|false|1617035025440|Extreme risk
39582418620209|1640163360574|RFID|false|1649801696007|Very high risk
30786325598002|1627240915820|NFC|false|1670681648699|Minimal risk
21990232575795|1611137572635|POS|false|1630374735847|Severe risk
57174604664628|1665974487542|IPv6|false|1667314197280|Significant risk
4398046531381|1587209784229|POS|false|1646429041564|Critical risk
26388279086902|1622969860905|QRCode|true|1623343530128|Extreme risk
21990232575799|1610833201309|RFID|false|1611495437107|Critical risk
39582418620216|1637034398753|QRCode|false|1648678408943|Extreme risk
35184372109113|1636316354033|POS|false|1647009897423|Minimal risk
39582418620218|1638101718805|RFID|false|1644336065793|High risk
13194139553595|1600344429604|RFID|false|1620257855582|Severe risk
52776558153532|1657569275422|NFC|false|1668640238976|Severe risk
35184372109117|1630298919015|ATM|false|1655884598510|Low risk
52776558153534|1658030714081|IPv6|false|1663386184933|Low risk
61572651175743|1669433131368|QRCode|false|1669952538790|Very high risk
35184372109120|1630270721207|ATM|false|1650837294292|Low risk
39582418620225|1642389735549|RFID|false|1662166455033|Very high risk
57174604664642|1669283249232|ATM|false|1671834622791|Moderate risk
43980465131331|1643921947244|ATM|false|1670442823798|Moderate risk
21990232575812|1611597787261|POS|false|1640015988001|Extreme risk
43980465131333|1646005456460|IPv4|false|1663776021500|Significant risk
17592186064710|1604012073338|WIFI|false|1655449980980|High risk
21990232575815|1613869439652|QRCode|false|1634627929038|Very high risk
8796093042504|1594701106810|ATM|false|1646889476004|Extreme risk
48378511642441|1655437636740|POS|false|1668477050044|Significant risk
8796093042506|1592221319513|IPv4|false|1612562385002|Moderate risk
52776558153547|1658791435109|PHONE|false|1670428548139|Minimal risk
17592186064716|1608517696370|POS|false|1615460714922|Extreme risk
4398046531405|1586525427476|MAC|false|1651310851535|Low risk
4398046531406|1590201542084|NFC|true|1645980827019|Very high risk
30786325598031|1627359609543|IPv4|false|1643618284694|Very high risk
39582418620240|1642852450758|IPv6|false|1647494482784|Minimal risk
52776558153553|1658537563945|IPv6|false|1660573092376|Minimal risk
17592186064722|1609523477637|WIFI|false|1624373392563|Severe risk
39582418620243|1638972296254|ATM|false|1669042797375|High risk
43980465131348|1646195668976|POS|false|1652248974774|Critical risk
52776558153557|1661758273390|WIFI|false|1665548267396|Minimal risk
13194139553622|1597499417594|IPv4|false|1602142137091|Very high risk
52776558153559|1656891563706|WIFI|false|1657878529570|Moderate risk
21990232575832|1612300760878|RFID|false|1649406447966|High risk
43980465131353|1644800756422|PHONE|false|1652093415760|Extreme risk
52776558153562|1660989893402|PHONE|false|1668251343070|Very high risk
21990232575835|1612826864906|POS|false|1651066736310|Minimal risk
21990232575836|1614801214643|IPv6|true|1616185390265|Moderate risk
26388279086941|1622803412435|IPv4|false|1639950883240|Minimal risk
20318|1584036667391|QRCode|false|1596210924642|Critical risk
30786325598047|1629840654175|RFID|false|1632943276841|Significant risk
52776558153568|1661075150777|PHONE|false|1671491510285|Significant risk
61572651175777|1669639430212|ATM|false|1671211985496|Severe risk
17592186064738|1609759119504|QRCode|false|1659128076793|Low risk
26388279086947|1617557635598|PHONE|false|1633849885656|Moderate risk
17592186064740|1606558279442|WIFI|false|1666893107508|Moderate risk
48378511642469|1651152244368|QRCode|false|1660059411975|Significant risk
43980465131366|1643904750415|IPv6|false|1655167024648|Low risk
52776558153575|1658431981403|IPv6|false|1663124997189|Significant risk
30786325598056|1625289729683|PHONE|false|1664440869089|Significant risk
35184372109161|1635740827124|MAC|true|1638118948210|Critical risk
57174604664682|1667415041697|POS|false|1670739661532|Significant risk
4398046531435|1590713945116|QRCode|false|1642513557573|Severe risk
13194139553644|1598984520517|IPv4|false|1622030706762|Critical risk
35184372109165|1634335899441|IPv6|false|1659153261284|Very high risk
61572651175790|1669670361423|NFC|false|1670857666424|Low risk
61572651175791|1670169931348|WIFI|false|1670759498341|Extreme risk
13194139553648|1598468507343|RFID|false|1618491314651|Critical risk
20337|1580509939282|IPv4|false|1626200422836|Low risk
8796093042546|1593620888873|PHONE|false|1659998103167|Moderate risk
61572651175795|1670305229651|QRCode|false|1671480347116|Minimal risk
52776558153588|1657198509352|POS|false|1659239410547|Minimal risk
13194139553653|1598209836923|PHONE|false|1601439856630|Moderate risk
26388279086966|1622826601353|ATM|false|1662333512181|Severe risk
35184372109175|1630529615732|MAC|false|1637178528412|Very high risk
61572651175800|1670370797422|IPv6|false|1671559734469|Critical risk
43980465131385|1649611640718|MAC|false|1654123206326|Minimal risk
4398046531450|1585462244797|NFC|false|1672072369352|Very high risk
26388279086971|1619597946017|ATM|false|1625550456209|Significant risk
43980465131388|1646577608731|MAC|false|1670006466070|Critical risk
39582418620285|1639093174717|ATM|false|1671247488489|Low risk
43980465131390|1646117688082|IPv4|false|1659876747891|Severe risk
48378511642495|1653990547592|POS|false|1657644089570|Moderate risk
30786325598080|1627630222971|MAC|false|1665486678076|Critical risk
30786325598081|1626777312656|IPv6|false|1653149456113|Low risk
39582418620290|1640218528802|RFID|false|1668229959929|Severe risk
26388279086979|1620039651817|IPv6|false|1656964856308|High risk
43980465131396|1648693989736|QRCode|false|1662590481218|Minimal risk
21990232575877|1616542267252|IPv4|false|1659293548894|Very high risk
48378511642502|1654125489859|IPv4|false|1663407433641|Moderate risk
17592186064775|1607249619614|IPv4|false|1666314611259|Significant risk
35184372109192|1631582830680|ATM|false|1670964771845|High risk
26388279086985|1618213831176|NFC|false|1624744217911|Extreme risk
8796093042570|1596536851222|ATM|false|1597196624012|Moderate risk
4398046531467|1585929769399|NFC|false|1668921153335|Significant risk
43980465131404|1645686716149|IPv4|false|1657230934735|Critical risk
43980465131405|1648766826622|NFC|false|1651672487543|Low risk
61572651175822|1671984582424|QRCode|false|1672069508896|Significant risk
35184372109199|1631317708200|QRCode|false|1635755110434|Very high risk
13194139553680|1598029413950|MAC|false|1669098894782|Minimal risk
35184372109201|1631156099168|MAC|false|1659760986075|Extreme risk
26388279086994|1620601365166|NFC|false|1622470943988|Extreme risk
61572651175827|1670405305192|IPv4|false|1672419345978|Minimal risk
26388279086996|1618650173178|POS|false|1645837778738|Significant risk
35184372109205|1635538476609|PHONE|false|1664512697694|High risk
52776558153622|1659017350906|POS|false|1661303597917|Moderate risk
30786325598103|1623879391234|POS|false|1668262958515|Extreme risk
57174604664728|1667376333878|MAC|false|1668593457332|Critical risk
13194139553689|1597553715761|RFID|false|1672236959893|Significant risk
13194139553690|1601843175984|QRCode|false|1657167257943|Extreme risk
39582418620315|1637180240105|NFC|false|1640154718597|Very high risk
26388279087004|1619487954470|PHONE|false|1655244424712|Very high risk
48378511642525|1655502462094|IPv6|false|1668588942248|Severe risk
52776558153630|1661031011409|MAC|false|1671726611817|Severe risk
30786325598111|1629439284827|IPv4|false|1666961837391|Critical risk
35184372109216|1631941538882|WIFI|false|1641619747075|High risk
26388279087009|1618362577127|PHONE|false|1636775334592|Extreme risk
39582418620322|1639491151889|IPv4|false|1668283921648|Extreme risk
30786325598115|1625565281621|MAC|false|1630486603577|Critical risk
4398046531492|1588743711846|RFID|false|1606012808856|Extreme risk
17592186064805|1604783995736|RFID|false|1623700789036|Minimal risk
43980465131430|1643581657150|ATM|false|1649239106240|Critical risk
17592186064807|1604759293382|ATM|false|1647803915388|Critical risk
52776558153640|1661522908047|QRCode|false|1670144151665|Critical risk
52776558153641|1659419250538|PHONE|false|1660115004754|Low risk
52776558153642|1658383896382|PHONE|false|1665295164414|Extreme risk
48378511642539|1651776293975|ATM|false|1662955060525|Low risk
52776558153644|1662538041507|POS|false|1665535023451|Significant risk
8796093042605|1592369538293|NFC|false|1656596292221|Very high risk
21990232575918|1613211254134|WIFI|false|1670717856039|Extreme risk
17592186064815|1607513480379|IPv4|false|1650859111997|High risk
20400|1578501982935|MAC|false|1641418538237|Low risk
52776558153649|1658048847138|RFID|false|1661150921776|Severe risk
30786325598130|1625135215363|MAC|true|1643900100699|Minimal risk
57174604664755|1663850083648|IPv6|false|1666980094103|Minimal risk
48378511642548|1652137348547|PHONE|false|1655288467637|Low risk
13194139553717|1601196138952|QRCode|false|1613095897598|Critical risk
21990232575926|1615698635527|IPv4|false|1656951388533|Very high risk
4398046531511|1585872860549|IPv6|false|1656665166566|Moderate risk
39582418620344|1639093808001|QRCode|false|1645281496444|Low risk
13194139553721|1602814685383|IPv4|false|1641272413818|High risk
4398046531514|1586753348747|IPv4|false|1626875402644|High risk
30786325598139|1623799862910|POS|false|1661194718874|Significant risk
26388279087036|1622963740216|WIFI|false|1643805182516|Extreme risk
13194139553725|1598998693205|WIFI|false|1641460973730|Minimal risk
13194139553726|1602816865545|ATM|false|1630088017268|Critical risk
20415|1580210794738|NFC|false|1658388855125|Moderate risk
43980465131456|1645891183171|WIFI|false|1659858729699|Minimal risk
43980465131457|1645963644535|MAC|false|1663250044609|Critical risk
30786325598146|1629737498762|QRCode|false|1641931366836|Critical risk
4398046531523|1587788273578|IPv4|false|1610563540623|Severe risk
39582418620356|1641058296141|ATM|false|1645247371124|Low risk
13194139553733|1602139470755|WIFI|false|1661311059038|Severe risk
48378511642566|1656234791680|PHONE|false|1668415005559|Moderate risk
52776558153671|1656682921317|NFC|false|1659857232357|Severe risk
4398046531528|1585050004255|PHONE|false|1613360439719|Minimal risk
57174604664777|1668933916369|NFC|false|1671977340490|Minimal risk
8796093042634|1597265524032|QRCode|false|1640460071624|Significant risk
4398046531531|1589380677513|WIFI|false|1633862548444|Severe risk
26388279087052|1619515585000|IPv4|false|1644699238790|Low risk
13194139553741|1598095364643|ATM|false|1622282590517|High risk
52776558153678|1660458356813|QRCode|false|1662452967091|Very high risk
20431|1578969884939|WIFI|false|1634981720851|Severe risk
17592186064848|1607555232168|POS|false|1659448784210|High risk
39582418620369|1638853438253|ATM|false|1653283159950|Critical risk
52776558153682|1656787515425|NFC|false|1665036429167|Severe risk
30786325598163|1628087017880|WIFI|false|1658847079141|Low risk
48378511642580|1652914524328|PHONE|false|1671852169256|Low risk
35184372109269|1634729589381|PHONE|false|1649392973752|Moderate risk
30786325598166|1623657527399|RFID|false|1664086030531|Moderate risk
57174604664791|1668560802873|ATM|false|1669641977982|Severe risk
52776558153688|1659734940517|NFC|false|1662281017411|Moderate risk
48378511642585|1655576533419|IPv4|false|1656323246380|Low risk
21990232575962|1614403961528|WIFI|false|1630048592672|Low risk
21990232575963|1615602147098|WIFI|false|1615992434458|Moderate risk
39582418620380|1641639520000|QRCode|true|1670172236602|Moderate risk
48378511642589|1650592923731|WIFI|false|1656719575909|Low risk
8796093042654|1596232754962|POS|false|1661223136001|Very high risk
8796093042655|1592908931828|QRCode|false|1664254753846|Extreme risk
52776558153696|1660029987448|NFC|false|1666967599051|Very high risk
48378511642593|1654118230968|QRCode|false|1661769036935|Significant risk
35184372109282|1630800785201|QRCode|false|1633686007420|Significant risk
30786325598179|1629300116372|QRCode|false|1635853734771|Minimal risk
4398046531556|1588408137613|ATM|false|1614100761482|Minimal risk
8796093042661|1591117194167|NFC|false|1654196904511|Significant risk
20454|1581064467306|NFC|false|1670479908486|High risk
17592186064871|1609405460680|MAC|false|1643784453857|Minimal risk
30786325598184|1627589986048|NFC|false|1669815154391|Moderate risk
13194139553769|1603268979460|QRCode|false|1656205216684|Significant risk
26388279087082|1619606354112|MAC|false|1671188527835|Minimal risk
21990232575979|1615184344565|ATM|false|1643382549001|Critical risk
17592186064876|1605635234543|RFID|false|1622908925156|Critical risk
26388279087085|1621682101012|ATM|false|1623912859732|Severe risk
57174604664814|1663673883381|IPv4|true|1670037956331|Critical risk
35184372109295|1631434113884|PHONE|false|1641071974978|Minimal risk
57174604664816|1665411877527|IPv6|false|1670519046547|Minimal risk
43980465131505|1644430064022|WIFI|false|1660226050930|Very high risk
48378511642610|1651512388327|ATM|false|1651771659712|Critical risk
13194139553779|1600057143685|IPv4|false|1606311917337|Severe risk
39582418620404|1642881062065|PHONE|false|1672368279593|Significant risk
17592186064885|1609349281161|PHONE|false|1641249031679|Severe risk
57174604664822|1667253072916|RFID|false|1668044920340|Critical risk
48378511642615|1650161278990|WIFI|false|1669599386092|Minimal risk
30786325598200|1629716606179|RFID|false|1651279440333|Low risk
39582418620409|1638383596361|QRCode|false|1655159701847|High risk
39582418620410|1639315030475|PHONE|true|1645118985896|High risk
13194139553787|1602457713803|MAC|false|1626542888742|Critical risk
35184372109308|1630165193630|MAC|false|1665326392296|Very high risk
30786325598205|1625479915753|POS|false|1657123406317|Moderate risk
48378511642622|1649778127242|POS|false|1666528267492|Severe risk
61572651175935|1671809155051|NFC|false|1672279806768|High risk
57174604664832|1666654612367|POS|false|1671391691344|Moderate risk
13194139553793|1599967016558|NFC|false|1653833624703|Severe risk
35184372109314|1632926807913|WIFI|false|1662618575812|Moderate risk
8796093042691|1591924102311|POS|false|1634109247319|Minimal risk
26388279087108|1620269033128|NFC|false|1645581667936|Moderate risk
43980465131525|1646738595722|NFC|false|1653202954483|Critical risk
43980465131526|1648566572992|IPv4|false|1669129225389|Minimal risk
30786325598215|1626498596515|WIFI|false|1639743783579|Extreme risk
13194139553800|1601494810748|PHONE|false|1642130625024|Moderate risk
4398046531593|1588769178140|POS|false|1591121374210|Significant risk
21990232576010|1615029361571|QRCode|false|1659608269513|Low risk
4398046531595|1585725041046|MAC|false|1631307714330|Low risk
35184372109324|1631517567009|NFC|false|1672247268674|Severe risk
8796093042701|1591186099289|RFID|false|1670465101657|Low risk
52776558153742|1658062509924|RFID|false|1671859333814|Moderate risk
35184372109327|1633727603737|MAC|false|1654438407984|Minimal risk
39582418620432|1639762193281|RFID|false|1643478863083|High risk
35184372109329|1636221116501|MAC|false|1670460874934|Moderate risk
17592186064914|1605598474438|NFC|false|1649400479245|Extreme risk
26388279087123|1617103541369|RFID|false|1653573098952|Minimal risk
20500|1579065472463|RFID|false|1656317246981|Minimal risk
26388279087125|1618810235945|ATM|false|1670243006651|Low risk
26388279087126|1619279377040|RFID|false|1642115644486|Critical risk
21990232576023|1612808911404|RFID|false|1667748317920|Very high risk
48378511642648|1655270717885|IPv6|false|1657558632340|Moderate risk
48378511642649|1650267430726|IPv6|false|1662437048742|Very high risk
20506|1581484853915|POS|false|1601109266882|Moderate risk
21990232576027|1616830958618|MAC|false|1635151263933|Extreme risk
21990232576028|1611691874442|PHONE|false|1615661012341|Low risk
17592186064925|1607879024383|POS|false|1642975540566|Significant risk
13194139553822|1601781454341|ATM|false|1654926360139|Very high risk
26388279087135|1617623795688|NFC|false|1656319599683|High risk
57174604664864|1666558220174|IPv4|false|1671463134383|Moderate risk
39582418620449|1641255333042|NFC|false|1650646926724|Severe risk
8796093042722|1593157417200|RFID|false|1652937882430|Moderate risk
48378511642659|1652321417999|PHONE|false|1669375182584|Low risk
4398046531620|1584976874318|IPv6|false|1648761998423|Moderate risk
20517|1583006107437|POS|false|1665387537347|Minimal risk
30786325598246|1625203596640|MAC|false|1643376692104|Significant risk
43980465131559|1647279605732|IPv4|false|1656920659750|Very high risk
20520|1581572411242|WIFI|false|1604810566263|Minimal risk
8796093042729|1594713713573|ATM|false|1651959436956|Minimal risk
35184372109354|1632139744544|IPv6|false|1665843466938|High risk
57174604664875|1666508523936|RFID|false|1671096121760|Extreme risk
43980465131564|1645016108395|PHONE|false|1661635485800|High risk
20525|1580187928624|IPv6|false|1580557577101|Significant risk
35184372109358|1632620670794|RFID|false|1651527879835|Moderate risk
13194139553839|1601820111352|POS|true|1623330116342|Extreme risk
30786325598256|1628434696826|ATM|false|1653112779025|Low risk
57174604664881|1666089679563|QRCode|false|1669208381434|Significant risk
20530|1583899207894|IPv4|false|1664250876225|Severe risk
4398046531635|1586859018831|IPv4|false|1629133454303|Severe risk
52776558153780|1659255287987|RFID|false|1661591619777|Very high risk
35184372109365|1635716917622|IPv4|false|1647974641077|Minimal risk
20534|1583585468253|RFID|false|1623521528880|High risk
13194139553847|1602339353534|MAC|false|1619410099286|Severe risk
13194139553848|1599478094210|RFID|false|1640444278063|Severe risk
8796093042745|1596990099123|QRCode|false|1638267847377|Critical risk
30786325598266|1624621896923|ATM|false|1672060719840|Minimal risk
52776558153787|1656933318193|PHONE|false|1658286427388|Minimal risk
21990232576060|1610642572928|POS|false|1641586456164|Very high risk
52776558153789|1662604652306|POS|false|1672450755725|Severe risk
52776558153790|1658327308567|NFC|false|1671704947354|Low risk
8796093042751|1592801745330|IPv6|false|1668335357363|Critical risk
17592186064960|1604760347628|MAC|false|1666277960676|Very high risk
4398046531649|1590453226282|MAC|false|1666802218651|Moderate risk
43980465131586|1644786402681|ATM|false|1672356402002|High risk
35184372109379|1635549211375|PHONE|false|1649923517526|Very high risk
8796093042756|1591277506957|IPv6|false|1601151338195|Low risk
57174604664901|1664683241154|POS|false|1671044515344|Very high risk
39582418620486|1641333281046|POS|false|1662914255113|Severe risk
30786325598279|1626599041292|RFID|false|1627456169874|Very high risk
52776558153800|1657346160172|POS|false|1670655605678|Significant risk
13194139553865|1603562724005|NFC|false|1606045802716|Extreme risk
26388279087178|1620427199929|IPv6|false|1643055938796|Severe risk
17592186064971|1604137828763|IPv6|false|1605981260206|Low risk
57174604664908|1665213615513|WIFI|false|1668040209630|High risk
30786325598285|1625894057653|ATM|false|1641905624370|Severe risk
17592186064974|1606428439694|WIFI|false|1629047664379|Very high risk
21990232576079|1613105373145|MAC|false|1653031180277|Significant risk
13194139553872|1602879618244|POS|false|1626197478910|Minimal risk
30786325598289|1626359588064|POS|false|1645719666062|Critical risk
52776558153810|1657042293321|NFC|false|1666337622258|Very high risk
48378511642707|1654279379483|WIFI|false|1670735083572|Significant risk
17592186064980|1609662142877|IPv6|false|1656175298058|Severe risk
57174604664917|1666973706519|WIFI|false|1669105101566|Minimal risk
13194139553878|1598507985029|MAC|false|1619964731054|Moderate risk
8796093042775|1595830571965|MAC|false|1610698892824|Moderate risk
13194139553880|1603919935753|QRCode|false|1644308615512|Extreme risk
52776558153817|1657210641144|ATM|false|1669591544386|Moderate risk
8796093042778|1591106259320|IPv6|false|1626870612362|Moderate risk
35184372109403|1633550145651|ATM|false|1638553582546|Minimal risk
17592186064988|1609156460961|NFC|false|1663929678352|Very high risk
57174604664925|1665004752640|POS|false|1665129032706|High risk
30786325598302|1629135426213|QRCode|false|1672403860570|Minimal risk
57174604664927|1668863315990|POS|false|1669483156261|Severe risk
21990232576096|1613993587729|IPv4|false|1618885320017|Extreme risk
30786325598305|1623576338887|PHONE|false|1648295382603|Severe risk
57174604664930|1667628151146|ATM|false|1671110481109|Extreme risk
20579|1583319463330|PHONE|false|1639097762211|Low risk
8796093042788|1591911818904|PHONE|false|1652322925571|Low risk
39582418620517|1638249065032|MAC|false|1654198925063|Very high risk
26388279087206|1622394922544|ATM|false|1643803184442|Extreme risk
17592186064999|1608913196999|IPv6|false|1658988098579|Very high risk
21990232576104|1614293555626|NFC|false|1624929271765|Extreme risk
21990232576105|1615488566424|PHONE|false|1646968941376|Minimal risk
61572651176042|1669313799325|NFC|false|1669892893290|Critical risk
35184372109419|1631920947303|NFC|false|1663739595326|Minimal risk
48378511642732|1656008749556|IPv4|false|1656769170840|Moderate risk
57174604664941|1665606527204|NFC|false|1667214995441|Very high risk
35184372109422|1633920592788|ATM|false|1653707904781|Significant risk
43980465131631|1649655999957|RFID|false|1667967631147|Low risk
57174604664944|1663492375860|NFC|false|1667965015457|Severe risk
8796093042801|1591695509937|RFID|false|1614980197406|High risk
20594|1578229577276|RFID|false|1663407478805|High risk
43980465131635|1645406303220|IPv6|false|1670218871916|Extreme risk
17592186065012|1606065243635|MAC|false|1626007066973|Very high risk
43980465131637|1648825772550|IPv6|false|1655750220383|Severe risk
43980465131638|1648060638669|WIFI|false|1668077328403|Extreme risk
4398046531703|1587512113531|NFC|false|1667958510202|Critical risk
8796093042808|1592364503257|RFID|false|1630498889211|Severe risk
35184372109433|1635992340382|RFID|false|1642493775936|Low risk
57174604664954|1666346355315|PHONE|false|1671725207064|Critical risk
30786325598331|1624624390586|IPv4|false|1644512343237|Minimal risk
26388279087228|1621901158952|RFID|false|1668117500837|High risk
30786325598333|1628044875711|IPv4|true|1643073431398|Low risk
17592186065022|1607529396933|IPv4|false|1659876313439|Very high risk
4398046531711|1586797528790|QRCode|false|1663983898151|Critical risk
26388279087232|1619003056280|WIFI|false|1633624070607|Significant risk
8796093042817|1592264386138|IPv6|false|1595451357692|Low risk
39582418620546|1639515140037|IPv6|false|1657780018164|High risk
4398046531715|1588376272389|NFC|false|1658945583698|Minimal risk
48378511642756|1653735204423|IPv4|false|1671177223515|Severe risk
4398046531717|1585719870520|IPv4|false|1614882658491|Very high risk
8796093042822|1596018819199|PHONE|false|1623788724600|Significant risk
39582418620551|1636641390984|PHONE|false|1639517815660|Extreme risk
4398046531720|1585702490266|WIFI|true|1589282688245|Significant risk
20617|1581886278805|PHONE|false|1586643300043|Significant risk
17592186065034|1608014669544|NFC|false|1617624940240|Significant risk
13194139553931|1599958504236|POS|false|1623173356903|Moderate risk
21990232576140|1612765154268|MAC|false|1671953938286|Moderate risk
8796093042829|1591560627580|POS|false|1663881855447|Significant risk
43980465131662|1644442497545|ATM|false|1658749305249|Significant risk
48378511642767|1654540741221|NFC|false|1670038421841|High risk
48378511642768|1655749856387|PHONE|false|1659010074426|Severe risk
21990232576145|1616490220175|IPv4|false|1626089665612|Low risk
26388279087250|1620043325673|NFC|false|1648013451413|Critical risk
61572651176083|1671136620689|QRCode|false|1671192021422|Very high risk
17592186065044|1608823644098|RFID|false|1613664243510|Minimal risk
43980465131669|1649656757170|WIFI|false|1653989545486|Severe risk
13194139553942|1602102896250|ATM|false|1632404600072|Critical risk
13194139553943|1603653584031|IPv4|false|1605457942563|Severe risk
48378511642776|1650376990434|WIFI|false|1657560152309|High risk
57174604664985|1667705217194|QRCode|false|1671704904296|Minimal risk
35184372109466|1631698789252|MAC|false|1641062994390|Critical risk
4398046531739|1585347470955|NFC|false|1643959018684|Significant risk
17592186065052|1605169802191|RFID|false|1661758774535|Critical risk
20637|1579593868392|QRCode|false|1624234831101|Low risk
35184372109470|1632440532319|MAC|false|1642872381558|Moderate risk
20639|1582771377606|MAC|false|1628384893749|Moderate risk
30786325598368|1627380274325|POS|false|1661416636227|High risk
4398046531745|1590560423791|IPv4|true|1594859527897|Critical risk
35184372109474|1632691393188|POS|false|1669405669179|Moderate risk
48378511642787|1652546718565|QRCode|false|1652695494245|Moderate risk
4398046531748|1588649847192|RFID|false|1645765665166|Significant risk
57174604664997|1665811662255|PHONE|false|1668660636306|Moderate risk
43980465131686|1644031774392|NFC|false|1651682130545|Significant risk
4398046531751|1587502439662|IPv6|false|1651453913752|Extreme risk
8796093042856|1591868325029|IPv6|false|1668350828362|Severe risk
43980465131689|1646640870941|POS|false|1656386346963|Severe risk
61572651176106|1670710657965|ATM|false|1671239423497|Moderate risk
43980465131691|1644015424266|ATM|false|1649399444047|High risk
20652|1577939725982|MAC|false|1659977222803|Significant risk
21990232576173|1613519371975|RFID|true|1656892937091|Severe risk
4398046531758|1589562779375|WIFI|false|1619368139902|Severe risk
21990232576175|1611815355132|MAC|false|1627192087067|Severe risk
52776558153904|1662269881311|NFC|false|1664911484425|Minimal risk
48378511642801|1650619879395|MAC|false|1654489268287|Significant risk
35184372109490|1635732501572|POS|false|1643705795530|Very high risk
26388279087283|1618332386500|QRCode|false|1632356366003|Very high risk
57174604665012|1668506123684|POS|false|1669823006669|Low risk
26388279087285|1622988037355|PHONE|false|1668588410269|Minimal risk
48378511642806|1653654252626|ATM|false|1654541871374|Significant risk
43980465131703|1646432323077|RFID|false|1648871214217|High risk
61572651176120|1671047798547|ATM|false|1672105999214|Low risk
21990232576185|1616880483726|MAC|false|1634029099018|Significant risk
35184372109498|1636172221851|WIFI|false|1659122190429|Significant risk
48378511642811|1650090141077|ATM|false|1671458328298|Minimal risk
20668|1579040517420|RFID|false|1667409927746|Moderate risk
48378511642813|1652771930046|NFC|true|1654768117399|Moderate risk
52776558153918|1658168539049|ATM|true|1662710385450|Extreme risk
30786325598399|1627707912812|POS|false|1651927738372|Low risk
57174604665024|1665293036828|WIFI|false|1671461359728|Critical risk
13194139553985|1598419731766|POS|false|1611327817490|Low risk
43980465131714|1644490775014|POS|false|1659900711469|Low risk
57174604665027|1663159747337|NFC|false|1671878237630|Critical risk
48378511642820|1649848990962|ATM|false|1660435979949|Very high risk
8796093042885|1594693018683|IPv6|false|1608089152386|Significant risk
8796093042886|1594052945720|WIFI|false|1596106917933|High risk
13194139553991|1603691126402|ATM|false|1605482738755|Critical risk
61572651176136|1671130971655|RFID|false|1672232468625|Significant risk
48378511642825|1653512981754|IPv4|false|1665009367307|Extreme risk
61572651176138|1670284216581|MAC|true|1670452431337|Very high risk
43980465131723|1647039020768|PHONE|false|1669873860670|Very high risk
4398046531788|1585690092488|POS|false|1616597723600|Extreme risk
13194139553997|1603403170230|MAC|true|1659223952140|Significant risk
21990232576206|1614059597072|RFID|false|1659145707294|Critical risk
48378511642831|1650187094687|RFID|false|1651785527304|Moderate risk
57174604665040|1666294689156|POS|false|1672529266638|Severe risk
57174604665041|1668261700065|NFC|false|1669002463142|Extreme risk
52776558153938|1659283033441|QRCode|false|1664646393998|Significant risk
21990232576211|1611548555608|IPv6|false|1628652938146|Minimal risk
8796093042900|1592333860351|NFC|false|1608826611461|Minimal risk
52776558153941|1657623609676|POS|false|1658532065931|Low risk
43980465131734|1643549305619|NFC|false|1653848175193|Severe risk
52776558153943|1661474683519|POS|false|1672239485389|High risk
8796093042904|1592560811360|RFID|false|1639152224609|Critical risk
39582418620633|1639071430323|IPv6|false|1667040458607|Significant risk
57174604665050|1666083260775|IPv6|false|1666908362203|Moderate risk
17592186065115|1605757383988|QRCode|false|1635673859442|Extreme risk
20700|1583820702578|MAC|false|1632363753774|High risk
35184372109533|1631805898460|QRCode|false|1654956756414|Extreme risk
39582418620638|1642510196630|WIFI|false|1651347747570|Minimal risk
39582418620639|1637481908452|IPv4|false|1648703149880|Critical risk
39582418620640|1642194492996|PHONE|false|1669202441818|Extreme risk
26388279087329|1622364278421|WIFI|false|1622831364625|Extreme risk
39582418620642|1641077651181|MAC|false|1651893793647|Low risk
20707|1582527439853|MAC|false|1636647050845|Significant risk
39582418620644|1641930016222|QRCode|false|1646724085552|High risk
57174604665061|1665521969966|IPv4|false|1669768909676|High risk
4398046531814|1587012939405|RFID|false|1587084734680|Critical risk
13194139554023|1597784284659|IPv4|false|1646424036610|Critical risk
48378511642856|1655807955808|NFC|false|1669788581822|Extreme risk
30786325598441|1624142173651|MAC|false|1647495130246|Significant risk
21990232576234|1616144863819|POS|false|1638317547336|Very high risk
61572651176171|1671294657972|WIFI|false|1672330158365|Low risk
35184372109548|1630155685198|QRCode|false|1638899374165|Minimal risk
13194139554029|1599925908590|RFID|false|1636615250585|Significant risk
4398046531822|1587719717206|ATM|false|1635797412905|Minimal risk
13194139554031|1602186382792|POS|false|1660472689354|Significant risk
26388279087344|1617625606801|PHONE|false|1634032661496|Severe risk
35184372109553|1630996432827|MAC|false|1663348621496|Severe risk
20722|1582217696461|POS|false|1603181742025|Moderate risk
43980465131763|1646184651586|NFC|false|1647263671132|Minimal risk
20724|1581240705314|QRCode|false|1659623347592|Critical risk
4398046531829|1588607766271|MAC|false|1604073649392|Low risk
39582418620662|1639793632960|IPv4|false|1649684602812|Extreme risk
30786325598455|1623765295701|NFC|false|1669632628245|High risk
52776558153976|1659435270421|WIFI|false|1664225552135|High risk
30786325598457|1629055102430|PHONE|false|1666103777619|Minimal risk
17592186065146|1606552317692|MAC|false|1655134312953|Very high risk
26388279087355|1619844067450|WIFI|false|1649197241278|Low risk
52776558153980|1660164889970|IPv4|false|1662017546520|Significant risk
52776558153981|1657890922020|NFC|false|1669484537282|Minimal risk
52776558153982|1658561634083|QRCode|false|1664678275270|High risk
21990232576255|1612094742462|WIFI|false|1659918422075|Minimal risk
26388279087360|1617983415657|IPv6|false|1638814989510|High risk
61572651176193|1670422009181|NFC|false|1670941022384|Significant risk
30786325598466|1624861175041|RFID|false|1647282124066|Critical risk
52776558153987|1661099891967|PHONE|false|1670657747438|Moderate risk
57174604665092|1664485914392|RFID|false|1666593436049|Severe risk
21990232576261|1613685279064|ATM|false|1656380115473|Critical risk
30786325598470|1626708072601|QRCode|false|1656827381642|Extreme risk
35184372109575|1634570067348|POS|false|1646267607365|Extreme risk
35184372109576|1634661903131|IPv4|false|1635814811557|Critical risk
8796093042953|1596862993362|QRCode|false|1604019279681|Significant risk
13194139554058|1598173081993|IPv4|false|1650711983557|Moderate risk
52776558153995|1656619829023|IPv6|false|1664418755961|Very high risk
52776558153996|1657412415892|ATM|false|1665421850364|Very high risk
20749|1579349414300|WIFI|false|1628000517079|Low risk
17592186065166|1607755195919|MAC|false|1631231209015|Significant risk
30786325598479|1628650472201|POS|true|1647217966615|Critical risk
21990232576272|1616925726811|RFID|false|1667875856303|Critical risk
57174604665105|1663973232013|RFID|false|1669043364192|Extreme risk
21990232576274|1611624781501|RFID|false|1656068572406|Moderate risk
30786325598483|1624087656415|IPv6|false|1646109421742|Critical risk
52776558154004|1659579858124|ATM|false|1669693198981|High risk
20757|1578800358457|IPv6|false|1614214881072|Very high risk
8796093042966|1593649263947|ATM|false|1659690412815|Significant risk
43980465131799|1647229954654|WIFI|false|1653519535108|Extreme risk
57174604665112|1665802852129|MAC|false|1668324306469|Significant risk
39582418620697|1639651567950|IPv4|false|1666453543345|Low risk
21990232576282|1610756295318|NFC|false|1654707890684|High risk
57174604665115|1666442632772|IPv6|false|1667626799777|Minimal risk
57174604665116|1663477440832|IPv6|false|1671233595269|Severe risk
35184372109597|1633004135057|PHONE|false|1644876658386|Significant risk
48378511642910|1651416597097|POS|false|1666570358166|Moderate risk
17592186065183|1609134074416|IPv6|false|1647966947570|Very high risk
26388279087392|1620366083704|QRCode|false|1645350775213|Significant risk
48378511642913|1656045311517|POS|false|1656322095941|High risk
35184372109602|1630888747599|MAC|false|1659660265648|Significant risk
35184372109603|1632655280917|IPv6|false|1638560232914|Extreme risk
43980465131812|1648343162359|POS|false|1658299725311|Moderate risk
4398046531877|1588988114699|IPv4|false|1601290060764|High risk
30786325598502|1626500255811|RFID|false|1646234646159|Extreme risk
20775|1578995625032|POS|false|1604298665365|Very high risk
4398046531880|1586792011540|IPv6|false|1626911611385|Extreme risk
20777|1583889045838|ATM|false|1653471631013|Low risk
13194139554090|1599643365720|MAC|false|1632102251820|Low risk
21990232576299|1615823837220|MAC|false|1663939042350|High risk
20780|1581100953819|POS|false|1612052317989|Very high risk
30786325598509|1628689144529|ATM|true|1631081367654|Minimal risk
20782|1577949645557|IPv4|true|1625042851372|Extreme risk
35184372109615|1635853538258|PHONE|false|1649062183766|Extreme risk
48378511642928|1650224176638|ATM|false|1651751421932|Minimal risk
8796093042993|1592887335628|IPv4|false|1647183502290|Very high risk
21990232576306|1615527577128|PHONE|false|1631892914566|Minimal risk
13194139554099|1602217270995|PHONE|false|1631406425716|Critical risk
13194139554100|1601976143498|ATM|false|1631431821896|Very high risk
4398046531893|1587792886107|RFID|false|1588608769275|Extreme risk
4398046531894|1587560158509|IPv6|false|1664598709937|Minimal risk
43980465131831|1644520083646|PHONE|false|1670140918159|Very high risk
39582418620728|1642774339492|IPv6|false|1655665499912|Low risk
52776558154041|1661355997669|QRCode|false|1664139201315|Severe risk
39582418620730|1640605262120|NFC|false|1642887712989|Moderate risk
39582418620731|1638785161404|NFC|false|1650808680334|Low risk
61572651176252|1670155197910|POS|false|1670241511073|Significant risk
8796093043005|1594335930726|IPv4|false|1639046636294|Severe risk
8796093043006|1597315933885|PHONE|false|1664139984007|Critical risk
43980465131839|1646212709529|WIFI|false|1659434468482|Extreme risk
20800|1580586149360|IPv4|false|1641977159235|Severe risk
17592186065217|1609786288755|ATM|false|1641677805986|Moderate risk
48378511642946|1652218704645|MAC|false|1671528714764|Moderate risk
39582418620739|1637662750714|MAC|false|1668142401467|Minimal risk
20804|1578333998792|IPv6|true|1585860348843|Critical risk
35184372109637|1636406923268|NFC|false|1672352167814|Critical risk
57174604665158|1669079265776|RFID|false|1671960895782|Significant risk
26388279087431|1620037978831|POS|false|1636185415008|Significant risk
17592186065224|1607365518225|IPv6|false|1618370066096|Critical risk
43980465131849|1646865085426|IPv6|false|1655387611717|Minimal risk
26388279087434|1617904117258|ATM|false|1653892442161|Significant risk
57174604665163|1664372266311|ATM|false|1665299011678|Minimal risk
17592186065228|1605811794686|RFID|false|1628236416048|Severe risk
57174604665165|1669121448843|NFC|false|1669996370684|Significant risk
57174604665166|1663727712934|RFID|false|1665652684937|Low risk
57174604665167|1663254345183|NFC|false|1665298796498|Severe risk
35184372109648|1631177205118|POS|false|1641434479909|Significant risk
39582418620753|1640964137210|MAC|false|1650997677766|Extreme risk
30786325598546|1628260237874|MAC|false|1644377212301|Very high risk
8796093043027|1591512797174|QRCode|false|1595292129652|Critical risk
39582418620756|1641407084278|QRCode|false|1641911952493|Low risk
26388279087445|1622053361970|ATM|false|1659659313364|Extreme risk
35184372109654|1633279276746|PHONE|false|1660589663593|Significant risk
20823|1578637220664|MAC|false|1649120164529|Severe risk
26388279087448|1622535899896|QRCode|false|1660558413685|Moderate risk
21990232576345|1615033133329|WIFI|false|1617438399408|Minimal risk
13194139554138|1599259120307|PHONE|false|1626496405307|Extreme risk
20827|1580153453176|ATM|false|1666371816537|Moderate risk
48378511642972|1649948580735|RFID|false|1655305826326|High risk
39582418620765|1638922838473|NFC|false|1659493292240|Severe risk
8796093043038|1591776263049|NFC|false|1655881106367|Minimal risk
30786325598559|1627081085574|NFC|false|1664980941313|High risk
61572651176288|1671605718499|MAC|false|1672267437302|Critical risk
35184372109665|1630562445523|MAC|false|1665067586311|Minimal risk
4398046531938|1588966595774|NFC|false|1606892127857|Extreme risk
48378511642979|1655208482343|POS|false|1664748703845|Significant risk
43980465131876|1645047900800|IPv6|false|1660541163327|Severe risk
20837|1579293502514|IPv6|false|1583230312324|Very high risk
30786325598566|1627037817307|POS|false|1665699121549|Minimal risk
4398046531943|1587221296492|POS|false|1659218253567|High risk
4398046531944|1588856383945|PHONE|false|1595967155579|Significant risk
26388279087465|1617315070713|MAC|false|1637771859617|Extreme risk
26388279087466|1619342312557|IPv4|true|1667985120300|Minimal risk
13194139554155|1600273052560|RFID|false|1645921564414|Low risk
30786325598572|1627199939877|PHONE|false|1670591150260|Very high risk
20845|1581842056022|ATM|false|1667397307043|Low risk
35184372109678|1634565359372|IPv6|false|1638579428842|Extreme risk
35184372109679|1632056718359|ATM|false|1647451213227|Extreme risk
52776558154096|1656391645330|MAC|false|1661155815644|Low risk
35184372109681|1634506466516|MAC|false|1671032714755|Very high risk
26388279087474|1621962064133|IPv6|false|1644845765892|Critical risk
57174604665203|1663516811660|RFID|false|1665360437314|Very high risk
8796093043060|1591152776153|WIFI|false|1650569860834|Significant risk
30786325598581|1629967189053|IPv6|false|1664578003039|High risk
4398046531958|1588363660106|IPv6|false|1598668896022|Low risk
43980465131895|1643536682676|RFID|false|1662254735703|Very high risk
21990232576376|1615507758984|NFC|false|1621519789619|Very high risk
48378511643001|1652368577218|IPv4|false|1672392663799|Moderate risk
20858|1582012286878|RFID|true|1648024359244|Critical risk
48378511643003|1654379504886|ATM|false|1668437489982|Minimal risk
35184372109692|1635468243141|NFC|false|1648544921686|Minimal risk
4398046531965|1587870799032|IPv4|false|1654262057050|Severe risk
20862|1582614648850|ATM|false|1665553997201|Extreme risk
61572651176319|1670190941815|POS|true|1671312700497|Low risk
30786325598592|1628321624260|RFID|false|1666549484526|Low risk
61572651176321|1671207152382|WIFI|false|1671320067632|High risk
13194139554178|1599802641185|RFID|false|1640121520216|High risk
26388279087491|1621456165747|POS|false|1649031476894|Minimal risk
52776558154116|1662701452479|NFC|true|1664769646477|Moderate risk
4398046531973|1589113481197|RFID|false|1597708200111|Significant risk
52776558154118|1659369846756|NFC|false|1666226545778|Minimal risk
21990232576391|1616529364587|ATM|false|1637028040421|Low risk
4398046531976|1588818370608|MAC|false|1618790030904|Minimal risk
13194139554185|1598319052182|ATM|false|1603091630573|Significant risk
21990232576394|1612716177548|IPv4|true|1639496886291|Very high risk
43980465131915|1643968964215|IPv6|false|1646334550653|Severe risk
13194139554188|1602717173199|WIFI|false|1648638403337|Significant risk
39582418620813|1641681338648|IPv4|false|1658511051539|High risk
48378511643022|1650489722741|WIFI|false|1667166330330|Moderate risk
8796093043087|1590915629668|WIFI|false|1671049122547|Extreme risk
26388279087504|1621561194738|WIFI|false|1658205357253|Minimal risk
48378511643025|1652531455040|MAC|false|1662409039475|Very high risk
4398046531986|1585828576772|WIFI|false|1610844323553|Severe risk
17592186065299|1607200437474|IPv4|false|1621990419705|Severe risk
13194139554196|1600224162731|ATM|true|1670368503109|Severe risk
17592186065301|1609940439757|IPv6|false|1642722573514|Very high risk
57174604665238|1664509504455|IPv4|false|1669163145889|Severe risk
21990232576407|1616155247173|RFID|false|1621664559676|Critical risk
21990232576408|1611176474891|RFID|false|1619147649466|Very high risk
30786325598617|1627744051070|WIFI|false|1655157504971|Moderate risk
20890|1582685565150|IPv4|false|1591427169639|Critical risk
57174604665243|1666547577956|NFC|false|1666548846569|High risk
35184372109724|1631282162189|IPv4|false|1632790444745|Very high risk
26388279087517|1621196036947|MAC|false|1666751056698|Low risk
13194139554206|1600118881065|PHONE|false|1615561528498|Critical risk
17592186065311|1608682995351|RFID|false|1666465030036|Critical risk
17592186065312|1606565699616|POS|false|1625288405200|High risk
35184372109729|1631776926336|POS|false|1664787042343|Moderate risk
30786325598626|1624873224101|QRCode|false|1648029887877|Significant risk
57174604665251|1666475479204|POS|false|1671956772159|Significant risk
43980465131940|1647014626510|MAC|false|1669852157029|Extreme risk
39582418620837|1642525596292|NFC|true|1662756624222|High risk
8796093043110|1595309573271|PHONE|false|1659894975603|Critical risk
17592186065319|1608964472353|ATM|false|1614024398663|Critical risk
48378511643048|1653165302282|MAC|false|1669212721946|High risk
39582418620841|1637614046100|MAC|false|1638652465768|Significant risk
48378511643050|1651467064780|QRCode|false|1663277301909|High risk
8796093043115|1592098878517|IPv6|true|1665997535662|Significant risk
52776558154156|1661934729521|IPv4|false|1666756291551|Moderate risk
43980465131949|1648671590745|IPv4|false|1656142202621|Severe risk
48378511643054|1651836608074|IPv4|false|1666650828856|Moderate risk
17592186065327|1606539260599|ATM|false|1616552866151|High risk
26388279087536|1618831492869|QRCode|false|1633245685662|Extreme risk
52776558154161|1658442623040|POS|false|1668461094210|Minimal risk
30786325598642|1629036186452|PHONE|false|1642696752359|Extreme risk
48378511643059|1651100628442|IPv4|false|1671098298667|Minimal risk
17592186065332|1606743316609|WIFI|false|1607224640895|High risk
43980465131957|1647482331141|PHONE|false|1648323447444|Very high risk
35184372109750|1633839227850|MAC|false|1669867736823|Severe risk
48378511643063|1652528427008|IPv6|false|1672471876584|Critical risk
13194139554232|1602600811423|IPv4|false|1605605318531|Severe risk
35184372109753|1635424676487|MAC|true|1641554418405|Very high risk
13194139554234|1602469223683|QRCode|false|1657787719830|Very high risk
43980465131963|1649008274901|ATM|false|1662323945733|Minimal risk
39582418620860|1641380707678|IPv4|false|1652811730580|Critical risk
21990232576445|1610617939101|RFID|false|1640716414491|Critical risk
35184372109758|1632113742496|POS|false|1636625434849|High risk
48378511643071|1650381016398|ATM|false|1661806243011|Significant risk
43980465131968|1645362655921|MAC|false|1665981970104|Significant risk
57174604665281|1665921103224|POS|false|1669255875083|Low risk
8796093043138|1595256759559|QRCode|false|1638176846048|Low risk
26388279087555|1617188964836|IPv4|false|1646934171852|High risk
52776558154180|1659205456235|ATM|false|1669173532877|Very high risk
57174604665285|1664995357846|NFC|false|1671225640156|Significant risk
57174604665286|1667565791434|NFC|false|1671752990065|Low risk
52776558154183|1659723873299|ATM|false|1670184881863|Minimal risk
57174604665288|1663124950541|IPv6|false|1670603814522|Severe risk
21990232576457|1613757304535|IPv4|false|1643615748391|Minimal risk
61572651176394|1670316123358|PHONE|false|1670919023643|Minimal risk
17592186065355|1604737447757|IPv4|false|1608267191322|Very high risk
61572651176396|1672373177868|RFID|false|1672486559203|Significant risk
13194139554253|1598398308596|MAC|false|1655463757469|Low risk
30786325598670|1624931150320|IPv4|false|1656147093973|Significant risk
20943|1583270286884|IPv4|false|1625378476246|Very high risk
13194139554256|1600283593691|RFID|false|1654771804456|High risk
30786325598673|1628847540125|IPv6|false|1631050914958|Low risk
35184372109778|1633868475993|ATM|false|1648912052694|High risk
13194139554259|1599326232884|PHONE|false|1663738743432|Minimal risk
57174604665300|1667246901040|ATM|false|1671611365596|High risk
8796093043157|1597183690657|WIFI|true|1624539863365|High risk
57174604665302|1668666959833|IPv4|false|1671564420294|Low risk
8796093043159|1592470944186|PHONE|false|1645087716135|Very high risk
35184372109784|1634591218641|IPv4|false|1652966756858|Moderate risk
26388279087577|1623475857121|MAC|false|1671264025045|Very high risk
8796093043162|1593050865693|PHONE|false|1613299384920|High risk
26388279087579|1618816623215|NFC|false|1622905071376|Moderate risk
30786325598684|1625620910608|IPv4|true|1661395156171|Low risk
21990232576477|1612358326532|WIFI|false|1641800476904|Critical risk
26388279087582|1617395292361|PHONE|true|1665615879750|Very high risk
39582418620895|1641043499689|PHONE|false|1648920204906|Significant risk
30786325598688|1626333557591|POS|false|1656010665381|Extreme risk
52776558154209|1658675513292|WIFI|false|1666064827007|Very high risk
57174604665314|1666093163556|RFID|false|1667232352621|Low risk
52776558154211|1660325298814|MAC|false|1666811202861|Critical risk
20964|1578963915140|IPv6|false|1591395836925|Moderate risk
13194139554277|1603387932529|MAC|false|1627394594107|Low risk
52776558154214|1659424928989|ATM|false|1659638391242|Severe risk
52776558154215|1658800272573|IPv6|true|1661456593500|Significant risk
4398046532072|1584644114519|WIFI|false|1586585797613|Severe risk
26388279087593|1619435192775|MAC|false|1661290323904|Very high risk
30786325598698|1629617781926|PHONE|false|1638926726471|Moderate risk
8796093043179|1595892384047|MAC|false|1656760648487|Severe risk
4398046532076|1586561087942|POS|false|1604196592329|Significant risk
26388279087597|1618469857803|RFID|false|1641007851328|Significant risk
17592186065390|1607358897195|ATM|false|1659964501500|Significant risk
20975|1579812746545|MAC|false|1644537479888|Extreme risk
35184372109808|1633257438355|WIFI|false|1637949346554|Minimal risk
21990232576497|1611354715805|POS|false|1646851337413|High risk
8796093043186|1595376873229|IPv6|false|1653501504603|Moderate risk
13194139554291|1601042475994|PHONE|false|1662306358433|Extreme risk
43980465132020|1646802458763|MAC|true|1652603916351|Low risk
39582418620917|1640618641990|MAC|false|1661774848501|Extreme risk
8796093043190|1595132804272|IPv4|true|1658252293589|High risk
21990232576503|1613652401169|IPv4|false|1619422936338|Minimal risk
8796093043192|1591479705331|IPv4|false|1644841383990|Critical risk
13194139554297|1599520142866|MAC|false|1669886734706|Significant risk
21990232576506|1612805711507|QRCode|false|1618834497165|Low risk
39582418620923|1642926939848|RFID|false|1667984283595|Extreme risk
57174604665340|1669233148925|POS|false|1669718754819|Severe risk
30786325598717|1626059129433|POS|false|1671566412346|Severe risk
48378511643134|1652227533093|POS|false|1654799523435|Critical risk
20991|1582316147517|WIFI|true|1620616252803|Very high risk
35184372109824|1635550491486|NFC|false|1637348810225|Extreme risk
20993|1580179357112|PHONE|false|1601186230063|Very high risk
26388279087618|1621137340885|POS|false|1658088024607|Significant risk
17592186065411|1608630173217|IPv4|false|1660437768498|Moderate risk
52776558154244|1658654578344|QRCode|false|1670773833217|Significant risk
21990232576517|1616929017656|QRCode|false|1624132586619|Critical risk
4398046532102|1590638133131|RFID|false|1662332663496|Significant risk
20999|1578116694929|NFC|false|1579654251686|Critical risk
43980465132040|1646772878745|NFC|false|1672520056500|High risk
21990232576521|1610890467101|WIFI|false|1665160107447|Moderate risk
4398046532106|1588692415082|WIFI|false|1655338485248|Extreme risk
8796093043211|1594619331732|RFID|false|1598066338104|Low risk
26388279087628|1623378513926|NFC|false|1641035259157|Extreme risk
43980465132045|1644577554807|POS|false|1663799649794|Significant risk
26388279087630|1622216076871|QRCode|false|1654408063695|Severe risk
21007|1581466118179|QRCode|false|1648056123085|High risk
21990232576528|1611182532513|ATM|false|1657898362442|Significant risk
21990232576529|1616655265015|POS|false|1629749654577|Critical risk
17592186065426|1605937322788|MAC|false|1621809287298|Significant risk
26388279087635|1617907431288|NFC|false|1652914609535|Very high risk
8796093043220|1595659081436|POS|false|1608996830665|Very high risk
39582418620949|1636892672916|RFID|false|1662937988461|Very high risk
8796093043222|1590926718063|QRCode|false|1660780060299|Significant risk
21015|1583624959608|MAC|true|1634960065692|Very high risk
61572651176472|1671424109010|WIFI|false|1672218762851|Extreme risk
61572651176473|1670778908516|IPv4|false|1671584457277|Minimal risk
30786325598746|1627882863031|PHONE|false|1644400231151|Critical risk
39582418620955|1642978108737|NFC|false|1649435948345|Moderate risk
17592186065436|1607835022323|IPv6|false|1631433068915|Minimal risk
52776558154269|1661456865320|ATM|false|1664678973575|Extreme risk
48378511643166|1652346290200|RFID|false|1665782445594|Critical risk
17592186065439|1605191534791|PHONE|false|1660973731683|Critical risk
8796093043232|1591509652174|NFC|false|1615853611589|Extreme risk
21025|1578982483270|WIFI|false|1601899651248|Very high risk
30786325598754|1626707846514|POS|false|1665266070460|High risk
21990232576547|1611166761301|QRCode|false|1611469161802|Low risk
4398046532132|1586082519722|RFID|false|1649306305377|Low risk
30786325598757|1628978512746|QRCode|false|1664548817163|Critical risk
61572651176486|1669426740227|QRCode|false|1672079527374|Critical risk
8796093043239|1592946160089|IPv6|false|1667765763478|Significant risk
8796093043240|1596778506602|WIFI|false|1630977981166|Minimal risk
43980465132073|1649189544450|QRCode|false|1659409995954|Moderate risk
21990232576554|1613443829890|ATM|false|1647180408132|Severe risk
52776558154283|1656338333106|PHONE|false|1668112244092|Extreme risk
26388279087660|1620824464530|RFID|false|1664388055827|Extreme risk
8796093043245|1593701337479|WIFI|false|1605610013422|Significant risk
35184372109870|1636033482951|IPv6|false|1664985083164|Moderate risk
21039|1580116196765|POS|false|1657346506580|Extreme risk
48378511643184|1650943022581|RFID|false|1653160582275|Severe risk
30786325598769|1628972579624|MAC|false|1641931595481|Moderate risk
21042|1579397361058|IPv6|false|1647310429491|Minimal risk
21043|1578042893811|PHONE|false|1672083832784|Moderate risk
21044|1581405280825|RFID|false|1618587186472|Moderate risk
35184372109877|1633197113382|NFC|false|1663790879919|Critical risk
21046|1580964384558|POS|false|1630453868212|Significant risk
57174604665399|1666551822231|RFID|false|1668787465259|Very high risk
48378511643192|1653358780385|IPv4|false|1660978976649|Very high risk
35184372109881|1634315635594|NFC|false|1643350268881|Critical risk
26388279087674|1621048391150|POS|false|1624230034253|Critical risk
13194139554363|1602530060101|MAC|false|1611136954294|Critical risk
26388279087676|1623062814715|RFID|false|1664826619764|Moderate risk
39582418620989|1639341913324|PHONE|false|1650662961856|Significant risk
17592186065470|1606803089653|IPv6|false|1640854299173|Minimal risk
4398046532159|1588364794192|PHONE|false|1594141020806|Critical risk
48378511643200|1654333204959|RFID|false|1665713931548|Severe risk
30786325598785|1625554252293|MAC|false|1634062930406|High risk
4398046532162|1588893174136|MAC|false|1595811105713|Significant risk
52776558154307|1656262605702|PHONE|false|1665611213783|Critical risk
48378511643204|1654209562816|NFC|false|1656668263367|Severe risk
52776558154309|1660032995664|MAC|false|1668683423009|Moderate risk
17592186065478|1605300554348|ATM|false|1633464830082|Extreme risk
52776558154311|1658838561299|NFC|false|1663975239754|Minimal risk
4398046532168|1588737700274|NFC|false|1596658074641|Low risk
8796093043273|1596996983716|IPv4|false|1667283548639|Significant risk
21990232576586|1612955925938|ATM|false|1667998893370|Very high risk
17592186065483|1608435124109|RFID|false|1639344781421|Very high risk
43980465132108|1643485170566|ATM|false|1653048109377|Critical risk
48378511643213|1655683440284|POS|false|1671962352303|Significant risk
35184372109902|1635068338623|ATM|false|1644713218042|Minimal risk
21071|1583205168421|NFC|false|1592998189241|Severe risk
52776558154320|1661666766714|PHONE|false|1666145530534|Significant risk
39582418621009|1640185618645|WIFI|false|1644735139162|Extreme risk
52776558154322|1661757601380|QRCode|false|1671202257472|Severe risk
43980465132115|1648373264994|NFC|false|1670645027923|Minimal risk
39582418621012|1639494868818|RFID|false|1649079996245|Severe risk
39582418621013|1641482011116|QRCode|false|1655300443876|Low risk
13194139554390|1603680697210|RFID|false|1653444538826|Low risk
30786325598807|1627887689697|MAC|false|1664434953435|High risk
17592186065496|1608034849835|RFID|false|1665965257498|Minimal risk
35184372109913|1632591179012|MAC|false|1665140200027|Significant risk
30786325598810|1629507602311|NFC|false|1668622604845|Very high risk
17592186065499|1608585038801|QRCode|false|1665668514453|High risk
35184372109916|1630849381028|QRCode|false|1652319610689|Very high risk
13194139554397|1600274586009|MAC|false|1615244083846|Moderate risk
57174604665438|1666093827159|IPv4|false|1667670610109|High risk
48378511643231|1652512479111|WIFI|false|1655808268338|Low risk
21990232576608|1617006373264|MAC|false|1622660652325|Severe risk
48378511643233|1652938029149|NFC|false|1661340414479|Minimal risk
61572651176546|1670764414016|NFC|false|1671994699621|Low risk
57174604665443|1666296478769|NFC|false|1667468508031|Moderate risk
4398046532196|1587184177245|IPv4|true|1600187049711|Critical risk
21990232576613|1616235404761|POS|false|1662475637295|Low risk
48378511643238|1650048921922|WIFI|false|1659810072832|Critical risk
4398046532199|1585693135750|WIFI|false|1641625019680|Low risk
21096|1580692089272|POS|true|1640119758153|Severe risk
8796093043305|1596578754704|MAC|false|1601713162403|High risk
21098|1578540582560|MAC|false|1667483305556|Low risk
61572651176555|1671785582404|RFID|false|1672234446913|Significant risk
57174604665452|1666731978279|PHONE|true|1669893308820|Significant risk
52776558154349|1661531674046|PHONE|false|1667980781497|Moderate risk
35184372109934|1630575380932|IPv6|false|1664285414432|Minimal risk
43980465132143|1646375278450|MAC|false|1651729174345|Significant risk
13194139554416|1600048816008|IPv6|false|1663611825553|High risk
21990232576625|1612931363518|PHONE|false|1625226450634|Moderate risk
30786325598834|1623888391374|QRCode|false|1626752785790|Critical risk
21107|1583694016685|ATM|false|1598063411138|Moderate risk
48378511643252|1652752033552|MAC|false|1670682170053|Extreme risk
30786325598837|1628191404777|ATM|false|1631315827305|Extreme risk
35184372109942|1632830422411|WIFI|false|1669933213610|Low risk
21111|1583148854488|NFC|false|1634793038621|Critical risk
8796093043320|1591095708343|NFC|false|1592769963282|High risk
13194139554425|1601665443968|IPv6|false|1602434349147|Severe risk
21990232576634|1617012113929|RFID|false|1639312157168|Severe risk
35184372109947|1632699285751|POS|false|1645707236936|Significant risk
39582418621052|1640319618839|ATM|false|1671627087050|Severe risk
48378511643261|1652891605784|PHONE|false|1671677394538|High risk
8796093043326|1591100242024|ATM|false|1631611243159|Critical risk
35184372109951|1636606655156|IPv6|false|1650716483176|Minimal risk
43980465132160|1646009703776|QRCode|false|1668698835659|Low risk
30786325598849|1626384840828|NFC|true|1639723613110|Extreme risk
13194139554434|1602234349304|PHONE|false|1654121852693|Severe risk
21990232576643|1616158868654|WIFI|false|1635686245441|Significant risk
52776558154372|1662710533142|QRCode|false|1669848811825|Moderate risk
61572651176581|1669724698785|PHONE|false|1670970163645|Minimal risk
21126|1579128599687|PHONE|false|1652343385898|Moderate risk
17592186065543|1608976546661|WIFI|false|1633732663289|Moderate risk
17592186065544|1607726893904|IPv6|false|1613420854758|High risk
30786325598857|1624535117312|IPv6|false|1647113528172|Low risk
52776558154378|1657070328068|MAC|false|1666246798450|High risk
4398046532235|1590843425192|RFID|false|1608827681859|Extreme risk
57174604665484|1663370410573|WIFI|false|1668477575181|Extreme risk
21990232576653|1611729093359|WIFI|false|1655059644091|Critical risk
8796093043342|1593057128464|NFC|false|1645832173419|Severe risk
43980465132175|1645702919507|RFID|false|1653635079409|Significant risk
48378511643280|1654654083354|QRCode|false|1671152417799|Very high risk
52776558154385|1656769709024|IPv4|false|1660613245005|High risk
13194139554450|1603641704477|QRCode|false|1644528068249|Critical risk
21990232576659|1614524171065|NFC|false|1669383062435|Moderate risk
35184372109972|1633327607436|MAC|false|1649870169460|Severe risk
26388279087765|1622366600270|IPv4|false|1632660696761|Very high risk
21990232576662|1612351281025|RFID|false|1620079409286|Minimal risk
35184372109975|1634024066931|QRCode|false|1641132496605|Low risk
43980465132184|1643909277499|RFID|false|1659611851906|Critical risk
8796093043353|1595322258953|NFC|false|1651837118771|Extreme risk
48378511643290|1653723731550|POS|false|1654860411697|Extreme risk
26388279087771|1619851511220|IPv6|false|1620003911068|Very high risk
57174604665500|1662887544596|QRCode|false|1671467727548|Severe risk
52776558154397|1661802981658|NFC|false|1669586848335|Minimal risk
43980465132190|1646121004065|RFID|false|1667849026717|Extreme risk
39582418621087|1639540956744|QRCode|false|1652115631480|Extreme risk
30786325598880|1625208944655|WIFI|false|1649135272908|Minimal risk
39582418621089|1636660662494|QRCode|false|1648534759442|Severe risk
26388279087778|1623394910351|ATM|false|1643193579379|Severe risk
21155|1580691651636|RFID|false|1604630208052|Significant risk
4398046532260|1585425598281|WIFI|false|1598223483587|Severe risk
26388279087781|1621020743968|MAC|false|1652647763063|Low risk
4398046532262|1590613239929|POS|false|1610100850364|Severe risk
52776558154407|1658892947354|ATM|false|1662043436978|Extreme risk
17592186065576|1605251206043|MAC|false|1616335272053|Very high risk
39582418621097|1638373494020|RFID|false|1658708360117|Low risk
4398046532266|1585123813568|NFC|false|1592420402505|Minimal risk
4398046532267|1586595074922|ATM|false|1651076878290|Extreme risk
26388279087788|1619268441291|IPv4|false|1636059437333|Significant risk
52776558154413|1660050879868|QRCode|false|1666277681028|Extreme risk
13194139554478|1599576559266|POS|false|1633455672679|Minimal risk
39582418621103|1641772696112|ATM|false|1651007619179|Moderate risk
13194139554480|1601644023933|NFC|false|1657397040493|Significant risk
52776558154417|1659855531982|ATM|false|1669933168976|Very high risk
39582418621106|1640609406444|ATM|false|1646975013172|Low risk
48378511643315|1654133172449|IPv4|false|1672455854198|Critical risk
43980465132212|1649551351042|ATM|false|1665222692436|High risk
52776558154421|1658034246004|WIFI|false|1663547900096|Very high risk
17592186065590|1609595021807|IPv4|false|1651830307113|Very high risk
26388279087799|1622853407215|ATM|false|1663675942913|Minimal risk
30786325598904|1628685088324|IPv6|false|1667434985802|Very high risk
52776558154425|1659395860405|PHONE|false|1659741841609|Severe risk
43980465132218|1646279927787|IPv6|false|1671544786470|Low risk
13194139554491|1600984964242|POS|false|1661282810996|Critical risk
43980465132220|1645026965955|IPv4|false|1663972035849|Critical risk
26388279087805|1622023284944|QRCode|false|1624484555551|Minimal risk
26388279087806|1621688374061|WIFI|false|1658249825195|Critical risk
39582418621119|1638486275074|IPv6|false|1653959544148|Very high risk
52776558154432|1659751321263|QRCode|false|1670757243320|Significant risk
39582418621121|1638249691287|MAC|false|1638343150943|Critical risk
48378511643330|1652334664675|RFID|false|1664688562851|High risk
21990232576707|1616412564804|MAC|false|1671230427188|Extreme risk
52776558154436|1656615394623|IPv6|false|1668988664968|Extreme risk
21990232576709|1610804388746|QRCode|true|1616583700363|Minimal risk
26388279087814|1618011660549|QRCode|false|1649121361779|Extreme risk
13194139554503|1600171666860|WIFI|false|1648822739982|High risk
35184372110024|1634729464593|IPv6|true|1640534729867|Moderate risk
48378511643337|1652060546953|PHONE|false|1670616821535|Very high risk
52776558154442|1661915295593|PHONE|false|1667709449782|Low risk
30786325598923|1628688929599|RFID|false|1653879125073|High risk
57174604665548|1667352778311|QRCode|false|1669625580009|Minimal risk
43980465132237|1647582811803|MAC|false|1647713209992|Critical risk
30786325598926|1625965789110|WIFI|false|1644717376001|High risk
17592186065615|1604564302233|PHONE|false|1628266231795|Extreme risk
17592186065616|1604592903371|IPv6|false|1627421614509|Very high risk
17592186065617|1607145161693|QRCode|false|1667899234359|Extreme risk
21990232576722|1613332732075|IPv4|false|1655288591335|Moderate risk
57174604665555|1665574167900|QRCode|false|1670975351310|Minimal risk
4398046532308|1587069021825|NFC|false|1592639531672|Minimal risk
43980465132245|1645573604279|RFID|false|1648900050961|Minimal risk
21990232576726|1613454500820|QRCode|false|1648107467136|Significant risk
57174604665559|1668335967643|NFC|false|1669819015793|Moderate risk
48378511643352|1655431356208|PHONE|false|1671308585453|Moderate risk
35184372110041|1635076556550|ATM|false|1649309196921|Minimal risk
52776558154458|1659699306080|NFC|false|1666305691227|High risk
39582418621147|1639834316506|WIFI|false|1670037013265|Critical risk
21990232576732|1614104557296|PHONE|false|1640391752172|Critical risk
21213|1583604518257|RFID|false|1622532913943|Critical risk
4398046532318|1585557684325|PHONE|false|1667513490230|Very high risk
17592186065631|1604392028127|MAC|false|1619972126467|Critical risk
52776558154464|1656691410848|POS|false|1670431137045|Severe risk
4398046532321|1590008813429|ATM|false|1630541012377|Extreme risk
21990232576738|1612962681862|IPv4|false|1663488892392|Moderate risk
57174604665571|1666913279089|PHONE|false|1671139299327|Minimal risk
13194139554532|1600244880623|RFID|false|1602880707466|Very high risk
30786325598949|1624343934620|IPv6|false|1648092301410|Minimal risk
21990232576742|1613703719717|ATM|false|1668355259240|Minimal risk
4398046532327|1590222880347|POS|false|1611529776666|Extreme risk
52776558154472|1659614528489|IPv6|false|1670812399011|Extreme risk
43980465132265|1645859049659|POS|false|1653828036063|Critical risk
52776558154474|1662620904982|NFC|false|1671751982760|High risk
21227|1583487848951|POS|false|1670896910403|Severe risk
21228|1582417934303|QRCode|false|1605906724278|Moderate risk
17592186065645|1607357338088|MAC|false|1666152304420|Extreme risk
43980465132270|1646791541659|NFC|false|1664318560684|Very high risk
35184372110063|1635484999212|WIFI|false|1654148262493|Minimal risk
26388279087856|1617561676117|IPv4|true|1625401650485|Very high risk
39582418621169|1638193266275|IPv4|false|1646040012417|High risk
21234|1578962959467|NFC|false|1581651281279|High risk
21235|1578918879736|IPv4|false|1671988577444|Moderate risk
8796093043444|1596513850257|ATM|false|1641064165825|Minimal risk
43980465132277|1645535030068|PHONE|false|1651610428862|Low risk
39582418621174|1640247547092|IPv4|false|1641841691602|Moderate risk
4398046532343|1588578323946|IPv6|false|1639622278813|Critical risk
4398046532344|1585641651971|RFID|false|1604774503925|Minimal risk
43980465132281|1648750804292|WIFI|false|1655049383980|Significant risk
13194139554554|1600099891623|NFC|false|1634836822257|Low risk
21990232576763|1614037329651|PHONE|false|1645799796544|Significant risk
52776558154492|1658497734174|IPv4|false|1659609772763|Extreme risk
13194139554557|1599942598977|MAC|false|1615232391397|Severe risk
21990232576766|1615732018198|QRCode|false|1619183133118|High risk
39582418621183|1641161036648|POS|false|1655449560809|High risk
8796093043456|1592151420387|QRCode|false|1656603432439|Low risk
26388279087873|1619495691432|IPv6|false|1663661478591|High risk
8796093043458|1597117218585|IPv6|false|1615681804626|Extreme risk
4398046532355|1586625482529|NFC|false|1645171030835|Extreme risk
4398046532356|1590632628244|RFID|false|1641649763667|Critical risk
4398046532357|1587761608765|WIFI|false|1643871716532|Minimal risk
57174604665606|1666660988057|ATM|false|1669307595169|Low risk
17592186065671|1608717281318|MAC|false|1671545291189|Moderate risk
30786325598984|1629037554287|NFC|false|1668745143511|Severe risk
8796093043465|1594532766298|ATM|false|1654640783812|Critical risk
57174604665610|1669266518933|RFID|false|1669631231900|Moderate risk
61572651176715|1669878421201|IPv4|false|1670822105903|Significant risk
30786325598988|1625330500647|QRCode|false|1630732443008|Critical risk
30786325598989|1629802458456|QRCode|false|1647954416020|Moderate risk
57174604665614|1664299823200|WIFI|false|1665826398685|Critical risk
43980465132303|1644909288399|QRCode|false|1665077039850|Low risk
57174604665616|1664095068407|ATM|false|1670859193058|Low risk
48378511643409|1655151316767|QRCode|false|1655563642702|Low risk
57174604665618|1663123686041|IPv4|false|1666451381316|Very high risk
21990232576787|1610943674152|MAC|false|1632531164723|Critical risk
26388279087892|1617907613490|POS|false|1631415619756|Significant risk
13194139554581|1597965647338|RFID|false|1617027007703|Moderate risk
21270|1579191245563|IPv6|false|1591100419503|Significant risk
21271|1578843812592|PHONE|false|1664046156176|Low risk
13194139554584|1601293580331|ATM|false|1623727933855|Significant risk
21273|1583876494927|ATM|false|1666909521930|High risk
21274|1583951785952|POS|false|1605887947772|Low risk
4398046532379|1588086537032|QRCode|false|1632947290706|Very high risk
43980465132316|1647302933781|RFID|false|1665554108372|Significant risk
17592186065693|1605063024718|MAC|true|1643572262458|Severe risk
48378511643422|1651854881449|IPv4|false|1657259324256|Critical risk
21279|1580331599077|POS|false|1591167241825|Moderate risk
21990232576800|1612766256327|RFID|false|1655839763824|Critical risk
39582418621217|1642804027677|QRCode|false|1650939409004|Low risk
61572651176738|1671570384222|IPv6|false|1672460117069|Severe risk
52776558154531|1661732548364|RFID|false|1667914346187|Critical risk
13194139554596|1599299894680|RFID|false|1672092009217|Significant risk
21285|1582668046874|NFC|false|1612584220299|Low risk
61572651176742|1670369033883|ATM|false|1670656287444|Extreme risk
21287|1579005765447|NFC|false|1667792653598|Critical risk
4398046532392|1585171461399|IPv4|false|1602999996826|Extreme risk
21990232576809|1613919324116|ATM|false|1634250426714|Very high risk
13194139554602|1599567640463|IPv6|false|1627176393516|Minimal risk
21990232576811|1613032238664|PHONE|false|1649609724933|Very high risk
21990232576812|1611713424544|MAC|false|1664985631724|Severe risk
52776558154541|1657169792620|WIFI|false|1666036589947|Moderate risk
57174604665646|1666339803387|WIFI|false|1668925757680|High risk
26388279087919|1621558581323|ATM|false|1627385426125|Significant risk
57174604665648|1666420237597|PHONE|false|1669504064930|Moderate risk
26388279087921|1617300468515|ATM|false|1665852855059|Severe risk
8796093043506|1594669102090|NFC|false|1643489034290|Severe risk
52776558154547|1661545249956|RFID|false|1667492651735|Extreme risk
8796093043508|1591596120657|POS|false|1643591303647|Significant risk
43980465132341|1643575020078|MAC|false|1653182623935|High risk
30786325599030|1629716210503|NFC|false|1662944366290|Critical risk
4398046532407|1587253798573|MAC|false|1660615006250|Severe risk
52776558154552|1661188255906|IPv4|false|1665966039279|Extreme risk
26388279087929|1618170210571|ATM|false|1644393639787|Minimal risk
57174604665658|1668142665637|PHONE|false|1669737969358|Very high risk
39582418621243|1641788113140|NFC|false|1666868707357|Moderate risk
35184372110140|1636578283040|QRCode|false|1652207092036|High risk
13194139554621|1598663360320|NFC|false|1667811224487|Moderate risk
48378511643454|1654359669779|MAC|false|1661723381972|Critical risk
39582418621247|1641071568245|RFID|false|1665381326394|Severe risk
8796093043520|1592635797498|RFID|false|1605040477489|Extreme risk
61572651176769|1670933246680|IPv6|false|1672339702601|Very high risk
21990232576834|1614012019517|RFID|false|1648062028278|Significant risk
39582418621251|1639644410538|POS|false|1642016436287|High risk
26388279087940|1617742898659|RFID|false|1622822029254|Very high risk
21990232576837|1610998360838|IPv4|false|1611688493430|Extreme risk
21318|1582589687627|ATM|false|1667930763015|Very high risk
17592186065735|1607907092194|QRCode|false|1625116966332|Significant risk
17592186065736|1604879224499|RFID|false|1653310423909|Extreme risk
52776558154569|1657704687700|NFC|false|1661434955304|Low risk
21990232576842|1611692478223|MAC|false|1672070792028|Critical risk
26388279087947|1621034375097|RFID|false|1667325428364|High risk
21990232576844|1614108680819|IPv4|true|1658076021730|Severe risk
4398046532429|1585719463917|ATM|false|1636593332410|Severe risk
17592186065742|1607961285048|IPv4|false|1651526001505|Significant risk
39582418621263|1641471287145|ATM|false|1651856768750|Low risk
21328|1582402258657|PHONE|false|1659830100915|Critical risk
61572651176785|1669869233041|MAC|false|1670742133424|Moderate risk
4398046532434|1589837470329|ATM|false|1610736551072|High risk
4398046532435|1586079495194|ATM|false|1630061777040|Severe risk
13194139554644|1598163870306|ATM|false|1658280048830|Very high risk
21990232576853|1616324827911|IPv4|false|1623805356999|Extreme risk
30786325599062|1626121657870|NFC|false|1629820568102|Low risk
52776558154583|1661106561889|POS|false|1665373766309|Severe risk
43980465132376|1643824175328|ATM|false|1651972879237|High risk
43980465132377|1648135317634|MAC|false|1651036777658|Extreme risk
13194139554650|1603716834747|MAC|false|1624334945997|Significant risk
30786325599067|1627699951836|MAC|false|1638205593297|Critical risk
35184372110172|1636399076952|MAC|false|1639498118072|Very high risk
57174604665693|1665440501204|NFC|false|1669114560390|Significant risk
13194139554654|1597903960677|PHONE|false|1622767355987|Severe risk
13194139554655|1598735619951|NFC|false|1609744857457|Moderate risk
52776558154592|1660894785311|ATM|false|1661569448905|Severe risk
57174604665697|1666359767844|POS|false|1668821907050|Critical risk
26388279087970|1619651174193|POS|false|1636487853749|Severe risk
21347|1581339639556|PHONE|false|1585236119827|Critical risk
26388279087972|1619795494285|RFID|false|1636958030503|Significant risk
57174604665701|1667605018063|IPv6|false|1668182283225|Minimal risk
21990232576870|1614102517898|PHONE|false|1626837448823|Minimal risk
4398046532455|1586308374989|MAC|false|1605186188520|Minimal risk
61572651176808|1670341332414|ATM|false|1671427148434|Very high risk
21990232576873|1616648839216|IPv6|false|1635144218405|High risk
4398046532458|1585754611140|QRCode|false|1597360770428|Critical risk
4398046532459|1585991864817|NFC|false|1630051149403|Severe risk
43980465132396|1646175153964|ATM|false|1654705763945|Moderate risk
21357|1580967360717|POS|false|1636353290550|High risk
17592186065774|1606074578568|NFC|false|1637975736983|Minimal risk
21990232576879|1616563273648|RFID|false|1637809309125|Very high risk
52776558154608|1660867596907|NFC|false|1672079097066|High risk
35184372110193|1633663954491|IPv4|false|1667009226889|Critical risk
48378511643506|1650273395920|PHONE|false|1651561167137|Significant risk
4398046532467|1586068383643|ATM|false|1667481759723|Very high risk
43980465132404|1643244736413|IPv6|false|1652847941685|Severe risk
13194139554677|1601330544881|ATM|false|1613331974846|High risk
21990232576886|1616931283675|POS|false|1658429590573|Minimal risk
48378511643511|1654008963217|RFID|false|1671696062764|Severe risk
17592186065784|1608639092539|POS|false|1628937620962|High risk
4398046532473|1589513226780|ATM|false|1650957839609|High risk
48378511643514|1654926314372|PHONE|false|1663389094022|Extreme risk
21990232576891|1615104135065|ATM|false|1649455607928|Significant risk
8796093043580|1590975651634|PHONE|false|1634607022680|Moderate risk
39582418621309|1639313952599|NFC|false|1644335643295|Critical risk
21374|1583171773169|IPv6|false|1620837549329|High risk
4398046532479|1586900938828|MAC|false|1671662057148|Critical risk
21990232576896|1616623477619|ATM|false|1672470861519|Extreme risk
21990232576897|1612670677145|IPv6|true|1634674499167|Minimal risk
21990232576898|1611075177854|QRCode|false|1656418458594|Significant risk
13194139554691|1601048320102|WIFI|false|1614461593437|Moderate risk
39582418621316|1642359849464|MAC|false|1666181676131|Low risk
43980465132421|1647135515491|IPv4|false|1656727730978|Minimal risk
4398046532486|1588870316371|POS|false|1607504172943|High risk
57174604665735|1665688740730|RFID|false|1670261700127|High risk
52776558154632|1658051274173|POS|false|1671403055149|Extreme risk
35184372110217|1630873843486|QRCode|false|1661123154328|Extreme risk
61572651176842|1670617670345|MAC|false|1670695241171|Minimal risk
35184372110219|1634537363834|MAC|false|1638167605124|Moderate risk
48378511643532|1654643303598|WIFI|false|1669496872831|Significant risk
52776558154637|1659050827826|PHONE|false|1668061793859|Significant risk
4398046532494|1589617585103|IPv4|false|1611526724891|Very high risk
35184372110223|1635028355405|NFC|false|1654541980798|High risk
21392|1584268379692|WIFI|false|1647524875025|Critical risk
48378511643537|1654705686443|IPv6|false|1657318095678|Minimal risk
39582418621330|1642278899669|PHONE|false|1657527791888|Low risk
21395|1581942030741|PHONE|false|1584364325706|Significant risk
48378511643540|1655395049095|MAC|false|1667086817033|Very high risk
57174604665749|1664187108719|ATM|false|1666634868969|Critical risk
21990232576918|1615673137042|WIFI|false|1664020662316|Significant risk
26388279088023|1619542521221|IPv4|false|1632005241568|Very high risk
17592186065816|1607453493026|POS|false|1671972650023|Significant risk
17592186065817|1606713882869|QRCode|false|1653777922353|Significant risk
39582418621338|1642761916966|WIFI|false|1659381515940|Moderate risk
13194139554715|1600097821674|RFID|false|1600524318657|High risk
57174604665756|1666528063361|WIFI|false|1666776268183|Extreme risk
43980465132445|1643572309125|PHONE|false|1654323216456|Moderate risk
8796093043614|1593571847672|RFID|false|1624185005670|Severe risk
8796093043615|1597354880575|RFID|false|1608426093857|High risk
13194139554720|1598459139622|MAC|false|1643790371074|High risk
17592186065825|1607871011873|NFC|false|1638566941387|Extreme risk
21990232576930|1613420715482|QRCode|false|1629779137490|Significant risk
30786325599139|1629608524779|WIFI|false|1669414403586|Moderate risk
17592186065828|1605727511977|NFC|true|1655884769412|Critical risk
48378511643557|1653361252573|MAC|false|1662329957586|High risk
48378511643558|1653599756212|IPv4|false|1655063887163|Minimal risk
26388279088039|1621983822084|PHONE|false|1657890795542|Critical risk
35184372110248|1635567804247|MAC|false|1643414659355|High risk
57174604665769|1668270333166|NFC|false|1671662290037|Severe risk
26388279088042|1623346411586|MAC|false|1643448801874|Critical risk
52776558154667|1660368042371|NFC|false|1661536001320|Extreme risk
30786325599148|1629637847213|PHONE|false|1660338698829|Moderate risk
61572651176877|1670545524370|IPv4|false|1672325636872|Severe risk
35184372110254|1636257256150|POS|false|1646979408569|Severe risk
52776558154671|1662551552648|QRCode|false|1667815814823|Low risk
30786325599152|1623602676883|IPv6|false|1643747600328|Minimal risk
43980465132465|1646513460591|IPv6|false|1660727383821|Severe risk
4398046532530|1589126902867|IPv4|false|1601605777028|Minimal risk
48378511643571|1651092780900|RFID|false|1660737227010|Very high risk
13194139554740|1602334653104|POS|false|1662263789616|Moderate risk
13194139554741|1603968201748|WIFI|false|1636558373824|Very high risk
52776558154678|1659416292222|PHONE|false|1670238661979|Severe risk
52776558154679|1660436691627|POS|false|1669535195742|Minimal risk
21990232576952|1614282075466|POS|false|1641153097738|Critical risk
17592186065849|1608364622801|RFID|false|1668410691811|Moderate risk
26388279088058|1621962712579|MAC|false|1669244598767|Critical risk
26388279088059|1618135309778|RFID|false|1640259055835|Significant risk
21990232576956|1615890359499|RFID|false|1668538024606|Critical risk
21990232576957|1613054923440|ATM|false|1657385506098|Critical risk
48378511643582|1654387127620|POS|false|1660665162029|Low risk
57174604665791|1666617058528|WIFI|false|1672107228101|Critical risk
39582418621376|1641548311134|PHONE|false|1650571068751|High risk
13194139554753|1602587023150|MAC|false|1614517857341|Minimal risk
4398046532546|1585052107512|IPv4|false|1654433257620|Very high risk
21443|1580273983968|IPv6|false|1628762912485|Significant risk
35184372110276|1631046101311|MAC|false|1646438235574|High risk
61572651176901|1669319210230|MAC|false|1672217771944|Low risk
4398046532550|1590559687547|WIFI|false|1659884471823|Extreme risk
57174604665799|1663539814872|IPv4|false|1668782236297|Very high risk
21990232576968|1613774429313|ATM|false|1624488307979|Minimal risk
13194139554761|1600049578766|ATM|false|1621095218794|Extreme risk
8796093043658|1592747389389|POS|false|1596042156035|Critical risk
39582418621387|1638013246697|NFC|false|1652668347786|Significant risk
43980465132492|1643979631982|POS|false|1655823367485|Severe risk
8796093043661|1592039114493|WIFI|false|1668341696146|Severe risk
61572651176910|1669903884520|IPv6|false|1672165251068|Significant risk
43980465132495|1645973587194|IPv4|false|1649759708704|High risk
39582418621392|1639037167612|NFC|false|1656946088388|Low risk
17592186065873|1608310769904|IPv4|false|1660982305690|Significant risk
17592186065874|1608270689907|IPv6|false|1631492422116|Very high risk
39582418621395|1637353272608|ATM|false|1660097016257|High risk
35184372110292|1630861594896|QRCode|false|1638278300367|Low risk
21461|1582148718026|PHONE|false|1655508542522|Extreme risk
17592186065878|1606897935059|ATM|false|1653317917463|High risk
21990232576983|1612026933951|RFID|false|1671534344796|Critical risk
57174604665816|1668207618196|WIFI|false|1670175292953|High risk
26388279088089|1618782268988|NFC|false|1624972001135|Significant risk
35184372110298|1634755110960|QRCode|false|1655121352577|Severe risk
8796093043675|1596160510760|PHONE|false|1627782804177|Significant risk
4398046532572|1587204454013|RFID|true|1630280003697|Critical risk
13194139554781|1597562383703|IPv4|false|1631335030588|Very high risk
39582418621406|1636820221680|MAC|false|1640859791122|Minimal risk
21990232576991|1612663010823|IPv6|false|1653905559151|Minimal risk
39582418621408|1636950285493|PHONE|false|1641827330885|Significant risk
35184372110305|1635415059966|POS|false|1654982214716|Critical risk
48378511643618|1650690774738|RFID|true|1659495202327|Severe risk
35184372110307|1632889768740|IPv6|false|1651321271083|High risk
30786325599204|1623904362745|QRCode|false|1657238907624|High risk
30786325599205|1629904823116|IPv6|false|1637474397389|Critical risk
57174604665830|1669183392360|NFC|false|1672229036183|Significant risk
48378511643623|1652936364016|MAC|false|1669075703699|Critical risk
17592186065896|1606895669958|IPv6|false|1623647681931|Critical risk
21481|1584052361830|PHONE|false|1652369078194|Critical risk
13194139554794|1600861638639|ATM|false|1654460065995|High risk
21483|1581498179660|NFC|false|1618805958298|Extreme risk
35184372110316|1632077909745|RFID|false|1648040090176|High risk
48378511643629|1651989731589|POS|false|1666885964868|Very high risk
48378511643630|1655370973078|IPv6|false|1667302430258|Significant risk
39582418621423|1640628937793|PHONE|false|1666058067555|Minimal risk
26388279088112|1619313825712|NFC|false|1664401996167|Extreme risk
4398046532593|1588128036609|RFID|false|1598834485002|Severe risk
4398046532594|1588143792418|POS|true|1611483889790|Extreme risk
35184372110323|1636397726453|PHONE|false|1647350464215|Severe risk
52776558154740|1662273998760|PHONE|false|1666857454530|Moderate risk
39582418621429|1638868052014|POS|false|1665644025220|Very high risk
26388279088118|1623184817364|PHONE|false|1654201432991|Very high risk
13194139554807|1601635998337|IPv6|false|1646152401096|Minimal risk
52776558154744|1661150855922|POS|false|1665767999141|Low risk
17592186065913|1604952383671|MAC|false|1627575649184|Minimal risk
21498|1582959934146|RFID|false|1658995747763|Extreme risk
17592186065915|1607190637739|RFID|false|1631298740396|Low risk
35184372110332|1630566004747|MAC|false|1639734201620|Severe risk
21990232577021|1615468588571|NFC|false|1621334399347|Critical risk
48378511643646|1653878888901|POS|false|1668126576209|Minimal risk
43980465132543|1647571080627|MAC|false|1664511153328|Severe risk
13194139554816|1598797383179|POS|false|1610057869161|Severe risk
26388279088129|1618472039453|MAC|false|1637329199143|High risk
13194139554818|1600663126158|WIFI|true|1641492316910|Minimal risk
8796093043715|1594797561417|ATM|false|1600494139774|Severe risk
39582418621444|1639146058471|IPv4|false|1666878801580|Minimal risk
21990232577029|1612832852233|IPv4|false|1622531469505|Severe risk
30786325599238|1627456472196|PHONE|false|1653932766333|Minimal risk
21511|1583510237150|QRCode|false|1643684913325|Severe risk
26388279088136|1621492545329|QRCode|false|1658228234142|Significant risk
26388279088137|1619481858359|POS|false|1634911510104|Critical risk
21990232577034|1616297340987|WIFI|false|1644071182856|Very high risk
26388279088139|1621375575920|MAC|false|1671691825582|Low risk
57174604665868|1665968210939|MAC|false|1668882616839|Extreme risk
30786325599245|1628008455593|NFC|false|1642606812790|Critical risk
30786325599246|1627319905259|PHONE|false|1657372863090|Extreme risk
21519|1582579924054|RFID|false|1634982372267|High risk
21520|1581969388567|RFID|false|1645874566534|Low risk
61572651176977|1669578693225|MAC|false|1670335237633|Minimal risk
43980465132562|1646188661052|IPv6|false|1646581237736|High risk
48378511643667|1652567205279|IPv6|false|1654719387279|Low risk
21524|1579631932016|PHONE|false|1603853018446|High risk
21990232577045|1611644556553|NFC|false|1662312112866|High risk
43980465132566|1646369955382|PHONE|false|1661020617566|Severe risk
4398046532631|1589990390163|ATM|false|1601409712306|Low risk
26388279088152|1622785962417|IPv6|false|1664325965983|Severe risk
21990232577049|1611265365913|RFID|false|1662895195586|Significant risk
8796093043738|1597245092211|QRCode|false|1609811484638|Significant risk
21531|1580407070404|PHONE|false|1640615298749|Minimal risk
17592186065948|1607121486824|QRCode|false|1612508085239|Critical risk
30786325599261|1625700822550|NFC|false|1664880057150|Minimal risk
30786325599262|1627685512929|ATM|false|1647275620992|High risk
8796093043743|1593426886827|ATM|false|1604175943665|Extreme risk
61572651176992|1671045622963|WIFI|false|1672071178774|Very high risk
26388279088161|1620091524577|RFID|false|1648006080579|Significant risk
43980465132578|1644849223175|POS|false|1656793906776|Low risk
21990232577059|1611136130724|IPv6|false|1635656920524|Severe risk
17592186065956|1606496635083|IPv4|false|1640938526637|Significant risk
21541|1579799866366|POS|false|1648490575477|Low risk
57174604665894|1665560719296|PHONE|false|1665566905425|Low risk
17592186065959|1606080598579|QRCode|false|1655752711184|Extreme risk
57174604665896|1669131646830|QRCode|false|1669945511866|Severe risk
13194139554857|1598782100007|RFID|false|1621293614112|High risk
48378511643690|1651236100078|WIFI|false|1668278624998|Significant risk
35184372110379|1631958977547|NFC|false|1636796771024|Extreme risk
8796093043756|1592163021692|IPv6|false|1609390875401|Significant risk
4398046532653|1588231396268|MAC|false|1609923591706|Critical risk
43980465132590|1648183830034|QRCode|false|1665098936571|Critical risk
48378511643695|1652690785079|WIFI|false|1662016820759|Critical risk
8796093043760|1591922829147|POS|false|1642873299680|Extreme risk
13194139554865|1603531252669|IPv6|false|1611445751289|Extreme risk
57174604665906|1663614937627|WIFI|false|1664865433991|High risk
52776558154803|1658146100101|WIFI|false|1668957234656|Minimal risk
30786325599284|1628081688905|WIFI|false|1656135488462|Minimal risk
43980465132597|1645930029408|ATM|false|1646105936542|Very high risk
35184372110390|1635498091917|NFC|false|1646782616286|Minimal risk
13194139554871|1599171247711|QRCode|false|1636129917350|Minimal risk
48378511643704|1650352012415|NFC|false|1672261251431|Very high risk
35184372110393|1633842910860|WIFI|false|1637770038121|Significant risk
61572651177018|1672496656557|RFID|false|1672501654235|Extreme risk
13194139554875|1603086223018|RFID|false|1620765566146|Extreme risk
8796093043772|1595310866393|IPv6|false|1621120528395|Critical risk
26388279088189|1618087831690|IPv4|false|1652585140832|Extreme risk
39582418621502|1638015369517|PHONE|false|1651480324182|High risk
39582418621503|1637011802137|NFC|false|1659456324744|Significant risk
4398046532672|1589732607516|WIFI|false|1601937908744|Very high risk
13194139554881|1603026997935|IPv4|false|1650109875541|High risk
21570|1580500261081|PHONE|false|1617835256476|Extreme risk
57174604665923|1667788204473|ATM|false|1669396702381|Critical risk
43980465132612|1648029901296|MAC|false|1667124876193|Critical risk
21990232577093|1614792312577|WIFI|false|1655342207254|Very high risk
57174604665926|1663997993712|NFC|false|1665661210891|Moderate risk
17592186065991|1605875882180|ATM|false|1666984392162|Critical risk
21990232577096|1613339007956|NFC|false|1649507600938|Severe risk
57174604665929|1667273262429|ATM|false|1671774356383|Minimal risk
13194139554890|1598029625599|POS|false|1627287654079|High risk
39582418621515|1639784800082|QRCode|false|1656820279998|Significant risk
39582418621516|1639120059873|IPv4|false|1639409459563|Moderate risk
21990232577101|1614726954264|NFC|false|1665037684250|Moderate risk
13194139554894|1600376321841|POS|false|1669077500590|Moderate risk
26388279088207|1622736947162|IPv6|false|1661575290888|Moderate risk
21990232577104|1614347636855|NFC|false|1622252385644|Extreme risk
13194139554897|1599787785763|IPv6|false|1633282680518|Critical risk
13194139554898|1601386537495|QRCode|false|1627904586254|Minimal risk
21587|1581617800838|POS|false|1597898848304|Low risk
17592186066004|1607826460724|QRCode|false|1661745327150|Minimal risk
8796093043797|1593004984653|ATM|false|1600891443427|Significant risk
48378511643734|1652775965879|IPv4|false|1667413943500|Significant risk
4398046532695|1585461218766|MAC|false|1609979471410|Severe risk
21592|1578054869242|ATM|false|1645634011600|Moderate risk
21990232577113|1613232489100|POS|false|1618324730118|High risk
21990232577114|1610946740609|MAC|false|1645241250115|Severe risk
21595|1583343241000|NFC|false|1634789842176|High risk
52776558154844|1657923078965|NFC|false|1663076156189|Significant risk
35184372110429|1632687095414|IPv4|false|1668624350474|Extreme risk
35184372110430|1631647709908|PHONE|false|1644193081472|Extreme risk
8796093043807|1593054625910|WIFI|true|1645992103944|Minimal risk
4398046532704|1589324981159|QRCode|false|1665289916124|Significant risk
52776558154849|1659800738743|IPv6|false|1671857945872|Minimal risk
8796093043810|1593534441031|NFC|false|1594242335651|Moderate risk
8796093043811|1591472953879|RFID|false|1592391952155|Low risk
52776558154852|1661753103198|NFC|true|1671549123029|Extreme risk
26388279088229|1617901791293|PHONE|false|1666233454327|Severe risk
52776558154854|1656414889499|WIFI|false|1664549047236|Minimal risk
48378511643751|1655383867478|RFID|false|1663794549602|High risk
17592186066024|1608393985756|RFID|false|1658020879031|Extreme risk
52776558154857|1659516535657|IPv4|false|1672387665495|Critical risk
52776558154858|1657636400742|PHONE|false|1659140529489|High risk
8796093043819|1592887224359|RFID|false|1637372865297|Significant risk
30786325599340|1627968148662|QRCode|false|1664612530750|Low risk
43980465132653|1645271105112|MAC|false|1647550410843|Significant risk
57174604665966|1665034474726|MAC|false|1667098953044|Low risk
43980465132655|1645603900304|QRCode|false|1669887489721|High risk
21616|1580606491676|RFID|false|1652751822797|Significant risk
30786325599345|1627325593452|RFID|false|1667508323482|Severe risk
48378511643762|1650493518157|IPv6|false|1662626987193|Critical risk
13194139554931|1603677175880|QRCode|false|1609864029193|Very high risk
17592186066036|1605881013368|IPv6|false|1639782828192|Significant risk
52776558154869|1662574730045|MAC|false|1671063113671|Low risk
4398046532726|1590678603335|RFID|false|1616504114728|High risk
26388279088247|1619948137580|QRCode|false|1666200578921|Minimal risk
26388279088248|1617086651654|QRCode|false|1650858183734|Moderate risk
39582418621561|1640164222143|POS|false|1667049955842|High risk
48378511643770|1651835768163|PHONE|false|1658579002332|Moderate risk
13194139554939|1599410052704|WIFI|false|1636457035757|Severe risk
35184372110460|1632825101048|POS|false|1665481790647|Critical risk
21990232577149|1613396902920|PHONE|false|1631443435445|Low risk
30786325599358|1628862433289|RFID|true|1666025676184|Severe risk
21990232577151|1611572860130|IPv6|false|1642690168036|Extreme risk
30786325599360|1628240323226|QRCode|false|1653218124188|Minimal risk
17592186066049|1608865493109|QRCode|false|1620201773495|Low risk
57174604665986|1663090442349|IPv4|false|1672082383358|Very high risk
39582418621571|1641678459895|PHONE|false|1653520530644|Significant risk
8796093043844|1591726394202|POS|false|1650414431748|Low risk
8796093043845|1590980331743|POS|false|1637055923863|Critical risk
57174604665990|1663240226654|PHONE|false|1664859791725|Very high risk
39582418621575|1638625757485|NFC|false|1659333747862|Very high risk
21990232577160|1614852731364|NFC|false|1618756566238|Significant risk
13194139554953|1600990993402|RFID|false|1631569861176|Extreme risk
48378511643786|1655399158492|MAC|false|1655545620045|High risk
30786325599371|1627218654808|NFC|false|1648210655486|Very high risk
30786325599372|1627322687656|NFC|false|1655930961733|Extreme risk
26388279088269|1622879475098|ATM|false|1639140438600|High risk
8796093043854|1593408361567|WIFI|false|1661084209602|Extreme risk
43980465132687|1648743679318|POS|false|1655020251060|Critical risk
57174604666000|1667248337264|ATM|false|1670030180112|Severe risk
4398046532753|1590462089251|RFID|false|1596039108551|Moderate risk
43980465132690|1648342353871|QRCode|false|1668709891744|Very high risk
30786325599379|1624667033652|NFC|false|1657646944163|Moderate risk
21990232577172|1615167160993|RFID|false|1616162877569|High risk
21653|1583928636287|POS|false|1627201677621|Critical risk
4398046532758|1585589979289|PHONE|true|1653984868068|High risk
26388279088279|1619330293711|MAC|false|1624039006043|Extreme risk
13194139554968|1598902813707|PHONE|false|1627250760148|Critical risk
21990232577177|1616814962486|ATM|false|1629552823376|Critical risk
17592186066074|1609637947730|QRCode|false|1659699079270|Severe risk
17592186066075|1609726261062|IPv6|false|1655284445338|High risk
17592186066076|1610225427779|IPv6|false|1619499696384|Low risk
57174604666013|1664019629939|QRCode|true|1671182888327|Very high risk
61572651177118|1669527156764|IPv6|false|1670948096345|Severe risk
21663|1583165985748|NFC|false|1610378965640|Very high risk
4398046532768|1584986613578|IPv6|false|1612249819046|Critical risk
48378511643809|1656078151721|QRCode|false|1660040769917|Critical risk
48378511643810|1652615305087|MAC|false|1662115555891|Minimal risk
21990232577187|1611157386951|ATM|false|1620324032893|Minimal risk
30786325599396|1627161519473|RFID|false|1628815881918|Low risk
57174604666021|1662886069154|NFC|false|1663860845144|Moderate risk
43980465132710|1643690508131|PHONE|false|1650169460805|Extreme risk
52776558154919|1656659052663|QRCode|false|1671139810362|Minimal risk
13194139554984|1601606067938|RFID|false|1654282137680|High risk
57174604666025|1665277675415|ATM|false|1668871940403|Minimal risk
21990232577194|1611523158265|IPv6|false|1663494627754|Critical risk
13194139554987|1599188606335|POS|false|1654849196140|High risk
4398046532780|1590136334203|IPv6|false|1667580101914|High risk
57174604666029|1669013009034|QRCode|false|1671653009496|Moderate risk
21990232577198|1611728914808|PHONE|false|1621811406448|Minimal risk
13194139554991|1603554528350|ATM|false|1641690918826|Minimal risk
48378511643824|1651735057206|RFID|false|1657136755560|Critical risk
26388279088305|1623387663704|IPv4|false|1634370975229|Critical risk
48378511643826|1655152614852|MAC|true|1658754164591|High risk
17592186066099|1607937815579|IPv4|false|1652408161145|Significant risk
48378511643828|1650754844264|IPv6|false|1651645348338|Significant risk
4398046532789|1589966620758|WIFI|false|1629090648707|Severe risk
13194139554998|1602867698161|NFC|false|1618023002685|High risk
57174604666039|1668561711104|NFC|false|1671991240270|Severe risk
52776558154936|1662588812296|IPv6|false|1667726507088|High risk
17592186066105|1604606758516|RFID|false|1609928543993|Significant risk
43980465132730|1645765155705|POS|false|1652675167147|Critical risk
52776558154939|1660175610179|QRCode|false|1663547468328|Moderate risk
21692|1581361546670|POS|false|1592613257703|Severe risk
57174604666045|1665137815854|MAC|false|1666418133627|Significant risk
8796093043902|1593469098393|ATM|false|1630257081194|Severe risk
17592186066111|1609620735144|MAC|false|1634771650728|High risk
57174604666048|1667364106920|QRCode|false|1670965129352|Very high risk
52776558154945|1659431027885|QRCode|false|1667951237563|Critical risk
21990232577218|1614014701624|WIFI|false|1669027437259|Severe risk
48378511643843|1654595462690|ATM|false|1669869916298|Severe risk
57174604666052|1667638876713|IPv4|false|1669402991713|Very high risk
57174604666053|1664930518079|RFID|false|1671189297278|Low risk
52776558154950|1660837806844|WIFI|false|1667523220336|Extreme risk
17592186066119|1604504420998|PHONE|false|1633747778877|High risk
21704|1582222160489|ATM|false|1647000270976|Significant risk
4398046532809|1586750863142|WIFI|false|1611692593356|Very high risk
61572651177162|1672367254434|ATM|false|1672477076997|Extreme risk
4398046532811|1588820171802|IPv6|false|1668680804135|Moderate risk
21708|1582389673801|WIFI|false|1632473342287|Extreme risk
26388279088333|1617596452477|ATM|false|1654548909246|Very high risk
43980465132750|1645250206147|PHONE|false|1649190341240|Significant risk
30786325599439|1629045385512|WIFI|true|1637044338673|Very high risk
26388279088336|1617563347406|IPv4|false|1653584627001|Severe risk
48378511643857|1650816967536|QRCode|false|1669808118193|Severe risk
17592186066130|1607083239760|IPv6|false|1614299486563|Significant risk
57174604666067|1662797659776|ATM|false|1668225811853|Low risk
17592186066132|1605693597666|NFC|false|1634738748622|Minimal risk
30786325599445|1625705610425|RFID|false|1650908017652|Significant risk
21990232577238|1613747668963|NFC|false|1626628414370|Extreme risk
17592186066135|1609615827512|WIFI|false|1632197191690|Extreme risk
39582418621656|1640178793382|QRCode|false|1644052895455|Significant risk
30786325599449|1627512535279|PHONE|false|1644712317323|Severe risk
43980465132762|1643528402946|WIFI|true|1664531732891|Very high risk
39582418621659|1641524059334|NFC|false|1652717656602|Extreme risk
21724|1584333013126|RFID|false|1658302287800|Moderate risk
61572651177181|1672219032694|QRCode|false|1672282945598|High risk
13194139555038|1602075747874|PHONE|false|1620970593579|Minimal risk
43980465132767|1645940366353|QRCode|false|1671327330020|Critical risk
21990232577248|1614313610302|IPv6|false|1645675148653|Low risk
43980465132769|1648483927446|WIFI|false|1658735004688|Moderate risk
39582418621666|1642004804410|IPv4|false|1661932941885|Minimal risk
30786325599459|1625843158054|MAC|false|1638038349883|Critical risk
57174604666084|1664247811162|IPv6|false|1671816460805|Critical risk
21733|1582249043238|RFID|false|1598213998268|High risk
8796093043942|1596879233264|POS|false|1626748290639|High risk
30786325599463|1623995781138|QRCode|false|1660646333983|Minimal risk
21736|1580268402987|RFID|false|1634456079399|High risk
21990232577257|1612053345862|RFID|false|1618526223558|Minimal risk
8796093043946|1591936584958|WIFI|false|1648616685041|Extreme risk
57174604666091|1669024899732|PHONE|false|1670706272825|High risk
52776558154988|1656677897906|MAC|false|1666890735685|Critical risk
21990232577261|1614348823027|QRCode|false|1631271191730|Moderate risk
17592186066158|1607603712454|PHONE|false|1648056094159|High risk
43980465132783|1645701952344|IPv6|false|1646239522956|Extreme risk
39582418621680|1641421793052|MAC|false|1648511816091|Very high risk
35184372110577|1635174582462|ATM|false|1665767502408|Extreme risk
48378511643890|1655893212785|RFID|false|1663893847837|Critical risk
21747|1582969676369|POS|false|1585192171169|Low risk
17592186066164|1603989632691|POS|false|1626611270048|High risk
26388279088373|1622098031916|ATM|false|1669478351103|Severe risk
17592186066166|1606533575196|IPv6|false|1635801711306|Minimal risk
13194139555063|1600866757347|PHONE|false|1615609698096|Extreme risk
13194139555064|1601980658819|POS|false|1607975729032|Critical risk
8796093043961|1593729768550|NFC|false|1664136558646|Moderate risk
43980465132794|1648411314413|MAC|false|1671351810987|Critical risk
39582418621691|1638697867220|QRCode|false|1653481533827|Minimal risk
4398046532860|1589524922075|IPv6|false|1660346339116|Critical risk
21757|1579839161539|POS|false|1664471674373|Moderate risk
21990232577278|1612541940405|MAC|true|1614062120455|Severe risk
39582418621695|1639519547516|MAC|false|1665246956761|Significant risk
30786325599488|1625937558147|IPv6|false|1631904059942|Very high risk
17592186066177|1609914628951|IPv6|false|1622635847098|Critical risk
52776558155010|1657443375203|PHONE|false|1672027414852|Critical risk
61572651177219|1669848146566|POS|false|1669852385613|Minimal risk
17592186066180|1605622870037|NFC|false|1661309278789|Minimal risk
48378511643909|1650067343431|QRCode|false|1652575962574|Minimal risk
43980465132806|1649635218890|IPv6|false|1666912869848|Significant risk
35184372110599|1633359967528|IPv6|false|1650758338064|Extreme risk
26388279088392|1618306871964|IPv6|false|1666283988802|Significant risk
21769|1581357308332|RFID|true|1591145449066|Severe risk
52776558155018|1657464833561|PHONE|false|1665662316578|Very high risk
13194139555083|1603856872370|RFID|false|1664112203139|Extreme risk
48378511643916|1654776679266|QRCode|true|1654995725917|Very high risk
13194139555085|1603454687613|IPv6|false|1647091256091|High risk
26388279088398|1619131796160|NFC|false|1619589803740|Severe risk
26388279088399|1621192772093|RFID|false|1638744053963|Moderate risk
13194139555088|1598715947354|ATM|false|1647216626515|Low risk
52776558155025|1658065497986|MAC|false|1663391414563|Very high risk
4398046532882|1585331838253|POS|false|1666124169827|Extreme risk
39582418621715|1639750033054|IPv6|false|1666881710206|Significant risk
26388279088404|1619701308679|QRCode|false|1645477915294|Significant risk
17592186066197|1604135072325|WIFI|false|1671226476441|Severe risk
26388279088406|1621459959206|ATM|false|1638156456676|Minimal risk
52776558155031|1658505777459|MAC|false|1659185481375|Moderate risk
57174604666136|1668019543411|RFID|false|1670107080132|Low risk
26388279088409|1619805364900|POS|true|1668084055696|Minimal risk
57174604666138|1669156403517|PHONE|false|1671571800631|High risk
39582418621723|1640874455359|IPv4|false|1656606477382|Critical risk
13194139555100|1598093789836|QRCode|false|1643255866943|Moderate risk
52776558155037|1661828870697|PHONE|false|1666386928324|Low risk
21790|1582734535128|WIFI|false|1617717824460|Very high risk
13194139555103|1598298414881|RFID|false|1630216249995|Extreme risk
21990232577312|1612695487633|ATM|false|1653120330491|Moderate risk
21793|1580826152860|IPv6|false|1635023797335|Low risk
8796093044002|1593112029283|MAC|false|1641589454085|Significant risk
17592186066211|1607234193582|QRCode|false|1634989770414|Very high risk
26388279088420|1622348091187|ATM|false|1655049953774|High risk
26388279088421|1621391918854|IPv6|false|1658508720187|High risk
26388279088422|1621694181739|QRCode|false|1645148424205|Moderate risk
39582418621735|1638025217071|NFC|false|1661303142147|Minimal risk
35184372110632|1635869028438|MAC|false|1657377651469|Severe risk
39582418621737|1643103589166|ATM|false|1650366673587|Critical risk
48378511643946|1650087709191|POS|false|1662095128004|Critical risk
21990232577323|1612078772810|PHONE|false|1626524936874|Very high risk
13194139555116|1602048043385|RFID|false|1647792284564|Extreme risk
8796093044013|1595464233082|POS|false|1653753487866|Moderate risk
4398046532910|1586033978939|WIFI|false|1604513158999|Severe risk
48378511643951|1650360104114|RFID|false|1651858611130|Severe risk
48378511643952|1655627800745|IPv4|false|1661687831528|Critical risk
43980465132849|1646641587153|NFC|false|1668213667301|Severe risk
61572651177266|1671618609945|IPv6|false|1671795918732|Moderate risk
13194139555123|1599646009965|POS|false|1651728145136|Low risk
8796093044020|1593180208241|NFC|false|1664613621541|Significant risk
35184372110645|1633234764340|WIFI|false|1663800728376|Moderate risk
26388279088438|1619840085720|MAC|false|1624224634319|Moderate risk
13194139555127|1600408999150|NFC|false|1623858101596|Significant risk
48378511643960|1653766090911|POS|false|1655572732506|High risk
26388279088441|1620878926595|IPv6|false|1638899622595|Very high risk
8796093044026|1597219345403|WIFI|false|1622746136837|Minimal risk
48378511643963|1654024490224|PHONE|false|1666046314297|High risk
61572651177276|1669432623632|WIFI|false|1669696098817|Low risk
26388279088445|1619983287169|PHONE|false|1638437908385|Extreme risk
61572651177278|1670341886876|WIFI|false|1671608341746|Severe risk
4398046532927|1587895863602|WIFI|false|1634781440701|Very high risk
17592186066240|1604605910195|RFID|false|1605117790943|Low risk
61572651177281|1671033238179|RFID|false|1672209928720|High risk
13194139555138|1603172111292|MAC|false|1622410951151|Very high risk
57174604666179|1668275227571|PHONE|false|1671419629030|Significant risk
39582418621764|1641562875166|IPv6|false|1642605425716|Critical risk
57174604666181|1668178948657|MAC|false|1668857954974|Moderate risk
48378511643974|1653646804869|POS|false|1657292600520|Very high risk
8796093044039|1591631233564|ATM|false|1603998595828|High risk
26388279088456|1620492767986|IPv6|false|1665957001675|Critical risk
57174604666185|1666692974829|IPv6|false|1669292955018|Severe risk
30786325599562|1628383620188|NFC|false|1646872221611|Critical risk
39582418621771|1639291170814|ATM|false|1668988790004|High risk
48378511643980|1652047847379|RFID|false|1662610150577|Critical risk
21837|1580089349835|POS|false|1599897717969|Significant risk
48378511643982|1655436421391|QRCode|false|1669747618799|Significant risk
4398046532943|1585412391570|ATM|false|1604793045187|Low risk
43980465132880|1648516056094|NFC|false|1655853076340|Extreme risk
8796093044049|1597113678408|RFID|false|1616700202976|Severe risk
21842|1579014293469|ATM|false|1661564416511|High risk
52776558155091|1659575697220|PHONE|false|1668586302044|Severe risk
57174604666196|1665680215863|QRCode|false|1670085236177|Extreme risk
21845|1583914854811|ATM|false|1608191682470|High risk
52776558155094|1660970629734|PHONE|false|1671914288986|Severe risk
21847|1581845043374|IPv4|false|1609038465423|Severe risk
8796093044056|1591787926142|PHONE|false|1632640343410|Low risk
4398046532953|1587460435189|POS|false|1671551720954|Moderate risk
26388279088474|1623368851999|NFC|false|1645996737598|High risk
43980465132891|1647738760058|MAC|false|1670779146893|Significant risk
8796093044060|1593531997107|ATM|false|1651611263715|Moderate risk
43980465132893|1645027675523|POS|false|1654822274803|Moderate risk
52776558155102|1658141725322|PHONE|false|1667926469835|Very high risk
52776558155103|1657722014915|IPv4|false|1664896780084|Low risk
21990232577376|1615955391844|IPv6|false|1644920755006|Critical risk
35184372110689|1635550425084|PHONE|false|1651398402544|Low risk
35184372110690|1633433375663|NFC|false|1651494956952|Very high risk
39582418621795|1640738211728|NFC|false|1652845176584|Moderate risk
35184372110692|1633407852016|RFID|false|1662522107776|Moderate risk
13194139555173|1601677571669|WIFI|false|1652670763931|Critical risk
48378511644006|1655272319512|POS|false|1670177234036|High risk
52776558155111|1659490472240|QRCode|false|1663029496679|Very high risk
57174604666216|1667738714910|MAC|false|1668404913295|Moderate risk
30786325599593|1625795061540|WIFI|false|1626290763025|Very high risk
13194139555178|1599255154452|QRCode|false|1616674220292|Moderate risk
13194139555179|1600679386408|QRCode|false|1625567145094|Low risk
21868|1581334852148|IPv4|false|1634789688637|Low risk
48378511644013|1652062093240|PHONE|true|1667364527562|Very high risk
48378511644014|1652496588965|POS|false|1664419464367|High risk
39582418621807|1636734352056|POS|false|1660312193842|High risk
26388279088496|1623322807079|IPv6|false|1628249052585|Significant risk
35184372110705|1632548434875|MAC|false|1649069228799|Low risk
43980465132914|1646425597697|PHONE|false|1656967505945|High risk
17592186066291|1606547653322|RFID|false|1642371642321|Very high risk
4398046532980|1585390585570|ATM|false|1670678004771|Low risk
17592186066293|1607000083530|WIFI|false|1640302353393|Minimal risk
30786325599606|1629237939350|POS|false|1658038324764|Low risk
21990232577399|1613217910636|POS|false|1633691081007|Moderate risk
21990232577400|1614213933109|QRCode|false|1615534770880|Moderate risk
13194139555193|1601798319953|RFID|false|1606940019244|Minimal risk
35184372110714|1636321747428|RFID|false|1638570724530|Low risk
26388279088507|1620423040774|QRCode|false|1639181531564|Low risk
30786325599612|1628653129012|PHONE|false|1656315322703|Severe risk
17592186066301|1607368712893|NFC|true|1672281977861|Moderate risk
35184372110718|1633969823198|ATM|false|1641999371441|Minimal risk
13194139555199|1601375489296|POS|false|1607432177061|Minimal risk
30786325599616|1628375623963|ATM|false|1643176544934|Moderate risk
17592186066305|1607086515316|IPv6|false|1654094629385|Extreme risk
21890|1583462656119|POS|false|1632153602362|Extreme risk
48378511644035|1651204423011|RFID|false|1664976622530|Minimal risk
8796093044100|1597061170980|IPv6|false|1663515807163|Moderate risk
35184372110725|1631557146315|QRCode|false|1644112094496|Moderate risk
21990232577414|1612647965961|POS|false|1627078718253|Extreme risk
48378511644039|1653473403494|PHONE|false|1663303243386|Moderate risk
8796093044104|1591408082890|ATM|false|1611465589969|Minimal risk
30786325599625|1626553134457|RFID|false|1640846474355|Moderate risk
8796093044106|1591261744438|MAC|false|1630513392697|Critical risk
43980465132939|1647433973591|RFID|false|1659185321708|Moderate risk
35184372110732|1633675000529|IPv4|false|1638993664059|High risk
8796093044109|1592500373626|IPv6|false|1612106417675|Extreme risk
21902|1582819930932|WIFI|false|1582918644852|High risk
61572651177359|1671649036131|IPv6|false|1671671034586|Minimal risk
39582418621840|1641098612691|WIFI|false|1650352414262|Moderate risk
21990232577425|1610866821276|RFID|false|1611770665166|Moderate risk
39582418621842|1640934652190|PHONE|false|1647091913371|Severe risk
21990232577427|1610818989296|NFC|false|1644318934096|Severe risk
48378511644052|1652253020231|MAC|false|1666632437766|Minimal risk
61572651177365|1669559058144|IPv6|false|1669948888757|Significant risk
43980465132950|1647758717305|IPv4|false|1653802270857|Minimal risk
61572651177367|1669649865360|QRCode|false|1671016075765|High risk
61572651177368|1669483329238|PHONE|true|1670006770238|Severe risk
8796093044121|1593837940757|POS|false|1600171998575|Critical risk
8796093044122|1591995649401|RFID|false|1651936540391|Very high risk
8796093044123|1593472180532|QRCode|false|1614677621284|Significant risk
48378511644060|1652869749549|WIFI|false|1670275647211|Minimal risk
8796093044125|1597240955861|POS|true|1657044280800|High risk
48378511644062|1652723878970|PHONE|false|1670728892219|Low risk
8796093044127|1592963892684|NFC|false|1660176399862|Minimal risk
13194139555232|1597594100101|PHONE|false|1659639726040|Critical risk
26388279088545|1621185461162|WIFI|false|1660709682268|Critical risk
4398046533026|1587060542574|IPv4|false|1598948011601|Very high risk
43980465132963|1644342723057|IPv4|false|1660162743089|Moderate risk
57174604666276|1665142763760|IPv6|false|1667723355638|Minimal risk
35184372110757|1633597743339|PHONE|false|1634356724682|Significant risk
35184372110758|1634848874577|IPv4|false|1665574342824|Low risk
30786325599655|1626900198139|RFID|false|1632476974570|Severe risk
13194139555240|1599072561390|QRCode|false|1602234125425|Minimal risk
21929|1580685041569|POS|false|1644777519572|Low risk
52776558155178|1656931555086|RFID|false|1664639396851|Very high risk
17592186066347|1604595191689|NFC|false|1667961999716|High risk
4398046533036|1588725687346|ATM|false|1612757097541|Critical risk
17592186066349|1610280019809|IPv4|false|1669164500210|Very high risk
4398046533038|1590383761129|QRCode|false|1614788640320|Critical risk
21935|1578491911591|PHONE|false|1671252071607|Minimal risk
17592186066352|1607201172088|IPv4|false|1670040099300|Extreme risk
17592186066353|1608765793795|PHONE|false|1623160785304|Critical risk
26388279088562|1618278879350|POS|true|1628068791690|Critical risk
26388279088563|1622311040497|POS|false|1647208466290|Significant risk
13194139555252|1603175549807|NFC|false|1657087194545|Moderate risk
8796093044149|1591986726589|PHONE|false|1605826022583|Significant risk
57174604666294|1663444698625|PHONE|false|1671966126967|Extreme risk
35184372110775|1634849102262|POS|true|1639475027311|High risk
39582418621880|1641545941370|RFID|false|1651053971811|Significant risk
8796093044153|1594325652977|QRCode|false|1655285316496|Low risk
26388279088570|1622352032628|RFID|false|1634814948891|High risk
30786325599675|1629117767751|NFC|false|1665888139484|Critical risk
57174604666300|1665005191056|IPv4|false|1667417623892|Extreme risk
35184372110781|1636277324623|NFC|false|1656941898329|Extreme risk
21990232577470|1611429785766|QRCode|false|1661263209134|Moderate risk
21990232577471|1616070673421|ATM|false|1628609613318|Moderate risk
21952|1578552788886|NFC|false|1601277107319|Critical risk
39582418621889|1638512835023|ATM|false|1646171413704|Very high risk
48378511644098|1653550861209|PHONE|false|1666053769469|High risk
43980465132995|1643411639326|IPv6|true|1643802174806|Minimal risk
57174604666308|1663625820821|NFC|false|1668910808065|Moderate risk
61572651177413|1672081407833|MAC|false|1672111842317|Extreme risk
43980465132998|1645543947146|IPv6|false|1670302284292|Severe risk
39582418621895|1640856396067|MAC|false|1672038915508|Significant risk
57174604666312|1665556179839|QRCode|false|1666322965588|Significant risk
52776558155209|1659812867944|NFC|false|1668454102407|Very high risk
21990232577482|1614663742463|QRCode|false|1620933896581|Critical risk
57174604666315|1663598281302|IPv4|false|1671686528222|Moderate risk
48378511644108|1653587239685|RFID|false|1668500830304|Low risk
8796093044173|1591970061321|IPv6|false|1664047708066|Minimal risk
48378511644110|1655051526347|QRCode|false|1666134188807|Significant risk
48378511644111|1654358538221|IPv6|true|1666973869287|Critical risk
13194139555280|1597639594152|PHONE|false|1636481757723|Significant risk
61572651177425|1671758357827|POS|false|1672055280301|Low risk
61572651177426|1670671672546|POS|false|1671572207235|Extreme risk
39582418621907|1642948240166|PHONE|false|1671575020726|Critical risk
17592186066388|1604196801488|PHONE|false|1612447515515|Significant risk
21973|1582232451295|WIFI|false|1587113679232|Low risk
30786325599702|1623907313113|POS|false|1647977263484|High risk
43980465133015|1647428628604|ATM|false|1651996365393|Very high risk
4398046533080|1587430477887|POS|false|1629442078555|Critical risk
35184372110809|1632808895316|POS|false|1653612193816|Severe risk
13194139555290|1599746512341|MAC|false|1616645389215|Severe risk
4398046533083|1587866212169|IPv4|false|1669907057764|Low risk
43980465133020|1646382245170|NFC|false|1656276702975|Minimal risk
13194139555293|1602141974813|POS|false|1603436225258|Critical risk
26388279088606|1621453510523|ATM|false|1649765560242|Very high risk
21983|1579256417636|IPv4|false|1601702726312|Moderate risk
4398046533088|1590117215752|MAC|false|1645768969511|Extreme risk
4398046533089|1590815899340|RFID|false|1600132660458|Significant risk
21990232577506|1616826936563|POS|false|1626519810284|Minimal risk
48378511644131|1655657431081|WIFI|false|1657737928505|Minimal risk
39582418621924|1642365873696|IPv4|false|1659571141671|Severe risk
13194139555301|1598913044201|RFID|false|1665656836577|Minimal risk
57174604666342|1666431724478|IPv6|false|1666957647245|Severe risk
43980465133031|1648876587970|IPv4|false|1668066181437|Significant risk
8796093044200|1592951594743|RFID|false|1654957384122|Minimal risk
39582418621929|1637133420205|IPv4|false|1649267839985|Severe risk
57174604666346|1666553945226|PHONE|false|1669902165576|Significant risk
21995|1583381934953|QRCode|false|1670939199770|Moderate risk
21996|1578834387645|QRCode|true|1584686806727|Moderate risk
17592186066413|1606468799703|QRCode|false|1649049863723|Low risk
13194139555310|1597843880722|WIFI|false|1635378722312|Minimal risk
8796093044207|1596109838676|MAC|false|1634722362495|Moderate risk
39582418621936|1640925882926|IPv6|false|1666046007468|Low risk
4398046533105|1587887255720|IPv6|false|1671611105908|High risk
13194139555314|1603602261914|MAC|false|1630564509440|Extreme risk
43980465133043|1643892997579|RFID|false|1666546223188|Critical risk
52776558155252|1656519072997|IPv6|false|1668903065927|Minimal risk
52776558155253|1657368890798|WIFI|false|1670458271585|Critical risk
22006|1583341577810|PHONE|false|1641334876219|Low risk
26388279088631|1618649128448|RFID|false|1633737388177|Minimal risk
26388279088632|1619708803997|ATM|false|1653709338216|Low risk
52776558155257|1659309851175|RFID|false|1669907750576|Minimal risk
61572651177466|1671896714044|RFID|false|1672083326549|Moderate risk
57174604666363|1667165614961|ATM|false|1668508585306|Significant risk
35184372110844|1635635449992|ATM|true|1646237291606|High risk
48378511644157|1650308775316|ATM|false|1662294585953|Significant risk
43980465133054|1646831367848|IPv6|false|1669966707091|Minimal risk
43980465133055|1644622508308|MAC|false|1653923575301|Extreme risk
13194139555328|1598153528096|IPv4|false|1618256210393|Low risk
39582418621953|1639946089573|PHONE|true|1671354548680|Significant risk
22018|1581543483602|MAC|false|1626044784959|Extreme risk
13194139555331|1601385774067|QRCode|false|1663462632103|Very high risk
61572651177476|1671748262124|PHONE|true|1672514726665|Severe risk
26388279088645|1623358878895|RFID|true|1654369603670|Minimal risk
48378511644166|1650877860003|PHONE|false|1665769184223|Critical risk
8796093044231|1594690479075|PHONE|false|1636212602118|Low risk
52776558155272|1662476353160|MAC|false|1666382149626|Minimal risk
22025|1578483881726|MAC|false|1581025960180|Critical risk
26388279088650|1619477351022|NFC|false|1652929149716|Significant risk
26388279088651|1619669583618|IPv6|false|1639619429277|Severe risk
8796093044236|1597414945320|POS|false|1634908204402|Minimal risk
22029|1581063884379|WIFI|false|1600436556050|Minimal risk
22030|1583355363301|IPv6|false|1620240625854|Significant risk
13194139555343|1598327776753|WIFI|false|1668972507181|Low risk
26388279088656|1618294402237|RFID|false|1637584523822|High risk
35184372110865|1632056235112|ATM|false|1669958964161|Severe risk
22034|1583253207303|IPv6|false|1633148502367|Moderate risk
13194139555347|1601148570912|PHONE|false|1659371019814|High risk
8796093044244|1594381417546|RFID|false|1611465958791|Moderate risk
52776558155285|1657000867587|MAC|false|1670404452974|Critical risk
39582418621974|1642694758780|IPv6|false|1668580912422|Extreme risk
30786325599767|1626085055491|NFC|false|1640702159830|Low risk
26388279088664|1623245020209|IPv4|false|1667503793400|Low risk
22041|1584367131545|NFC|false|1587327862404|Severe risk
4398046533146|1589496552101|POS|true|1610058587534|Severe risk
39582418621979|1638024644864|ATM|true|1650570498793|Very high risk
39582418621980|1637808157832|ATM|false|1654384161614|Very high risk
26388279088669|1617874975155|IPv6|false|1635180941093|High risk
39582418621982|1639745892823|IPv4|false|1658854338872|Extreme risk
35184372110879|1633104404422|MAC|false|1650330758681|Extreme risk
21990232577568|1616973577711|QRCode|false|1653550610921|Extreme risk
17592186066465|1608305489059|QRCode|false|1618608289211|Low risk
35184372110882|1635426867689|PHONE|false|1653268912795|High risk
43980465133091|1645484627188|IPv6|false|1671975209516|High risk
57174604666404|1663009212828|IPv6|false|1670031222077|Severe risk
22053|1579736950317|WIFI|true|1636734263309|Severe risk
30786325599782|1625309399362|ATM|true|1662267816428|Significant risk
30786325599783|1628336977207|RFID|false|1670818056483|Severe risk
17592186066472|1605503574874|QRCode|false|1658505797083|High risk
17592186066473|1610137107692|QRCode|false|1625489130365|Significant risk
43980465133098|1644955770308|QRCode|false|1646236348421|Moderate risk
22059|1584036255383|NFC|false|1616158979989|Significant risk
4398046533164|1588028475203|MAC|false|1671407875172|Significant risk
57174604666413|1664026788893|POS|true|1666406808512|Low risk
17592186066478|1604206275958|WIFI|false|1660859195197|Low risk
22063|1581056630385|POS|false|1669075869263|Minimal risk
52776558155312|1661066957605|POS|false|1661904438298|Severe risk
30786325599793|1629535726086|MAC|false|1629714717210|High risk
61572651177522|1671258656313|WIFI|false|1671869630442|Moderate risk
43980465133107|1649529940438|PHONE|false|1670457008225|Low risk
22068|1580078306561|POS|false|1671733534140|Severe risk
52776558155317|1659125446190|WIFI|false|1662633325566|High risk
30786325599798|1629425452994|RFID|false|1643825409508|High risk
57174604666423|1668103486740|WIFI|false|1669146308599|Extreme risk
52776558155320|1658478934095|NFC|false|1662148692219|High risk
30786325599801|1626834251193|QRCode|false|1655179509608|Extreme risk
57174604666426|1667308905840|MAC|false|1670680487036|Significant risk
26388279088699|1620415416061|MAC|false|1651779145765|Moderate risk
48378511644220|1651817618839|IPv4|false|1656890397835|Severe risk
4398046533181|1587381287659|WIFI|false|1642464257927|Severe risk
17592186066494|1604980916978|MAC|false|1628064565019|Extreme risk
4398046533183|1589771323311|QRCode|false|1617696887069|High risk
43980465133120|1645064790879|ATM|false|1663109509515|Severe risk
57174604666433|1663994094357|IPv4|false|1668756020043|Minimal risk
4398046533186|1585258986076|IPv4|false|1645110558509|High risk
17592186066499|1605676716479|NFC|false|1607347267906|Very high risk
8796093044292|1591008115817|WIFI|false|1648957559575|Very high risk
39582418622021|1639197169437|NFC|false|1652651378760|Very high risk
57174604666438|1664893860355|RFID|false|1666764058495|Critical risk
4398046533191|1588396658641|WIFI|false|1646575665245|Very high risk
4398046533192|1586848625041|IPv4|false|1596539221520|Significant risk
21990232577609|1615576090879|WIFI|false|1664642035296|Critical risk
39582418622026|1642282314753|PHONE|false|1646223532331|Very high risk
35184372110923|1631148262677|IPv6|false|1670726873880|High risk
4398046533196|1587900178337|PHONE|false|1647762541777|High risk
57174604666445|1663936880432|ATM|false|1669552608977|Low risk
48378511644238|1652028954607|MAC|false|1659057067399|Severe risk
61572651177551|1672245066395|QRCode|false|1672339050017|Low risk
30786325599824|1624747470034|RFID|false|1669980088482|Extreme risk
48378511644241|1652946917270|ATM|false|1664457570207|Extreme risk
57174604666450|1667219425249|POS|false|1668252056021|Low risk
13194139555411|1597447493392|PHONE|false|1613306576032|Moderate risk
22100|1581013511100|IPv6|false|1629611768836|Significant risk
52776558155349|1662110408788|IPv4|false|1664494121227|Significant risk
48378511644246|1653185856455|IPv6|false|1657101240539|Extreme risk
35184372110935|1631405414637|POS|false|1634527319002|Significant risk
35184372110936|1630827938057|PHONE|false|1651048260935|Severe risk
43980465133145|1643713298143|POS|false|1650632642595|Low risk
8796093044314|1590960690371|RFID|false|1636216583014|Significant risk
48378511644251|1651322759359|IPv6|false|1665990908153|Minimal risk
30786325599836|1626899245231|IPv4|true|1657373721440|Very high risk
26388279088733|1622055958045|IPv4|false|1648245952488|Low risk
8796093044318|1593355847446|WIFI|false|1611739339154|Significant risk
21990232577631|1615244306413|ATM|false|1630379276564|Critical risk
30786325599840|1624493648690|MAC|false|1634858837388|Very high risk
17592186066529|1609214700692|PHONE|false|1630685945678|Significant risk
57174604666466|1663478746919|IPv4|false|1664718283785|Moderate risk
21990232577635|1615472799677|IPv4|false|1662760194424|High risk
43980465133156|1645978991176|MAC|false|1664258048719|Extreme risk
30786325599845|1624759004756|RFID|false|1665769312242|High risk
17592186066534|1608808692071|PHONE|false|1617055659356|High risk
43980465133159|1644230645586|RFID|false|1651726301235|Low risk
13194139555432|1601924588601|IPv6|false|1655963650594|Low risk
26388279088745|1618802834840|RFID|false|1645962620926|Low risk
57174604666474|1666958071761|ATM|false|1670855329774|Moderate risk
43980465133163|1649260477157|NFC|false|1669256688746|Severe risk
57174604666476|1666367550956|WIFI|false|1667452022867|Low risk
43980465133165|1649011905228|IPv6|false|1671650156964|Significant risk
30786325599854|1628044440774|ATM|false|1632957144877|Extreme risk
61572651177583|1672223424065|WIFI|false|1672355177414|High risk
30786325599856|1628428645928|WIFI|false|1636150504675|Critical risk
17592186066545|1606586628056|IPv6|false|1651791808613|Low risk
39582418622066|1637752476203|ATM|false|1646446066600|Very high risk
13194139555443|1601697082354|ATM|false|1646169513375|Extreme risk
30786325599860|1627982776580|PHONE|false|1640623292973|Low risk
57174604666485|1669123928356|POS|false|1669675411281|Minimal risk
43980465133174|1643539249614|RFID|false|1645987377790|Very high risk
52776558155383|1661018215557|RFID|true|1663729740791|Severe risk
43980465133176|1646623277560|IPv6|false|1651852402629|Low risk
26388279088761|1619995010569|QRCode|false|1640860696971|Critical risk
21990232577658|1614771533403|PHONE|false|1648285691001|Severe risk
48378511644283|1655244697960|POS|false|1670055939598|Severe risk
35184372110972|1632113294209|IPv4|false|1663260246575|Minimal risk
26388279088765|1619426845477|RFID|true|1642922142298|Severe risk
30786325599870|1624139136590|NFC|false|1632894595883|Moderate risk
30786325599871|1626093496668|ATM|false|1660221817198|Extreme risk
21990232577664|1613371556426|IPv6|false|1649631155985|Extreme risk
21990232577665|1612767372234|NFC|true|1620339754205|Severe risk
43980465133186|1648652334544|POS|false|1659414225836|Significant risk
22147|1579771349478|RFID|false|1586721419489|Critical risk
48378511644292|1651400380184|ATM|false|1664319281810|Moderate risk
22149|1581049954920|IPv6|false|1630759458710|Critical risk
48378511644294|1651433966829|IPv4|false|1657567269938|Minimal risk
35184372110983|1636171482614|MAC|false|1657005799386|Moderate risk
48378511644296|1655126546453|RFID|false|1667292607977|High risk
26388279088777|1623154433095|PHONE|true|1635679409969|Significant risk
30786325599882|1625247182165|WIFI|false|1635407621708|Significant risk
26388279088779|1621331196479|ATM|false|1654404515632|Severe risk
35184372110988|1632751878171|WIFI|false|1653846092585|Very high risk
26388279088781|1623168054563|RFID|false|1653610369745|Very high risk
48378511644302|1656090364799|IPv4|false|1664820069168|Very high risk
22159|1583492972255|WIFI|false|1600663542804|Low risk
61572651177616|1670928260058|RFID|false|1671693853036|Minimal risk
8796093044369|1591980988222|QRCode|false|1602765524256|Critical risk
21990232577682|1616964388840|IPv6|false|1667847007654|Critical risk
35184372110995|1634896513635|PHONE|false|1657064538743|Minimal risk
30786325599892|1623658097846|NFC|true|1626350559162|Extreme risk
17592186066581|1606849044985|PHONE|false|1620189434157|Critical risk
57174604666518|1668906260561|IPv6|false|1671785397343|Moderate risk
17592186066583|1607017718645|IPv6|false|1607829761371|Very high risk
35184372111000|1635164738070|MAC|false|1646731518396|Minimal risk
21990232577689|1614006056865|POS|false|1626833325947|Very high risk
17592186066586|1605284850998|RFID|false|1614672665944|Moderate risk
30786325599899|1627755327813|RFID|false|1633657945158|Critical risk
61572651177628|1670747539951|QRCode|false|1672422935177|Very high risk
52776558155421|1662079092762|IPv4|false|1667595022933|Moderate risk
35184372111006|1631135357625|QRCode|false|1663909301282|Moderate risk
21990232577695|1612381019096|WIFI|false|1651500093669|Severe risk
13194139555488|1603216724590|IPv6|false|1665691718268|Minimal risk
39582418622113|1640495919779|RFID|false|1651468238797|Severe risk
26388279088802|1619421894815|WIFI|false|1628125580196|Extreme risk
13194139555491|1601075825870|QRCode|false|1614527872135|Critical risk
39582418622116|1641871598698|MAC|false|1643413084053|Severe risk
17592186066597|1610162420278|IPv6|false|1633216114377|Significant risk
35184372111014|1631497042839|PHONE|false|1641785779553|High risk
61572651177639|1670414813443|WIFI|false|1671506667093|Severe risk
22184|1583111853398|ATM|false|1665018665139|Very high risk
57174604666537|1663181543018|QRCode|false|1668302990188|Very high risk
48378511644330|1655266304168|RFID|false|1658410827331|Moderate risk
35184372111019|1631033025536|MAC|false|1639410415103|Minimal risk
26388279088812|1620152894131|ATM|false|1623867479192|Extreme risk
17592186066605|1604531239583|NFC|false|1605140428500|Minimal risk
52776558155438|1661767215294|RFID|false|1663672355008|Low risk
8796093044399|1596022402145|IPv6|true|1621166777458|Moderate risk
43980465133232|1649376623357|QRCode|false|1664774695897|Critical risk
35184372111025|1634251903803|QRCode|false|1637807410297|Minimal risk
21990232577714|1614681641007|QRCode|false|1651881837513|Extreme risk
39582418622131|1639456419070|PHONE|false|1640992957050|Critical risk
43980465133236|1648217593188|POS|false|1663110305179|Critical risk
43980465133237|1646649339727|QRCode|false|1646798136671|Very high risk
21990232577718|1616323946906|IPv6|false|1635506040380|Moderate risk
35184372111031|1631256694772|WIFI|false|1647156754418|Low risk
52776558155448|1657309709764|MAC|false|1666504244651|Severe risk
35184372111033|1631735503361|IPv4|false|1652347553569|Severe risk
30786325599930|1623582922273|IPv6|false|1671930203741|Minimal risk
48378511644347|1653352482798|NFC|false|1671097197892|Moderate risk
21990232577724|1613087951590|IPv6|false|1647952218979|Severe risk
35184372111037|1634531206294|WIFI|false|1665472745428|Minimal risk
26388279088830|1621834682007|QRCode|false|1642167581667|Extreme risk
35184372111039|1634794246198|QRCode|false|1658907289632|Significant risk
43980465133248|1644072837580|NFC|false|1661291012312|Significant risk
57174604666561|1666963171739|IPv6|false|1671520006366|Moderate risk
8796093044418|1595795001100|WIFI|false|1620395510805|Extreme risk
61572651177667|1671830348814|ATM|false|1672152781901|Very high risk
21990232577732|1612413031798|IPv4|false|1668480851269|Extreme risk
35184372111045|1636489780434|QRCode|false|1654028641676|Extreme risk
61572651177670|1670612446968|WIFI|true|1671221001426|Significant risk
13194139555527|1601251845372|MAC|false|1666046397053|Very high risk
52776558155464|1659309203724|RFID|false|1662315820858|Extreme risk
8796093044425|1596117261499|MAC|false|1624293019454|Low risk
4398046533322|1584803705855|NFC|false|1654914855694|Low risk
17592186066635|1608354150991|RFID|false|1634799470430|Low risk
48378511644364|1651278666540|PHONE|false|1652369450469|Extreme risk
35184372111053|1632927574941|QRCode|false|1671343815333|Severe risk
39582418622158|1638119014585|POS|true|1671682770362|Significant risk
26388279088847|1622745894933|POS|false|1661840064824|Very high risk
4398046533328|1590866465183|PHONE|false|1628518104164|Critical risk
26388279088849|1621545945890|WIFI|false|1661383336593|Low risk
43980465133266|1648354475582|PHONE|false|1667162453875|Significant risk
21990232577747|1610530329587|ATM|false|1655484803495|Severe risk
30786325599956|1625788180115|WIFI|false|1650935006900|Very high risk
13194139555541|1602464213036|IPv4|false|1655069261078|Moderate risk
48378511644374|1652433676611|RFID|true|1655919871705|Extreme risk
17592186066647|1606739716207|WIFI|false|1609737611415|Significant risk
61572651177688|1669569463881|QRCode|false|1671535257437|High risk
26388279088857|1619529295098|PHONE|false|1620790132648|Low risk
22234|1584331564445|ATM|false|1671729784426|Severe risk
57174604666587|1662895818610|ATM|true|1670923810603|Moderate risk
30786325599964|1626334961675|IPv4|false|1629409574288|Very high risk
26388279088861|1621339922222|QRCode|false|1664849251421|Low risk
61572651177694|1670847154354|NFC|false|1671493622204|Very high risk
48378511644383|1656063882060|RFID|false|1666796659689|High risk
21990232577760|1614523732603|IPv6|false|1653121589872|Low risk
30786325599969|1626716651117|MAC|false|1656795548214|Severe risk
22242|1582885336113|IPv6|false|1610590144062|High risk
22243|1579817778330|RFID|true|1619143425415|Low risk
61572651177700|1670217601986|WIFI|false|1671421619020|Minimal risk
57174604666597|1668708073564|MAC|false|1670327511545|Very high risk
17592186066662|1604468149396|PHONE|false|1669233388468|Very high risk
22247|1578613840878|IPv4|false|1638772892209|Low risk
21990232577768|1612296515503|RFID|false|1628099632700|Significant risk
22249|1579880395308|NFC|false|1640972731769|High risk
43980465133290|1643839122783|IPv4|true|1668418706857|High risk
57174604666603|1667039613335|QRCode|false|1667587019680|Extreme risk
17592186066668|1606726665994|IPv4|false|1653967095398|Very high risk
21990232577773|1611658645853|POS|false|1640411478332|Very high risk
48378511644398|1650904397340|IPv6|false|1664699747084|Very high risk
21990232577775|1616289992709|IPv4|false|1643062700453|Very high risk
30786325599984|1623693200407|QRCode|false|1651715138857|Minimal risk
43980465133297|1646914410144|ATM|true|1658758841621|Very high risk
17592186066674|1609245578963|PHONE|false|1642323176091|High risk
17592186066675|1607943949118|WIFI|false|1648250410162|High risk
22260|1582728245848|IPv4|false|1612397174477|Extreme risk
22261|1583404950852|RFID|false|1620262791514|Critical risk
57174604666614|1666504185181|RFID|true|1670545328674|Extreme risk
22263|1582310047687|MAC|false|1643665431936|Critical risk
8796093044472|1595962233662|POS|false|1671239383983|Significant risk
61572651177721|1669847122841|ATM|false|1670008995013|Extreme risk
13194139555578|1601359205420|WIFI|false|1612136884626|Very high risk
8796093044475|1593496082879|RFID|false|1649050053521|Very high risk
4398046533372|1586554947682|ATM|false|1658811033888|High risk
57174604666621|1666017891327|RFID|false|1669406740028|Significant risk
48378511644414|1652927366302|IPv4|false|1666828445380|Low risk
4398046533375|1585444429874|NFC|false|1655714509617|Minimal risk
22272|1583548071882|PHONE|false|1640269789891|Severe risk
22273|1578616651431|POS|false|1610525093730|Minimal risk
39582418622210|1638326961411|NFC|false|1670773595860|Very high risk
8796093044483|1594786582239|IPv6|false|1632330111305|Minimal risk
39582418622212|1641909434909|IPv6|false|1661434557154|Minimal risk
21990232577797|1611959260566|NFC|false|1641102134375|Critical risk
57174604666630|1668712628743|ATM|false|1670192276891|Significant risk
61572651177735|1672346178523|QRCode|false|1672360729131|Significant risk
52776558155528|1656434805350|NFC|false|1668133362789|Extreme risk
30786325600009|1627808345925|ATM|true|1672414516618|High risk
8796093044490|1590932445553|PHONE|false|1663315282930|Critical risk
21990232577803|1613456586366|NFC|false|1626122554611|Moderate risk
8796093044492|1595716042728|QRCode|false|1641802590403|Very high risk
43980465133325|1646422383977|PHONE|false|1661676777873|Severe risk
22286|1583458079661|IPv4|false|1613929105723|Low risk
30786325600015|1625290879558|POS|false|1636990837298|Minimal risk
8796093044496|1593491206739|RFID|false|1594815976280|Very high risk
21990232577809|1616311806303|WIFI|false|1654461985937|Critical risk
30786325600018|1625764358501|IPv4|false|1632679544501|Severe risk
13194139555603|1602409233102|POS|false|1656256797955|Very high risk
43980465133332|1645500732269|MAC|false|1665994632686|Very high risk
30786325600021|1628386013620|WIFI|false|1640761276112|Severe risk
4398046533398|1589377868483|PHONE|false|1663130339386|Significant risk
17592186066711|1608149303971|PHONE|false|1640511031075|Severe risk
21990232577816|1612928682938|NFC|false|1634189681842|High risk
4398046533401|1587832108791|RFID|false|1606068231462|Extreme risk
13194139555610|1599354363775|IPv6|false|1663886910751|Moderate risk
57174604666651|1666772388469|MAC|false|1672221258012|Very high risk
48378511644444|1650638101177|IPv6|false|1670141087063|High risk
43980465133341|1648319348730|NFC|false|1651406291036|Extreme risk
52776558155550|1662533529312|IPv6|false|1669985982362|Severe risk
35184372111135|1630951473923|QRCode|false|1651096947767|Severe risk
30786325600032|1627881222265|IPv4|false|1633959936201|Very high risk
17592186066721|1609754714401|IPv6|false|1615523323442|Minimal risk
4398046533410|1584584598528|WIFI|false|1657285018575|Critical risk
57174604666659|1663640919784|IPv6|false|1670603004841|Very high risk
48378511644452|1651420148012|IPv4|false|1654540796974|Low risk
61572651177765|1671874509313|RFID|false|1672119362465|Very high risk
13194139555622|1598710761542|QRCode|false|1635530523932|Very high risk
21990232577831|1614850435380|MAC|false|1656877762747|High risk
48378511644456|1652287653665|IPv6|false|1670752612637|Moderate risk
52776558155561|1660535573555|POS|false|1666749935398|Low risk
52776558155562|1662479586574|IPv4|false|1668150310775|Low risk
21990232577835|1615466045721|NFC|false|1630929302183|Very high risk
8796093044524|1592938303722|ATM|false|1596910725415|Significant risk
48378511644461|1650352345055|WIFI|false|1665302129511|Very high risk
57174604666670|1662781141239|QRCode|false|1669233350716|Extreme risk
4398046533423|1590302058782|PHONE|false|1598516496939|Low risk
48378511644464|1649987708046|NFC|false|1665327017256|Very high risk
39582418622257|1637823122637|NFC|false|1663424077860|High risk
13194139555634|1598225217464|WIFI|false|1631985857422|Low risk
30786325600051|1629495257462|QRCode|false|1638416109334|Minimal risk
4398046533428|1588747802876|POS|false|1627448386349|Very high risk
43980465133365|1648513098854|QRCode|false|1665685417429|Extreme risk
39582418622262|1641396251937|IPv6|false|1658376222288|Significant risk
4398046533431|1584950741615|ATM|false|1588179015752|Minimal risk
17592186066744|1605671384953|QRCode|false|1639948458881|Extreme risk
26388279088953|1617886874304|MAC|false|1642591584285|Very high risk
21990232577850|1612097517819|IPv6|false|1644102353166|Critical risk
43980465133371|1649144697008|NFC|true|1651549137780|High risk
26388279088956|1620902711446|POS|false|1640897246706|Severe risk
52776558155581|1658671389587|POS|false|1668643086902|Low risk
17592186066750|1604810554877|IPv6|false|1626271451831|Moderate risk
35184372111167|1633634150630|MAC|false|1659748100564|High risk
22336|1578356328145|IPv4|false|1628521609533|Minimal risk
57174604666689|1668351293873|RFID|false|1670391531893|Critical risk
8796093044546|1597187097765|WIFI|false|1663897607005|Severe risk
61572651177795|1670942708662|PHONE|false|1671486050362|Critical risk
4398046533444|1585205922615|IPv6|false|1644731264344|High risk
43980465133381|1645938269387|NFC|false|1649049535069|Significant risk
43980465133382|1646861288069|QRCode|false|1670415212219|Significant risk
17592186066759|1609038458527|WIFI|false|1617941244470|Severe risk
21990232577864|1616435892802|QRCode|false|1641918878112|Minimal risk
22345|1581545677019|ATM|false|1589477052007|Moderate risk
48378511644490|1651753961285|PHONE|false|1659077676008|High risk
57174604666699|1663940853286|RFID|false|1664264133792|Moderate risk
57174604666700|1667247985917|NFC|false|1667422927826|High risk
35184372111181|1635591385492|MAC|true|1667510091583|Minimal risk
4398046533454|1588888890924|WIFI|false|1651424604901|Moderate risk
39582418622287|1636847616364|ATM|false|1660228567454|Very high risk
30786325600080|1626403036855|IPv6|false|1633475791703|Moderate risk
22353|1582315104870|WIFI|false|1622666127616|Low risk
17592186066770|1609529023294|POS|false|1640089682134|High risk
4398046533459|1588495104867|WIFI|false|1611189708465|Extreme risk
39582418622292|1638066317157|RFID|false|1665870094350|Significant risk
22357|1582533620979|NFC|false|1598324990150|High risk
52776558155606|1657055057227|NFC|false|1661381389290|Critical risk
17592186066775|1610238118644|NFC|false|1619454533514|Critical risk
8796093044568|1595111895893|IPv6|false|1672275553227|Moderate risk
22361|1584118417843|NFC|false|1619014547336|Severe risk
35184372111194|1630894589105|RFID|false|1637185893834|Critical risk
48378511644507|1650910287245|PHONE|false|1665052704266|Moderate risk
52776558155612|1659094633951|NFC|false|1667170978415|Extreme risk
39582418622301|1638723646557|IPv4|false|1661340981346|Critical risk
52776558155614|1662496325208|MAC|false|1662583357503|Extreme risk
52776558155615|1656548421372|RFID|false|1665429172230|Critical risk
39582418622304|1642168581898|POS|false|1669518562755|Moderate risk
17592186066785|1609715846913|WIFI|false|1629520720336|Severe risk
4398046533474|1585607315799|RFID|false|1608123733748|Extreme risk
30786325600099|1628392903703|ATM|false|1647082248474|Critical risk
26388279088996|1622776569285|POS|false|1653345446743|Very high risk
52776558155621|1658941940109|WIFI|false|1661360192402|Very high risk
35184372111206|1635005489828|NFC|false|1650111878893|Very high risk
43980465133415|1644849643938|WIFI|false|1646643530494|Very high risk
8796093044584|1592105074425|POS|false|1619626614565|Significant risk
52776558155625|1660480269764|NFC|false|1669204051437|Very high risk
26388279089002|1621426358444|PHONE|false|1642209616209|High risk
30786325600107|1626123822204|QRCode|true|1648149380593|Critical risk
57174604666732|1665860529793|POS|false|1666981554426|Significant risk
48378511644525|1649761330835|IPv4|false|1666493241704|Moderate risk
22382|1581720352401|IPv6|false|1650570476316|Significant risk
35184372111215|1634593907366|IPv6|false|1667928744778|Low risk
22384|1578857316970|IPv6|false|1653178660978|Low risk
21990232577905|1614705132631|WIFI|true|1620549837925|Very high risk
13194139555698|1601962990334|RFID|false|1636333134517|Minimal risk
35184372111219|1633132723125|ATM|false|1635585745408|High risk
8796093044596|1591957712359|POS|false|1671316341652|Low risk
61572651177845|1670655185889|MAC|false|1671556691118|Extreme risk
57174604666742|1664360093365|IPv6|false|1665402980419|Extreme risk
4398046533495|1590802982801|MAC|false|1617380792981|Minimal risk
26388279089016|1620355027358|WIFI|false|1636309892735|Significant risk
57174604666745|1664261384815|IPv4|false|1671502619169|Moderate risk
57174604666746|1666072802315|QRCode|false|1669537886415|Minimal risk
26388279089019|1623272226587|QRCode|false|1627525629870|High risk
13194139555708|1603644361965|RFID|false|1608491765523|Minimal risk
21990232577917|1613737959154|ATM|false|1643302495777|Extreme risk
48378511644542|1650168769916|NFC|false|1666327035917|Moderate risk
48378511644543|1650459951289|POS|false|1658662592056|Severe risk
30786325600128|1628397105968|ATM|false|1637795406501|Low risk
43980465133441|1644658094207|IPv4|false|1663677918016|Moderate risk
39582418622338|1639453992233|POS|false|1651374521385|Moderate risk
13194139555715|1603903177314|NFC|false|1615114522240|Critical risk
48378511644548|1654565414724|NFC|false|1659838331906|Moderate risk
8796093044613|1596389555847|IPv4|false|1661715160000|Minimal risk
39582418622342|1640314263138|QRCode|false|1655041688680|Low risk
8796093044615|1596997005865|IPv6|false|1662153430063|Extreme risk
39582418622344|1638160940040|MAC|false|1644238574654|Moderate risk
21990232577929|1614399856227|IPv6|false|1630306392627|Low risk
13194139555722|1598120019237|RFID|false|1651764356121|Very high risk
17592186066827|1606742597761|WIFI|false|1667440295160|Minimal risk
4398046533516|1585084557527|NFC|false|1586512000762|High risk
39582418622349|1641411853051|ATM|false|1650097085481|Low risk
48378511644558|1652527731879|IPv4|false|1663329514270|High risk
35184372111247|1632444431384|IPv6|false|1634348501889|Very high risk
8796093044624|1591895535147|WIFI|false|1595872428659|Severe risk
21990232577937|1612570890610|PHONE|false|1655351960295|Critical risk
43980465133458|1645840551616|NFC|false|1649129740049|Severe risk
39582418622355|1638999417797|IPv6|false|1646345876349|Severe risk
61572651177876|1671950670101|RFID|false|1672164587120|Significant risk
21990232577941|1615704870086|WIFI|false|1634247531067|Severe risk
35184372111254|1635607114230|NFC|false|1645771627759|Low risk
35184372111255|1636370734745|NFC|false|1644112275412|High risk
43980465133464|1644826730475|POS|false|1652362980011|Low risk
61572651177881|1672164554689|QRCode|false|1672433596768|Very high risk
39582418622362|1642761380772|WIFI|false|1657168952654|Severe risk
35184372111259|1636596655685|PHONE|false|1643936992127|Critical risk
35184372111260|1636319314079|IPv4|false|1636870004227|High risk
57174604666781|1664568454741|MAC|false|1672378739542|Significant risk
26388279089054|1623193738816|QRCode|false|1647013270261|High risk
21990232577951|1616692585626|PHONE|false|1644304096857|Extreme risk
26388279089056|1617616422607|PHONE|false|1660823955191|Significant risk
22433|1580545706211|IPv6|false|1615565093958|Very high risk
43980465133474|1646087625089|QRCode|false|1651852091661|Critical risk
22435|1579646780515|POS|false|1621107034732|Extreme risk
61572651177892|1670416770672|WIFI|false|1671508087997|Very high risk
13194139555749|1603215447703|RFID|false|1668275460152|Low risk
57174604666790|1663210394498|WIFI|false|1665051499541|Low risk
35184372111271|1630470055023|MAC|false|1637197465980|Moderate risk
48378511644584|1652389710220|IPv4|false|1666082812473|Extreme risk
17592186066857|1606606298669|NFC|true|1628411645313|Low risk
61572651177898|1669416911095|WIFI|false|1671062324143|Moderate risk
61572651177899|1669937331562|IPv4|false|1671341363225|Low risk
4398046533548|1585950141627|PHONE|false|1639862237677|Moderate risk
35184372111277|1633226155232|RFID|false|1637393308765|Critical risk
52776558155694|1656494696006|IPv6|false|1665455636485|Moderate risk
48378511644591|1654447492840|QRCode|false|1672004566311|Minimal risk
17592186066864|1607686221594|MAC|false|1609743019307|Critical risk
48378511644593|1650072049953|NFC|false|1661421202593|Significant risk
57174604666802|1663648436641|IPv6|false|1671949044076|Critical risk
39582418622387|1641607915529|NFC|false|1669619894882|High risk
8796093044660|1597203800262|IPv6|false|1605613201911|Critical risk
52776558155701|1661850086065|NFC|false|1662414023448|High risk
39582418622390|1640612908927|WIFI|false|1642172308302|Critical risk
30786325600183|1624690719825|IPv6|false|1643758416201|Very high risk
22456|1580779954962|ATM|false|1644671681601|Extreme risk
8796093044665|1594978098843|WIFI|false|1661856583732|Severe risk
17592186066874|1604429002791|POS|false|1626490621178|High risk
21990232577979|1614177257848|QRCode|false|1654706575099|Minimal risk
43980465133500|1646828092433|MAC|false|1646893962145|Low risk
39582418622397|1639232022817|PHONE|false|1653383707760|Minimal risk
52776558155710|1658096884959|IPv6|false|1665192872337|High risk
17592186066879|1604261620781|PHONE|false|1657844843896|Low risk
21990232577984|1613543132428|RFID|false|1671432002490|Severe risk
13194139555777|1601145967080|IPv6|false|1636438268555|Severe risk
8796093044674|1594770738182|IPv4|false|1599667098792|Extreme risk
26388279089091|1617866233966|QRCode|false|1619576916762|Extreme risk
13194139555780|1603580610212|WIFI|false|1621280046983|Significant risk
52776558155717|1659231532348|NFC|false|1666846211985|Severe risk
13194139555782|1603047637708|NFC|false|1635774684372|Very high risk
4398046533575|1588072875731|RFID|false|1651960342370|Critical risk
8796093044680|1597229547381|RFID|false|1631298932328|High risk
52776558155721|1659334105540|IPv6|false|1664766435577|Extreme risk
35184372111306|1631065597626|NFC|false|1670477191358|Minimal risk
4398046533579|1584861956067|POS|false|1672328789277|Severe risk
48378511644620|1654733092266|ATM|false|1660162669307|Moderate risk
35184372111309|1634817029830|WIFI|false|1668579528084|Minimal risk
48378511644622|1653111443086|IPv4|false|1654661420333|Severe risk
21990232577999|1614071896901|ATM|false|1640945770767|Moderate risk
52776558155728|1657671315294|POS|false|1662642416878|Severe risk
48378511644625|1653295933068|PHONE|false|1665588567030|High risk
48378511644626|1651339339646|WIFI|false|1652427633395|Low risk
35184372111315|1635259240434|MAC|false|1637829894847|Significant risk
61572651177940|1671364308294|WIFI|false|1671368238996|Extreme risk
21990232578005|1613716266393|MAC|false|1652571187533|Critical risk
43980465133526|1644842365674|ATM|false|1649232854610|High risk
39582418622423|1642549477876|PHONE|false|1655539231827|High risk
26388279089112|1621557343825|NFC|false|1633404465933|High risk
4398046533593|1585848071214|MAC|false|1629756955986|Severe risk
48378511644634|1656011688021|WIFI|false|1667473305212|Moderate risk
52776558155739|1657839730230|IPv4|false|1671638614082|Severe risk
52776558155740|1662736775159|PHONE|false|1671173411737|Extreme risk
43980465133533|1645707582607|IPv4|false|1653714859255|Minimal risk
52776558155742|1656609126849|WIFI|false|1663534920473|Low risk
35184372111327|1635986277120|MAC|false|1642703488664|Moderate risk
8796093044704|1597133789084|PHONE|false|1607937543545|Extreme risk
48378511644641|1649725061528|IPv4|false|1655669399821|Extreme risk
26388279089122|1620408567202|WIFI|false|1629056717353|Very high risk
61572651177955|1671576988302|RFID|false|1672461886589|Significant risk
61572651177956|1671852841609|WIFI|false|1672289979557|Extreme risk
48378511644645|1651720177235|IPv4|false|1660565133701|Moderate risk
35184372111334|1636240989935|ATM|true|1644370549312|Critical risk
35184372111335|1632662999161|ATM|false|1663850222793|Low risk
48378511644648|1654481233010|WIFI|false|1672244346037|Low risk
52776558155753|1658281693368|POS|false|1663658546025|Low risk
17592186066922|1604806717373|PHONE|false|1665526925489|Minimal risk
35184372111339|1636597456650|IPv4|false|1651142874814|Extreme risk
57174604666860|1665930418153|IPv4|false|1670515788968|Very high risk
22509|1579196545473|NFC|false|1588611944847|Critical risk
30786325600238|1627362585933|IPv4|false|1654403004371|Minimal risk
35184372111343|1630933806241|QRCode|false|1632858193389|Moderate risk
43980465133552|1644417649445|RFID|false|1647404872366|Moderate risk
43980465133553|1647443201367|ATM|false|1652567332737|Critical risk
39582418622450|1639215002323|NFC|false|1644420011189|Extreme risk
4398046533619|1584971996479|ATM|false|1667008900829|Low risk
26388279089140|1620434675588|NFC|false|1650128403725|Moderate risk
22517|1583677335438|WIFI|false|1590569434172|Minimal risk
21990232578038|1615292352988|NFC|false|1626261480439|Minimal risk
13194139555831|1598208045579|NFC|false|1607548469656|High risk
48378511644664|1650583490311|IPv4|false|1662002248014|Moderate risk
13194139555833|1601506873898|QRCode|false|1659144889417|Severe risk
43980465133562|1646631068616|IPv6|false|1661191614680|Low risk
39582418622459|1639664670884|PHONE|false|1642272175312|Critical risk
39582418622460|1640197976729|QRCode|false|1667602871148|Critical risk
26388279089149|1621464969347|ATM|false|1623256158067|Significant risk
43980465133566|1646857732183|IPv6|false|1647839750466|High risk
52776558155775|1658275783428|WIFI|false|1666220258908|Moderate risk
17592186066944|1604356368650|QRCode|false|1659116183323|Severe risk
8796093044737|1593376142279|MAC|false|1607635517736|Low risk
13194139555842|1597491327792|ATM|false|1666817750929|Low risk
17592186066947|1608333511626|NFC|false|1609623010434|High risk
17592186066948|1606056382502|IPv6|false|1618738614502|High risk
52776558155781|1661089480261|WIFI|false|1661838313248|Severe risk
61572651177990|1671126559665|POS|false|1671295620160|Severe risk
4398046533639|1587342274127|IPv6|false|1596315916478|Critical risk
43980465133576|1646137245254|QRCode|false|1670194047110|Low risk
57174604666889|1664899467364|QRCode|false|1665712878780|Very high risk
39582418622474|1638233665745|POS|false|1645544956134|High risk
52776558155787|1661545155311|POS|false|1667146945991|Low risk
52776558155788|1658298210342|WIFI|false|1658667656045|Moderate risk
52776558155789|1661696920019|RFID|false|1671511146944|Extreme risk
21990232578062|1613366218150|IPv6|false|1644240110329|Low risk
21990232578063|1613642027789|MAC|false|1669821353142|Critical risk
26388279089168|1620614016080|IPv6|false|1639888083893|Moderate risk
43980465133585|1648909517957|RFID|false|1659604829563|Very high risk
22546|1581788481375|MAC|false|1644857067481|Extreme risk
48378511644691|1651474031871|POS|false|1667715051817|Severe risk
35184372111380|1632284128900|MAC|false|1649493921970|Low risk
30786325600277|1626486984284|IPv4|false|1657572901110|Minimal risk
48378511644694|1650049195572|RFID|false|1658041187209|Very high risk
21990232578071|1615068009777|QRCode|false|1619002629029|Very high risk
26388279089176|1620974826247|QRCode|false|1650374482941|Moderate risk
35184372111385|1631703737219|IPv6|false|1657027177206|Critical risk
35184372111386|1633541464990|MAC|false|1653163767673|Severe risk
61572651178011|1669633636538|IPv6|false|1670584443008|Severe risk
52776558155804|1657131129818|MAC|false|1658042322539|Low risk
4398046533661|1589528201165|QRCode|false|1599303578023|Significant risk
35184372111390|1634758994885|MAC|false|1667688300464|Moderate risk
17592186066975|1609283443377|QRCode|true|1659319250481|Low risk
39582418622496|1638246554886|PHONE|false|1642431526829|Severe risk
13194139555873|1600409804933|PHONE|false|1627626815538|High risk
17592186066978|1609959691040|POS|false|1622294307319|Significant risk
35184372111395|1636446559020|RFID|false|1670629057060|High risk
17592186066980|1606695045737|IPv6|false|1624288080382|Significant risk
17592186066981|1607341341333|PHONE|true|1647048848536|Critical risk
22566|1584050249117|IPv6|false|1620269677603|Minimal risk
30786325600295|1625042949507|IPv4|false|1671990032902|Critical risk
21990232578088|1615217232625|IPv4|false|1645419117565|Critical risk
4398046533673|1589490699544|IPv4|false|1624246589866|Extreme risk
21990232578090|1612410057542|POS|false|1617421579246|Critical risk
26388279089195|1621603973561|PHONE|false|1628388573001|Severe risk
52776558155820|1661091117916|IPv4|false|1668832607577|High risk
52776558155821|1660926591144|POS|false|1665867433588|Minimal risk
48378511644718|1652297793452|WIFI|false|1654269938688|Moderate risk
30786325600303|1623872084305|IPv4|false|1639304596057|Low risk
26388279089200|1618269853620|PHONE|false|1650881309873|Low risk
22577|1581040830440|PHONE|false|1607052278534|Extreme risk
48378511644722|1650097631945|ATM|false|1657707231261|Low risk
4398046533683|1587618123559|RFID|false|1661288936402|Low risk
26388279089204|1620640124247|RFID|false|1666552613961|Significant risk
4398046533685|1586972343162|IPv4|true|1589985045427|Severe risk
52776558155830|1658047737856|IPv6|false|1664867424887|High risk
8796093044791|1596761595023|POS|false|1628710610466|Extreme risk
22584|1580045486756|RFID|false|1616732914905|High risk
57174604666937|1668225588861|PHONE|true|1670470240572|Low risk
21990232578106|1612195359105|QRCode|false|1625553973283|Severe risk
39582418622523|1640004838821|MAC|false|1657400458808|Extreme risk
52776558155836|1656604364697|QRCode|false|1658216433388|Critical risk
48378511644733|1654129157604|RFID|false|1661642392519|Critical risk
57174604666942|1668473296974|IPv4|false|1670123490379|Extreme risk
17592186067007|1605428713626|IPv4|false|1614520223543|Significant risk
17592186067008|1604637600856|RFID|false|1644507691255|Significant risk
8796093044801|1594474168829|RFID|false|1610944252998|Moderate risk
8796093044802|1592494262152|PHONE|false|1664230731299|Significant risk
26388279089219|1618541242398|IPv4|false|1630691454916|Minimal risk
26388279089220|1619781794506|WIFI|false|1663697481069|Minimal risk
22597|1583073945558|WIFI|true|1637522522044|Moderate risk
57174604666950|1668518824313|PHONE|false|1668695257384|Extreme risk
48378511644743|1656065745737|RFID|false|1672485130512|Very high risk
22600|1578027492295|NFC|false|1628849895753|Minimal risk
43980465133641|1645541197332|ATM|false|1652172588636|Extreme risk
43980465133642|1646632811002|ATM|false|1664146933529|Very high risk
35184372111435|1633854918244|ATM|false|1666971654734|Critical risk
39582418622540|1638669812747|IPv6|false|1671109875412|Very high risk
17592186067021|1609121498567|WIFI|false|1619465607344|Minimal risk
4398046533710|1584598803942|RFID|false|1637006829920|Moderate risk
13194139555919|1601253082083|POS|false|1647630459444|Moderate risk
8796093044816|1596281909380|NFC|false|1637111681898|Low risk
8796093044817|1592339845606|NFC|false|1671054857286|Significant risk
13194139555922|1600748175879|MAC|false|1650829471280|Severe risk
22611|1578887243740|QRCode|false|1654408963775|Significant risk
43980465133652|1649086209982|PHONE|false|1667724502267|Extreme risk
35184372111445|1634262061301|PHONE|false|1671255177445|Significant risk
35184372111446|1630670437528|NFC|false|1639671905101|Critical risk
57174604666967|1668164933128|NFC|false|1672290302975|Critical risk
26388279089240|1622792393663|PHONE|false|1667644887903|Significant risk
13194139555929|1602897136048|WIFI|false|1613122431641|Very high risk
43980465133658|1648760069521|ATM|false|1656494934652|Severe risk
43980465133659|1645611995696|PHONE|false|1672473012242|Very high risk
8796093044828|1592667573461|QRCode|false|1592741005981|Severe risk
39582418622557|1641257255677|NFC|false|1663961064686|Moderate risk
39582418622558|1642450603234|QRCode|false|1652085738203|Very high risk
22623|1583426478050|IPv6|false|1654699145570|Significant risk
48378511644768|1650341420543|ATM|false|1671622022217|High risk
4398046533729|1584598142730|POS|true|1596397502568|High risk
52776558155874|1658339449588|PHONE|false|1669963533480|Very high risk
39582418622563|1639815914834|RFID|false|1660220244112|Critical risk
22628|1583284633121|ATM|false|1619916736344|Severe risk
39582418622565|1641991425629|POS|true|1647970390268|High risk
8796093044838|1592914196785|WIFI|false|1596820765540|Significant risk
8796093044839|1591541125241|WIFI|false|1604153173588|Critical risk
22632|1584177237447|PHONE|false|1590764982690|Severe risk
8796093044841|1596695383804|MAC|false|1600995721039|Low risk
22634|1579924813859|IPv6|true|1584227632615|High risk
43980465133675|1645141546552|QRCode|false|1671444085809|Severe risk
43980465133676|1648170877176|PHONE|false|1651933518665|Very high risk
35184372111469|1633920351111|MAC|false|1661389225673|Extreme risk
26388279089262|1623414246028|IPv6|false|1659799844057|High risk
4398046533743|1585400200164|RFID|false|1635036131847|Extreme risk
13194139555952|1601063322181|MAC|true|1619239198280|Very high risk
39582418622577|1640790898821|ATM|false|1647005897246|High risk
4398046533746|1589046380210|ATM|false|1612313633944|High risk
8796093044851|1592463040830|NFC|false|1668886115600|Moderate risk
26388279089268|1621178314217|NFC|false|1655025406188|Significant risk
4398046533749|1588660780072|WIFI|false|1653398638832|Extreme risk
48378511644790|1652936826952|POS|false|1664986282831|Very high risk
13194139555959|1598446542937|MAC|true|1619143915330|Critical risk
4398046533752|1584970726553|WIFI|false|1585781585865|Moderate risk
26388279089273|1622726535386|ATM|false|1658596892304|Critical risk
52776558155898|1657530431034|ATM|false|1662824525174|Critical risk
61572651178107|1670281625563|NFC|false|1671470462438|Minimal risk
13194139555964|1599859092949|NFC|false|1626939076571|Low risk
21990232578173|1615132314988|WIFI|true|1653988708902|Very high risk
13194139555966|1598621518146|NFC|false|1602479381157|Significant risk
30786325600383|1628850722312|PHONE|false|1663692230015|High risk
22656|1578059248348|IPv6|false|1622158948122|Moderate risk
39582418622593|1640130710630|QRCode|false|1666212245613|Significant risk
13194139555970|1598551344434|IPv4|false|1653093515422|Very high risk
48378511644803|1653030642533|NFC|true|1668509872734|Critical risk
13194139555972|1602551678380|PHONE|false|1624751452421|Extreme risk
21990232578181|1611087145733|MAC|false|1640135889329|Low risk
48378511644806|1654546887294|MAC|false|1657055180300|Extreme risk
35184372111495|1630564175913|POS|false|1645480617486|High risk
21990232578184|1610879680512|POS|true|1669459382813|Extreme risk
39582418622601|1637210766992|IPv6|false|1655903641790|Severe risk
21990232578186|1612534013736|IPv6|false|1629536419214|Significant risk
13194139555979|1603796053953|ATM|false|1646066452268|Moderate risk
39582418622604|1642072673713|MAC|false|1666864375977|Minimal risk
35184372111501|1634424708225|MAC|false|1661450541192|Very high risk
30786325600398|1625982105050|WIFI|false|1644081340217|Severe risk
22671|1582843155916|QRCode|false|1650955681134|Significant risk
57174604667024|1666763094028|QRCode|false|1669636888210|Moderate risk
61572651178129|1670024835070|IPv4|false|1670480852309|Low risk
4398046533778|1585389331776|IPv4|false|1646546691428|Minimal risk
13194139555987|1602217516553|IPv4|false|1617343855903|High risk
52776558155924|1657095410016|QRCode|false|1672193104447|Extreme risk
13194139555989|1597918805068|ATM|false|1654882449347|Severe risk
48378511644822|1654283387654|PHONE|false|1668705965733|Severe risk
57174604667031|1668205397770|POS|false|1670284967420|Severe risk
21990232578200|1612092597010|PHONE|false|1615015627638|Low risk
4398046533785|1587086271514|QRCode|false|1660063924772|Severe risk
22682|1580792661966|POS|false|1584922048112|Significant risk
22683|1581007114920|POS|false|1650954257141|Low risk
26388279089308|1618219579553|QRCode|false|1663456513906|Critical risk
52776558155933|1660795850006|ATM|false|1669400909174|High risk
61572651178142|1672484371388|QRCode|false|1672512912292|Very high risk
57174604667039|1665511013029|QRCode|false|1665797592574|High risk
21990232578208|1610687521536|IPv6|false|1626480148728|Critical risk
17592186067105|1605270598146|IPv4|false|1635310824836|Critical risk
35184372111522|1635946397311|IPv6|false|1662785233681|Critical risk
26388279089315|1620641274341|QRCode|false|1628013117173|Minimal risk
22692|1581243429883|POS|false|1593942329142|Low risk
4398046533797|1589361374512|PHONE|false|1602181303350|Moderate risk
8796093044902|1595328712479|ATM|false|1640738795306|Critical risk
30786325600423|1624059080850|POS|false|1624616145484|Extreme risk
61572651178152|1670315502637|WIFI|false|1670688959007|Moderate risk
8796093044905|1591586825073|POS|false|1629860004916|Very high risk
43980465133738|1645384475032|IPv4|false|1670107800435|Severe risk
48378511644843|1655038937090|RFID|false|1660576914897|High risk
22700|1578518016485|WIFI|false|1605586667822|Significant risk
43980465133741|1643793451979|IPv4|false|1645064824766|Minimal risk
26388279089326|1619723624724|ATM|true|1644085311433|Extreme risk
43980465133743|1647017078027|QRCode|false|1651991294617|Very high risk
43980465133744|1644464767789|NFC|false|1651205149917|Extreme risk
26388279089329|1619768683287|WIFI|false|1634759812443|Minimal risk
57174604667058|1667578406532|WIFI|false|1668369543841|Significant risk
43980465133747|1647989490687|IPv4|false|1648723244264|Extreme risk
39582418622644|1641714192235|NFC|false|1668075532255|Severe risk
17592186067125|1606148185606|MAC|true|1608189365011|Significant risk
52776558155958|1656489037847|IPv6|false|1671682570052|Severe risk
57174604667063|1666394608723|RFID|false|1671307626601|Critical risk
21990232578232|1615766523201|POS|false|1637759415333|Minimal risk
52776558155961|1659594829060|NFC|false|1667332361229|Extreme risk
8796093044922|1592361848742|IPv4|false|1662141164655|Critical risk
26388279089339|1619268390600|POS|false|1658280412884|Critical risk
17592186067132|1610145874504|MAC|false|1651667311013|Moderate risk
8796093044925|1595681531666|RFID|false|1638861550444|High risk
4398046533822|1589393889578|WIFI|false|1641159994804|High risk
39582418622655|1641974565998|NFC|false|1662900224784|Very high risk
57174604667072|1664186955965|QRCode|false|1664864554342|Very high risk
8796093044929|1594824751969|RFID|false|1630411998386|Significant risk
8796093044930|1592918884337|QRCode|false|1655715124598|Severe risk
4398046533827|1585912727118|MAC|false|1668847298855|Critical risk
35184372111556|1633493851976|NFC|false|1651447338110|High risk
26388279089349|1617962959799|RFID|false|1642967835323|Moderate risk
26388279089350|1619090254926|IPv6|false|1637505016833|Very high risk
13194139556039|1598649994069|IPv4|false|1670328981981|Very high risk
52776558155976|1656586730567|RFID|false|1667483948635|High risk
48378511644873|1652977870731|RFID|false|1653012259823|Critical risk
4398046533834|1590145068608|QRCode|false|1634293503413|Significant risk
13194139556043|1602497072544|IPv6|false|1642889130395|Critical risk
48378511644876|1650004851519|IPv4|false|1661748166141|High risk
43980465133773|1647344458006|WIFI|false|1655089789923|High risk
8796093044942|1594451981182|PHONE|false|1604173634948|Significant risk
13194139556047|1603149389724|IPv4|false|1645522949389|Moderate risk
26388279089360|1623225099569|WIFI|false|1648208907684|Low risk
43980465133777|1649357726812|MAC|false|1664906547579|Very high risk
22738|1579251154745|MAC|false|1591404101360|Severe risk
35184372111571|1634451487326|MAC|false|1658410141351|Significant risk
43980465133780|1648606960353|QRCode|false|1668933354581|Low risk
13194139556053|1603967587511|ATM|false|1635264107574|Significant risk
57174604667094|1666496590682|WIFI|false|1670238493645|Very high risk
21990232578263|1615417894221|POS|false|1656492840786|Minimal risk
17592186067160|1605960109054|IPv6|false|1627118818472|Moderate risk
39582418622681|1637950366357|RFID|false|1663432540687|Severe risk
52776558155994|1661932211059|ATM|false|1670410951066|Very high risk
4398046533851|1590303599416|IPv4|false|1644866097118|Significant risk
21990232578268|1611529694902|IPv6|false|1656467022567|High risk
48378511644893|1651803266235|RFID|false|1664320438678|Low risk
17592186067166|1604939472605|QRCode|false|1648960229570|Extreme risk
43980465133791|1647067524655|QRCode|false|1665481355987|Low risk
8796093044960|1591069217939|POS|false|1612152244179|High risk
52776558156001|1661390812613|QRCode|false|1664440672864|Minimal risk
13194139556066|1598042394613|PHONE|false|1644093301252|Critical risk
22755|1578317046083|NFC|false|1652470313618|Moderate risk
57174604667108|1667495441953|MAC|false|1671718139569|Extreme risk
52776558156005|1658087803698|POS|false|1661681160093|Extreme risk
35184372111590|1633378333588|MAC|false|1649136374390|Moderate risk
39582418622695|1641344717996|QRCode|false|1662120324936|Minimal risk
8796093044968|1595121812470|MAC|false|1626646797238|Critical risk
35184372111593|1630169127170|QRCode|false|1670745686118|Moderate risk
17592186067178|1608277333613|IPv4|true|1656422217368|Low risk
30786325600491|1624422594543|WIFI|false|1665830500154|Critical risk
4398046533868|1588806531728|PHONE|false|1596559718008|High risk
21990232578285|1613718683724|RFID|false|1642974985346|Very high risk
13194139556078|1602337764417|NFC|false|1617791018897|Critical risk
43980465133807|1649069875413|QRCode|true|1654242348856|Moderate risk
26388279089392|1617231137100|ATM|false|1642079087438|Moderate risk
30786325600497|1627365981254|QRCode|false|1641862571965|Extreme risk
39582418622706|1637708371022|ATM|false|1649488667882|High risk
30786325600499|1627122203148|POS|false|1651335015375|Very high risk
35184372111604|1630157883314|ATM|false|1633415040743|Significant risk
26388279089397|1618237569085|PHONE|false|1671623528550|High risk
8796093044982|1592907843896|WIFI|false|1606170925990|Moderate risk
57174604667127|1667650052746|IPv4|false|1668759821317|Extreme risk
57174604667128|1668158718135|PHONE|false|1668979289645|Moderate risk
35184372111609|1633159596568|MAC|false|1646455510599|Very high risk
21990232578298|1616572981528|IPv4|true|1635101813069|Low risk
8796093044987|1591164779703|RFID|false|1595621489874|Minimal risk
26388279089404|1617181099713|ATM|false|1653689805831|Very high risk
57174604667133|1666506467494|PHONE|false|1671949980034|Severe risk
61572651178238|1669803463253|POS|false|1671820733263|Very high risk
61572651178239|1670272238883|QRCode|false|1672152032848|Extreme risk
39582418622720|1636946002064|NFC|false|1667439979962|Moderate risk
22785|1580907590331|PHONE|false|1624432576116|High risk
4398046533890|1585317694079|IPv4|false|1651524816429|Low risk
39582418622723|1637299497944|QRCode|false|1639486654722|Extreme risk
48378511644932|1655618709886|IPv4|false|1656237367255|Critical risk
8796093044997|1592550938025|IPv6|false|1626669587304|Critical risk
48378511644934|1651259885844|IPv4|false|1660159368294|Very high risk
26388279089415|1618503172841|PHONE|false|1647119413664|High risk
35184372111624|1631671089877|RFID|false|1650865100744|Moderate risk
39582418622729|1638642412943|IPv4|false|1658412204420|Severe risk
21990232578314|1616201767882|MAC|false|1631634691848|Extreme risk
8796093045003|1593169367377|IPv4|false|1654752018443|Very high risk
17592186067212|1605870485185|PHONE|false|1639458160528|Very high risk
43980465133837|1644412225873|NFC|false|1671798184370|Significant risk
13194139556110|1597464844559|POS|false|1668501045063|Low risk
48378511644943|1653972766011|IPv6|false|1666719422389|High risk
48378511644944|1655408487179|IPv6|false|1666806227763|Critical risk
8796093045009|1591854271289|IPv4|false|1612650948511|Significant risk
22802|1582137963269|IPv6|false|1669595036631|Low risk
13194139556115|1603886183099|WIFI|false|1624697393139|Low risk
17592186067220|1604824878839|RFID|false|1642977849876|Minimal risk
35184372111637|1630775051782|POS|false|1636223252001|Low risk
52776558156054|1659624245825|RFID|false|1666198660595|High risk
43980465133847|1646853450018|IPv4|false|1656071207825|Severe risk
4398046533912|1585420140836|RFID|false|1653854758331|Moderate risk
35184372111641|1636107456465|POS|false|1656085486575|Moderate risk
17592186067226|1604675485661|IPv4|false|1656400733848|Moderate risk
30786325600539|1626114343074|WIFI|true|1671763788152|Severe risk
4398046533916|1584619958925|WIFI|false|1603092539840|Very high risk
26388279089437|1622614541958|QRCode|false|1631967206919|Minimal risk
52776558156062|1659931429887|PHONE|false|1662728797299|High risk
61572651178271|1669881332887|IPv4|false|1671115517733|Very high risk
8796093045024|1595030102394|WIFI|false|1606259189680|Low risk
17592186067233|1608823141399|POS|false|1618344379105|Extreme risk
61572651178274|1669343809464|RFID|false|1672235819135|High risk
61572651178275|1670329431947|ATM|false|1672473526427|Severe risk
43980465133860|1644122054583|PHONE|false|1658206082540|Extreme risk
30786325600549|1629809798685|POS|false|1654204870635|Low risk
43980465133862|1648633045688|ATM|false|1662485076950|Severe risk
22823|1581340277613|QRCode|false|1640036562246|Severe risk
57174604667176|1666198279853|RFID|false|1670801926197|Extreme risk
22825|1584288204557|MAC|false|1623455936248|High risk
57174604667178|1666387289046|QRCode|true|1668628829569|Critical risk
43980465133867|1649370262400|WIFI|false|1661197350243|Significant risk
43980465133868|1648891299289|IPv4|true|1665930503441|Critical risk
22829|1578815608030|NFC|false|1640896143221|Significant risk
22830|1583143055435|QRCode|false|1653578695352|Critical risk
26388279089455|1617185199243|RFID|false|1636068306979|Extreme risk
21990232578352|1610620001812|PHONE|false|1658338630109|High risk
57174604667185|1666125503592|PHONE|true|1666353726791|Significant risk
26388279089458|1623483640358|ATM|false|1629494970290|Low risk
17592186067251|1608964699245|MAC|false|1643418903484|Critical risk
22836|1583991894489|PHONE|false|1659123021267|Very high risk
21990232578357|1615435802523|MAC|false|1658855557273|Moderate risk
21990232578358|1612133974461|QRCode|false|1619979394731|High risk
48378511644983|1654906478322|IPv6|false|1672056340120|Minimal risk
26388279089464|1620435681652|RFID|false|1671210819860|Significant risk
22841|1581272382616|NFC|false|1640190622502|High risk
35184372111674|1636629803872|NFC|false|1662379369005|Low risk
30786325600571|1624472738199|ATM|false|1656703244636|Very high risk
48378511644988|1650929840007|RFID|false|1672345513455|Severe risk
43980465133885|1644082550473|NFC|false|1649582372316|Moderate risk
35184372111678|1630376039601|POS|false|1663226792838|Severe risk
57174604667199|1664825383299|QRCode|false|1666367718459|Critical risk
8796093045056|1594114892396|QRCode|false|1616766765436|Low risk
48378511644993|1650131643323|IPv4|false|1661367912242|Significant risk
8796093045058|1597218692850|IPv6|true|1635188174505|Critical risk
26388279089475|1618707955371|WIFI|false|1650982816637|Low risk
8796093045060|1597146431428|IPv6|false|1602086501718|Severe risk
8796093045061|1595328297578|POS|false|1659540007581|Severe risk
35184372111686|1634600602500|POS|false|1662007035786|Critical risk
30786325600583|1626936023020|PHONE|false|1656630120490|Very high risk
22856|1578611939184|NFC|false|1627431288588|Moderate risk
26388279089481|1617735319186|MAC|false|1650666920957|Significant risk
8796093045066|1594559115764|MAC|false|1630280764654|Low risk
57174604667211|1663455229743|QRCode|false|1668192998327|Critical risk
35184372111692|1631001389748|ATM|false|1670983397217|Low risk
57174604667213|1664565052963|IPv6|false|1668612848736|Moderate risk
8796093045070|1593505661550|IPv6|false|1648643498557|Moderate risk
22863|1582442911322|WIFI|false|1641292261809|Moderate risk
26388279089488|1620704443541|WIFI|false|1632028247620|Severe risk
26388279089489|1619375941514|IPv4|false|1644606066878|Low risk
30786325600594|1624099176154|RFID|false|1650290137910|Critical risk
43980465133907|1646477022924|WIFI|false|1650269414338|Very high risk
26388279089492|1617189165104|PHONE|true|1663471964766|Extreme risk
13194139556181|1598870505075|IPv4|false|1605904677270|Very high risk
48378511645014|1651971809822|QRCode|false|1658374173269|Minimal risk
52776558156119|1660567242987|IPv4|false|1669970942710|High risk
21990232578392|1616765625667|IPv4|false|1648885095560|Minimal risk
26388279089497|1623503993565|MAC|true|1639769345555|Low risk
26388279089498|1622647063456|PHONE|false|1668517458224|Extreme risk
61572651178331|1671528534685|IPv4|false|1671823791455|Very high risk
21990232578396|1615730277769|ATM|false|1635554379629|High risk
35184372111709|1636546889907|POS|false|1645536637066|Moderate risk
26388279089502|1619342527497|IPv6|false|1658892809784|Low risk
52776558156127|1660785394814|IPv6|false|1664644592467|Very high risk
4398046533984|1584505796808|IPv6|false|1610753328417|Significant risk
4398046533985|1589416666180|MAC|false|1648722019361|Critical risk
43980465133922|1644529510565|RFID|false|1660587258069|Significant risk
43980465133923|1647049220679|POS|false|1654159980561|High risk
39582418622820|1643161234685|MAC|false|1671961996411|Critical risk
57174604667237|1667030507565|RFID|false|1667416302400|Very high risk
48378511645030|1650822695463|IPv6|false|1666031638613|High risk
8796093045095|1593530346135|NFC|false|1665638032628|Minimal risk
57174604667240|1667559350071|PHONE|false|1670955604830|Extreme risk
57174604667241|1665410190679|IPv6|false|1665662225081|Extreme risk
39582418622826|1637524242238|ATM|false|1640005033688|Extreme risk
57174604667243|1667786977430|IPv4|true|1670040252233|Severe risk
4398046533996|1588440878385|RFID|false|1650900985115|Extreme risk
39582418622829|1641762552509|QRCode|false|1647299403670|High risk
17592186067310|1604086042359|WIFI|false|1640114897453|Very high risk
61572651178351|1670533895126|NFC|false|1672433095689|Extreme risk
4398046534000|1586244768057|WIFI|false|1618406145335|Extreme risk
4398046534001|1587352881544|MAC|false|1642397302593|Critical risk
30786325600626|1626797888002|IPv4|false|1652142932034|Very high risk
13194139556211|1597675298659|NFC|false|1657813649839|Minimal risk
61572651178356|1671598308689|POS|false|1672436772994|Significant risk
48378511645045|1650260031786|IPv4|false|1672177410597|Moderate risk
8796093045110|1595659012304|RFID|false|1644253349116|Severe risk
4398046534007|1585382830878|QRCode|false|1642364272914|Minimal risk
39582418622840|1638858716658|IPv4|false|1655783445642|Very high risk
4398046534009|1586224752620|WIFI|false|1610714583494|Low risk
30786325600634|1623644095655|QRCode|true|1634252420702|Moderate risk
13194139556219|1600261297432|IPv6|false|1604140239037|Very high risk
22908|1584155448824|QRCode|false|1631525398016|Significant risk
21990232578429|1614409372386|IPv6|false|1620504841296|Minimal risk
57174604667262|1665296579010|WIFI|false|1670031762615|Extreme risk
13194139556223|1599978879000|NFC|false|1651195823206|High risk
17592186067328|1605180565257|IPv4|false|1620104486285|Low risk
43980465133953|1644568048540|ATM|false|1646100994936|High risk
39582418622850|1641128504212|POS|false|1666515149315|Critical risk
13194139556227|1598880086199|IPv4|false|1616520158196|Very high risk
4398046534020|1587528568869|PHONE|true|1595054175226|Very high risk
26388279089541|1619317522383|RFID|false|1632681090070|Low risk
17592186067334|1605154274455|PHONE|false|1605329050065|High risk
35184372111751|1631741201179|PHONE|false|1668979842751|Critical risk
13194139556232|1597783587842|PHONE|false|1657892139731|Critical risk
43980465133961|1647130534638|PHONE|false|1655247540616|Significant risk
48378511645066|1654254513095|QRCode|false|1671621173067|Significant risk
43980465133963|1649609440975|QRCode|false|1659475922583|Critical risk
61572651178380|1672512264247|MAC|false|1672515250876|Extreme risk
48378511645069|1650063150509|MAC|false|1650619405270|Minimal risk
48378511645070|1655456755714|MAC|false|1667472740552|Minimal risk
52776558156175|1662143691177|IPv4|true|1666193034363|Moderate risk
39582418622864|1638953990235|WIFI|false|1666778271187|Minimal risk
4398046534033|1585658725870|NFC|false|1595071092221|Significant risk
48378511645074|1650020515574|NFC|false|1656805519126|High risk
35184372111763|1635325021254|PHONE|false|1663225199859|High risk
30786325600660|1629925388784|NFC|false|1639654531508|Critical risk
21990232578453|1610641121311|POS|false|1636505211320|Low risk
57174604667286|1667121592928|MAC|false|1670954287928|Very high risk
13194139556247|1602660987707|RFID|false|1609959626736|Moderate risk
8796093045144|1594106832753|IPv6|false|1605352996820|Minimal risk
57174604667289|1664332453558|POS|true|1672124809128|Low risk
48378511645082|1652329725519|WIFI|false|1669622503760|Very high risk
43980465133979|1648376454287|IPv4|false|1659996854986|High risk
8796093045148|1591868046397|NFC|false|1602190124064|Severe risk
22941|1578122889348|IPv6|false|1578611501760|Extreme risk
52776558156190|1658356999886|QRCode|false|1659273717697|Minimal risk
26388279089567|1618702717936|ATM|false|1664117217863|Extreme risk
13194139556256|1601151151869|PHONE|false|1643519029034|Very high risk
17592186067361|1607839575149|IPv6|false|1623569498894|Moderate risk
35184372111778|1630387276039|PHONE|false|1668677135461|Very high risk
21990232578467|1612246199747|NFC|false|1640731959811|Minimal risk
4398046534052|1585073926110|IPv6|false|1613683184053|Extreme risk
17592186067365|1605868345130|MAC|false|1611509100983|Extreme risk
13194139556262|1602428182463|MAC|false|1645948636949|Moderate risk
57174604667303|1663123447594|NFC|false|1671762936491|Significant risk
43980465133992|1643819797479|POS|false|1664826652003|Critical risk
26388279089577|1622678237829|ATM|false|1649630973038|Extreme risk
13194139556266|1601670498606|RFID|false|1635181705780|Severe risk
48378511645099|1651753066025|QRCode|false|1657654644889|Moderate risk
8796093045164|1597042303524|NFC|false|1629364844488|Low risk
43980465133997|1644325411983|QRCode|false|1651979878091|Extreme risk
26388279089582|1621764622842|RFID|false|1630350317613|Low risk
43980465133999|1646012650754|IPv6|false|1650610540289|Moderate risk
8796093045168|1592096268861|RFID|false|1671254265410|Moderate risk
21990232578481|1614895059543|ATM|false|1637428599965|Low risk
13194139556274|1601371090187|NFC|false|1614859103276|Minimal risk
26388279089587|1620120707587|QRCode|false|1660222834531|High risk
8796093045172|1596030794127|IPv6|false|1629709318621|Moderate risk
13194139556277|1603460860933|POS|false|1624044361137|Critical risk
17592186067382|1609282993814|MAC|false|1621184706343|Low risk
17592186067383|1607865795700|IPv6|false|1615612914249|Critical risk
35184372111800|1636128455363|IPv6|false|1672406591693|Low risk
35184372111801|1635665886935|MAC|false|1657803236884|Low risk
8796093045178|1592659038145|PHONE|false|1593142054444|Significant risk
30786325600699|1623903382392|WIFI|false|1624247661072|Moderate risk
35184372111804|1632524358302|IPv6|false|1660049596413|Extreme risk
17592186067389|1604539495716|IPv6|false|1606254452868|Extreme risk
8796093045182|1594139593576|NFC|false|1640807886155|Minimal risk
57174604667327|1665688850787|WIFI|false|1667429884307|Low risk
43980465134016|1643276785366|IPv6|true|1647096545355|Low risk
30786325600705|1625690652147|RFID|false|1628247858402|Low risk
17592186067394|1605180654904|PHONE|false|1616396933698|Severe risk
26388279089603|1622658869890|POS|false|1665527435229|High risk
17592186067396|1605303258230|POS|true|1635697652212|Moderate risk
39582418622917|1640392761588|POS|false|1669867884462|Significant risk
35184372111814|1636051027065|IPv6|false|1642222137635|Very high risk
26388279089607|1619956507422|IPv4|false|1666453605357|Significant risk
4398046534088|1590005071913|PHONE|false|1617604484559|Extreme risk
22985|1583268218320|IPv4|false|1625520443513|Significant risk
48378511645130|1655321371685|IPv4|true|1660393816174|Extreme risk
21990232578507|1612930474431|NFC|false|1640007117232|Extreme risk
30786325600716|1624627882774|POS|false|1657611528839|Severe risk
8796093045197|1591490698299|MAC|false|1630774690046|Extreme risk
57174604667342|1665800200965|IPv6|false|1669516572349|Extreme risk
43980465134031|1649128416289|IPv4|false|1649647017535|Minimal risk
43980465134032|1645608774787|IPv6|false|1668784367750|Moderate risk
13194139556305|1600091527980|MAC|false|1653068786675|Critical risk
8796093045202|1593604011526|ATM|false|1641442195554|Severe risk
52776558156243|1657107980054|MAC|false|1663679166152|High risk
48378511645140|1656066308789|WIFI|false|1663064796875|Significant risk
26388279089621|1621860746652|PHONE|false|1644751358845|Moderate risk
26388279089622|1618523959129|WIFI|false|1672172629492|Severe risk
52776558156247|1659630943141|QRCode|false|1661799836776|Extreme risk
43980465134040|1644781755421|WIFI|false|1660147392784|Severe risk
21990232578521|1611254523684|WIFI|false|1649266965316|Significant risk
21990232578522|1616433256542|ATM|false|1646389277093|Severe risk
17592186067419|1609577472318|IPv6|false|1658245965127|High risk
21990232578524|1614218535408|IPv4|false|1653980078860|Minimal risk
23005|1582154483128|NFC|false|1640574499447|Very high risk
52776558156254|1661885837559|PHONE|false|1664462613057|Severe risk
26388279089631|1617605543795|IPv6|false|1620173321938|Low risk
13194139556320|1603584247969|IPv6|false|1650290342318|Severe risk
23009|1581885576994|POS|false|1598558905676|Low risk
43980465134050|1646321782357|MAC|false|1654320786933|Severe risk
43980465134051|1647270744629|WIFI|false|1661116088068|Critical risk
23012|1584154454811|NFC|false|1585447558283|High risk
57174604667365|1669224202609|POS|false|1672112668805|Low risk
4398046534118|1587355857906|POS|false|1608768878822|High risk
21990232578535|1614011254079|WIFI|false|1649868843534|Low risk
39582418622952|1642744323609|NFC|false|1657943029759|Extreme risk
43980465134057|1645468514193|RFID|false|1645542723386|High risk
8796093045226|1596183173939|NFC|false|1615258095787|High risk
17592186067435|1610483349007|NFC|false|1661447522543|Extreme risk
4398046534124|1587973091080|POS|false|1590265696954|Severe risk
8796093045229|1596441645527|IPv6|false|1616984284312|Extreme risk
23022|1581408054874|RFID|false|1636380180503|High risk
61572651178479|1669369596476|MAC|false|1672195439535|Extreme risk
13194139556336|1599786766482|IPv4|true|1612567630696|Very high risk
39582418622961|1637891504953|ATM|false|1639948020731|Critical risk
26388279089650|1621423926139|NFC|false|1666446230784|Significant risk
35184372111859|1634140829196|PHONE|false|1657449166588|Significant risk
57174604667380|1663285795355|POS|false|1667458664462|Very high risk
21990232578549|1613106370436|PHONE|false|1666544460853|Extreme risk
13194139556342|1598316813452|WIFI|false|1658718739462|Severe risk
8796093045239|1592197002745|IPv4|false|1631256828352|Low risk
23032|1582100857383|IPv4|false|1621302955576|Low risk
23033|1578214582126|MAC|false|1584057121705|Severe risk
23034|1581934819864|ATM|false|1584528464317|High risk
43980465134075|1649257412288|IPv6|false|1665433099160|Critical risk
30786325600764|1623683675969|IPv6|false|1655086674408|Extreme risk
35184372111869|1632884849288|PHONE|false|1656121912974|Extreme risk
13194139556350|1598709952973|NFC|false|1667398325838|High risk
17592186067455|1607621064852|QRCode|false|1657587217702|Severe risk
21990232578560|1611816947609|QRCode|false|1636313811308|High risk
39582418622977|1640599224267|POS|false|1651937380933|Moderate risk
21990232578562|1611198776479|IPv6|false|1645813455682|Critical risk
26388279089667|1619253083370|WIFI|false|1650022396666|Low risk
13194139556356|1599422413157|MAC|false|1642467374019|Significant risk
57174604667397|1667586233658|ATM|false|1668813336939|Minimal risk
30786325600774|1627406041703|POS|false|1630981145160|Severe risk
48378511645191|1655518478907|IPv6|false|1658212701299|Severe risk
52776558156296|1661950560745|NFC|false|1666654618572|Extreme risk
17592186067465|1605933145788|QRCode|false|1659021979986|High risk
39582418622986|1641546703244|IPv6|false|1657045210812|High risk
48378511645195|1653330898892|RFID|false|1670905731938|Extreme risk
39582418622988|1639399101039|IPv4|false|1665111413094|Significant risk
23053|1578062238898|IPv6|false|1599459888845|Very high risk
23054|1579986633079|RFID|false|1660930445466|Critical risk
39582418622991|1637128636081|PHONE|false|1670857060737|High risk
17592186067472|1607752673006|ATM|false|1650644242662|Severe risk
17592186067473|1604550572214|MAC|false|1620390928017|High risk
39582418622994|1640736796400|WIFI|false|1656574323847|Critical risk
35184372111891|1636262095019|PHONE|false|1644663114905|Low risk
21990232578580|1614695858714|ATM|false|1644662013781|Extreme risk
4398046534165|1586690688080|MAC|true|1618452164498|Moderate risk
57174604667414|1667560529189|QRCode|false|1671787494243|High risk
13194139556375|1598466308970|NFC|false|1643764857175|Extreme risk
4398046534168|1587822520515|WIFI|false|1652661261890|Critical risk
30786325600793|1629179509449|NFC|false|1648284112220|Significant risk
8796093045274|1592568849286|RFID|false|1598565929871|High risk
43980465134107|1647404854430|NFC|false|1666922799904|Significant risk
43980465134108|1646000096197|POS|false|1661575483700|High risk
21990232578589|1610577381779|IPv4|true|1664899411911|Significant risk
23070|1582629984473|IPv4|false|1611561482284|Critical risk
26388279089695|1620085758433|ATM|false|1646732245083|Moderate risk
4398046534176|1588713597541|ATM|false|1609583622814|Critical risk
23073|1582169103592|POS|false|1643733897378|Very high risk
13194139556386|1603640215852|MAC|false|1606249653053|Severe risk
30786325600803|1624624227845|QRCode|false|1660800372586|Very high risk
8796093045284|1596385724122|NFC|false|1615356274153|Critical risk
57174604667429|1664838223553|IPv6|false|1665971420358|High risk
13194139556390|1600834333372|WIFI|false|1625246778123|Very high risk
4398046534183|1585199773601|NFC|false|1627721130000|High risk
43980465134120|1647185962326|RFID|false|1650213722527|Moderate risk
48378511645225|1656141403719|NFC|false|1659927203557|Extreme risk
8796093045290|1595079781918|ATM|false|1667500214234|Moderate risk
8796093045291|1593286337964|IPv6|false|1621402494385|Very high risk
13194139556396|1603611638802|PHONE|true|1607160233186|Moderate risk
35184372111917|1631832283394|WIFI|false|1638024203240|Very high risk
4398046534190|1585551345724|WIFI|false|1642138903704|Critical risk
4398046534191|1589997103048|WIFI|false|1655181227496|Significant risk
30786325600816|1625877156157|PHONE|false|1655796158452|Critical risk
39582418623025|1639858195239|WIFI|false|1656964423023|Minimal risk
61572651178546|1671574583940|WIFI|false|1672108278849|Minimal risk
30786325600819|1626202350086|WIFI|false|1638822926240|Moderate risk
23092|1577908135592|RFID|false|1668503726082|Critical risk
48378511645237|1651416500107|IPv6|false|1652883726711|Low risk
48378511645238|1650951015516|POS|false|1668376107621|Critical risk
17592186067511|1605704225800|PHONE|false|1616718284498|Extreme risk
30786325600824|1625114413488|PHONE|false|1664170833664|Significant risk
43980465134137|1647237650840|NFC|false|1667047949477|Severe risk
35184372111930|1632234231165|IPv4|false|1663619572689|Critical risk
61572651178555|1671015296887|QRCode|false|1672036683576|Significant risk
8796093045308|1592060396961|ATM|false|1646631308704|Very high risk
57174604667453|1664828725305|MAC|false|1666332304068|Significant risk
35184372111934|1634162077617|PHONE|false|1667492208792|Very high risk
23103|1582359726524|ATM|false|1602767844259|Moderate risk
48378511645248|1655210080788|POS|false|1665973164081|High risk
23105|1582937050383|RFID|false|1607644483452|Minimal risk
21990232578626|1615204608342|NFC|false|1630129611980|Significant risk
8796093045315|1594585287492|QRCode|false|1655549864637|Moderate risk
21990232578628|1610578931489|IPv4|false|1629060128367|Extreme risk
17592186067525|1604005823424|IPv4|false|1630043370658|Very high risk
57174604667462|1664382755976|POS|false|1666968743655|Minimal risk
13194139556423|1598138398878|ATM|false|1626541830110|Low risk
4398046534216|1584615753658|QRCode|false|1590959660366|Extreme risk
17592186067529|1605700311820|MAC|false|1642964329648|Moderate risk
35184372111946|1630367929479|IPv4|false|1664951881092|Minimal risk
30786325600843|1628213366430|MAC|false|1651935846069|Moderate risk
4398046534220|1585169257299|POS|false|1632651573435|Significant risk
52776558156365|1658540285979|WIFI|false|1665496643636|Low risk
8796093045326|1595109637218|MAC|false|1605044294672|Extreme risk
4398046534223|1587041346315|POS|false|1663308959917|Significant risk
43980465134160|1645428995555|PHONE|false|1668287974481|Extreme risk
21990232578641|1613094597918|MAC|false|1633957955057|Low risk
39582418623058|1640610309440|PHONE|true|1656205836552|Very high risk
26388279089747|1622024357555|RFID|false|1622176163341|Minimal risk
39582418623060|1641665153402|IPv6|false|1650519083357|Significant risk
13194139556437|1602680521734|MAC|false|1651280804160|Moderate risk
35184372111958|1634663378044|PHONE|false|1639845833810|Extreme risk
26388279089751|1621858027586|POS|false|1666529842852|Extreme risk
26388279089752|1623448983670|WIFI|false|1668157170098|Very high risk
23129|1582709933078|IPv4|false|1665820529717|Severe risk
13194139556442|1603145894921|RFID|false|1640686113306|High risk
21990232578651|1612361756414|MAC|true|1642825341844|Minimal risk
35184372111964|1633791356231|IPv4|true|1639315864059|Severe risk
13194139556445|1597451866204|WIFI|false|1630582044839|High risk
17592186067550|1609754743905|MAC|false|1617325887343|Low risk
61572651178591|1669702894375|QRCode|false|1670732385413|Severe risk
26388279089760|1618370938932|PHONE|false|1636868130566|Extreme risk
13194139556449|1598348495762|QRCode|false|1606634731149|Severe risk
57174604667490|1663615467295|IPv6|false|1664009780206|Very high risk
4398046534243|1589695808252|NFC|false|1641850320843|High risk
35184372111972|1635460819917|ATM|false|1644524415611|Extreme risk
13194139556453|1603762631923|MAC|false|1645014629631|High risk
26388279089766|1623394471142|QRCode|false|1635896849336|Low risk
48378511645287|1654990960551|RFID|false|1665543623070|Significant risk
13194139556456|1601718877934|MAC|false|1630332660528|Extreme risk
43980465134185|1644431108808|POS|false|1653763084429|Minimal risk
23146|1583018242809|RFID|false|1645473882101|Severe risk
13194139556459|1597829037239|PHONE|false|1640240535829|Very high risk
48378511645292|1652681219689|ATM|false|1663722555983|Minimal risk
4398046534253|1584836322650|POS|false|1590854263388|Severe risk
4398046534254|1589237659210|WIFI|false|1659926144053|Severe risk
43980465134191|1646751786441|MAC|false|1656104008621|High risk
57174604667504|1663815359971|PHONE|false|1667991428445|Severe risk
48378511645297|1654299633358|IPv6|false|1659212566515|Significant risk
30786325600882|1626124350874|MAC|false|1626514943450|Very high risk
21990232578675|1614357959206|IPv4|false|1643359350110|Extreme risk
17592186067572|1605956619069|RFID|false|1626730577455|Extreme risk
61572651178613|1669763863079|MAC|false|1671717941958|Moderate risk
13194139556470|1598763804228|RFID|false|1637906093166|High risk
35184372111991|1632077376000|NFC|false|1668284539569|Very high risk
43980465134200|1645150942297|PHONE|false|1658619061481|Severe risk
52776558156409|1658906728729|IPv4|false|1659719274660|Low risk
61572651178618|1671413874325|QRCode|false|1671505430332|Critical risk
35184372111995|1632967239912|QRCode|false|1669487429551|Low risk
21990232578684|1616105389424|QRCode|false|1640633863676|Very high risk
57174604667517|1663032190515|IPv4|false|1668421795169|Extreme risk
13194139556478|1597674345935|NFC|false|1618622017568|Moderate risk
8796093045375|1592200290725|IPv6|false|1646835626773|Severe risk
26388279089792|1617327237260|WIFI|false|1663700694618|Minimal risk
26388279089793|1621974935435|ATM|true|1628691210074|Significant risk
61572651178626|1670786788094|IPv4|false|1671775216802|Minimal risk
35184372112003|1634251043135|NFC|true|1640547583555|Extreme risk
17592186067588|1608450684899|WIFI|false|1610307691392|High risk
23173|1581224681949|QRCode|false|1644860869401|Low risk
26388279089798|1617700856894|NFC|false|1671269561882|Extreme risk
23175|1579733490191|RFID|false|1606385053351|Very high risk
61572651178632|1672200276643|MAC|false|1672213345808|High risk
21990232578697|1613018927462|IPv4|false|1618035916232|Critical risk
8796093045386|1592158471029|ATM|false|1635152073645|Very high risk
30786325600907|1628901834152|WIFI|false|1649278816701|Minimal risk
39582418623116|1641373364819|IPv4|false|1650653381597|Minimal risk
17592186067597|1607458518553|MAC|false|1671491317664|High risk
48378511645326|1655719350973|POS|true|1662051895516|High risk
21990232578703|1613971382606|IPv6|false|1666116467162|Moderate risk
4398046534288|1584801280409|IPv6|false|1633984255832|Severe risk
57174604667537|1667576862101|POS|true|1668579738894|Low risk
48378511645330|1653172294136|WIFI|false|1659708370489|High risk
13194139556499|1602002945477|PHONE|true|1629277115213|Very high risk
39582418623124|1642753285642|WIFI|false|1657026057360|High risk
23189|1582296895594|ATM|false|1657514890000|Critical risk
39582418623126|1641461433616|IPv6|false|1662099405147|Extreme risk
21990232578711|1613602786066|IPv6|false|1629395994465|High risk
13194139556504|1602146330245|NFC|true|1642799972486|Moderate risk
48378511645337|1654614339032|NFC|false|1664178639968|Minimal risk
8796093045402|1594657595954|IPv4|false|1650405111293|Extreme risk
4398046534299|1589612426188|NFC|false|1623999904422|Severe risk
30786325600924|1628858431269|PHONE|false|1657312419473|Minimal risk
8796093045405|1593963581902|MAC|false|1645617724351|Minimal risk
23198|1580008968789|RFID|false|1580647541004|Low risk
17592186067615|1609860119909|POS|false|1631672294481|Very high risk
52776558156448|1656555242973|QRCode|false|1666197896983|High risk
4398046534305|1589432414423|MAC|false|1640438703141|Severe risk
43980465134242|1648605326467|NFC|false|1665503455902|High risk
57174604667555|1669027240073|RFID|false|1669116569679|Critical risk
17592186067620|1610027007306|IPv6|false|1641510483273|Very high risk
48378511645349|1655973712203|POS|false|1663242769770|Significant risk
13194139556518|1600154984420|PHONE|false|1655092575142|Critical risk
48378511645351|1654553112035|NFC|false|1665679547920|Severe risk
30786325600936|1628659960456|ATM|false|1638940840160|Minimal risk
26388279089833|1623057653000|IPv4|false|1635004420910|Low risk
30786325600938|1629276886496|QRCode|false|1634647028798|Low risk
57174604667563|1667790544501|ATM|false|1670589638119|Very high risk
39582418623148|1642188389971|IPv4|false|1654949904049|Extreme risk
17592186067629|1608883524215|POS|false|1664627662187|Severe risk
57174604667566|1663387113096|NFC|false|1665511067050|Extreme risk
26388279089839|1618664105591|ATM|false|1670875843573|Significant risk
21990232578736|1615874729198|POS|false|1642675359289|Significant risk
30786325600945|1625626432101|RFID|false|1669160572550|Moderate risk
17592186067634|1607120826343|RFID|false|1650304000724|Low risk
48378511645363|1651205532905|IPv6|false|1669307039898|Minimal risk
48378511645364|1654692831950|NFC|false|1663221689134|Extreme risk
43980465134261|1648980135799|RFID|true|1669083478653|Severe risk
52776558156470|1658867435497|IPv6|false|1661461820035|Low risk
57174604667575|1669022110868|RFID|false|1671742433663|Significant risk
52776558156472|1659245996847|IPv6|false|1664011097541|Low risk
35184372112057|1630671063031|WIFI|false|1668263158437|Severe risk
4398046534330|1588404148249|PHONE|false|1662056873683|Severe risk
26388279089851|1620349733968|QRCode|false|1666124515911|Very high risk
48378511645372|1655537405320|IPv4|false|1658902694701|Low risk
39582418623165|1637740474780|ATM|false|1646645209328|Critical risk
8796093045438|1591817890365|NFC|false|1630263122034|Moderate risk
23231|1582803047017|ATM|false|1609726996609|Critical risk
35184372112064|1636300702328|MAC|false|1667861316183|Moderate risk
4398046534337|1590056796639|RFID|false|1653591315456|Critical risk
30786325600962|1624303265867|POS|false|1654706109844|Severe risk
26388279089859|1622394900484|MAC|false|1659956374718|Significant risk
21990232578756|1613027728284|MAC|false|1622476495774|High risk
35184372112069|1630810033455|QRCode|false|1645967856111|Very high risk
8796093045446|1596393890965|WIFI|false|1630019524508|Very high risk
30786325600967|1628608521527|RFID|false|1660399837103|Significant risk
61572651178696|1672407687516|IPv6|false|1672449067365|Low risk
52776558156489|1659130018487|POS|false|1663167151419|Severe risk
26388279089866|1618902157559|MAC|false|1658159858616|Moderate risk
17592186067659|1604823140784|PHONE|false|1626898308723|Severe risk
52776558156492|1662310121260|QRCode|false|1670597949708|Severe risk
39582418623181|1638288983655|RFID|true|1650115285436|Minimal risk
26388279089870|1622496873047|NFC|false|1626048706210|Extreme risk
21990232578767|1611413022414|ATM|false|1633931251488|Moderate risk
43980465134288|1647646892371|RFID|false|1667448953275|Severe risk
13194139556561|1603868340713|IPv6|true|1659829345757|Very high risk
43980465134290|1644329197041|POS|true|1667900960041|Severe risk
13194139556563|1599830833460|IPv4|true|1663127355852|Very high risk
17592186067668|1604383331326|IPv6|false|1610765331363|Critical risk
4398046534357|1587313116654|WIFI|false|1638497181425|Critical risk
21990232578774|1616594079855|ATM|false|1671380151844|Low risk
21990232578775|1615034209698|WIFI|false|1668822197346|Low risk
26388279089880|1619464273425|QRCode|false|1624211143481|Moderate risk
39582418623193|1638578479759|POS|false|1645472805172|Significant risk
17592186067674|1606355355152|MAC|false|1665002948746|High risk
26388279089883|1617858204365|MAC|false|1641117854930|Critical risk
30786325600988|1624398905119|IPv4|false|1658191195823|Critical risk
30786325600989|1629341143069|IPv4|false|1670246367971|Significant risk
26388279089886|1619871467586|MAC|false|1655798478983|Minimal risk
48378511645407|1654929852365|IPv4|false|1669402452351|Severe risk
8796093045472|1596065509671|RFID|false|1640432997522|Moderate risk
30786325600993|1628780640460|MAC|false|1655898855673|Minimal risk
4398046534370|1589504495082|IPv6|false|1641951047973|Moderate risk
13194139556579|1599800069245|RFID|false|1610410753955|Very high risk
35184372112100|1634401725914|NFC|false|1638218859623|Significant risk
35184372112101|1632511816323|QRCode|false|1669254284206|Low risk
17592186067686|1609496851663|QRCode|false|1659980229129|Significant risk
43980465134311|1644352062807|QRCode|false|1667826098509|Moderate risk
23272|1581229633618|POS|false|1653101291694|Moderate risk
23273|1583338868147|PHONE|false|1606033707845|Severe risk
23274|1582956837190|IPv6|false|1672431035810|Low risk
21990232578795|1611738047083|RFID|false|1613638064200|Significant risk
8796093045484|1593444585799|MAC|false|1643209778200|Moderate risk
52776558156525|1658634416970|PHONE|false|1667903698348|Very high risk
8796093045486|1595304779319|POS|false|1604150320015|Very high risk
4398046534383|1585452758736|POS|false|1659646541283|Severe risk
13194139556592|1603870046637|NFC|false|1629527267679|Severe risk
43980465134321|1648850523843|IPv6|false|1667958635454|Extreme risk
4398046534386|1584865906570|IPv6|false|1616589420409|Extreme risk
39582418623219|1637458538330|ATM|false|1663536789610|Very high risk
23284|1583297134794|WIFI|false|1610899001707|High risk
43980465134325|1649662463535|WIFI|false|1655029143526|Severe risk
48378511645430|1655638618545|MAC|false|1666074383409|Moderate risk
35184372112119|1636524626422|ATM|false|1647109840052|Very high risk
52776558156536|1658732852818|MAC|false|1661790583646|Low risk
39582418623225|1642175119486|MAC|false|1658809706398|Minimal risk
8796093045498|1591272458565|NFC|false|1671776721036|Extreme risk
23291|1578721566764|IPv6|false|1621545364927|Very high risk
23292|1577975871472|ATM|false|1594943786938|Very high risk
13194139556605|1602394970952|NFC|false|1615293034910|Critical risk
26388279089918|1619758997562|QRCode|false|1672223154853|Low risk
35184372112127|1635541128646|IPv6|false|1650304126413|Severe risk
13194139556608|1602990389521|NFC|false|1642171494929|Moderate risk
13194139556609|1601072471818|IPv4|false|1607609930958|Moderate risk
52776558156546|1662333290429|IPv4|true|1664527241118|Extreme risk
26388279089923|1623447201017|WIFI|false|1668883123627|Moderate risk
30786325601028|1626550693636|RFID|false|1639276784663|Very high risk
39582418623237|1639935159662|MAC|false|1667784070278|High risk
39582418623238|1643011660185|POS|false|1647917814124|Moderate risk
61572651178759|1672415000909|ATM|false|1672495046110|Severe risk
43980465134344|1645327874026|MAC|false|1656060040344|Severe risk
39582418623241|1636984035138|NFC|false|1646153107595|High risk
26388279089930|1619395622339|NFC|false|1624082585453|Moderate risk
48378511645451|1650549422766|RFID|false|1655415051937|Significant risk
23308|1582552296910|QRCode|false|1636588513979|Extreme risk
13194139556621|1601498893388|WIFI|false|1654218301267|Extreme risk
35184372112142|1630317455011|NFC|false|1665420639703|High risk
35184372112143|1632986784199|RFID|false|1638867171866|Minimal risk
30786325601040|1625740231054|QRCode|false|1655614060988|Extreme risk
61572651178769|1670330522872|RFID|true|1671779709939|Severe risk
48378511645458|1654620569392|RFID|false|1665102776892|Low risk
23315|1583430585144|ATM|false|1656077264595|Significant risk
26388279089940|1620255140497|NFC|false|1654722638318|High risk
8796093045525|1595032366309|WIFI|false|1653775281050|Extreme risk
48378511645462|1653774355544|ATM|false|1656511359773|Moderate risk
39582418623255|1638593266787|QRCode|false|1670984133924|Critical risk
57174604667672|1663872257969|NFC|false|1670695506387|Moderate risk
48378511645465|1652372535319|RFID|false|1670075071452|Minimal risk
48378511645466|1654839984233|IPv4|false|1665863833341|Very high risk
13194139556635|1597602324829|ATM|false|1669786702251|Moderate risk
23324|1582174653144|NFC|false|1622740160059|Very high risk
57174604667677|1666468129643|MAC|false|1668694969021|Minimal risk
48378511645470|1651364604502|IPv6|false|1671737580120|Severe risk
35184372112159|1635657743163|QRCode|false|1665464563107|Significant risk
57174604667680|1663911169132|NFC|false|1672482777322|High risk
61572651178785|1670327267539|WIFI|false|1671179719932|Severe risk
17592186067746|1610335777132|POS|false|1637393074628|Very high risk
4398046534435|1585044435400|ATM|false|1635293113686|Critical risk
23332|1581733403506|QRCode|false|1668781614067|Severe risk
13194139556645|1603954166347|POS|false|1663426746899|Extreme risk
48378511645478|1652960098459|MAC|false|1658605465894|Extreme risk
35184372112167|1633027195717|PHONE|false|1641008021767|Severe risk
39582418623272|1638351048716|IPv4|false|1666635595006|Minimal risk
39582418623273|1640191212620|POS|false|1658220944052|Very high risk
26388279089962|1620434036217|WIFI|false|1624915948343|Very high risk
57174604667691|1668946826794|NFC|false|1668974967728|Extreme risk
57174604667692|1668698921352|MAC|false|1670821150251|Severe risk
35184372112173|1634981101854|MAC|false|1646380451921|High risk
30786325601070|1625521487026|MAC|false|1666336318884|Critical risk
43980465134383|1646400683998|QRCode|false|1650879193965|High risk
21990232578864|1617012724712|ATM|false|1626997494969|Critical risk
39582418623281|1641113960405|IPv4|false|1654331630714|Low risk
39582418623282|1641284598926|MAC|false|1646419354950|Minimal risk
17592186067763|1608988438229|PHONE|false|1640206318063|High risk
17592186067764|1608279073357|PHONE|false|1661687254112|Very high risk
23349|1578396657426|IPv6|false|1651971167283|Minimal risk
57174604667702|1662864921774|MAC|false|1663388339691|Critical risk
57174604667703|1663894066214|IPv4|false|1667014833199|Moderate risk
35184372112184|1635875323572|PHONE|false|1637212838940|Extreme risk
13194139556665|1601481783622|ATM|false|1603827251737|High risk
26388279089978|1618342417847|NFC|false|1668937379005|Severe risk
13194139556667|1601006217446|IPv4|false|1608036236845|High risk
52776558156604|1659045700370|NFC|false|1669798696659|Very high risk
30786325601085|1623939646024|RFID|false|1632451373840|Moderate risk
52776558156606|1659239107221|POS|false|1664215128286|Critical risk
8796093045567|1591682115932|POS|false|1629325626407|Critical risk
52776558156608|1661088647168|MAC|false|1662052755175|Extreme risk
30786325601089|1627292117855|NFC|false|1653975456036|Very high risk
30786325601090|1628102217872|IPv4|false|1649509408210|Minimal risk
13194139556675|1601000076665|POS|false|1635295309544|Significant risk
52776558156612|1660143595201|IPv6|false|1665893631692|Extreme risk
8796093045573|1591074618007|QRCode|false|1630806342452|Extreme risk
26388279089990|1618211415200|MAC|false|1643097154274|Significant risk
35184372112199|1635804779102|IPv4|false|1648985833335|Moderate risk
21990232578888|1611292250544|MAC|false|1634704053953|Significant risk
35184372112201|1635630437885|IPv6|false|1660009720638|Extreme risk
23370|1582617103874|PHONE|false|1641092014273|Extreme risk
30786325601099|1629979704947|POS|false|1663470207889|Significant risk
35184372112204|1632968351128|NFC|false|1641366812934|Extreme risk
13194139556685|1603023431849|ATM|false|1628682270350|Significant risk
8796093045582|1594064098704|MAC|false|1612027455389|Moderate risk
21990232578895|1611315433642|POS|false|1641131430991|Moderate risk
57174604667728|1665040721928|RFID|false|1669287752301|Moderate risk
35184372112209|1631177817781|ATM|false|1638451462225|Low risk
4398046534482|1589115870165|ATM|false|1654251697997|Moderate risk
52776558156627|1657362359354|WIFI|false|1664721542939|Low risk
35184372112212|1633894950977|ATM|false|1653923560884|Low risk
43980465134421|1643288487524|QRCode|false|1659135623079|Extreme risk
21990232578902|1612296953114|WIFI|false|1643931203404|Moderate risk
61572651178839|1670787470632|POS|false|1671366803904|High risk
43980465134424|1643392259723|WIFI|false|1652532134079|Critical risk
26388279090009|1619991094910|NFC|false|1622296901843|Severe risk
26388279090010|1618652892800|NFC|false|1648986817197|Low risk
23387|1578192311077|IPv4|false|1671231721746|High risk
43980465134428|1648533423429|ATM|false|1670001614608|Critical risk
48378511645533|1652189488584|WIFI|false|1655070209713|Very high risk
48378511645534|1655423098298|POS|false|1664988335766|High risk
57174604667743|1664982692497|IPv4|false|1665126914680|Minimal risk
8796093045600|1595695278261|MAC|false|1597844812131|Minimal risk
13194139556705|1598887110440|IPv6|false|1637745852905|High risk
26388279090018|1623452479103|PHONE|false|1648926806873|Very high risk
35184372112227|1633737465383|ATM|false|1645613635627|Severe risk
23396|1584106239982|POS|false|1596250627431|Very high risk
57174604667749|1666638048698|IPv6|false|1667960655377|Significant risk
35184372112230|1634529403390|WIFI|false|1667724128924|Extreme risk
23399|1580350630996|QRCode|false|1615263455239|Minimal risk
57174604667752|1668422088369|PHONE|false|1672487674578|Low risk
17592186067817|1608964155659|IPv4|false|1657247874419|Critical risk
52776558156650|1656478421080|QRCode|false|1671094728462|High risk
52776558156651|1660109854841|IPv4|false|1662327139998|High risk
30786325601132|1629604588351|IPv6|false|1639637213690|Minimal risk
30786325601133|1624742441857|WIFI|true|1669965031153|Severe risk
61572651178862|1669524219973|MAC|false|1671650040979|Low risk
39582418623343|1639231069823|PHONE|false|1640444795197|Moderate risk
35184372112240|1633238003581|POS|false|1649728673147|Low risk
23409|1581384107284|IPv4|false|1583510008969|Moderate risk
57174604667762|1665127409454|POS|false|1665881795415|Moderate risk
43980465134451|1645089485881|IPv4|false|1653872870303|Minimal risk
57174604667764|1667249369644|IPv6|true|1670009728958|Extreme risk
21990232578933|1616841198580|PHONE|false|1626163898392|Very high risk
17592186067830|1604252763108|WIFI|false|1667572559990|Critical risk
26388279090039|1619249710616|IPv4|false|1637363274337|Minimal risk
17592186067832|1610500544145|QRCode|false|1622824672175|Moderate risk
23417|1579461952154|IPv6|false|1642927242604|Severe risk
13194139556730|1601562643009|IPv6|false|1648868670781|Low risk
43980465134459|1646367855767|IPv4|false|1666994912133|Significant risk
52776558156668|1662066078397|WIFI|false|1672097549417|Moderate risk
4398046534525|1589044231121|QRCode|false|1629609215730|Minimal risk
39582418623358|1641860416520|RFID|false|1670816472335|Low risk
26388279090047|1623513625560|ATM|false|1633046930902|Minimal risk
57174604667776|1665586643801|MAC|false|1666979207398|Moderate risk
43980465134465|1644367002100|WIFI|false|1669168836704|High risk
57174604667778|1663627909013|NFC|true|1670485546891|Minimal risk
17592186067843|1610155456034|QRCode|false|1649033546400|High risk
57174604667780|1665752227583|NFC|false|1669655365231|Minimal risk
21990232578949|1612310625984|IPv4|true|1669807354648|Low risk
48378511645574|1653515468228|IPv6|false|1658436229240|Low risk
35184372112263|1632778048769|WIFI|true|1637585612000|Extreme risk
61572651178888|1672200967460|POS|false|1672357017535|Low risk
21990232578953|1611746505761|IPv4|false|1636291097288|Significant risk
48378511645578|1651706440483|ATM|false|1664549386986|Extreme risk
48378511645579|1652771108214|MAC|false|1656988844330|Severe risk
17592186067852|1609800014931|MAC|false|1641172440856|Low risk
23437|1581100143708|IPv4|false|1671245523295|High risk
52776558156686|1661385164918|IPv4|false|1667684364059|High risk
43980465134479|1645066372930|RFID|false|1647915684091|High risk
30786325601168|1629464818658|NFC|false|1660889051784|Minimal risk
57174604667793|1669033553190|MAC|false|1670133647927|Very high risk
61572651178898|1670172059228|RFID|false|1672511562362|Low risk
8796093045651|1592311103617|WIFI|false|1598697500716|Very high risk
48378511645588|1654676972356|QRCode|false|1656580949532|Low risk
8796093045653|1596669195991|NFC|false|1611468652548|Very high risk
57174604667798|1664490220271|POS|false|1668975743795|Minimal risk
23447|1580455674464|IPv4|false|1584575894139|Very high risk
13194139556760|1601620380905|IPv4|false|1664519037025|Critical risk
17592186067865|1606042768024|ATM|false|1623054379929|High risk
8796093045658|1596339301256|QRCode|true|1610747398606|Critical risk
57174604667803|1666084781023|POS|false|1666186065055|Extreme risk
21990232578972|1612875241945|ATM|false|1623040148446|Moderate risk
52776558156701|1662312337973|POS|false|1664269764087|Extreme risk
48378511645598|1651179623921|QRCode|false|1669548318103|Severe risk
57174604667807|1667524041445|WIFI|false|1671977710600|Minimal risk
17592186067872|1609191327325|POS|false|1647400436484|Very high risk
52776558156705|1659239697869|IPv6|false|1666453193114|Very high risk
8796093045666|1592907214431|IPv4|false|1661052547529|Significant risk
52776558156707|1658456885114|WIFI|false|1669426338718|Very high risk
4398046534564|1585701022414|RFID|true|1595078808017|Moderate risk
21990232578981|1614189618260|POS|false|1647267437384|Minimal risk
30786325601190|1624002906722|IPv4|false|1659538108592|Significant risk
4398046534567|1589575229652|WIFI|false|1651143742890|Low risk
35184372112296|1634725761794|RFID|false|1636896407136|Severe risk
30786325601193|1623912985703|IPv6|false|1644490208558|Critical risk
17592186067882|1607622735553|RFID|false|1642628595502|Severe risk
48378511645611|1653157799465|QRCode|false|1668139778572|Critical risk
26388279090092|1621406864039|IPv4|false|1655041470586|Minimal risk
57174604667821|1666887268938|RFID|false|1670197914941|Moderate risk
23470|1581124912516|IPv4|false|1623769377955|Minimal risk
21990232578991|1616538538629|PHONE|false|1646570732593|Severe risk
43980465134512|1645837754882|PHONE|false|1657367742218|Moderate risk
48378511645617|1655454451982|POS|false|1657820998125|Extreme risk
21990232578994|1615339155788|PHONE|false|1671020837608|Extreme risk
4398046534579|1587354725671|WIFI|false|1622165442127|Extreme risk
35184372112308|1634941527062|POS|false|1657370687007|Critical risk
17592186067893|1609172830890|ATM|false|1630537326997|Critical risk
21990232578998|1611490620092|QRCode|false|1650288877295|Minimal risk
4398046534583|1585952184448|IPv4|false|1592581247595|Severe risk
52776558156728|1656631784873|NFC|false|1669737247886|Severe risk
61572651178937|1670712148374|PHONE|false|1671912654656|Moderate risk
35184372112314|1635181155531|MAC|false|1649708963742|Critical risk
39582418623419|1637864946886|IPv6|false|1641063621307|Minimal risk
26388279090108|1622238478042|MAC|false|1639305875804|Critical risk
35184372112317|1633188225604|POS|false|1646392203732|Minimal risk
26388279090110|1621760277524|RFID|false|1652120750512|Very high risk
57174604667839|1669136119614|QRCode|false|1670896664473|Extreme risk
4398046534592|1588184786012|IPv4|false|1635425859428|Critical risk
4398046534593|1586941516346|PHONE|false|1606795634711|Moderate risk
26388279090114|1620839931023|MAC|false|1640489892113|Significant risk
21990232579011|1611095456506|NFC|false|1612850207759|Severe risk
52776558156740|1657471359618|WIFI|false|1665318532368|Very high risk
43980465134533|1648861875127|POS|false|1669015697852|Extreme risk
52776558156742|1657124780580|ATM|false|1671368709345|Severe risk
4398046534599|1590864945051|RFID|false|1640171743739|Significant risk
52776558156744|1659378096581|RFID|false|1661094404918|Moderate risk
30786325601225|1629332536228|WIFI|false|1633694072968|Low risk
30786325601226|1629778681803|PHONE|false|1634836077022|Severe risk
13194139556811|1603826044420|IPv4|false|1622944049788|Low risk
52776558156748|1658850301790|PHONE|false|1671272114876|Significant risk
39582418623437|1640658548185|PHONE|false|1654952995341|Low risk
30786325601230|1623813569386|WIFI|false|1655725385031|Significant risk
26388279090127|1623133249794|NFC|false|1633735744093|Critical risk
13194139556816|1600990811086|MAC|false|1617160002973|Minimal risk
23505|1582986769620|WIFI|false|1588137943675|High risk
52776558156754|1659164003215|NFC|false|1671756601860|Significant risk
4398046534611|1585600961787|MAC|false|1652066810396|Low risk
8796093045716|1595067398212|NFC|true|1613270037761|Minimal risk
61572651178965|1670294470116|POS|false|1671407921536|High risk
21990232579030|1612140960220|IPv6|false|1645046422675|Significant risk
8796093045719|1595199273424|RFID|false|1600404059479|Severe risk
43980465134552|1649665255260|MAC|false|1663155948751|Minimal risk
23513|1581973380075|IPv6|false|1642810940895|Significant risk
13194139556826|1601650633973|QRCode|false|1645073242259|High risk
43980465134555|1649027043337|NFC|false|1652995148361|Very high risk
8796093045724|1597146020524|WIFI|false|1658808599718|Severe risk
57174604667869|1667829157005|QRCode|false|1670968174709|Critical risk
23518|1580556008493|POS|false|1646078939581|Severe risk
57174604667871|1666623971125|PHONE|false|1670214725917|Significant risk
23520|1578726435240|NFC|false|1641008305087|High risk
48378511645665|1654186076558|IPv6|false|1660620677583|Severe risk
17592186067938|1608431899491|PHONE|false|1657670808981|Significant risk
57174604667875|1667729008874|IPv6|false|1672082127685|Moderate risk
48378511645668|1653511109038|PHONE|false|1654234607960|Low risk
48378511645669|1650691096833|QRCode|true|1664725336886|Extreme risk
43980465134566|1646888996510|RFID|false|1655778128370|Moderate risk
30786325601255|1626310605333|IPv6|false|1646126685432|Significant risk
26388279090152|1622063011384|IPv4|false|1634568344633|Significant risk
26388279090153|1620338808851|IPv4|false|1651447249762|Moderate risk
48378511645674|1655531329902|WIFI|true|1661697037030|Severe risk
4398046534635|1587440615219|ATM|false|1640665752096|Very high risk
35184372112364|1631409500820|PHONE|false|1633288263435|High risk
21990232579053|1613451982488|POS|false|1647582414277|Moderate risk
17592186067950|1605218056881|IPv4|false|1631207889449|Very high risk
52776558156783|1659359560077|RFID|false|1669522365751|Very high risk
8796093045744|1595398881247|POS|false|1645321256385|Significant risk
43980465134577|1643390193999|QRCode|false|1646061479592|Minimal risk
8796093045746|1595038953263|MAC|false|1604680798508|Significant risk
21990232579059|1610801595075|NFC|true|1667464111680|Severe risk
35184372112372|1633927827119|ATM|false|1644826734812|Extreme risk
4398046534645|1585864970772|PHONE|false|1589275149072|Significant risk
30786325601270|1624757020233|RFID|false|1640429840483|Severe risk
23543|1581479456140|QRCode|false|1666431138571|Low risk
43980465134584|1645038046673|QRCode|false|1645901102307|Extreme risk
57174604667897|1665083302260|WIFI|false|1668808476424|Extreme risk
61572651179002|1670947777442|RFID|false|1671452904857|Low risk
48378511645691|1654798244893|IPv6|true|1658101277073|Very high risk
4398046534652|1589196244720|WIFI|false|1644777530441|Low risk
26388279090173|1622800894112|POS|false|1644613078328|Critical risk
52776558156798|1660202393172|MAC|false|1667345355551|Extreme risk
30786325601279|1624810901921|IPv6|false|1655338116695|Extreme risk
39582418623488|1638619908091|RFID|false|1671613902523|Moderate risk
4398046534657|1588348363998|RFID|false|1596442953382|Moderate risk
17592186067970|1609031547769|PHONE|false|1631421387390|Extreme risk
52776558156803|1661430389049|QRCode|false|1670937431878|Moderate risk
43980465134596|1643483146582|RFID|false|1659330906907|Severe risk
17592186067973|1608084318175|POS|false|1621623209066|High risk
61572651179014|1671982172758|MAC|false|1671986689641|High risk
35184372112391|1632862346134|ATM|true|1660994223720|Very high risk
35184372112392|1633676446175|WIFI|false|1648973234397|High risk
30786325601289|1625935045045|ATM|false|1654655952522|High risk
26388279090186|1622070479137|ATM|false|1672529977880|Extreme risk
26388279090187|1619723415549|WIFI|false|1639682703757|Critical risk
39582418623500|1639255508565|POS|false|1664244042234|High risk
35184372112397|1630154524807|IPv6|false|1640334731493|Very high risk
48378511645710|1653607580180|IPv4|false|1665101748842|Low risk
17592186067983|1606372755261|IPv4|true|1643589685608|Low risk
26388279090192|1622208414867|PHONE|false|1641735350382|Critical risk
8796093045777|1596453827280|WIFI|false|1669104443126|Moderate risk
8796093045778|1593325272920|POS|false|1616527371101|High risk
13194139556883|1601293663337|RFID|false|1651414951716|Low risk
23572|1581340399978|IPv4|true|1615137574964|Critical risk
30786325601301|1627873357947|NFC|false|1641239607028|High risk
26388279090198|1623335230472|RFID|false|1644441034229|Low risk
39582418623511|1641480606552|QRCode|false|1654089898877|Minimal risk
21990232579096|1614003247582|POS|false|1651882441448|High risk
57174604667929|1665761177922|PHONE|false|1669706982930|Very high risk
39582418623514|1637524516692|RFID|true|1649916792693|Severe risk
52776558156827|1661877100844|POS|false|1663891666335|Moderate risk
17592186067996|1608998345093|NFC|false|1613470804552|Moderate risk
4398046534685|1585224195731|RFID|false|1627179000288|Minimal risk
57174604667934|1666326434352|POS|false|1667573877171|High risk
13194139556895|1597917904687|POS|false|1608920950491|High risk
30786325601312|1629980547671|IPv6|false|1649412884160|Very high risk
52776558156833|1657716012547|IPv4|false|1669869304529|Extreme risk
23586|1580640158047|ATM|false|1645946245568|Moderate risk
23587|1579599141287|QRCode|false|1589374885285|Low risk
30786325601316|1625197641468|RFID|false|1628578679808|Significant risk
4398046534693|1588737573001|NFC|false|1664215591475|Very high risk
57174604667942|1663691920113|NFC|false|1666216717200|Moderate risk
21990232579111|1616176700907|POS|false|1636655938227|High risk
23592|1579302306573|QRCode|false|1624958045167|Severe risk
57174604667945|1668978148725|MAC|true|1670192029818|Minimal risk
52776558156842|1658119356873|ATM|false|1670736706099|Low risk
48378511645739|1655464353422|POS|false|1658921990471|Severe risk
17592186068012|1610301931418|ATM|false|1618281465488|Moderate risk
48378511645741|1653318947784|MAC|false|1656509561033|Moderate risk
13194139556910|1599511101978|QRCode|false|1664458599514|High risk
8796093045807|1596048440354|IPv4|false|1663739957849|Minimal risk
4398046534704|1585824910175|MAC|false|1661195994808|High risk
35184372112433|1632695451753|RFID|false|1654220086844|Minimal risk
39582418623538|1641417026422|PHONE|false|1648467244848|Very high risk
52776558156851|1658664726637|IPv6|false|1658966673049|Critical risk
4398046534708|1587780131757|NFC|true|1596711346920|Minimal risk
30786325601333|1624605297163|POS|false|1641702732063|Critical risk
48378511645750|1656089349691|MAC|false|1667371755091|Significant risk
48378511645751|1655080432661|QRCode|false|1669347922173|Moderate risk
43980465134648|1648644453503|MAC|false|1653933332123|Significant risk
57174604667961|1666153570104|WIFI|false|1670200275536|Minimal risk
8796093045818|1592094142831|IPv6|false|1630281874033|Minimal risk
48378511645755|1651586799022|POS|false|1670203893546|Minimal risk
48378511645756|1653637407569|POS|false|1653649679203|Low risk
23613|1584345270665|IPv4|false|1631531142054|Minimal risk
21990232579134|1615473625961|POS|false|1630394463266|Severe risk
35184372112447|1632002517210|WIFI|false|1634442394008|Minimal risk
30786325601344|1628437270134|ATM|false|1658975153149|Significant risk
48378511645761|1652137371226|RFID|false|1665206438149|Minimal risk
8796093045826|1595367739793|IPv6|false|1614749977125|Minimal risk
35184372112451|1635074758789|IPv6|false|1664631765679|High risk
48378511645764|1652689919833|ATM|false|1662849489946|Minimal risk
13194139556933|1599166378818|ATM|false|1601376351714|Severe risk
57174604667974|1665669117619|RFID|false|1665944950976|High risk
17592186068039|1606321071004|IPv4|false|1648908522537|High risk
30786325601352|1628027149192|PHONE|false|1634849744320|Critical risk
48378511645769|1652341963314|IPv4|false|1664375551314|Low risk
35184372112458|1636448089904|QRCode|false|1658164068668|Moderate risk
26388279090251|1618205818521|POS|false|1648572010857|Extreme risk
30786325601356|1623590006544|IPv6|false|1647892812544|Very high risk
57174604667981|1665348724565|QRCode|false|1665372877027|Significant risk
26388279090254|1620175620753|RFID|false|1651919246159|Significant risk
39582418623567|1641175015760|IPv4|false|1655236456763|Severe risk
30786325601360|1628257173807|NFC|false|1630978544468|Minimal risk
48378511645777|1649929605940|QRCode|false|1664735496274|Significant risk
61572651179090|1670339344929|POS|false|1671266714863|High risk
52776558156883|1657230940859|PHONE|false|1658591912368|Critical risk
13194139556948|1601433332101|QRCode|false|1666723867624|Moderate risk
4398046534741|1589565571394|NFC|false|1593628512988|Critical risk
43980465134678|1643577541655|IPv4|false|1660250044993|Low risk
35184372112471|1631665353122|WIFI|false|1636951562835|Moderate risk
35184372112472|1631277647576|MAC|false|1660448706319|High risk
17592186068057|1604056819848|IPv4|false|1668740692793|Minimal risk
23642|1580675983791|MAC|false|1592082925914|Moderate risk
26388279090267|1621396446861|PHONE|false|1645828440426|Moderate risk
57174604667996|1663118686471|PHONE|false|1664375048515|High risk
21990232579165|1610863070696|IPv4|false|1662220771215|Low risk
35184372112478|1633847837860|QRCode|false|1650576344696|Significant risk
8796093045855|1596376910702|NFC|false|1619028125393|Severe risk
13194139556960|1598452846427|POS|false|1658609184531|Severe risk
8796093045857|1591842386816|POS|false|1616130661328|Moderate risk
13194139556962|1599090514420|RFID|false|1602852064374|Critical risk
13194139556963|1603368382128|ATM|false|1626190761559|Significant risk
17592186068068|1609194345625|IPv6|false|1647831500655|Severe risk
52776558156901|1657298604822|QRCode|false|1657662873527|High risk
43980465134694|1643891780175|PHONE|false|1672139539388|Critical risk
39582418623591|1637151807389|MAC|false|1647450895485|Very high risk
30786325601384|1630095650408|MAC|false|1660080898956|Severe risk
43980465134697|1647531744932|ATM|false|1654311382768|Very high risk
13194139556970|1602310376146|WIFI|false|1634494181185|Very high risk
39582418623595|1642989555679|MAC|false|1661828194605|Very high risk
8796093045868|1593486471214|IPv4|false|1627451312868|Very high risk
17592186068077|1604967698676|QRCode|false|1606485577834|Significant risk
23662|1581976445156|QRCode|false|1615140909728|High risk
57174604668015|1668097338269|NFC|false|1668512354208|Severe risk
30786325601392|1626885603421|RFID|false|1652270593650|Significant risk
8796093045873|1595147662452|QRCode|false|1595625246921|Critical risk
17592186068082|1610325903597|MAC|false|1614105530453|High risk
35184372112499|1634743940088|POS|false|1670218246295|Minimal risk
30786325601396|1626480282870|RFID|true|1634302143848|Low risk
21990232579189|1616518958442|RFID|false|1629854476501|Significant risk
23670|1579280647851|PHONE|false|1645027598421|Very high risk
17592186068087|1606650967146|QRCode|false|1620902092119|Moderate risk
4398046534776|1590387465988|PHONE|false|1619978794194|High risk
57174604668025|1668062717444|POS|false|1672197172990|Very high risk
57174604668026|1666091282545|RFID|false|1669023670859|Very high risk
48378511645819|1650115945757|PHONE|false|1665627827967|Moderate risk
8796093045884|1595179876147|PHONE|false|1596189154100|Extreme risk
52776558156925|1659930154297|RFID|false|1671553202142|Significant risk
8796093045886|1595641588292|IPv6|false|1667060367638|Low risk
17592186068095|1606865954510|NFC|false|1647176803853|Critical risk
52776558156928|1660484167429|MAC|false|1668881396285|High risk
17592186068097|1607687476960|IPv4|false|1625863828972|Severe risk
57174604668034|1668253983364|WIFI|false|1672288461838|Very high risk
17592186068099|1603984058530|ATM|false|1608173330497|Minimal risk
57174604668036|1666652590560|ATM|false|1667720953161|Moderate risk
17592186068101|1604657748744|WIFI|false|1659618085501|Moderate risk
17592186068102|1604385742007|MAC|false|1625489138637|Low risk
48378511645831|1654671482841|RFID|false|1671593077265|Minimal risk
23688|1579378075479|ATM|false|1619926727904|Severe risk
39582418623625|1638805838759|POS|false|1672497313258|Severe risk
52776558156938|1657387372219|RFID|false|1665570581832|Critical risk
4398046534795|1585221940117|IPv6|false|1633147836854|Severe risk
39582418623628|1640415848023|POS|false|1641892354279|Low risk
21990232579213|1611446564138|MAC|false|1615726875817|High risk
39582418623630|1637528268751|WIFI|false|1661762386721|Critical risk
57174604668047|1667728409218|MAC|false|1671391616033|Significant risk
57174604668048|1662848062199|QRCode|false|1671437361224|Very high risk
39582418623633|1640682697742|MAC|false|1654556612199|Severe risk
52776558156946|1659458797608|PHONE|false|1662209328412|Very high risk
39582418623635|1638604908061|ATM|true|1644480505681|Extreme risk
30786325601428|1626273921682|PHONE|true|1649479115332|High risk
17592186068117|1608815895974|QRCode|false|1629689173610|Extreme risk
52776558156950|1659159660557|QRCode|false|1666582182011|Critical risk
52776558156951|1656370536042|WIFI|false|1662813495331|Low risk
17592186068120|1606765080669|IPv6|false|1614878387376|Very high risk
23705|1580044983904|PHONE|false|1664096844117|Low risk
35184372112538|1634355070047|ATM|false|1657484282448|Critical risk
17592186068123|1607986867182|POS|false|1616072475051|Critical risk
26388279090332|1618471391423|NFC|true|1643716127784|Critical risk
17592186068125|1608438366212|QRCode|false|1656481020928|Minimal risk
39582418623646|1637289513861|RFID|true|1648377471866|Very high risk
26388279090335|1620489298094|POS|false|1656614066153|High risk
30786325601440|1624260933453|NFC|false|1644823869741|Severe risk
48378511645857|1655685200794|POS|false|1658290455220|Significant risk
30786325601442|1627488803584|WIFI|false|1665862895391|Critical risk
23715|1579692024074|ATM|false|1589277514661|Very high risk
35184372112548|1632562719958|IPv4|false|1656336058494|High risk
17592186068133|1605080614052|NFC|false|1636020503268|Significant risk
39582418623654|1639924527795|POS|false|1657380623357|Moderate risk
39582418623655|1638448561679|IPv4|false|1665983278118|High risk
30786325601448|1626039367775|RFID|false|1630563428051|Low risk
61572651179177|1669748554338|MAC|false|1669955769618|Severe risk
23722|1583321951733|MAC|false|1597496436190|Very high risk
8796093045931|1594851255859|IPv6|false|1653949003076|High risk
35184372112556|1633016710704|ATM|false|1654691626675|Extreme risk
30786325601453|1629642134638|WIFI|false|1662808261173|Very high risk
21990232579246|1615442645116|POS|false|1669863592867|Critical risk
4398046534831|1586151443249|ATM|false|1648260341248|Very high risk
52776558156976|1660849750871|ATM|false|1662035463829|Significant risk
30786325601457|1626492776314|POS|false|1645177315970|Minimal risk
30786325601458|1629038017125|IPv4|false|1641968647255|Critical risk
8796093045939|1595752249962|QRCode|true|1669707522922|Extreme risk
39582418623668|1639580904638|ATM|false|1654052448199|Severe risk
13194139557045|1600558170884|PHONE|false|1602650552773|Very high risk
23734|1582637206134|WIFI|false|1625286556036|Critical risk
48378511645879|1652553852417|POS|false|1657032019774|Extreme risk
43980465134776|1648625268237|RFID|false|1654829394955|Very high risk
17592186068153|1605818534454|PHONE|false|1618899662288|Moderate risk
61572651179194|1671685637108|RFID|false|1671873611030|Low risk
43980465134779|1648002120698|WIFI|false|1667435157557|Significant risk
57174604668092|1666549437123|PHONE|false|1668172742918|Extreme risk
4398046534845|1589450111747|NFC|false|1671399699442|Moderate risk
48378511645886|1653757049745|IPv6|true|1664238745433|Low risk
26388279090367|1621983442079|NFC|false|1647129464600|Extreme risk
4398046534848|1587376320098|IPv4|false|1670010555296|High risk
35184372112577|1633985138398|IPv6|false|1641955616832|Moderate risk
39582418623682|1637844263398|QRCode|false|1651065599464|Critical risk
48378511645891|1651725174968|ATM|false|1661931486954|Low risk
43980465134788|1646223452115|MAC|false|1659263176714|Critical risk
30786325601477|1625470181859|QRCode|true|1629090842597|High risk
26388279090374|1621625228385|QRCode|false|1654510968607|Very high risk
48378511645895|1652016282539|NFC|false|1662894595574|Severe risk
39582418623688|1639409815778|RFID|false|1661988675966|Critical risk
35184372112585|1634739038414|QRCode|false|1658494979816|Moderate risk
30786325601482|1625259393575|NFC|false|1648411100649|Severe risk
23755|1577885761794|RFID|false|1652458600315|High risk
17592186068172|1606221164403|MAC|false|1607230836002|Minimal risk
17592186068173|1606876627170|PHONE|false|1672124325112|Significant risk
57174604668110|1664786259052|WIFI|false|1668998294251|Extreme risk
26388279090383|1617673147291|RFID|false|1618575358270|High risk
26388279090384|1620813087162|IPv4|false|1650897544973|Very high risk
52776558157009|1662450615535|QRCode|false|1669859901136|Extreme risk
39582418623698|1638346118379|RFID|false|1666140578026|Severe risk
4398046534867|1585000474454|MAC|false|1611272258877|Very high risk
35184372112596|1636413083511|IPv6|false|1645235481359|Moderate risk
30786325601493|1627966179392|MAC|false|1644840736022|Significant risk
23766|1581751808930|WIFI|true|1665448694139|Severe risk
17592186068183|1608646119602|POS|false|1640602579447|Minimal risk
26388279090392|1619785896230|IPv6|false|1632231593752|Significant risk
13194139557081|1600889964947|WIFI|false|1626250851423|Minimal risk
43980465134810|1644771617910|IPv4|false|1651286283114|High risk
4398046534875|1584566439242|ATM|false|1667439318178|Moderate risk
23772|1583709087814|PHONE|false|1589560604137|Minimal risk
35184372112605|1632748032823|IPv4|false|1657020638143|Significant risk
61572651179230|1670752307432|QRCode|false|1671354777673|High risk
43980465134815|1644608618124|POS|false|1668411274666|Minimal risk
21990232579296|1610607251513|POS|false|1619335045886|Significant risk
26388279090401|1618222766358|POS|false|1633787916791|Very high risk
61572651179234|1672362558689|WIFI|false|1672472301867|Significant risk
43980465134819|1646399549043|IPv4|true|1660682488635|Very high risk
57174604668132|1667624847664|QRCode|false|1671486662895|Moderate risk
13194139557093|1603082888833|PHONE|false|1668868476842|Moderate risk
61572651179238|1671773175444|RFID|false|1672114337686|Extreme risk
35184372112615|1632861934449|MAC|false|1648418512197|Very high risk
43980465134824|1646778923261|IPv6|false|1657527297262|Moderate risk
52776558157033|1662260150939|WIFI|true|1662785910393|Moderate risk
8796093045994|1594562450784|QRCode|false|1631455333322|Low risk
30786325601515|1628529379265|QRCode|false|1634245496054|High risk
35184372112620|1634841522073|WIFI|false|1651377067268|Severe risk
26388279090413|1618796126274|IPv4|false|1647375864597|Extreme risk
13194139557102|1597491210853|PHONE|false|1621184022270|Significant risk
57174604668143|1669300992847|RFID|true|1670009780620|Critical risk
4398046534896|1589117972875|WIFI|false|1598787676115|Significant risk
26388279090417|1617974067726|QRCode|false|1649745863437|Minimal risk
13194139557106|1602059304980|IPv6|false|1621618792317|Minimal risk
52776558157043|1659580663357|RFID|false|1666008446399|Moderate risk
4398046534900|1586921394577|POS|false|1588423025608|Extreme risk
30786325601525|1624419814295|IPv4|true|1624598698262|Minimal risk
23798|1580097776684|QRCode|false|1668852268497|High risk
61572651179255|1671022822967|PHONE|false|1671892057220|High risk
26388279090424|1620909781463|MAC|false|1665197916576|Extreme risk
8796093046009|1594992021701|QRCode|true|1654190993609|Low risk
35184372112634|1635739855535|NFC|false|1668144530288|Extreme risk
26388279090427|1621552046432|IPv6|false|1627771555593|Moderate risk
23804|1578574156617|NFC|true|1627309042370|Minimal risk
21990232579325|1613141480149|MAC|false|1656648507754|High risk
61572651179262|1672445137298|QRCode|false|1672496815470|High risk
30786325601535|1625240453619|PHONE|false|1639511638681|Significant risk
17592186068224|1606297081076|POS|false|1658214834828|Significant risk
43980465134849|1647069929465|RFID|false|1670534456835|High risk
23810|1583493066625|MAC|false|1617645127708|Minimal risk
8796093046019|1592352389267|MAC|false|1633266499556|Extreme risk
48378511645956|1652873372479|ATM|false|1669696867355|Very high risk
35184372112645|1636489504038|QRCode|false|1669675570593|High risk
26388279090438|1618681815056|WIFI|false|1629444049166|Extreme risk
4398046534919|1584867320563|WIFI|false|1646050271184|Critical risk
35184372112648|1633002095345|QRCode|false|1634263309626|Low risk
61572651179273|1669631344261|MAC|false|1671556080769|Extreme risk
17592186068234|1605004824013|IPv4|false|1670040434745|Minimal risk
35184372112651|1632741354606|WIFI|false|1651035629502|Severe risk
35184372112652|1636136172761|IPv6|false|1636738216931|Minimal risk
39582418623757|1640125066963|ATM|false|1642733828306|Moderate risk
23822|1580160479756|RFID|false|1604005351476|Critical risk
17592186068239|1606449290043|MAC|false|1631070142169|Significant risk
48378511645968|1653515681099|ATM|false|1657697142334|Very high risk
23825|1582274189917|ATM|false|1643975184355|High risk
8796093046034|1593581695473|MAC|false|1629174609434|Very high risk
13194139557139|1598660145922|NFC|false|1667825229445|Minimal risk
43980465134868|1648657709703|PHONE|false|1649877600300|Severe risk
26388279090453|1623256134230|RFID|false|1654766462741|Significant risk
17592186068246|1606465865132|QRCode|false|1672420056446|Severe risk
52776558157079|1660406208639|POS|false|1671026936755|Critical risk
57174604668184|1666253778379|RFID|false|1670350067706|Critical risk
39582418623769|1642736477333|POS|false|1655168901449|Critical risk
43980465134874|1648547276310|IPv6|false|1672065280778|Minimal risk
4398046534939|1588917535508|PHONE|false|1629925667002|Significant risk
52776558157084|1659722279894|NFC|false|1669221777103|Low risk
13194139557149|1601224188575|IPv6|false|1649642902020|Minimal risk
39582418623774|1642248619748|IPv6|false|1653150724674|Very high risk
52776558157087|1661912862140|IPv6|false|1664003998456|Moderate risk
30786325601568|1629189463946|NFC|false|1639035077202|Moderate risk
30786325601569|1626153318391|MAC|false|1657551464229|Very high risk
57174604668194|1667652221158|WIFI|false|1668834635816|Low risk
23843|1578593034413|ATM|false|1617293355123|High risk
52776558157092|1658596187736|POS|false|1659291639751|Extreme risk
35184372112677|1632043193441|QRCode|false|1634408790420|Significant risk
21990232579366|1611558987311|POS|false|1639593285490|Minimal risk
17592186068263|1605034044816|IPv6|false|1634462347324|High risk
43980465134888|1647864103731|QRCode|false|1654285263399|Very high risk
17592186068265|1604275928548|WIFI|false|1648112690394|Moderate risk
13194139557162|1601611043814|RFID|false|1610597969789|Minimal risk
48378511645995|1653024744611|QRCode|false|1654242923390|Minimal risk
61572651179308|1669521060116|POS|false|1671601209397|Extreme risk
26388279090477|1623177506726|IPv4|false|1644378511263|Low risk
26388279090478|1618519807510|WIFI|false|1641660405495|Significant risk
21990232579375|1617013266257|ATM|false|1629252875541|Extreme risk
23856|1582938718354|IPv4|true|1646374297103|Very high risk
4398046534961|1590721722408|ATM|false|1659137816542|Extreme risk
57174604668210|1663886806764|ATM|false|1670759494725|Minimal risk
30786325601587|1629479779091|QRCode|false|1632821582238|Critical risk
26388279090484|1619955134345|IPv4|false|1642613675854|Minimal risk
17592186068277|1605463040348|QRCode|false|1665526411477|Significant risk
57174604668214|1663991159889|WIFI|false|1670699092830|Very high risk
23863|1583899358351|NFC|false|1644102404720|Very high risk
21990232579384|1613480250806|MAC|false|1643149364387|Very high risk
13194139557177|1603246202712|RFID|false|1670304473081|Critical risk
26388279090490|1623129578614|RFID|true|1645890566951|Minimal risk
26388279090491|1623416340161|QRCode|false|1642124093160|Moderate risk
57174604668220|1663149983943|IPv6|false|1672110478890|Moderate risk
61572651179325|1669639158433|NFC|false|1670557110823|Significant risk
30786325601598|1627274127083|IPv6|false|1661709716795|Moderate risk
35184372112703|1632173703207|PHONE|false|1633907757794|Very high risk
26388279090496|1622769432805|POS|false|1671387536302|Severe risk
35184372112705|1634424143503|IPv4|false|1663630911496|Moderate risk
43980465134914|1643652187451|PHONE|false|1655683988089|Very high risk
35184372112707|1636227373399|POS|false|1643462069116|High risk
8796093046084|1591241406471|POS|false|1624282131922|Moderate risk
39582418623813|1636882005929|QRCode|false|1655514918958|Severe risk
26388279090502|1622713993559|IPv6|false|1633898220559|Minimal risk
48378511646023|1649799182005|POS|false|1654028690208|Low risk
48378511646024|1653032969235|IPv4|false|1664807105704|Very high risk
21990232579401|1613967557327|NFC|true|1625101391201|Very high risk
61572651179338|1670725140573|RFID|false|1670894410993|Low risk
23883|1579333282602|IPv4|false|1628100142105|Significant risk
8796093046092|1597093959847|IPv6|false|1667970434727|Minimal risk
13194139557197|1600042000696|NFC|false|1666722538174|Extreme risk
35184372112718|1633709570993|IPv4|false|1638866701949|Severe risk
48378511646031|1652172738057|ATM|false|1665960878399|Very high risk
30786325601616|1627317108269|MAC|false|1650593271916|Low risk
52776558157137|1658970364874|RFID|false|1667581997736|Severe risk
4398046534994|1589338223794|WIFI|false|1604840620242|Minimal risk
52776558157139|1658054415420|QRCode|false|1668216902744|High risk
43980465134932|1648009067807|ATM|false|1669825506539|Critical risk
48378511646037|1655129747693|WIFI|false|1659873513446|Extreme risk
26388279090518|1622974554459|PHONE|false|1655377479269|Very high risk
13194139557207|1602527457573|WIFI|false|1613369944641|Minimal risk
4398046535000|1590614138443|MAC|false|1634002307494|Very high risk
17592186068313|1606321649142|WIFI|false|1607994882417|Very high risk
52776558157146|1662612295234|IPv4|false|1663891168015|Significant risk
39582418623835|1641951617003|PHONE|true|1645473528208|Critical risk
4398046535004|1587494559100|MAC|false|1621798539942|Moderate risk
30786325601629|1628322718893|MAC|false|1656501615042|Low risk
39582418623838|1637071208301|QRCode|false|1650532300628|Very high risk
8796093046111|1592669267797|NFC|false|1600109651416|Low risk
52776558157152|1662750069705|IPv4|false|1669244275359|Low risk
8796093046113|1591340609012|NFC|false|1665386413337|Significant risk
43980465134946|1643385538083|POS|false|1656782299275|Critical risk
43980465134947|1643855943717|NFC|false|1647100369351|Critical risk
39582418623844|1642912781528|NFC|false|1661544310383|Severe risk
30786325601637|1627438545574|POS|false|1659861320865|Critical risk
35184372112742|1636299082343|RFID|false|1646699944820|Low risk
17592186068327|1609107752455|WIFI|false|1626633967434|Moderate risk
23912|1582076229135|ATM|false|1612724778715|Very high risk
23913|1577889493611|IPv4|false|1668836296189|Minimal risk
21990232579434|1616197711975|POS|true|1664411615655|Extreme risk
48378511646059|1655901461779|IPv6|false|1666983406074|Moderate risk
26388279090540|1620081953292|IPv4|true|1662790261329|High risk
26388279090541|1619051277180|RFID|false|1626924662412|Moderate risk
52776558157166|1656944656608|QRCode|false|1662510247563|Extreme risk
43980465134959|1648424584889|MAC|false|1661600673175|Significant risk
35184372112752|1636569065724|QRCode|false|1664111481093|Very high risk
48378511646065|1651364844342|MAC|false|1661038687157|Extreme risk
4398046535026|1590127872388|MAC|false|1662378336724|Minimal risk
52776558157171|1659879786868|POS|false|1665143934554|Severe risk
35184372112756|1634910285018|ATM|false|1669097581726|Low risk
57174604668277|1665098866808|ATM|true|1668286657638|Critical risk
21990232579446|1610849815889|NFC|false|1611585186601|High risk
43980465134967|1643675078121|IPv4|false|1662212103163|Moderate risk
8796093046136|1594424050486|POS|false|1612345661463|Significant risk
8796093046137|1595336913965|POS|false|1649753484355|Critical risk
26388279090554|1621334665940|IPv6|false|1657086014659|Critical risk
8796093046139|1596159910045|WIFI|false|1601272417752|Critical risk
57174604668284|1668846344074|POS|false|1670759702993|Critical risk
35184372112765|1635671818480|NFC|false|1657033338087|Critical risk
52776558157182|1660735454483|QRCode|false|1669951369605|Severe risk
35184372112767|1634235947278|RFID|false|1641658295601|Extreme risk
48378511646080|1656066385338|NFC|false|1660004550027|Minimal risk
21990232579457|1610584787492|PHONE|true|1638754370216|Severe risk
21990232579458|1616378723948|POS|false|1637451736205|Very high risk
35184372112771|1635423189303|ATM|false|1647067259223|Critical risk
21990232579460|1614545179746|MAC|false|1632829897743|Very high risk
17592186068357|1605706447064|QRCode|false|1651660164059|Critical risk
61572651179398|1671335711715|NFC|false|1672360339820|Moderate risk
8796093046151|1593547598446|NFC|false|1608615327587|High risk
21990232579464|1613539618997|QRCode|false|1659277485752|Moderate risk
17592186068361|1608311494732|NFC|false|1655286959653|Extreme risk
13194139557258|1600885019048|IPv6|false|1630711343017|Extreme risk
21990232579467|1611332204813|RFID|false|1656825965619|Minimal risk
17592186068364|1607935301350|POS|false|1622954052629|Significant risk
17592186068365|1610231112119|MAC|false|1667335602774|Low risk
57174604668302|1669070332199|NFC|false|1670617486774|Significant risk
23951|1583900031596|RFID|false|1627423712893|Very high risk
30786325601680|1623681265710|MAC|false|1628544780972|Severe risk
43980465134993|1646494603289|RFID|false|1664650370301|Moderate risk
48378511646098|1651971900911|IPv6|false|1666492766360|Severe risk
26388279090579|1620840970601|PHONE|false|1641655510848|High risk
21990232579476|1614295610192|NFC|false|1618446692990|Significant risk
35184372112789|1634458470185|IPv4|false|1660993956689|Extreme risk
57174604668310|1668269064894|WIFI|false|1668642035318|Moderate risk
17592186068375|1605363451229|IPv6|false|1617751102138|Significant risk
4398046535064|1585948918706|IPv4|false|1659888979446|Significant risk
48378511646105|1651364627686|POS|false|1660371480937|Minimal risk
57174604668314|1663491127359|QRCode|false|1664050719967|Very high risk
48378511646107|1655974036696|NFC|false|1672120805024|Very high risk
30786325601692|1626984989463|RFID|false|1642440030780|Minimal risk
13194139557277|1602357677849|RFID|false|1610375522450|Critical risk
21990232579486|1612995582891|ATM|false|1632361373404|Very high risk
57174604668319|1665971111161|RFID|false|1671736990433|Low risk
35184372112800|1631709192997|NFC|false|1648891582911|Critical risk
26388279090593|1619897903205|NFC|false|1657530749159|Significant risk
17592186068386|1610268758217|ATM|false|1669725636484|Minimal risk
52776558157219|1658268342738|WIFI|false|1669061110361|Significant risk
4398046535076|1588475249454|IPv4|false|1624998360040|Moderate risk
30786325601701|1624486043032|QRCode|false|1660284274061|Significant risk
39582418623910|1639025634466|IPv6|false|1653396534998|Moderate risk
23975|1582297058172|IPv6|false|1602714217311|Minimal risk
21990232579496|1615449746378|NFC|false|1659178452664|Low risk
30786325601705|1628996274947|RFID|false|1643115253790|Very high risk
23978|1580794435988|MAC|false|1598133917889|High risk
21990232579499|1611551736620|NFC|false|1664698461719|Low risk
4398046535084|1587427715934|PHONE|false|1631383221095|High risk
48378511646125|1653200406736|QRCode|false|1661826399461|High risk
48378511646126|1653180530616|POS|false|1653944368990|High risk
48378511646127|1653049912940|ATM|false|1657964038944|Critical risk
8796093046192|1593907523822|WIFI|false|1612621621525|Significant risk
57174604668337|1663560258455|RFID|false|1665839842294|Very high risk
30786325601714|1629035351009|POS|false|1653588575189|Minimal risk
8796093046195|1596488869259|RFID|false|1628539210278|Minimal risk
23988|1583505788021|WIFI|false|1642665664372|Significant risk
21990232579509|1610930174573|POS|false|1663298766957|Very high risk
26388279090614|1618250654920|IPv6|false|1668244153301|High risk
23991|1584201342394|IPv4|false|1611491631342|Significant risk
17592186068408|1609698288965|POS|false|1612601633771|Extreme risk
23993|1583419213223|IPv6|false|1668685501625|Significant risk
21990232579514|1614419173557|IPv6|false|1661896512958|Very high risk
52776558157243|1659304355771|IPv4|false|1666020857012|High risk
39582418623932|1639788544209|NFC|false|1645324338495|Very high risk
52776558157245|1660451490882|MAC|false|1667349705348|Significant risk
4398046535102|1588057304475|RFID|false|1606714062870|Moderate risk
13194139557311|1601755183790|NFC|false|1652357008428|Severe risk
24000|1581760581498|QRCode|false|1617213139118|Minimal risk
57174604668353|1667449991797|RFID|false|1670512686722|Severe risk
13194139557314|1601481479482|IPv4|false|1627378232796|Moderate risk
48378511646147|1654849896519|RFID|false|1660483464949|Very high risk
24004|1583047305239|MAC|false|1587963267368|Very high risk
43980465135045|1646914852895|MAC|true|1656537402552|Severe risk
13194139557318|1602513168200|POS|false|1665515936904|Low risk
57174604668359|1662912644290|QRCode|false|1666759367548|Low risk
48378511646152|1655128763474|WIFI|false|1663223943101|High risk
39582418623945|1640140389557|IPv6|false|1665433644474|High risk
21990232579530|1615153145494|POS|false|1652347733827|Minimal risk
30786325601739|1626633267355|NFC|false|1659797506275|High risk
8796093046220|1592569444483|POS|false|1607250832706|Extreme risk
17592186068429|1605884058472|MAC|false|1660645425245|Low risk
61572651179470|1670909713872|ATM|false|1671303094485|Significant risk
21990232579535|1612753955410|WIFI|false|1619938854794|High risk
4398046535120|1587029871468|RFID|false|1656163643345|High risk
13194139557329|1601802486812|PHONE|false|1620489312522|Moderate risk
48378511646162|1654613631505|WIFI|false|1656454008684|High risk
17592186068435|1605601490158|NFC|false|1609631212985|High risk
43980465135060|1643500165099|MAC|false|1658954329388|Extreme risk
52776558157269|1656930816593|QRCode|true|1658789596299|Extreme risk
26388279090646|1621861436038|PHONE|false|1652698844018|Critical risk
48378511646167|1653537527983|RFID|false|1654705838943|Low risk
48378511646168|1652442987690|ATM|false|1666978609245|Low risk
24025|1584012175149|PHONE|false|1647537867094|Very high risk
52776558157274|1661282436738|QRCode|false|1661728023327|Moderate risk
30786325601755|1627032044312|POS|false|1630434203609|Moderate risk
39582418623964|1636816919818|PHONE|false|1654593922199|Very high risk
21990232579549|1614585282396|RFID|false|1627193540242|Minimal risk
57174604668382|1663648808668|PHONE|false|1671046803476|Minimal risk
57174604668383|1665141712928|ATM|true|1671759082705|High risk
17592186068448|1610186191260|IPv6|false|1656270147135|Moderate risk
4398046535137|1589022387158|NFC|false|1628934859233|Extreme risk
35184372112866|1633666636423|IPv6|false|1671799019920|Severe risk
48378511646179|1652226880327|MAC|false|1655749019290|Critical risk
17592186068452|1609670391910|QRCode|false|1629887754232|High risk
26388279090661|1619060442417|ATM|false|1639012952120|High risk
4398046535142|1586849071395|POS|false|1667225904224|Minimal risk
35184372112871|1631929508706|IPv6|false|1656544560090|Very high risk
4398046535144|1585738638711|QRCode|false|1614980760210|Very high risk
30786325601769|1628211112333|WIFI|false|1662968076575|Very high risk
35184372112874|1631984002006|WIFI|false|1641223203143|Very high risk
24043|1578849460245|RFID|false|1622020622489|Critical risk
35184372112876|1632888337889|IPv6|false|1671987973292|High risk
17592186068461|1609149033689|QRCode|false|1653510181972|Minimal risk
24046|1583620758820|POS|false|1589563206938|High risk
57174604668399|1667214053739|PHONE|false|1670687511501|Critical risk
43980465135088|1648598831424|RFID|false|1658529910222|High risk
24049|1582382100614|IPv6|false|1590343454852|Severe risk
30786325601778|1628543599715|WIFI|false|1659151568114|Critical risk
39582418623987|1642113205100|MAC|false|1649277445668|Critical risk
8796093046260|1594278560408|PHONE|false|1608187034319|Moderate risk
48378511646197|1649918918831|QRCode|false|1660294443535|Extreme risk
26388279090678|1621239844591|PHONE|false|1662029935542|Severe risk
57174604668407|1665286860898|QRCode|false|1667368786579|Significant risk
26388279090680|1620373801405|ATM|false|1631427948349|High risk
24057|1582659368113|PHONE|false|1611733543157|Extreme risk
52776558157306|1657011364057|QRCode|false|1661805031909|Moderate risk
39582418623995|1638815173362|WIFI|false|1668890133742|Severe risk
52776558157308|1658207371877|WIFI|false|1660549943131|Minimal risk
43980465135101|1647813587381|IPv4|false|1650006868348|Low risk
35184372112894|1634045424550|POS|false|1643184310155|Critical risk
24063|1581588254205|RFID|false|1589419592631|Low risk
35184372112896|1631829090748|QRCode|false|1658837347597|Critical risk
43980465135105|1645807795927|IPv4|false|1652779285051|Extreme risk
13194139557378|1601028960118|QRCode|false|1635384056684|High risk
8796093046275|1596436138645|IPv4|false|1628273288102|Very high risk
52776558157316|1658854571391|MAC|false|1668206305138|Minimal risk
52776558157317|1660881314668|RFID|false|1663590350175|Very high risk
13194139557382|1602016819824|WIFI|false|1644414950518|Critical risk
52776558157319|1660773930291|POS|false|1661060912549|Extreme risk
13194139557384|1603443039974|PHONE|false|1632085285556|Significant risk
8796093046281|1594151296355|QRCode|false|1620165680477|Significant risk
8796093046282|1596132610806|ATM|false|1632105315974|Very high risk
17592186068491|1609092913882|ATM|false|1668217397021|Significant risk
4398046535180|1590690124427|IPv4|false|1607237031234|Minimal risk
57174604668429|1668170054836|MAC|false|1669319204432|Minimal risk
43980465135118|1649516023432|WIFI|false|1651941721120|Low risk
61572651179535|1672021936485|WIFI|false|1672351835339|High risk
35184372112912|1635458483867|ATM|false|1671000000062|Significant risk
48378511646225|1651072912904|PHONE|false|1662797786979|High risk
24082|1580537826182|QRCode|false|1640722344674|Very high risk
21990232579603|1616023244393|WIFI|false|1669368328370|Moderate risk
8796093046292|1595615143213|IPv6|false|1604499773066|Significant risk
24085|1579886771795|ATM|false|1585876131038|Low risk
52776558157334|1658542163561|QRCode|false|1664391066810|High risk
43980465135127|1643596359176|WIFI|false|1648338613218|Moderate risk
30786325601816|1624016946726|ATM|false|1654540996535|Low risk
57174604668441|1664700274091|POS|false|1667712400725|High risk
24090|1584250287733|IPv4|false|1670892587220|Critical risk
39582418624027|1637873978437|WIFI|false|1648083368283|Critical risk
57174604668444|1669077172035|IPv4|false|1671731627876|Severe risk
35184372112925|1630732722106|WIFI|false|1633480414104|High risk
26388279090718|1619017507760|IPv4|true|1620494965487|Minimal risk
8796093046303|1593554434764|IPv6|false|1634535624931|Extreme risk
57174604668448|1663243649034|IPv4|true|1667076514213|Significant risk
61572651179553|1670773563896|MAC|false|1672166541393|Severe risk
26388279090722|1623499232487|WIFI|false|1631988966195|Low risk
4398046535203|1589320801676|RFID|false|1668343523732|High risk
21990232579620|1615226388793|RFID|false|1636563973027|Very high risk
26388279090725|1618000571702|POS|false|1661156974253|Significant risk
8796093046310|1594938077677|WIFI|false|1610790074447|Significant risk
52776558157351|1659627786020|NFC|true|1669633135261|Severe risk
8796093046312|1597215606903|POS|false|1658158769096|Low risk
17592186068521|1605257867658|IPv6|false|1649576469815|Moderate risk
17592186068522|1606273603250|MAC|false|1634676126951|Critical risk
17592186068523|1609415023704|IPv4|false|1615819136791|Extreme risk
21990232579628|1615464289676|NFC|false|1625397745296|Low risk
35184372112941|1636246462570|MAC|false|1651654927720|Critical risk
30786325601838|1629311627538|QRCode|false|1649408869641|Severe risk
8796093046319|1592927654547|NFC|false|1621418923932|Severe risk
21990232579632|1613111555343|WIFI|false|1625606507718|Severe risk
13194139557425|1599322627372|WIFI|false|1628829859860|Very high risk
24114|1583720479513|WIFI|false|1644616067115|High risk
13194139557427|1602060957364|MAC|false|1620609557558|Extreme risk
26388279090740|1620438705666|MAC|false|1645165877935|Severe risk
4398046535221|1586442913411|PHONE|false|1598429601418|Significant risk
48378511646262|1650396008689|IPv6|false|1665878112583|Low risk
35184372112951|1634018473781|RFID|false|1671860004217|Low risk
30786325601848|1623962353420|IPv4|false|1649176214232|Extreme risk
52776558157369|1661541274336|MAC|false|1667627591258|Low risk
57174604668474|1664200506800|POS|false|1670164525141|Severe risk
39582418624059|1638227344464|IPv6|false|1648528668605|High risk
4398046535228|1586988688811|QRCode|false|1616389015034|Moderate risk
4398046535229|1590606469703|QRCode|false|1607424256429|Severe risk
48378511646270|1654813508002|WIFI|false|1661349864382|Very high risk
17592186068543|1605385641241|POS|false|1628038541392|Moderate risk
57174604668480|1663731012940|NFC|false|1672389942046|High risk
52776558157377|1659114561097|ATM|false|1665083957839|Extreme risk
8796093046338|1593329376243|QRCode|false|1640216753550|Significant risk
24131|1580865959436|POS|false|1634835896094|High risk
61572651179588|1669689951547|RFID|false|1670052465529|Severe risk
24133|1584097194934|ATM|false|1594857548238|Minimal risk
21990232579654|1614540577514|QRCode|false|1639919710645|Critical risk
21990232579655|1611910618229|QRCode|false|1662186531986|Severe risk
52776558157384|1658654623542|QRCode|false|1665152825625|High risk
4398046535241|1586650682550|QRCode|false|1621857077092|Severe risk
39582418624074|1636812906704|IPv4|false|1647908975725|Critical risk
35184372112971|1631488074870|IPv4|false|1661975296546|Extreme risk
8796093046348|1595019549740|POS|false|1602769013857|Severe risk
13194139557453|1601070292340|IPv6|true|1621030793298|Moderate risk
26388279090766|1620084521215|MAC|false|1669727223758|Extreme risk
17592186068559|1609504044621|IPv6|false|1670336307251|High risk
21990232579664|1613897282679|ATM|false|1650868753807|Low risk
52776558157393|1661236897524|WIFI|false|1662398225403|High risk
8796093046354|1597142394641|MAC|false|1642924853213|Moderate risk
39582418624083|1638552697207|NFC|false|1659023382978|Minimal risk
8796093046356|1594747335762|RFID|false|1660946767389|Significant risk
39582418624085|1640790590528|ATM|false|1669646689594|High risk
52776558157398|1659499398014|RFID|false|1664580988015|Moderate risk
61572651179607|1671052363791|POS|false|1671320648746|Significant risk
57174604668504|1668431928056|POS|false|1671446302410|Severe risk
21990232579673|1616822124503|POS|false|1662732495599|Minimal risk
39582418624090|1636887350875|NFC|false|1645700130169|Moderate risk
61572651179611|1671519671323|ATM|false|1671947690107|High risk
26388279090780|1617171254641|WIFI|false|1631793223016|Minimal risk
35184372112989|1635998949163|ATM|false|1647638565152|Significant risk
8796093046366|1592899852439|MAC|false|1617204517858|Extreme risk
24159|1582897481289|IPv4|false|1600025145012|Low risk
4398046535264|1589436981714|QRCode|false|1595206094065|Critical risk
30786325601889|1624824450324|POS|false|1671647554632|High risk
13194139557474|1597610712747|IPv4|false|1622250610347|High risk
48378511646307|1653374341838|IPv4|false|1662152896004|Minimal risk
26388279090788|1618928800422|NFC|false|1628391903670|Critical risk
8796093046373|1594721323043|PHONE|false|1646939728137|Severe risk
26388279090790|1621721992088|IPv4|false|1659092275887|Minimal risk
43980465135207|1648352120568|WIFI|false|1652285952404|Extreme risk
57174604668520|1668527295568|ATM|true|1669267383717|Severe risk
17592186068585|1609887019142|MAC|false|1613865000663|Critical risk
4398046535274|1587546831762|MAC|false|1620137206395|Severe risk
48378511646315|1655880103038|MAC|false|1662145818151|Extreme risk
8796093046380|1597236923413|IPv4|true|1602749626041|Minimal risk
35184372113005|1631807159785|WIFI|false|1664846501648|Significant risk
4398046535278|1587071573291|PHONE|false|1627724170756|Critical risk
24175|1579624007135|IPv6|false|1607341223034|Moderate risk
17592186068592|1608231694185|IPv4|false|1636646718903|Extreme risk
30786325601905|1624432214419|PHONE|false|1660774422723|Low risk
21990232579698|1616052955548|POS|false|1633412956210|Moderate risk
43980465135219|1644656687846|IPv4|false|1650343446324|Critical risk
48378511646324|1655891099117|IPv4|false|1662711063616|Critical risk
35184372113013|1630157446168|ATM|false|1667923357029|Minimal risk
26388279090806|1621727023173|MAC|false|1635030532133|Low risk
24183|1579969973360|QRCode|false|1638015784151|Minimal risk
4398046535288|1586355040586|WIFI|false|1635890061987|Severe risk
21990232579705|1613395234371|RFID|false|1617941370764|Moderate risk
24186|1580211271079|PHONE|false|1618171513427|Moderate risk
57174604668539|1662826948201|QRCode|false|1669976742546|Very high risk
57174604668540|1664472644568|QRCode|true|1667807923155|Minimal risk
26388279090813|1620997881868|IPv6|false|1662256148128|High risk
4398046535294|1590540811079|RFID|false|1616305055977|Critical risk
13194139557503|1597856270857|WIFI|false|1603861487572|Severe risk
52776558157440|1660512279240|POS|false|1663543622141|Significant risk
61572651179649|1670329365869|IPv6|false|1671798747038|Minimal risk
17592186068610|1606910648437|IPv4|true|1614888862220|Moderate risk
57174604668547|1666454790674|RFID|false|1670147769730|Very high risk
17592186068612|1608997390765|MAC|false|1638262724471|Significant risk
30786325601925|1628866318947|ATM|false|1657465349035|Significant risk
17592186068614|1607070607949|RFID|false|1665589387947|Severe risk
61572651179655|1671266205965|QRCode|false|1671475450144|Significant risk
57174604668552|1664542819419|POS|false|1671379987158|Moderate risk
39582418624137|1637083235366|POS|false|1658474538028|Low risk
39582418624138|1641077933012|POS|false|1644870041394|Critical risk
57174604668555|1669086578067|MAC|false|1670661930668|Moderate risk
24204|1577941210336|POS|false|1613164994782|Significant risk
43980465135245|1644545123920|IPv6|false|1668230924152|Significant risk
24206|1582003024921|RFID|false|1652946054587|Low risk
57174604668559|1663944187353|IPv6|false|1670840035205|High risk
8796093046416|1594215881337|IPv6|false|1668592454074|Extreme risk
57174604668561|1669061570772|QRCode|false|1670351695893|Severe risk
52776558157458|1656456758587|ATM|false|1671846833403|High risk
43980465135251|1645354705258|IPv4|false|1669649048846|Moderate risk
24212|1582278709804|MAC|false|1603765283127|Extreme risk
48378511646357|1655287588791|MAC|false|1662351176641|Critical risk
57174604668566|1665076539404|ATM|false|1671429037958|Extreme risk
48378511646359|1654565303384|IPv6|false|1657210530509|Minimal risk
48378511646360|1651061588705|IPv4|false|1654535911141|Severe risk
30786325601945|1623978539435|NFC|false|1666680953874|Extreme risk
21990232579738|1616339701683|RFID|false|1639863571934|Very high risk
21990232579739|1614219641000|PHONE|false|1625181029728|Minimal risk
26388279090844|1621233752460|IPv4|false|1652068931653|Severe risk
4398046535325|1590666683873|WIFI|false|1648703089981|Extreme risk
24222|1583413575225|PHONE|false|1593508500419|Extreme risk
21990232579743|1612049899239|IPv6|false|1639343321825|Significant risk
17592186068640|1610308035060|NFC|false|1638474864436|Minimal risk
17592186068641|1606323184155|RFID|false|1648019458782|Low risk
52776558157474|1661054943261|RFID|false|1663243937873|Very high risk
4398046535331|1588545130529|RFID|true|1663296069869|Moderate risk
61572651179684|1671558961411|MAC|false|1671668974203|Extreme risk
35184372113061|1634214458288|PHONE|false|1660945486021|Moderate risk
39582418624166|1637565206443|NFC|false|1670402511138|Very high risk
57174604668583|1665359481995|RFID|false|1667498496697|Moderate risk
57174604668584|1664632667279|MAC|false|1672463254853|Minimal risk
57174604668585|1667487661212|WIFI|false|1669719752717|Minimal risk
13194139557546|1602266091320|QRCode|false|1644525564654|Minimal risk
61572651179691|1669541271143|POS|false|1671978014492|Low risk
4398046535340|1585918066687|PHONE|false|1586042253505|High risk
61572651179693|1670194767591|IPv4|false|1670793508223|Extreme risk
17592186068654|1606331988666|NFC|false|1628691306494|Significant risk
43980465135279|1648340642713|ATM|false|1666765591636|Extreme risk
21990232579760|1616223476445|RFID|false|1622609429003|Significant risk
26388279090865|1620708949402|IPv6|false|1638751807377|Critical risk
57174604668594|1668649497322|IPv6|false|1670489310139|Extreme risk
39582418624179|1641339747859|MAC|true|1643933333450|High risk
57174604668596|1667173801547|RFID|false|1672248306649|Very high risk
8796093046453|1594052068971|WIFI|false|1622453088389|Low risk
13194139557558|1600038820621|POS|false|1633069804625|Moderate risk
48378511646391|1654078090576|NFC|false|1659845265537|Critical risk
52776558157496|1657843886548|IPv6|false|1659044362234|Significant risk
61572651179705|1669565174276|QRCode|false|1671147022670|Extreme risk
39582418624186|1641772537629|IPv4|false|1653464985910|Extreme risk
26388279090875|1622610354700|IPv6|false|1630607064203|Moderate risk
24252|1584142461938|POS|false|1603858768758|High risk
4398046535357|1587309326082|RFID|false|1595240872561|High risk
35184372113086|1634146537684|IPv4|false|1661586552411|Severe risk
57174604668607|1663809910004|MAC|true|1668517659008|Very high risk
52776558157504|1662744050233|RFID|false|1668858582332|Minimal risk
39582418624193|1636914804601|RFID|true|1653600164123|Critical risk
17592186068674|1605111593580|MAC|true|1660852056840|Minimal risk
52776558157507|1662719856980|QRCode|false|1663572272116|Moderate risk
52776558157508|1662574618034|QRCode|false|1664435277685|High risk
61572651179717|1670750584412|IPv6|false|1672040036899|Very high risk
39582418624198|1642865330959|ATM|false|1650143399293|Moderate risk
48378511646407|1653435732249|PHONE|false|1672531011795|Very high risk
17592186068680|1608598855501|IPv4|false|1638841737812|Minimal risk
30786325601993|1623643857455|WIFI|false|1652740382959|Critical risk
4398046535370|1587074792230|IPv6|false|1600849177531|Moderate risk
13194139557579|1602606339190|IPv6|false|1626407996869|Minimal risk
21990232579788|1612827078408|RFID|false|1641467173841|Very high risk
24269|1577896472653|IPv4|false|1616983076708|Critical risk
8796093046478|1592831905603|PHONE|false|1634446218459|Minimal risk
21990232579791|1615739720410|NFC|false|1659061695570|Severe risk
26388279090896|1617772923631|QRCode|false|1637923646542|High risk
43980465135313|1647373383804|POS|false|1652467921601|Very high risk
57174604668626|1663816235024|NFC|false|1665825215568|High risk
8796093046483|1597271717126|ATM|false|1598649032243|Minimal risk
30786325602004|1627582413381|ATM|false|1651209512267|Low risk
35184372113109|1635676953590|ATM|false|1644371258715|Minimal risk
57174604668630|1664669048705|QRCode|false|1667564058093|Significant risk
26388279090903|1622984678427|IPv4|true|1646226238390|Critical risk
35184372113112|1634996922697|WIFI|false|1644933930011|Extreme risk
26388279090905|1622729151919|NFC|false|1641226345603|High risk
43980465135322|1649247616639|RFID|false|1651115210073|Critical risk
39582418624219|1637191910187|NFC|false|1647330924438|Significant risk
26388279090908|1621289128947|NFC|false|1630572742084|Moderate risk
61572651179741|1669797617360|WIFI|false|1671365278033|Extreme risk
39582418624222|1641670359220|WIFI|false|1664274022383|High risk
17592186068703|1604735175218|POS|false|1670303860694|Minimal risk
39582418624224|1639462683301|NFC|true|1662685009718|Severe risk
43980465135329|1648033018129|QRCode|false|1650873155805|Extreme risk
17592186068706|1606603498489|POS|false|1621552924034|Minimal risk
43980465135331|1649227391294|ATM|false|1655871122240|Critical risk
13194139557604|1603443594296|RFID|false|1647074028193|Severe risk
17592186068709|1604577404617|WIFI|true|1611502146831|Very high risk
17592186068710|1604052767229|NFC|false|1665909376606|Low risk
24295|1581079583942|ATM|false|1658319177666|Moderate risk
17592186068712|1607519021836|ATM|false|1644121245228|Low risk
39582418624233|1640005104363|ATM|false|1643260503523|Extreme risk
13194139557610|1598758189199|PHONE|false|1620145640325|Low risk
13194139557611|1603319189876|POS|false|1667360414040|Severe risk
48378511646444|1656177233359|IPv6|false|1670600494988|Critical risk
24301|1579656491262|QRCode|false|1662580265295|High risk
13194139557614|1600256423944|MAC|false|1605202096270|Moderate risk
13194139557615|1599984133910|NFC|true|1630550743555|Severe risk
13194139557616|1602156557205|QRCode|false|1651079097268|Very high risk
48378511646449|1654405043072|RFID|false|1664546467576|Significant risk
24306|1580220078922|IPv6|false|1582017690976|Moderate risk
39582418624243|1643095481629|IPv6|false|1651421093626|Significant risk
26388279090932|1620090853076|QRCode|false|1643234713114|Critical risk
17592186068725|1607617803222|IPv4|false|1632052203652|Significant risk
4398046535414|1588832184810|IPv6|false|1620633633510|Significant risk
13194139557623|1598129698396|WIFI|false|1599661013033|Very high risk
35184372113144|1631588246766|ATM|false|1636488993804|Moderate risk
13194139557625|1602771033674|QRCode|false|1624152445930|Extreme risk
13194139557626|1599847784738|ATM|false|1599980791384|Extreme risk
26388279090939|1619326624251|IPv4|false|1646738376257|Severe risk
52776558157564|1657590046334|MAC|false|1658277942391|Critical risk
61572651179773|1672488875294|IPv4|false|1672496099568|Severe risk
39582418624254|1642409049471|MAC|false|1670602407127|Minimal risk
26388279090943|1617644370021|IPv6|false|1649707132264|Moderate risk
17592186068736|1605766715438|WIFI|false|1658852712340|Severe risk
48378511646465|1655837791556|NFC|false|1671659776851|Minimal risk
48378511646466|1654756340596|IPv4|false|1665090326379|Moderate risk
17592186068739|1606811374971|RFID|false|1639834964836|Critical risk
57174604668676|1667039544376|POS|false|1669902536570|High risk
24325|1582959548655|IPv4|false|1585835791126|Critical risk
61572651179782|1671352219742|ATM|false|1671751023728|Moderate risk
13194139557639|1603791384344|NFC|false|1668991801485|Severe risk
43980465135368|1648658698788|NFC|false|1652543708256|High risk
26388279090953|1617667269592|POS|false|1655709619202|Significant risk
13194139557642|1601193791169|WIFI|false|1656983765386|Very high risk
13194139557643|1599952168142|IPv6|false|1647163834489|High risk
21990232579852|1616587200894|PHONE|false|1623769417626|Minimal risk
26388279090957|1622323824571|PHONE|false|1643929949693|Moderate risk
48378511646478|1652895283656|ATM|false|1667354820058|Very high risk
39582418624271|1642150238407|IPv6|false|1652716439657|Very high risk
30786325602064|1627354478988|QRCode|false|1670033495457|Moderate risk
48378511646481|1650058901645|NFC|false|1658730058708|Low risk
43980465135378|1646536456230|IPv4|false|1653399802961|Significant risk
35184372113171|1636171769649|MAC|false|1656095047911|Significant risk
61572651179796|1670572377860|WIFI|false|1672519887301|Low risk
48378511646485|1651829341393|IPv6|false|1662213003379|Critical risk
61572651179798|1670704439608|RFID|false|1671651218906|Significant risk
30786325602071|1623614534523|ATM|false|1670599964067|Moderate risk
30786325602072|1623595845045|POS|false|1668511957070|Severe risk
39582418624281|1636982012020|RFID|false|1659334217564|High risk
13194139557658|1602864780476|IPv6|false|1644720473466|Minimal risk
35184372113179|1631414781472|IPv6|false|1648652736710|High risk
57174604668700|1667967731353|POS|false|1670124026535|Severe risk
48378511646493|1650678002957|RFID|false|1659077511686|Critical risk
52776558157598|1661672642569|QRCode|false|1662298790305|Moderate risk
26388279090975|1621869244736|NFC|false|1650550532035|Critical risk
8796093046560|1593286831476|RFID|false|1643668064588|Severe risk
21990232579873|1615944326936|ATM|false|1624048626713|Moderate risk
48378511646498|1651586458697|ATM|false|1660212442721|Very high risk
48378511646499|1656067133612|RFID|false|1665350766382|Severe risk
26388279090980|1619253997761|RFID|false|1647629961414|Low risk
4398046535461|1586097257226|PHONE|false|1602652083506|High risk
39582418624294|1642664780055|POS|false|1647985868770|Significant risk
39582418624295|1640240480384|QRCode|false|1660514329441|Moderate risk
17592186068776|1608140385907|ATM|false|1628860294617|High risk
48378511646505|1655024882084|RFID|false|1667828140165|Moderate risk
21990232579882|1615888730743|ATM|true|1623586066301|Critical risk
17592186068779|1604106617682|IPv6|true|1619454992851|Extreme risk
13194139557676|1597496810375|QRCode|true|1636870556875|Moderate risk
48378511646509|1655490300374|IPv4|false|1657578065020|Extreme risk
13194139557678|1603803781680|NFC|false|1620612378443|Moderate risk
4398046535471|1586455700995|PHONE|false|1618161039242|Very high risk
35184372113200|1635233224701|NFC|false|1650365493636|Significant risk
52776558157617|1661250019284|MAC|false|1666617197248|Significant risk
35184372113202|1632528183463|IPv4|false|1651733684251|Severe risk
13194139557683|1599331225454|WIFI|false|1641314549054|Significant risk
13194139557684|1601039468435|NFC|false|1666728605734|Extreme risk
13194139557685|1598987134074|WIFI|false|1633525692632|High risk
17592186068790|1604282756581|ATM|false|1607094752526|High risk
13194139557687|1599970610969|PHONE|false|1647457418326|Severe risk
35184372113208|1633108406623|IPv4|false|1649931962397|Minimal risk
30786325602105|1629664774094|WIFI|false|1631968514482|Low risk
43980465135418|1645864701164|IPv4|false|1668003003033|High risk
57174604668731|1665353512109|RFID|false|1670834836416|High risk
17592186068796|1610121585309|PHONE|false|1664087284871|Extreme risk
8796093046589|1592167966015|IPv4|false|1634153075579|Extreme risk
4398046535486|1588723466066|RFID|false|1659760707656|Significant risk
43980465135423|1649165500151|MAC|false|1666865108795|Low risk
35184372113216|1630405892821|ATM|false|1642003660463|Critical risk
35184372113217|1635098352298|MAC|false|1646148289238|Severe risk
26388279091010|1621356720794|IPv4|false|1629378827475|Minimal risk
61572651179843|1671777353833|IPv6|false|1671948470016|Extreme risk
17592186068804|1609935053897|WIFI|false|1651952043520|Low risk
57174604668741|1665434444007|ATM|false|1669862912847|Minimal risk
13194139557702|1602107805321|NFC|false|1628292224103|Moderate risk
21990232579911|1612052885905|PHONE|false|1630538153219|Significant risk
57174604668744|1666063835141|NFC|false|1672508800212|Significant risk
48378511646537|1649851209129|QRCode|false|1658088734552|Significant risk
48378511646538|1653270843992|WIFI|true|1657178589163|Very high risk
43980465135435|1645702968175|MAC|false|1663707722924|Moderate risk
52776558157644|1660385710276|POS|false|1667093523602|High risk
39582418624333|1638981036991|IPv6|false|1668605687982|Moderate risk
4398046535502|1589872244557|QRCode|false|1627153603467|Minimal risk
52776558157647|1657395978239|PHONE|false|1672446782359|Low risk
4398046535504|1588501251866|RFID|false|1641263430134|High risk
24401|1578288010118|IPv4|false|1595830095901|High risk
39582418624338|1638504551631|NFC|true|1672131007998|Minimal risk
21990232579923|1614435698380|PHONE|false|1641113510406|Severe risk
39582418624340|1643030507571|ATM|false|1650016541909|Very high risk
8796093046613|1597410068121|PHONE|false|1619603695246|Minimal risk
13194139557718|1603233481567|RFID|false|1650382747512|Significant risk
35184372113239|1630478255923|MAC|false|1667155425811|Very high risk
4398046535512|1587116005380|WIFI|false|1654922149507|Low risk
39582418624345|1638911186698|POS|false|1639587584475|Extreme risk
35184372113242|1632510284978|RFID|false|1669118905779|High risk
4398046535515|1589363657633|MAC|false|1615737316330|Very high risk
57174604668764|1665055380356|ATM|false|1667231091321|Minimal risk
30786325602141|1625985864550|ATM|false|1639029373698|Severe risk
43980465135454|1643682420085|NFC|false|1654630115930|Significant risk
24415|1580436473030|WIFI|false|1604990727872|Severe risk
17592186068832|1606968013535|PHONE|false|1608928573459|Critical risk
39582418624353|1638358592979|PHONE|false|1647616881032|Moderate risk
52776558157666|1659622803118|IPv4|false|1659740030351|Moderate risk
52776558157667|1661782161938|ATM|false|1667785846770|Significant risk
52776558157668|1661778048973|QRCode|false|1664468992901|Critical risk
39582418624357|1637473979201|NFC|false|1668398135899|Very high risk
35184372113254|1635284397178|NFC|false|1656032936546|Moderate risk
21990232579943|1612578167619|IPv6|false|1652690422355|Extreme risk
17592186068840|1608967115364|MAC|false|1612720676365|Extreme risk
4398046535529|1587912735203|RFID|false|1668644646478|High risk
57174604668778|1667653335107|POS|true|1668078454148|Severe risk
39582418624363|1636950001703|IPv4|false|1646547263198|Severe risk
13194139557740|1603665665753|QRCode|false|1666186205061|High risk
57174604668781|1668712935723|IPv4|false|1669270600583|Critical risk
52776558157678|1658319516925|POS|false|1669460391279|Severe risk
39582418624367|1640138396928|QRCode|false|1644753017417|Low risk
35184372113264|1631337997021|PHONE|false|1651642224184|Extreme risk
8796093046641|1591451520503|WIFI|false|1625670432238|Minimal risk
24434|1582732392029|IPv4|true|1661354080876|Very high risk
43980465135475|1644918706873|POS|true|1648928390378|Moderate risk
48378511646580|1654254049189|WIFI|false|1660823558543|Minimal risk
30786325602165|1629323617356|QRCode|false|1647346709139|Critical risk
48378511646582|1654526632646|IPv6|false|1656946058300|Very high risk
35184372113271|1633603987026|RFID|false|1636328867859|Moderate risk
24440|1578751978111|POS|false|1642564158990|Minimal risk
17592186068857|1608887167543|NFC|false|1624010704309|Moderate risk
35184372113274|1633445577894|IPv6|false|1648112898017|Minimal risk
8796093046651|1591962262019|NFC|false|1665742772148|Significant risk
43980465135484|1649028738190|IPv4|false|1664288431013|Very high risk
8796093046653|1591911808059|NFC|false|1637824506927|Moderate risk
39582418624382|1637081654001|RFID|false|1658568208643|High risk
57174604668799|1663685596581|PHONE|false|1666431556173|Significant risk
35184372113280|1636133231135|MAC|false|1660774083831|Extreme risk
30786325602177|1628119236261|ATM|false|1642427862279|Severe risk
26388279091074|1621869866678|MAC|false|1622022616969|Moderate risk
13194139557763|1601356394489|WIFI|true|1641220899649|High risk
52776558157700|1656361820232|RFID|false|1658258955823|Moderate risk
48378511646597|1653516164977|IPv4|false|1661476999946|High risk
57174604668806|1662920869705|MAC|false|1669445522071|Minimal risk
30786325602183|1625857908837|MAC|false|1629433224453|Extreme risk
61572651179912|1671071689968|IPv4|false|1671882921085|Extreme risk
57174604668809|1665868431273|WIFI|false|1670917163031|Low risk
35184372113290|1630567466790|NFC|false|1642939433719|Significant risk
39582418624395|1638765333638|IPv4|false|1663818385687|Moderate risk
26388279091084|1617496014218|POS|false|1661190260005|Very high risk
48378511646605|1652754735565|ATM|false|1668985696745|Critical risk
17592186068878|1606248820743|QRCode|false|1667376308081|Severe risk
13194139557775|1599700219657|NFC|false|1607246274082|Extreme risk
21990232579984|1610835769977|WIFI|false|1643877781732|Extreme risk
17592186068881|1609597905828|QRCode|false|1664477070463|Low risk
52776558157714|1659464757902|ATM|false|1662176415609|Moderate risk
57174604668819|1666082725454|QRCode|false|1667136920214|Moderate risk
4398046535572|1589933893429|PHONE|false|1626293789302|Extreme risk
26388279091093|1618963124538|ATM|false|1630356006394|Significant risk
43980465135510|1647993392965|MAC|false|1667911806615|Minimal risk
39582418624407|1641972174568|WIFI|false|1670177418520|Low risk
24472|1584041986052|IPv6|false|1641158471750|Significant risk
13194139557785|1599263161088|QRCode|false|1634789157677|Extreme risk
8796093046682|1592687819327|IPv4|false|1616887209161|Critical risk
17592186068891|1607970230931|PHONE|false|1658110862975|Critical risk
4398046535580|1585514985100|IPv6|false|1592616115597|Very high risk
24477|1580625392207|WIFI|false|1635546151848|Extreme risk
24478|1578812439244|ATM|false|1594299853985|Low risk
35184372113311|1635226482443|IPv6|false|1646762540891|High risk
4398046535584|1587656190441|IPv4|false|1664180061483|Minimal risk
4398046535585|1588028423166|MAC|false|1625684383174|Critical risk
8796093046690|1593378022876|RFID|false|1621155395334|Critical risk
61572651179939|1670038076273|NFC|false|1670148161094|Low risk
30786325602212|1627941803096|ATM|false|1633845060021|Critical risk
52776558157733|1656738001379|RFID|false|1660345710140|Minimal risk
24486|1582261031831|IPv6|false|1659694886858|Minimal risk
43980465135527|1648045386248|IPv6|false|1653319183828|Very high risk
13194139557800|1600007496208|MAC|false|1615714769863|Very high risk
4398046535593|1585593031512|POS|false|1658588681205|Minimal risk
30786325602218|1627768819961|QRCode|false|1633745058060|High risk
24491|1582703082584|MAC|false|1644780229249|Severe risk
35184372113324|1636551152327|QRCode|false|1653052207992|High risk
24493|1579227104959|QRCode|false|1625404064070|High risk
13194139557806|1601432443084|QRCode|true|1653076357477|Extreme risk
24495|1582161927690|QRCode|false|1651158412764|Moderate risk
57174604668848|1663753614558|IPv4|false|1668275999864|Minimal risk
43980465135537|1649390506261|POS|true|1660809423300|Minimal risk
4398046535602|1589615993766|PHONE|false|1630256956437|Severe risk
30786325602227|1629681248055|NFC|false|1657043056055|Significant risk
26388279091124|1619050170545|QRCode|false|1671318711283|Low risk
52776558157749|1659045073796|POS|false|1669382590634|Moderate risk
30786325602230|1624251564399|POS|false|1664045574988|Minimal risk
48378511646647|1651538326215|QRCode|false|1653786239205|Very high risk
24504|1581104304997|MAC|false|1652338612351|Minimal risk
52776558157753|1659540609078|NFC|false|1668078203938|Critical risk
30786325602234|1625859308359|POS|false|1667138085180|Very high risk
26388279091131|1620443215252|IPv4|false|1623637560844|Extreme risk
39582418624444|1637971851119|RFID|false|1660076097590|Minimal risk
43980465135549|1645276174536|PHONE|false|1650630846843|Severe risk
43980465135550|1647885842454|WIFI|false|1658611050588|Extreme risk
57174604668863|1663760194553|RFID|false|1665789847435|Critical risk
8796093046720|1591782410843|IPv4|false|1671942064627|Severe risk
13194139557825|1599969106739|IPv6|false|1672035527243|Extreme risk
30786325602242|1625206220637|PHONE|true|1626639325987|Low risk
52776558157763|1659880894399|PHONE|false|1669495951751|Very high risk
17592186068932|1607444687717|RFID|false|1665703055654|Extreme risk
26388279091141|1620501273760|MAC|true|1658987333492|High risk
26388279091142|1621522853172|PHONE|false|1647415212043|High risk
39582418624455|1643110056934|IPv4|false|1643354725434|Extreme risk
39582418624456|1640099613622|WIFI|false|1647009797221|Extreme risk
61572651179977|1671367507545|POS|false|1671657817610|High risk
13194139557834|1601139582037|WIFI|false|1626960535075|Low risk
4398046535627|1584721550556|POS|true|1610204043162|Very high risk
57174604668876|1663405602138|RFID|false|1672401018912|Extreme risk
26388279091149|1618487507089|POS|false|1666558671615|Moderate risk
8796093046734|1595742801707|IPv4|false|1627909366692|Extreme risk
30786325602255|1623637287251|QRCode|false|1627153223439|Moderate risk
8796093046736|1595917596505|WIFI|true|1614072846828|Very high risk
4398046535633|1585338711555|RFID|false|1606954433415|Moderate risk
13194139557842|1599609617775|ATM|false|1627437009561|Extreme risk
39582418624467|1641563270043|QRCode|false|1658241505249|Very high risk
13194139557844|1601393203984|WIFI|false|1648791554106|Very high risk
13194139557845|1598051166243|IPv4|false|1664052931693|Very high risk
57174604668886|1667527055440|POS|false|1668677898749|Minimal risk
4398046535639|1589130356550|ATM|false|1616775332941|Critical risk
13194139557848|1598329291769|IPv6|false|1641879124912|Low risk
35184372113369|1632357635550|RFID|false|1634951487820|Severe risk
4398046535642|1584537684435|POS|false|1599928257699|Low risk
17592186068955|1607498483676|RFID|false|1652321122694|Minimal risk
8796093046748|1592813725781|WIFI|false|1608703352603|Moderate risk
35184372113373|1631422143458|RFID|false|1647945417546|Minimal risk
26388279091166|1617700603221|QRCode|false|1663779671104|Minimal risk
21990232580063|1613626927605|POS|false|1624706367828|Severe risk
26388279091168|1619874159568|WIFI|true|1661440840768|Critical risk
17592186068961|1605935940317|POS|false|1641389212237|Extreme risk
4398046535650|1588544111323|IPv6|false|1640658960372|Minimal risk
39582418624483|1638407467094|PHONE|false|1664682996619|Critical risk
4398046535652|1584831101280|IPv6|false|1648183342943|High risk
26388279091173|1620945419398|POS|false|1670251099597|Minimal risk
24550|1581695949975|IPv4|false|1645639179774|Moderate risk
21990232580071|1616910018926|NFC|false|1659814209001|Extreme risk
43980465135592|1645440545494|PHONE|false|1649987598756|Significant risk
43980465135593|1643383148696|IPv6|false|1656334563484|Very high risk
4398046535658|1587736410168|MAC|false|1595206226026|Severe risk
26388279091179|1619763690811|IPv4|false|1631421823584|Moderate risk
39582418624492|1642120694565|IPv4|false|1652303379843|Moderate risk
4398046535661|1586127881047|MAC|false|1634721279710|Extreme risk
21990232580078|1614506726499|PHONE|false|1615386478736|Low risk
8796093046767|1593528231684|MAC|false|1653772794294|Moderate risk
21990232580080|1611016259283|PHONE|false|1649340153428|Low risk
4398046535665|1586372453027|RFID|false|1593823114770|Very high risk
30786325602290|1624706184692|MAC|false|1655998357583|Minimal risk
8796093046771|1594824959320|NFC|false|1608520451195|High risk
30786325602292|1629929392159|NFC|false|1651331484710|Low risk
13194139557877|1598129991710|RFID|false|1625564885514|Significant risk
35184372113398|1632760153904|MAC|false|1653703050228|Critical risk
4398046535671|1587746669681|POS|false|1640373539134|Low risk
8796093046776|1596843662335|MAC|false|1606165037321|Minimal risk
43980465135609|1643329109616|PHONE|false|1671926729493|Moderate risk
8796093046778|1591223795713|WIFI|false|1601287143158|Low risk
17592186068987|1607509801300|IPv4|false|1633594668325|Minimal risk
8796093046780|1597084748099|WIFI|false|1644339504164|Moderate risk
13194139557885|1598808203131|MAC|false|1619644932159|Significant risk
35184372113406|1630706210769|IPv6|false|1647739027866|High risk
52776558157823|1657452871752|IPv6|false|1661644415752|Very high risk
52776558157824|1656876336582|MAC|false|1670609121000|Minimal risk
57174604668929|1667057744986|IPv6|false|1672294297154|Significant risk
26388279091202|1620903926692|IPv6|false|1641036890903|Minimal risk
8796093046787|1593597834026|MAC|false|1599516519581|Moderate risk
4398046535684|1589826283606|PHONE|false|1662276794643|Minimal risk
43980465135621|1649170802933|IPv4|false|1668953339232|Low risk
26388279091206|1617123050247|RFID|false|1661574887534|Severe risk
26388279091207|1620243689037|POS|false|1652701203334|High risk
39582418624520|1637052086566|POS|false|1651707272379|Significant risk
8796093046793|1592890428469|QRCode|false|1669453694742|High risk
13194139557898|1603734315986|IPv4|false|1667110235101|Critical risk
13194139557899|1598788794375|NFC|false|1662332551506|Moderate risk
39582418624524|1639588040486|NFC|false|1660383961002|Critical risk
52776558157837|1660673110661|IPv4|false|1670903906838|High risk
8796093046798|1596061332811|IPv4|false|1596363732521|Significant risk
30786325602319|1629619738324|ATM|false|1643471168149|Severe risk
39582418624528|1642653721153|PHONE|false|1643664968633|Moderate risk
30786325602321|1629146260599|IPv6|false|1637178833641|Moderate risk
61572651180050|1672337574613|ATM|false|1672416335538|Significant risk
24595|1584190137639|RFID|false|1668986204117|High risk
48378511646740|1649896683525|NFC|false|1652912319517|Low risk
24597|1580339512121|IPv6|false|1628063954425|Severe risk
48378511646742|1653940600001|IPv6|false|1661272293294|Critical risk
26388279091223|1622667018207|RFID|false|1664901892456|Very high risk
52776558157848|1660731563222|MAC|false|1665156464441|Minimal risk
57174604668953|1667616328351|ATM|false|1669749731047|High risk
48378511646746|1651039181874|QRCode|false|1669275088861|Severe risk
26388279091227|1618587095861|ATM|false|1622515634740|High risk
8796093046812|1594083867264|WIFI|false|1609047103771|Severe risk
13194139557917|1603957441752|IPv6|false|1605272306445|Very high risk
61572651180062|1671017972524|WIFI|false|1671879953664|Critical risk
4398046535711|1586749105876|IPv6|true|1645253711911|Moderate risk
21990232580128|1613372742921|MAC|false|1615416002796|Significant risk
24609|1583432784443|RFID|false|1658812468095|Extreme risk
43980465135650|1649041961444|POS|false|1663906602308|Minimal risk
61572651180067|1670717914518|IPv6|false|1671607850519|Minimal risk
17592186069028|1606935560288|MAC|false|1609569049746|Moderate risk
35184372113445|1636484397798|ATM|false|1672214123009|Critical risk
26388279091238|1619339073346|POS|false|1635616759984|Extreme risk
4398046535719|1586186283885|IPv6|false|1597427799939|Critical risk
30786325602344|1626165606618|ATM|true|1649314570409|Significant risk
48378511646761|1655299886909|ATM|false|1661170037190|Extreme risk
43980465135658|1646738533780|QRCode|false|1656245203683|Extreme risk
52776558157867|1658866552932|IPv4|false|1668790937833|Minimal risk
61572651180076|1671769005016|POS|false|1672307233794|Moderate risk
17592186069037|1609842704954|MAC|false|1618304341715|Significant risk
35184372113454|1633761089490|RFID|false|1644546603687|Significant risk
48378511646767|1649904297250|PHONE|false|1654730707986|Extreme risk
52776558157872|1657020335918|PHONE|false|1670044678933|Extreme risk
13194139557937|1603183352661|IPv6|false|1633013057637|Very high risk
39582418624562|1640948459455|PHONE|false|1657546808326|Significant risk
4398046535731|1586509146767|QRCode|false|1620422864020|Severe risk
61572651180084|1669740049183|MAC|false|1671027839305|High risk
39582418624565|1640507128283|IPv6|false|1669623627288|High risk
35184372113462|1634477861167|RFID|false|1660715812321|Severe risk
43980465135671|1644709002045|IPv4|false|1658964409223|Minimal risk
39582418624568|1642762853157|WIFI|false|1669438530563|Extreme risk
8796093046841|1593642292981|PHONE|false|1614916392623|Severe risk
57174604668986|1665874743177|RFID|false|1666933909430|Moderate risk
21990232580155|1616424142682|IPv4|false|1632033311076|Critical risk
35184372113468|1634913131918|POS|true|1643649480427|Significant risk
13194139557949|1601130405847|PHONE|false|1617784252619|Critical risk
30786325602366|1628872092912|PHONE|false|1638680505658|Low risk
52776558157887|1661294451707|PHONE|false|1661385339444|Critical risk
39582418624576|1640093550781|MAC|false|1670218505258|Moderate risk
24641|1579276047266|RFID|false|1586435716440|High risk
13194139557954|1598414433546|MAC|false|1617388300793|Minimal risk
24643|1580571994342|MAC|false|1651746577820|Moderate risk
17592186069060|1608827816171|QRCode|false|1611938191902|Very high risk
13194139557957|1598013449670|RFID|false|1632827489236|Severe risk
57174604668998|1666222205697|WIFI|false|1672435645429|Minimal risk
57174604668999|1664571895610|WIFI|false|1666467229009|Very high risk
48378511646792|1650564718885|RFID|false|1671524709377|Significant risk
21990232580169|1612262199206|MAC|false|1630234132817|Low risk
30786325602378|1627075598894|MAC|false|1649181528174|Significant risk
30786325602379|1624695140416|IPv4|false|1631980258172|Moderate risk
43980465135692|1648302180732|PHONE|false|1669781397015|Critical risk
48378511646797|1650290871905|NFC|false|1654133917628|Minimal risk
24654|1578797708446|PHONE|false|1608377066825|High risk
43980465135695|1645635186041|QRCode|false|1654723158298|Critical risk
13194139557968|1600459366713|MAC|false|1617876112233|Severe risk
30786325602385|1629082103700|NFC|false|1635742488444|Severe risk
35184372113490|1635983381101|ATM|false|1650498173322|Low risk
39582418624595|1638403331917|NFC|false|1649722853981|Low risk
21990232580180|1616942958654|QRCode|false|1644558174304|Low risk
35184372113493|1636513755504|WIFI|false|1651248512518|Significant risk
21990232580182|1613494612889|WIFI|false|1654060910483|Extreme risk
39582418624599|1642463715409|WIFI|false|1665945691514|Extreme risk
8796093046872|1591350166723|IPv4|false|1647401734895|Critical risk
8796093046873|1594563776952|POS|false|1628314946376|Low risk
52776558157914|1661601818332|ATM|false|1665237463471|High risk
8796093046875|1595819831619|WIFI|false|1603731283387|Moderate risk
43980465135708|1645533152965|WIFI|false|1647561689548|Extreme risk
48378511646813|1651041179147|QRCode|false|1663219819580|Very high risk
24670|1578143155337|POS|false|1581756847160|Critical risk
4398046535775|1588303962157|IPv4|false|1662913861463|Critical risk
21990232580192|1613846790891|POS|false|1617509478776|Significant risk
8796093046881|1591324112609|QRCode|false|1646744370283|Moderate risk
30786325602402|1626306975951|IPv4|false|1654783057476|Extreme risk
39582418624611|1641233593106|QRCode|false|1672464613275|Low risk
21990232580196|1613392576251|IPv4|false|1664461136274|Critical risk
21990232580197|1610603965653|WIFI|false|1672197993183|Very high risk
39582418624614|1642568976852|IPv6|false|1649842533948|Minimal risk
35184372113511|1633205152434|IPv6|false|1649129768334|High risk
43980465135720|1645212757290|IPv6|false|1653175571477|Minimal risk
48378511646825|1653754660167|NFC|true|1656543750279|Extreme risk
17592186069098|1606841225075|NFC|false|1657977968817|Very high risk
35184372113515|1630125685071|IPv6|false|1640288047116|Moderate risk
30786325602412|1624867668301|ATM|false|1626546001319|Minimal risk
30786325602413|1626520986925|ATM|false|1669009702052|Critical risk
21990232580206|1613637609160|IPv4|false|1649517236353|Low risk
26388279091311|1619275750529|MAC|false|1659918449371|Minimal risk
48378511646832|1654790475680|POS|false|1660877188396|Minimal risk
39582418624625|1642840919340|QRCode|false|1646324866895|Low risk
43980465135730|1646686622834|MAC|false|1669168901985|Moderate risk
52776558157939|1658805508615|NFC|false|1665297418701|Low risk
8796093046900|1596310058837|MAC|false|1631321757439|High risk
48378511646837|1651501105201|PHONE|false|1660736383839|Minimal risk
4398046535798|1587627402952|MAC|false|1636414716593|Moderate risk
35184372113527|1633510647747|WIFI|false|1663214659875|Very high risk
35184372113528|1633013206581|NFC|false|1646691183400|Low risk
61572651180153|1671167405649|QRCode|true|1671882509434|Extreme risk
52776558157946|1660179261312|IPv6|false|1661877639262|Extreme risk
35184372113531|1635873051290|ATM|false|1643524803732|High risk
8796093046908|1596269786493|POS|false|1611019807957|Extreme risk
4398046535805|1585080656173|ATM|false|1629743250813|Low risk
17592186069118|1604063180514|MAC|false|1604131576090|Moderate risk
17592186069119|1608547794486|POS|false|1660453494860|Significant risk
8796093046912|1594067419075|IPv4|false|1670176218915|Severe risk
26388279091329|1622552030356|POS|false|1670728581933|Severe risk
26388279091330|1621082496213|ATM|false|1652264461916|Minimal risk
57174604669059|1665478744699|WIFI|false|1666737572855|Low risk
61572651180164|1669776272807|ATM|false|1671982323406|Very high risk
30786325602437|1625003978439|WIFI|false|1640517806691|Critical risk
39582418624646|1641898126036|QRCode|false|1664450714235|Extreme risk
52776558157959|1658468114840|ATM|true|1658751889874|Significant risk
26388279091336|1620637049800|RFID|false|1634628342686|Minimal risk
43980465135753|1648730845065|NFC|false|1660103238932|Critical risk
4398046535818|1589149770880|IPv4|false|1618031543716|Moderate risk
30786325602443|1627027548925|IPv6|false|1628803800032|Critical risk
17592186069132|1605752947584|IPv4|false|1661919540462|Very high risk
35184372113549|1633889680016|QRCode|false|1650961442517|Critical risk
26388279091342|1618105787781|QRCode|false|1637068744451|Very high risk
39582418624655|1640816676018|QRCode|false|1662644831489|Minimal risk
57174604669072|1664057181527|IPv6|false|1668047228602|High risk
57174604669073|1666717511735|PHONE|false|1671085649383|Very high risk
30786325602450|1625353290998|NFC|false|1647335721729|Low risk
24723|1579257245429|RFID|false|1590299849898|Critical risk
13194139558036|1603757039204|PHONE|false|1612800146912|Critical risk
30786325602453|1628502951341|POS|true|1650244424141|Moderate risk
39582418624662|1640584134386|IPv6|false|1646801854084|Low risk
4398046535831|1584611744129|WIFI|false|1587965437860|Moderate risk
8796093046936|1594433400776|RFID|false|1627164432375|Low risk
8796093046937|1597216933637|PHONE|false|1642132578143|Significant risk
61572651180186|1670128508650|WIFI|false|1670387741558|Severe risk
17592186069147|1610073555324|ATM|false|1619122957247|Severe risk
13194139558044|1600300004354|POS|false|1645498548854|Extreme risk
39582418624669|1640157414765|POS|false|1655851822325|Minimal risk
48378511646878|1654614320442|QRCode|false|1658797551084|Significant risk
26388279091359|1617561278176|WIFI|false|1630838797489|High risk
39582418624672|1640179190228|IPv4|false|1661649588533|Very high risk
43980465135777|1646091797396|IPv6|false|1668559678599|Severe risk
61572651180194|1672046663271|POS|false|1672527667435|Extreme risk
61572651180195|1671086468204|PHONE|false|1671304012426|Moderate risk
24740|1584008924182|PHONE|false|1584850086149|Very high risk
4398046535845|1585803624907|ATM|false|1663012083295|Critical risk
35184372113574|1634372890203|WIFI|false|1643622180032|Low risk
52776558157991|1659184731192|IPv6|false|1659982904640|Critical risk
24744|1580903600592|IPv4|false|1617605677946|Extreme risk
61572651180201|1670471100455|QRCode|false|1670608168628|Very high risk
21990232580266|1615140523368|QRCode|false|1631683712347|Significant risk
24747|1580687996326|NFC|false|1671650045229|Very high risk
48378511646892|1654175553330|IPv6|false|1660764086053|Moderate risk
30786325602477|1623646100714|NFC|false|1628256131009|Critical risk
13194139558062|1600781713389|PHONE|false|1625834694396|Extreme risk
43980465135791|1643683660279|RFID|false|1662856464310|Moderate risk
30786325602480|1626586347088|NFC|false|1660889446496|Low risk
35184372113585|1630289779546|NFC|false|1657156332913|Low risk
4398046535858|1590253984323|RFID|false|1659620743607|Severe risk
8796093046963|1592574131541|PHONE|false|1606056243914|Minimal risk
39582418624692|1642551717101|POS|false|1656362775912|Very high risk
8796093046965|1596916411344|RFID|false|1665485241884|High risk
26388279091382|1622903143118|ATM|false|1624805935749|Severe risk
39582418624695|1639662280082|IPv6|false|1654631747705|Moderate risk
8796093046968|1595126188610|POS|false|1600318268707|Low risk
43980465135801|1646029310972|WIFI|false|1651351946347|Critical risk
17592186069178|1605987864008|IPv6|false|1610531436493|High risk
24763|1582927238831|WIFI|false|1664801063474|Severe risk
52776558158012|1657033773553|IPv4|true|1666960760005|Significant risk
13194139558077|1602101796011|ATM|false|1613787581983|Moderate risk
17592186069182|1604983917444|POS|false|1607838775166|Severe risk
35184372113599|1636250204323|ATM|false|1670347259585|Low risk
48378511646912|1652630138278|POS|false|1659194066387|Minimal risk
30786325602497|1627518827192|POS|false|1650325497417|Severe risk
21990232580290|1616042974825|IPv6|false|1616208323827|High risk
57174604669123|1667868847639|IPv4|false|1671102307858|Severe risk
21990232580292|1615248415317|QRCode|false|1626636934538|High risk
61572651180229|1669743219454|ATM|false|1671639186759|Moderate risk
35184372113606|1631868867049|POS|false|1663474849514|Moderate risk
39582418624711|1641102924744|NFC|false|1672323591377|Extreme risk
48378511646920|1654654152831|MAC|false|1667322410213|Extreme risk
13194139558089|1598662607140|MAC|false|1603270758372|Low risk
13194139558090|1600574368041|MAC|false|1625645689609|Very high risk
8796093046987|1594191076939|WIFI|false|1642091256238|Severe risk
43980465135820|1647501751211|NFC|false|1667514153232|Extreme risk
13194139558093|1599811196090|NFC|false|1600775382288|Severe risk
4398046535886|1585902376633|MAC|true|1606255581190|Minimal risk
26388279091407|1623096295356|WIFI|false|1626341365905|Minimal risk
39582418624720|1642554844645|WIFI|false|1669777107246|Critical risk
8796093046993|1593967872756|RFID|false|1612748404128|Minimal risk
52776558158034|1657538666413|IPv4|false|1665135753648|Extreme risk
57174604669139|1667629461590|ATM|false|1669471379207|Minimal risk
24788|1579145509296|QRCode|false|1617617654046|Very high risk
39582418624725|1638563621702|WIFI|false|1668039968630|Moderate risk
21990232580310|1612941064684|NFC|false|1642057596316|Severe risk
21990232580311|1613760143843|MAC|true|1622447707308|Moderate risk
26388279091416|1622148492767|MAC|false|1669165398078|Very high risk
35184372113625|1636225168204|IPv4|false|1661167625246|Severe risk
17592186069210|1610217967586|QRCode|false|1666782814746|Moderate risk
52776558158043|1662088619461|NFC|true|1670266271046|Critical risk
17592186069212|1608558324712|WIFI|false|1650207057375|High risk
24797|1582548373251|WIFI|false|1588640819706|Minimal risk
30786325602526|1629776390379|QRCode|false|1639413724927|Extreme risk
39582418624735|1642308882933|PHONE|false|1659526810327|Extreme risk
21990232580320|1616379249454|PHONE|false|1631845407198|High risk
57174604669153|1665506429588|IPv4|false|1666909087394|High risk
43980465135842|1649359834945|NFC|false|1653091137355|High risk
52776558158051|1657763499340|POS|false|1671163653907|Extreme risk
4398046535908|1585893563132|PHONE|false|1639206804887|Significant risk
13194139558117|1600750937540|MAC|false|1629300441751|Severe risk
8796093047014|1592632298133|RFID|false|1669644433463|Significant risk
24807|1581578268305|QRCode|false|1667199649069|Significant risk
4398046535912|1586956072952|ATM|false|1650219832877|Extreme risk
8796093047017|1597402659000|ATM|false|1627691052695|Significant risk
61572651180266|1669576070412|QRCode|false|1671989877771|Extreme risk
24811|1582998089344|WIFI|false|1622036523006|Very high risk
30786325602540|1624305208584|PHONE|false|1651783994778|Critical risk
48378511646957|1650341789089|MAC|false|1668111717801|Critical risk
26388279091438|1618633388106|WIFI|true|1665379450624|Severe risk
57174604669167|1668711738441|RFID|false|1671791973003|Extreme risk
13194139558128|1601146642777|IPv6|false|1628310286362|Low risk
26388279091441|1617402278991|ATM|false|1667044572868|Low risk
26388279091442|1623342151294|RFID|false|1661305451238|High risk
48378511646963|1655977899720|ATM|false|1669954555542|Minimal risk
4398046535924|1590844903873|RFID|false|1596605131869|High risk
8796093047029|1593343808295|NFC|false|1647885197749|Extreme risk
43980465135862|1643979111185|NFC|false|1652919375502|Severe risk
43980465135863|1647281504846|POS|false|1668068615008|Low risk
13194139558136|1601951790364|ATM|false|1621705495794|Low risk
21990232580345|1610957684808|MAC|false|1657100267704|Severe risk
39582418624762|1641225670114|QRCode|false|1660148214843|Critical risk
4398046535931|1590083703295|MAC|false|1618945645610|Very high risk
8796093047036|1593228034987|NFC|false|1623379440218|High risk
4398046535933|1588464834127|RFID|false|1619519856130|Significant risk
48378511646974|1651954701443|NFC|false|1664879920721|Extreme risk
21990232580351|1614700631603|QRCode|false|1645944811434|Moderate risk
24832|1583973535903|ATM|false|1594968515762|Significant risk
4398046535937|1587987485316|WIFI|false|1622027499192|Severe risk
39582418624770|1637589630622|IPv4|false|1650711559165|Significant risk
52776558158083|1658599656643|ATM|false|1670286486759|Critical risk
30786325602564|1625175594944|QRCode|false|1638006417185|High risk
13194139558149|1598458875604|IPv6|false|1661027985961|Minimal risk
35184372113670|1633695141062|PHONE|false|1658951011578|Minimal risk
26388279091463|1622014449383|IPv4|false|1626170766913|Extreme risk
24840|1580547424019|QRCode|false|1655775558379|Low risk
61572651180297|1669931540766|MAC|false|1671204224716|Minimal risk
52776558158090|1659800538191|PHONE|false|1668437020444|Severe risk
35184372113675|1636062468975|POS|false|1643455797571|Low risk
4398046535948|1586932876874|IPv6|false|1635089639635|Moderate risk
26388279091469|1623190647357|RFID|false|1647030186751|Low risk
17592186069262|1604624836157|IPv6|false|1606430450131|Low risk
39582418624783|1642164383096|ATM|false|1651688947711|Moderate risk
43980465135888|1648938666750|ATM|false|1663038218815|Extreme risk
48378511646993|1651565490451|POS|false|1652992212894|Extreme risk
21990232580370|1611201570969|IPv4|false|1670973998231|Significant risk
21990232580371|1611541560894|PHONE|false|1659248040123|Low risk
8796093047060|1595518136724|PHONE|false|1672080534122|Significant risk
39582418624789|1640808559888|RFID|false|1650988893603|Minimal risk
43980465135894|1644391751401|IPv6|false|1655859652664|Significant risk
48378511646999|1652602895274|WIFI|false|1658484509020|Severe risk
4398046535960|1590603197071|QRCode|false|1621129940531|Severe risk
8796093047065|1593871067834|MAC|false|1611617501857|Moderate risk
48378511647002|1653227915668|POS|false|1662879238403|High risk
4398046535963|1590733669433|POS|false|1660615301421|Critical risk
61572651180316|1670678295822|POS|false|1671189568488|High risk
4398046535965|1588826448874|IPv4|false|1672120052895|Significant risk
57174604669214|1667705040262|IPv6|false|1672283078308|Extreme risk
13194139558175|1601811841990|IPv4|false|1608924002665|Extreme risk
4398046535968|1587604311072|QRCode|false|1609918712548|Low risk
21990232580385|1613628118039|IPv6|true|1622966044791|Critical risk
4398046535970|1585494204436|NFC|false|1609525600957|Low risk
52776558158115|1656843436562|QRCode|false|1662447961949|Low risk
21990232580388|1610701627244|RFID|false|1636673621836|Minimal risk
43980465135909|1645893538140|IPv4|false|1660903513064|Low risk
17592186069286|1604102942030|IPv4|false|1657347817717|Very high risk
26388279091495|1621116556840|NFC|false|1637049691771|Critical risk
43980465135912|1645645238016|POS|false|1660657663568|High risk
21990232580393|1615816600501|ATM|false|1621946333313|Minimal risk
13194139558186|1598216712024|NFC|false|1599148613367|Critical risk
39582418624811|1643063055244|POS|false|1651706038010|Critical risk
21990232580396|1611827660217|IPv6|false|1654138880988|Extreme risk
24877|1583595363703|POS|false|1647139639045|Extreme risk
43980465135918|1646712774685|IPv6|false|1655556891892|Low risk
35184372113711|1635834340715|NFC|false|1663172664596|Significant risk
39582418624816|1640321888890|ATM|true|1658784305292|Critical risk
43980465135921|1643896081069|ATM|false|1666305032698|Critical risk
17592186069298|1606814644736|MAC|true|1668252384103|High risk
52776558158131|1660497684112|PHONE|false|1666533326493|Severe risk
48378511647028|1651919469787|ATM|false|1668736397720|Severe risk
24885|1579689116096|IPv6|false|1590928418727|Low risk
4398046535990|1590877781392|QRCode|false|1655277538314|Significant risk
39582418624823|1636746477836|PHONE|false|1646211713294|Minimal risk
17592186069304|1608902533231|WIFI|false|1616136611387|Severe risk
48378511647033|1652815823863|IPv4|false|1655659398058|High risk
17592186069306|1610400405072|IPv6|true|1661587027218|Severe risk
30786325602619|1629447335174|NFC|false|1661405067764|Very high risk
52776558158140|1659901793759|IPv4|false|1662124376154|Severe risk
17592186069309|1604964148845|PHONE|false|1668658248481|High risk
26388279091518|1621503088578|IPv4|false|1661984245818|Very high risk
30786325602623|1623890862146|PHONE|false|1657183626542|Severe risk
61572651180352|1669531468264|MAC|false|1671143281062|Low risk
21990232580417|1616558973803|IPv4|true|1655169925945|Minimal risk
52776558158146|1657071931816|IPv6|false|1669446011676|Low risk
24899|1584016719527|IPv6|false|1608836731116|Extreme risk
24900|1580615734955|MAC|false|1607031862626|Significant risk
35184372113733|1633089509611|RFID|true|1661856052929|Extreme risk
30786325602630|1628760314348|MAC|false|1650655360496|High risk
24903|1584067549562|NFC|false|1596504295731|High risk
35184372113736|1636288192732|NFC|false|1658846374160|Very high risk
24905|1579976323851|IPv6|false|1635864250600|Very high risk
35184372113738|1632398631205|QRCode|false|1658181989343|Significant risk
17592186069323|1608171767485|MAC|false|1635273645311|High risk
17592186069324|1604747094320|QRCode|false|1652758297303|Moderate risk
35184372113741|1632180025628|PHONE|true|1641511208922|Significant risk
43980465135950|1647739087299|WIFI|false|1659516508926|Severe risk
13194139558223|1603039909625|ATM|false|1634943040426|Low risk
48378511647056|1653234388266|POS|true|1667171797531|Minimal risk
57174604669265|1667116384012|NFC|false|1669353966371|Significant risk
4398046536018|1584637972848|QRCode|false|1643312717173|Critical risk
21990232580435|1610756711612|QRCode|false|1652143238614|Extreme risk
30786325602644|1626131864010|PHONE|false|1630609820122|Low risk
43980465135957|1646207624648|PHONE|false|1669063916429|Critical risk
4398046536022|1590670599681|WIFI|false|1659249345584|High risk
57174604669271|1668921323793|POS|false|1670193117686|Minimal risk
8796093047128|1595867403033|MAC|false|1666865472151|High risk
17592186069337|1608460036958|NFC|false|1609909945666|Extreme risk
26388279091546|1619394282246|QRCode|false|1644254153968|Moderate risk
43980465135963|1644131241312|NFC|true|1657702364404|Moderate risk
57174604669276|1663859180302|MAC|false|1665793660270|Moderate risk
35184372113757|1635197402568|RFID|false|1667420780992|Low risk
4398046536030|1588937103638|RFID|false|1671118397411|Low risk
13194139558239|1599160466510|QRCode|false|1636238318052|Low risk
48378511647072|1652098148259|NFC|false|1656176989655|Moderate risk
43980465135969|1645807289544|ATM|false|1652723330831|Significant risk
48378511647074|1651131994408|MAC|false|1651799215906|Extreme risk
13194139558243|1600872822421|MAC|false|1654671171360|Low risk
13194139558244|1601267232319|RFID|false|1604504077124|Moderate risk
26388279091557|1619071128119|IPv6|false|1634673762949|Moderate risk
35184372113766|1634311614514|MAC|false|1655304436281|Very high risk
39582418624871|1641906331125|ATM|false|1668563926079|Moderate risk
8796093047144|1594436088989|NFC|false|1651272175911|Significant risk
24937|1583739610048|POS|false|1610680542828|Severe risk
17592186069354|1606712505367|MAC|false|1608990705208|Minimal risk
17592186069355|1608717279840|IPv4|false|1645067447133|Critical risk
43980465135980|1647822015806|ATM|false|1652464187322|Moderate risk
48378511647085|1652036099316|ATM|false|1663434159255|Minimal risk
13194139558254|1599905768761|POS|false|1639464334912|Very high risk
24943|1580070060078|NFC|false|1648055777373|Minimal risk
24944|1581624037539|POS|false|1666383663296|Significant risk
13194139558257|1598251763908|WIFI|false|1646013436282|Significant risk
52776558158194|1658158886780|POS|false|1663113852310|Severe risk
30786325602675|1626752352911|NFC|false|1663888571491|Low risk
39582418624884|1639238452656|RFID|false|1653455885554|Very high risk
48378511647093|1651562828643|IPv6|false|1652203633224|Extreme risk
17592186069366|1608644487022|PHONE|false|1659328466842|Extreme risk
4398046536055|1587655091318|PHONE|false|1620045797182|Severe risk
61572651180408|1669975068392|QRCode|false|1672242854732|Very high risk
26388279091577|1618823842731|ATM|false|1641103378890|Moderate risk
21990232580474|1612054398313|IPv6|false|1612687166476|Severe risk
17592186069371|1610384518028|NFC|false|1648370225274|Critical risk
61572651180412|1670819350610|ATM|false|1670870482893|Moderate risk
13194139558269|1603140685092|POS|false|1664857607448|Low risk
17592186069374|1604426986406|MAC|true|1611821066151|Extreme risk
61572651180415|1672381530483|PHONE|false|1672441522991|Minimal risk
8796093047168|1594279822812|MAC|false|1602365939964|High risk
21990232580481|1616152974662|IPv4|false|1631821257848|Low risk
39582418624898|1636875052400|RFID|false|1646961865538|Minimal risk
43980465136003|1647690574782|MAC|false|1669085461123|High risk
52776558158212|1658552542857|WIFI|false|1659138085388|Very high risk
43980465136005|1644035758020|ATM|false|1654480326965|Significant risk
52776558158214|1656250411574|IPv4|false|1670181988563|Minimal risk
24967|1581107430456|POS|false|1670940064382|Critical risk
43980465136008|1644270919769|PHONE|false|1669913040460|Extreme risk
43980465136009|1647745045458|IPv4|false|1652398684561|Very high risk
17592186069386|1609121399239|WIFI|false|1637538623444|Minimal risk
4398046536075|1588133500730|PHONE|false|1603405812368|Significant risk
21990232580492|1612733647424|WIFI|false|1664962270235|Significant risk
43980465136013|1647643292812|QRCode|false|1671342995223|Low risk
21990232580494|1613719599731|IPv6|false|1661564266558|Very high risk
43980465136015|1647807295592|ATM|false|1666182072525|Significant risk
13194139558288|1603834374635|IPv4|false|1664625398583|Low risk
24977|1578878692232|NFC|false|1644803646277|Very high risk
8796093047186|1590980147831|WIFI|false|1632379835306|Significant risk
13194139558291|1602183674595|POS|false|1606152101457|Extreme risk
8796093047188|1591723617792|NFC|false|1654862628422|Severe risk
52776558158229|1658199738637|QRCode|false|1662231806231|Very high risk
8796093047190|1596872072414|POS|false|1634305333123|Very high risk
24983|1583848895758|RFID|false|1664537858587|Extreme risk
52776558158232|1656522726013|WIFI|false|1658324893908|Extreme risk
48378511647129|1651154698535|IPv4|true|1666318625903|Very high risk
26388279091610|1619977594419|NFC|false|1672075573500|Severe risk
35184372113819|1630367365237|IPv6|true|1634037500409|High risk
48378511647132|1652845319713|IPv6|false|1654697202979|Very high risk
21990232580509|1613766758985|RFID|false|1655829620087|Critical risk
17592186069406|1607311364244|ATM|false|1629215088142|Minimal risk
26388279091615|1620146308182|POS|false|1668733723996|Severe risk
17592186069408|1609046161562|NFC|false|1618592464092|Moderate risk
4398046536097|1590824685881|POS|false|1645582316822|Moderate risk
57174604669346|1666203528475|MAC|false|1668980720138|Critical risk
4398046536099|1586408392548|WIFI|false|1632179003190|Moderate risk
57174604669348|1667625073918|RFID|false|1668985993980|Extreme risk
52776558158245|1659905072767|POS|false|1670970870921|Moderate risk
13194139558310|1601536166712|ATM|false|1631067406518|High risk
30786325602727|1627861468737|QRCode|false|1663789774303|Critical risk
30786325602728|1626088349558|IPv6|false|1626918794814|Severe risk
48378511647145|1654430587346|POS|false|1669181595446|Critical risk
8796093047210|1594719503642|POS|false|1620731060433|Low risk
43980465136043|1646053641391|IPv4|false|1661787585414|Critical risk
48378511647148|1649813862454|POS|false|1654105512351|Extreme risk
35184372113837|1633992040719|RFID|false|1658164184231|Moderate risk
8796093047214|1591832819035|ATM|false|1641515847753|Severe risk
35184372113839|1632940937235|ATM|false|1663130199452|Low risk
35184372113840|1633025673372|PHONE|false|1657771562469|Moderate risk
43980465136049|1646796824468|PHONE|false|1668993987778|Moderate risk
52776558158258|1657299802329|MAC|false|1665348830022|Significant risk
13194139558323|1598069162240|NFC|false|1608860087651|Low risk
52776558158260|1658491668528|IPv6|false|1660157362761|High risk
39582418624949|1638114506493|QRCode|false|1647274944535|Critical risk
43980465136054|1647855417805|POS|false|1657111770391|Critical risk
61572651180471|1671172985884|RFID|false|1671187966563|Low risk
4398046536120|1585605377738|ATM|false|1619491664784|Significant risk
39582418624953|1640337068117|WIFI|false|1646040193464|Moderate risk
13194139558330|1599272579247|IPv6|false|1631184851403|Moderate risk
57174604669371|1666565529067|IPv6|true|1671400986346|Minimal risk
8796093047228|1593259289212|IPv4|false|1629995692247|Low risk
57174604669373|1664977150031|POS|false|1671977785778|Minimal risk
13194139558334|1600997058426|NFC|false|1634061000228|Significant risk
17592186069439|1605566909135|WIFI|false|1652820712204|Critical risk
17592186069440|1609702116241|MAC|false|1671723447860|Minimal risk
21990232580545|1614397492584|IPv4|false|1642270307502|Severe risk
17592186069442|1604399870958|POS|false|1641070180876|Severe risk
48378511647171|1650515153557|IPv4|false|1664456610273|Moderate risk
13194139558340|1600973100033|QRCode|false|1610483102766|Extreme risk
25029|1579244319769|POS|false|1620634303783|Low risk
13194139558342|1603050906147|PHONE|false|1631580290816|Extreme risk
43980465136071|1646224442185|QRCode|false|1657124347614|Severe risk
17592186069448|1606112391230|WIFI|false|1639238317628|High risk
21990232580553|1612974421192|PHONE|false|1642344304001|Moderate risk
13194139558346|1601106405418|PHONE|false|1671512420108|Significant risk
8796093047243|1594522694639|QRCode|false|1651793564490|Critical risk
52776558158284|1659180664983|POS|false|1659643016165|Minimal risk
43980465136077|1644073976548|PHONE|false|1649400634372|Critical risk
4398046536142|1589418200531|QRCode|false|1634131549826|Moderate risk
4398046536143|1590409195551|RFID|false|1644022370192|Very high risk
43980465136080|1643519225712|RFID|false|1654825194367|Moderate risk
25041|1580763473378|WIFI|false|1595004301493|Moderate risk
35184372113874|1632176673878|ATM|false|1645180956965|Moderate risk
39582418624979|1641613606674|RFID|false|1662492402802|Very high risk
61572651180500|1671226305518|NFC|false|1671534298781|High risk
30786325602773|1628304896755|NFC|false|1655691135301|Very high risk
13194139558358|1603264283403|ATM|false|1652062700745|High risk
48378511647191|1653608019086|ATM|false|1659434683915|Significant risk
43980465136088|1645600913961|RFID|false|1647279660500|Very high risk
61572651180505|1670975689688|PHONE|false|1671394524341|Significant risk
52776558158298|1657770991370|WIFI|false|1667046631414|Minimal risk
25051|1583311565982|MAC|false|1624397474307|Significant risk
35184372113884|1632475734074|PHONE|false|1658542212232|Severe risk
57174604669405|1666929416233|PHONE|false|1670156987328|Critical risk
43980465136094|1646393363284|NFC|false|1652190595144|Critical risk
35184372113887|1630915764033|NFC|false|1631497625873|Minimal risk
43980465136096|1648068982643|NFC|false|1671329363399|Minimal risk
57174604669409|1664058565091|PHONE|false|1670251118822|High risk
43980465136098|1647339237070|MAC|false|1662770453957|Extreme risk
8796093047267|1592893074814|MAC|false|1622125481975|Low risk
39582418624996|1640171226884|RFID|false|1651409552158|Very high risk
35184372113893|1631938405346|WIFI|false|1653502584511|Minimal risk
39582418624998|1640174298602|RFID|false|1658699947088|Critical risk
8796093047271|1590967789659|ATM|false|1656225718632|Critical risk
48378511647208|1652428473405|PHONE|false|1660082841147|Moderate risk
57174604669417|1663826252225|POS|false|1669949021617|Extreme risk
17592186069482|1608657369015|NFC|false|1636513911560|Severe risk
25067|1579521909760|IPv6|false|1584120775086|High risk
39582418625004|1637796863481|NFC|false|1666529831329|High risk
57174604669421|1665351601190|QRCode|false|1667800245500|Very high risk
30786325602798|1630051328904|MAC|false|1666191908557|Moderate risk
43980465136111|1646654049902|PHONE|false|1661486192953|Very high risk
39582418625008|1642037610270|WIFI|false|1662329435470|Very high risk
26388279091697|1621151278406|PHONE|true|1640332758289|Severe risk
17592186069490|1604663022098|POS|false|1625633466540|Significant risk
43980465136115|1643442965192|POS|false|1661080575279|Severe risk
52776558158324|1660756509783|WIFI|false|1671012842050|Severe risk
30786325602805|1625811172500|NFC|false|1636558678146|Very high risk
35184372113910|1633292013083|WIFI|true|1636553917168|Moderate risk
4398046536183|1590131936919|WIFI|false|1611088886811|Critical risk
8796093047288|1592162373392|RFID|false|1605266928989|Minimal risk
21990232580601|1614986052819|WIFI|false|1624473590462|Critical risk
39582418625018|1643051287356|MAC|false|1647156240009|Critical risk
4398046536187|1590757332662|WIFI|false|1635952976715|Minimal risk
61572651180540|1669341668628|IPv6|false|1671890263379|Severe risk
25085|1579732425628|QRCode|false|1581260813043|High risk
8796093047294|1594936720071|PHONE|false|1660210026027|Minimal risk
25087|1582106114836|RFID|true|1639465790058|Severe risk
21990232580608|1613478291181|NFC|false|1629177743979|Severe risk
30786325602817|1624546442105|POS|false|1650514064840|Low risk
35184372113922|1631348566653|QRCode|false|1663183929556|High risk
52776558158339|1656527778824|PHONE|false|1670735657089|Critical risk
8796093047300|1593750273957|RFID|false|1613043896451|Critical risk
17592186069509|1609208763117|IPv6|false|1662038607870|High risk
52776558158342|1656504328904|ATM|false|1669407772267|Low risk
17592186069511|1605324471917|MAC|false|1623124589764|High risk
35184372113928|1634590127909|ATM|false|1655267399004|Extreme risk
35184372113929|1633440171904|MAC|false|1663633608397|Low risk
21990232580618|1613856011355|MAC|false|1649611542792|Moderate risk
4398046536203|1589834066330|IPv6|false|1647829465790|Minimal risk
61572651180556|1671424748954|WIFI|false|1672298547005|Minimal risk
13194139558413|1599901570078|QRCode|false|1661964686339|Severe risk
39582418625038|1639960871589|IPv4|false|1646096786493|Low risk
25103|1582466515463|PHONE|false|1668194230775|Moderate risk
52776558158352|1662618571045|IPv6|false|1667804957178|Low risk
17592186069521|1604474696587|QRCode|false|1624822424161|Severe risk
25106|1583583632754|POS|false|1639205286646|High risk
26388279091731|1622596051350|PHONE|false|1622995912830|High risk
57174604669460|1665540807908|PHONE|false|1665919796286|Very high risk
13194139558421|1601124957540|IPv6|false|1655392018712|Significant risk
17592186069526|1608657803226|QRCode|true|1620445415952|Critical risk
26388279091735|1620219642415|WIFI|false|1655131103032|Low risk
13194139558424|1601299837052|ATM|false|1658164706397|Moderate risk
43980465136153|1645108070037|POS|false|1660713589703|Extreme risk
17592186069530|1606385811880|QRCode|true|1612758656043|Significant risk
61572651180571|1670881655067|PHONE|false|1672124379597|Extreme risk
43980465136156|1649011325605|POS|false|1651279372402|Minimal risk
61572651180573|1669509634460|IPv4|false|1672463627532|Significant risk
13194139558430|1602844195411|POS|false|1661746381667|Severe risk
25119|1580929271353|IPv4|false|1667624628268|Minimal risk
26388279091744|1618300069563|WIFI|false|1644861368010|Low risk
57174604669473|1665541506992|QRCode|false|1668889075125|Moderate risk
13194139558434|1597766456254|PHONE|true|1638686203184|Low risk
25123|1580309585671|RFID|false|1596977754438|Minimal risk
57174604669476|1664462346263|ATM|false|1666181491695|Minimal risk
43980465136165|1646414229785|ATM|false|1670495660716|High risk
17592186069542|1606557171930|POS|false|1609877562060|Severe risk
57174604669479|1668936651212|IPv6|false|1669242394326|High risk
21990232580648|1615065646549|RFID|false|1628366827696|Severe risk
48378511647273|1654319537458|PHONE|false|1668807996142|Extreme risk
35184372113962|1631606168600|MAC|false|1661039783166|Significant risk
48378511647275|1652443146992|QRCode|false|1652481486308|Severe risk
57174604669484|1666171166410|ATM|false|1669298059846|Significant risk
30786325602861|1627009158131|IPv4|false|1661339098279|Extreme risk
8796093047342|1595341256686|IPv4|false|1632388679506|Minimal risk
61572651180591|1670532723260|IPv6|false|1671943984097|Very high risk
8796093047344|1595813690860|RFID|false|1609841359812|Severe risk
39582418625073|1636700457127|NFC|false|1643509092022|Extreme risk
13194139558450|1600460482840|MAC|false|1642737430161|Severe risk
61572651180595|1671106601114|PHONE|false|1671195489255|Very high risk
52776558158388|1658519553116|IPv6|false|1668489594893|Critical risk
30786325602869|1629966121563|MAC|false|1647371162739|Significant risk
35184372113974|1632615373314|POS|false|1662502690860|Very high risk
30786325602871|1623627469281|IPv4|false|1648548562487|Low risk
35184372113976|1631025492983|IPv6|false|1663466019499|Very high risk
35184372113977|1635760555839|ATM|false|1663731283033|High risk
30786325602874|1627500668187|IPv4|false|1659525532154|Severe risk
8796093047355|1595337993622|IPv6|false|1629517651534|Low risk
4398046536252|1590411229886|NFC|false|1626646619743|Minimal risk
48378511647293|1651803155824|NFC|false|1670382962341|High risk
30786325602878|1627402147392|RFID|false|1632478430253|Critical risk
13194139558463|1603410303460|NFC|false|1622253540930|Critical risk
43980465136192|1649589525587|QRCode|false|1654407186865|Moderate risk
13194139558465|1601091661585|IPv6|false|1613601993451|Extreme risk
30786325602882|1623621429323|PHONE|false|1646432584294|Low risk
26388279091779|1617090767360|IPv6|false|1627489256805|Very high risk
35184372113988|1630414709240|QRCode|false|1648508813920|Extreme risk
17592186069573|1609109522690|PHONE|false|1617305367015|Extreme risk
26388279091782|1620835066913|PHONE|false|1641874983334|Moderate risk
43980465136199|1648254555735|MAC|false|1658388879249|Moderate risk
13194139558472|1601497574929|IPv6|false|1658186695490|Low risk
61572651180617|1672402644722|RFID|false|1672506732868|Severe risk
30786325602890|1626522985839|ATM|false|1668778598493|High risk
25163|1578135621859|IPv4|false|1587850004192|Very high risk
61572651180620|1671872589482|NFC|false|1672293400081|Minimal risk
39582418625101|1642492339161|RFID|false|1665967923114|Moderate risk
13194139558478|1598644549822|WIFI|false|1608247567042|High risk
39582418625103|1642765594930|POS|false|1663963573482|Significant risk
17592186069584|1609727067982|QRCode|false|1662217342990|Critical risk
48378511647313|1653898854437|ATM|false|1663504377551|Moderate risk
43980465136210|1646722215898|IPv6|false|1657012212237|High risk
52776558158419|1658175747840|POS|false|1662694230949|High risk
8796093047380|1592335195398|IPv6|false|1633807699550|Extreme risk
61572651180629|1669955648688|ATM|true|1672355494415|Extreme risk
43980465136214|1649691252403|QRCode|false|1668543508655|Severe risk
52776558158423|1661406462735|IPv4|false|1671655222949|Critical risk
52776558158424|1658921908367|WIFI|false|1665962329756|Very high risk
30786325602905|1629207707457|WIFI|false|1667773469342|High risk
57174604669530|1663009198790|IPv6|false|1663512133666|Critical risk
30786325602907|1629836535564|IPv6|false|1652403910423|Minimal risk
39582418625116|1637378874018|RFID|false|1649931743215|Minimal risk
52776558158429|1657845042776|ATM|false|1665116683979|Very high risk
17592186069598|1609789311777|ATM|false|1621147886949|High risk
8796093047391|1595309306858|RFID|false|1631797805818|Significant risk
26388279091808|1623184916171|POS|false|1672028327723|Moderate risk
13194139558497|1598433203166|POS|false|1612015712181|High risk
25186|1581289423701|NFC|false|1663547057884|Moderate risk
4398046536291|1586834039190|IPv4|false|1602458281538|Significant risk
52776558158436|1659682066819|NFC|false|1670481932274|Moderate risk
39582418625125|1639110113486|WIFI|false|1662426345732|Minimal risk
30786325602918|1626401396324|POS|false|1649414371163|Minimal risk
48378511647335|1654692159917|MAC|false|1662833346054|Extreme risk
17592186069608|1606718976979|PHONE|false|1654710800442|Moderate risk
39582418625129|1640982798501|ATM|false|1647791752006|Severe risk
52776558158442|1657286376091|MAC|false|1660311971184|Critical risk
25195|1583024907884|IPv6|false|1666612292902|Very high risk
52776558158444|1660987398243|PHONE|false|1662304341324|Low risk
57174604669549|1668643457164|POS|false|1669021740958|Severe risk
13194139558510|1599768318659|PHONE|false|1632441025169|Extreme risk
61572651180655|1669892520646|ATM|false|1671275963374|Minimal risk
43980465136240|1647783587441|IPv6|false|1665509418542|Extreme risk
61572651180657|1669429407647|PHONE|false|1672348683018|Moderate risk
35184372114034|1634587224739|NFC|false|1639140049030|Low risk
26388279091827|1620878906059|IPv6|false|1629889584802|High risk
52776558158452|1657614953412|PHONE|false|1672466121822|Extreme risk
43980465136245|1645045313433|QRCode|false|1669926825881|Significant risk
43980465136246|1646263047600|QRCode|false|1653274902275|Minimal risk
4398046536311|1588339646588|WIFI|false|1630651603213|Low risk
52776558158456|1659300707638|ATM|false|1661082534329|High risk
52776558158457|1662538364826|WIFI|false|1667809515391|Significant risk
17592186069626|1607907863693|RFID|false|1612583183299|Significant risk
48378511647355|1652395062243|QRCode|true|1662651240286|Extreme risk
52776558158460|1660002994079|MAC|false|1661980719187|Minimal risk
21990232580733|1614697354864|IPv4|false|1650054482306|Critical risk
4398046536318|1586879067398|IPv4|false|1655755605100|Minimal risk
21990232580735|1611296276237|IPv4|false|1659540014014|Critical risk
48378511647360|1650867823793|PHONE|false|1663102650440|Low risk
4398046536321|1584763701793|QRCode|false|1592667896245|Extreme risk
4398046536322|1584685649824|ATM|false|1597967653639|Minimal risk
52776558158467|1657933824676|RFID|false|1663735031078|Low risk
35184372114052|1633482029973|QRCode|false|1648604792937|Minimal risk
4398046536325|1587897902165|PHONE|false|1602109403133|Moderate risk
48378511647366|1653990159470|QRCode|false|1655712216482|Minimal risk
57174604669575|1668901263685|ATM|false|1671953814544|High risk
39582418625160|1637748912548|WIFI|false|1668871484084|Severe risk
43980465136265|1643607600223|NFC|false|1656687971635|Minimal risk
57174604669578|1665890503645|IPv4|true|1669467728050|Very high risk
17592186069643|1608027862437|NFC|false|1633233014252|Severe risk
21990232580748|1615244950307|MAC|false|1630490120387|High risk
30786325602957|1624983709251|IPv6|true|1636176743115|Moderate risk
21990232580750|1614389124575|RFID|false|1633834894255|Low risk
52776558158479|1660217426110|POS|false|1664467979506|Extreme risk
21990232580752|1613031602593|ATM|false|1638183014045|Severe risk
57174604669585|1666022551525|POS|false|1669696542608|High risk
57174604669586|1665703516177|NFC|false|1671665740961|Very high risk
17592186069651|1610379828823|RFID|false|1651767062606|Critical risk
26388279091860|1617983103668|POS|false|1665704035637|Extreme risk
43980465136277|1648315362680|IPv4|false|1654229902760|Moderate risk
4398046536342|1590728115726|IPv6|false|1629318139921|Severe risk
35184372114071|1635996911846|PHONE|false|1666900676035|Moderate risk
17592186069656|1604034855187|MAC|false|1663718137792|Extreme risk
26388279091865|1618318897699|RFID|false|1643249141035|Extreme risk
57174604669594|1664828906271|IPv4|false|1671586091277|Critical risk
26388279091867|1620985012546|QRCode|false|1661606098654|Extreme risk
39582418625180|1637192641666|POS|false|1650011508462|Low risk
8796093047453|1596009837707|PHONE|false|1617162213673|Extreme risk
39582418625182|1637326516014|IPv6|false|1663936469206|Significant risk
13194139558559|1599021992909|IPv4|false|1667906914134|Very high risk
57174604669600|1668336240337|WIFI|false|1669548429486|Extreme risk
30786325602977|1624632466706|IPv6|true|1666557844106|Critical risk
17592186069666|1606880483153|WIFI|false|1657952813271|Critical risk
39582418625187|1637100739168|ATM|false|1668972965770|Very high risk
30786325602980|1629357001139|POS|false|1650278840744|Extreme risk
17592186069669|1610033294256|POS|false|1611343544708|Moderate risk
13194139558566|1600622645033|WIFI|false|1670172695851|Minimal risk
52776558158503|1662191160777|PHONE|false|1665420459143|Minimal risk
21990232580776|1613767109694|IPv6|true|1617218573223|Extreme risk
52776558158505|1661874204897|QRCode|false|1671648179499|Significant risk
61572651180714|1669344462107|MAC|false|1670319148726|Extreme risk
17592186069675|1608958840558|RFID|false|1658190378861|Severe risk
35184372114092|1635968262160|MAC|false|1652446931907|Severe risk
8796093047469|1596163212003|WIFI|false|1619609282193|High risk
4398046536366|1587191982229|QRCode|false|1604341504672|Very high risk
30786325602991|1623694851186|RFID|false|1635677580170|Minimal risk
61572651180720|1670813602910|WIFI|true|1671653450898|Extreme risk
17592186069681|1606229296697|ATM|false|1632772223274|High risk
52776558158514|1660601391635|MAC|false|1664270302354|Critical risk
52776558158515|1656512704891|IPv4|false|1663394960613|Significant risk
4398046536372|1589162843253|NFC|false|1646538119378|Extreme risk
13194139558581|1600279378230|WIFI|false|1670262172539|Low risk
4398046536374|1586734643782|ATM|false|1619111423142|Moderate risk
13194139558583|1599047473203|RFID|false|1622412074289|Extreme risk
25272|1581758918663|POS|false|1645962737675|Significant risk
57174604669625|1667086074782|POS|false|1671113889427|Minimal risk
13194139558586|1600633830794|NFC|false|1619042424248|Moderate risk
8796093047483|1591379181940|PHONE|false|1610494511490|Critical risk
4398046536380|1589447861879|IPv6|false|1619467515214|Significant risk
30786325603005|1628284798700|MAC|false|1630268956891|Low risk
52776558158526|1661940359695|QRCode|false|1671331714364|Critical risk
4398046536383|1585640078918|MAC|true|1625631071273|Severe risk
48378511647424|1655017623076|QRCode|false|1669576603010|Significant risk
52776558158529|1658143832823|WIFI|true|1665662891216|Very high risk
8796093047490|1594860924488|IPv6|false|1610033099233|Low risk
17592186069699|1608641252648|NFC|false|1654374646723|Minimal risk
61572651180740|1670474439236|QRCode|false|1672012557601|Extreme risk
43980465136325|1643908069913|QRCode|false|1660213652260|Significant risk
25286|1584064103957|QRCode|false|1586673996883|Significant risk
43980465136327|1646927515874|POS|false|1662824545386|High risk
8796093047496|1591845447210|POS|false|1643325819799|Significant risk
48378511647433|1650981415118|QRCode|false|1654033030777|Critical risk
8796093047498|1596268942930|NFC|false|1665177673695|Minimal risk
4398046536395|1586214180774|WIFI|false|1627564991824|Extreme risk
17592186069708|1604598276745|IPv6|false|1660307604394|Significant risk
48378511647437|1650062680878|PHONE|false|1660279537184|Extreme risk
52776558158542|1657551043485|RFID|false|1659967724401|High risk
4398046536399|1586205628889|NFC|false|1640847061427|Very high risk
30786325603024|1628166494833|QRCode|false|1637286581025|Very high risk
48378511647441|1655933314213|IPv6|false|1657861825735|Extreme risk
25298|1579986128104|ATM|false|1608692497526|Very high risk
52776558158547|1661343416782|IPv6|false|1672231284156|High risk
21990232580820|1610724564201|PHONE|false|1649503535212|Moderate risk
8796093047509|1593723562301|IPv6|false|1611031985874|Very high risk
61572651180758|1671308721315|QRCode|false|1672168892947|High risk
48378511647447|1655050765404|QRCode|false|1656661543626|Critical risk
52776558158552|1656659748141|POS|false|1660606897462|Very high risk
8796093047513|1597180744504|IPv4|false|1671210668793|Severe risk
35184372114138|1636485284526|NFC|false|1652786123847|Critical risk
57174604669659|1663978573907|PHONE|false|1664012975451|Critical risk
30786325603036|1629998366010|IPv6|false|1643973142950|Minimal risk
21990232580829|1615509981655|POS|false|1648201748451|Very high risk
52776558158558|1661200367279|IPv4|false|1666066593110|Extreme risk
13194139558623|1603919492438|QRCode|true|1625430699250|Moderate risk
8796093047520|1593472390513|WIFI|false|1603101036037|Very high risk
39582418625249|1641611626439|MAC|false|1668811142765|Significant risk
17592186069730|1607965681819|RFID|false|1640565292597|Very high risk
48378511647459|1650466979704|QRCode|false|1655088284782|Critical risk
8796093047524|1593295143381|MAC|false|1670202179152|Minimal risk
25317|1579032671699|ATM|false|1588423563084|Moderate risk
52776558158566|1658093233982|IPv4|false|1667984087465|Severe risk
48378511647463|1655910439266|IPv4|false|1667271604122|High risk
39582418625256|1637575417749|WIFI|false|1662442568183|Significant risk
39582418625257|1638955342963|IPv4|false|1646087132203|Low risk
26388279091946|1620638511343|RFID|false|1655491914746|Extreme risk
39582418625259|1638130278572|RFID|false|1670147805540|Extreme risk
30786325603052|1624446944083|NFC|false|1641910068632|Low risk
4398046536429|1584874302909|IPv6|false|1633666292774|Minimal risk
8796093047534|1596634268970|IPv6|false|1631324237772|Low risk
26388279091951|1622200560489|MAC|false|1671196807212|Significant risk
52776558158576|1662617070276|WIFI|false|1669468598798|Low risk
25329|1579287004944|ATM|false|1580917336375|Extreme risk
61572651180786|1669704236883|IPv6|false|1672442500631|Very high risk
13194139558643|1600487618915|QRCode|false|1612887154021|Severe risk
26388279091956|1620285338087|NFC|false|1653977975032|High risk
13194139558645|1599358809253|RFID|false|1637903183221|Severe risk
39582418625270|1636655021601|IPv4|false|1652648931093|High risk
13194139558647|1598116099037|RFID|false|1630163814698|Critical risk
52776558158584|1656246354245|IPv4|false|1670275714962|Significant risk
4398046536441|1588671103446|IPv4|false|1665358819976|Moderate risk
52776558158586|1657093324670|IPv6|false|1660013715567|Low risk
61572651180795|1670229689816|IPv4|false|1671588686107|High risk
52776558158588|1660838211645|IPv6|false|1665397289910|Very high risk
57174604669693|1666242637563|IPv6|false|1669071827992|Low risk
52776558158590|1657670862342|POS|false|1665911427387|Very high risk
39582418625279|1642030592467|QRCode|false|1663811408893|Very high risk
39582418625280|1641859783299|PHONE|true|1658663646919|Significant risk
26388279091969|1617192843966|RFID|false|1659723766211|Very high risk
13194139558658|1601216252514|WIFI|false|1642792399988|High risk
57174604669699|1668471941621|WIFI|false|1671337880096|Extreme risk
13194139558660|1601775921437|IPv4|false|1626700882483|Very high risk
35184372114181|1636385863092|WIFI|false|1645959146996|High risk
43980465136390|1646139646186|QRCode|false|1658146264189|Low risk
48378511647495|1650731767516|MAC|false|1672332533049|High risk
30786325603080|1624674815287|PHONE|false|1637980468148|Critical risk
52776558158601|1660159887768|ATM|false|1665663448789|Minimal risk
57174604669706|1666947885458|ATM|false|1667146110181|Severe risk
52776558158603|1659237661645|IPv6|false|1669550071982|Moderate risk
35184372114188|1633874292383|ATM|false|1641439105796|High risk
43980465136397|1646800213999|MAC|false|1651443266881|Minimal risk
8796093047566|1593903305646|RFID|false|1604838969349|Moderate risk
30786325603087|1626934479681|MAC|false|1661564287037|High risk
48378511647504|1654235088177|PHONE|false|1658138961964|Low risk
61572651180817|1672431583439|PHONE|false|1672459773057|Severe risk
8796093047570|1593050553705|IPv6|false|1655231650412|Extreme risk
48378511647507|1653408021757|POS|false|1653808652729|Moderate risk
39582418625300|1640770778401|POS|false|1666379223683|Moderate risk
57174604669717|1668618376269|IPv6|false|1669886558328|Minimal risk
35184372114198|1633186263415|ATM|true|1657493716045|Severe risk
21990232580887|1611346346310|ATM|false|1624609295855|Severe risk
43980465136408|1645654179554|NFC|false|1647142984908|Significant risk
4398046536473|1590533574993|MAC|false|1604534077572|Critical risk
25370|1579968095530|POS|false|1667374852619|Minimal risk
39582418625307|1640270600812|WIFI|false|1645117171016|Severe risk
52776558158620|1660600467597|IPv6|false|1661032648209|Extreme risk
8796093047581|1592117606998|QRCode|true|1614068897382|Very high risk
39582418625310|1642087781888|IPv6|false|1647443156442|Extreme risk
21990232580895|1617004812348|RFID|false|1630046963488|Significant risk
57174604669728|1667216548080|IPv6|false|1669345796676|High risk
21990232580897|1616806126796|QRCode|false|1636089773738|High risk
21990232580898|1611099179060|IPv4|false|1636760035513|Critical risk
35184372114211|1633361050002|PHONE|false|1647827860384|Moderate risk
21990232580900|1614218667378|POS|false|1671102266382|High risk
35184372114213|1636105218380|NFC|false|1662376706463|Low risk
52776558158630|1661455743161|RFID|false|1670805313555|Significant risk
43980465136423|1643194727541|MAC|false|1650951415607|Critical risk
30786325603112|1626434401772|POS|false|1661769075492|Moderate risk
26388279092009|1617786415662|QRCode|false|1634521910449|Minimal risk
13194139558698|1601912607269|QRCode|false|1665868025127|Minimal risk
35184372114219|1630355058420|NFC|false|1643821087795|Moderate risk
21990232580908|1611305507963|POS|false|1617428837059|Severe risk
52776558158637|1661619775147|POS|false|1670213695420|Severe risk
43980465136430|1646870957668|ATM|false|1672488191286|High risk
4398046536495|1585845941097|POS|false|1649152851421|Low risk
25392|1582998347944|PHONE|true|1651120742627|Critical risk
39582418625329|1637613936739|NFC|false|1653330932637|Minimal risk
61572651180850|1670025710882|RFID|false|1670338406938|Moderate risk
13194139558707|1599830059392|POS|false|1645938929376|Extreme risk
21990232580916|1612572927267|RFID|false|1666127119696|Extreme risk
8796093047605|1591962765669|MAC|false|1649737434929|Very high risk
52776558158646|1659893497158|POS|false|1662993486596|Low risk
39582418625335|1642539213071|POS|false|1664644291359|Extreme risk
57174604669752|1668067773195|QRCode|false|1668592352086|Moderate risk
57174604669753|1668451284111|QRCode|false|1669850307684|High risk
48378511647546|1653651706034|IPv4|false|1662591455004|Extreme risk
35184372114235|1631389817237|IPv6|false|1633873144773|Significant risk
26388279092028|1617327903171|RFID|false|1660881383179|Critical risk
52776558158653|1661056187355|QRCode|false|1672307729588|Very high risk
39582418625342|1637813765025|IPv6|false|1638046685174|Moderate risk
48378511647551|1655951142106|WIFI|false|1658423504167|Critical risk
48378511647552|1654658801945|QRCode|false|1664867388995|Minimal risk
4398046536513|1589723836520|RFID|false|1648853445832|Extreme risk
4398046536514|1586244340429|PHONE|false|1646286807923|Significant risk
48378511647555|1651763376626|WIFI|false|1658561983183|Significant risk
25412|1580737039008|IPv4|true|1629736362645|Very high risk
21990232580933|1614572784698|ATM|false|1616092834016|Extreme risk
17592186069830|1609323793322|PHONE|false|1638391588108|Extreme risk
48378511647559|1651018422212|RFID|false|1658844264663|Low risk
57174604669768|1667977384008|NFC|false|1671591129120|Minimal risk
43980465136457|1643489029583|IPv4|false|1660504569532|Extreme risk
39582418625354|1639232119638|ATM|false|1650121844208|Significant risk
43980465136459|1648273882473|NFC|false|1653458178050|Severe risk
21990232580940|1614532802825|MAC|false|1632822049423|Critical risk
17592186069837|1610346443388|NFC|false|1621996555584|Moderate risk
39582418625358|1637393066064|IPv6|false|1663622601846|Critical risk
25423|1583527288006|POS|false|1613953803058|Significant risk
57174604669776|1665748161835|RFID|false|1671607896935|Significant risk
52776558158673|1658948317408|IPv6|false|1660990820420|High risk
25426|1583518404149|POS|false|1668556724884|Significant risk
52776558158675|1660247157436|IPv4|false|1666357215771|Very high risk
30786325603156|1628159325570|PHONE|false|1639493901078|Critical risk
26388279092053|1622496599108|MAC|false|1647464564130|Extreme risk
43980465136470|1646556378625|PHONE|false|1662372903994|Very high risk
48378511647575|1655811714001|MAC|false|1667741712723|Low risk
13194139558744|1603511472837|MAC|false|1672276461164|Minimal risk
26388279092057|1618730929656|MAC|false|1633633910653|Critical risk
43980465136474|1643290901963|POS|false|1660416422944|Significant risk
25435|1580158769682|RFID|false|1647886437008|Low risk
25436|1579611646753|PHONE|false|1590307228188|Low risk
61572651180893|1669649411723|PHONE|false|1670885953682|Extreme risk
13194139558750|1599578025065|POS|false|1662670269360|Extreme risk
43980465136479|1643390999849|ATM|false|1644126389311|Low risk
57174604669792|1666785521210|QRCode|false|1669640510493|Critical risk
39582418625377|1637920930496|POS|false|1664915699936|Significant risk
26388279092066|1620554425448|ATM|false|1653807807366|Minimal risk
4398046536547|1587547030714|ATM|false|1591650979284|Very high risk
35184372114276|1635007927565|IPv6|false|1646605139584|Moderate risk
21990232580965|1612924771221|ATM|true|1659206994578|Moderate risk
52776558158694|1659880605555|PHONE|false|1664681315970|Moderate risk
25447|1582521496553|IPv4|false|1622490988302|Critical risk
8796093047656|1596886892298|PHONE|false|1609951466904|Significant risk
30786325603177|1628443846699|QRCode|false|1664750532141|Moderate risk
35184372114282|1631693639408|IPv4|false|1647150014776|Moderate risk
13194139558763|1600338698944|IPv6|false|1629014012558|Severe risk
48378511647596|1654302098113|MAC|false|1664833133653|Very high risk
52776558158701|1660391847319|ATM|false|1663315190251|Very high risk
26388279092078|1621022780307|PHONE|false|1644025140476|Minimal risk
43980465136495|1646979528826|ATM|true|1659404380691|Moderate risk
57174604669808|1664568831928|IPv4|false|1669870945526|Low risk
17592186069873|1607963605871|POS|false|1614070876600|High risk
57174604669810|1665910075397|MAC|false|1671081916185|High risk
48378511647603|1655600426708|PHONE|false|1671986926999|Very high risk
26388279092084|1622189287682|RFID|true|1668194345648|Low risk
21990232580981|1613454280850|NFC|false|1638130984275|Severe risk
48378511647606|1654321441721|WIFI|false|1667749451729|High risk
26388279092087|1622815046750|IPv4|false|1651954528331|Critical risk
26388279092088|1619480065876|RFID|false|1642567378058|Low risk
43980465136505|1647531666902|RFID|false|1663065681272|Moderate risk
43980465136506|1649688141352|QRCode|false|1653502253555|Very high risk
48378511647611|1651709881939|WIFI|false|1665864617543|Severe risk
39582418625404|1636709077195|IPv6|false|1657924000876|High risk
43980465136509|1649019725293|PHONE|false|1654261387034|Critical risk
26388279092094|1619973016325|WIFI|false|1631990689153|Low risk
43980465136511|1644516303526|ATM|false|1660527614969|Severe risk
39582418625408|1637366803753|PHONE|false|1649943553970|Extreme risk
21990232580993|1612236636359|IPv6|false|1634360322372|High risk
39582418625410|1641841600891|PHONE|false|1644737656108|Minimal risk
48378511647619|1653751632314|PHONE|false|1671901195958|Minimal risk
17592186069892|1606835734737|PHONE|false|1633056610533|Extreme risk
25477|1583929207665|WIFI|false|1583938971329|High risk
17592186069894|1608283004225|NFC|false|1657679926093|Very high risk
26388279092103|1618451421228|ATM|true|1638077621556|Significant risk
39582418625416|1640367849565|PHONE|false|1645939992228|Moderate risk
35184372114313|1630331470536|NFC|true|1671544397734|Low risk
26388279092106|1617976836511|WIFI|false|1635551098443|Significant risk
26388279092107|1620256511070|MAC|false|1635002833730|Extreme risk
8796093047692|1591573293796|POS|false|1624766243343|Significant risk
48378511647629|1652237065799|MAC|false|1668780457730|Significant risk
57174604669838|1666566434464|ATM|false|1667722079703|Moderate risk
21990232581007|1612540808357|ATM|false|1640235313450|Minimal risk
39582418625424|1639256723212|WIFI|false|1647403715124|Significant risk
13194139558801|1598545790046|NFC|true|1621358730516|Minimal risk
48378511647634|1652604385860|MAC|false|1669919504911|Significant risk
21990232581011|1611047921976|IPv6|false|1612638587079|Minimal risk
48378511647636|1653470173712|ATM|false|1670866082300|High risk
13194139558805|1599775293833|IPv6|false|1650128338564|Very high risk
30786325603222|1626481971524|POS|false|1633425438489|Minimal risk
35184372114327|1632317470660|POS|false|1634109886403|Moderate risk
13194139558808|1603604680599|QRCode|false|1628174284941|Extreme risk
48378511647641|1653351570686|ATM|false|1665328555835|Low risk
30786325603226|1626304670251|IPv6|false|1647352035507|Moderate risk
57174604669851|1665744247120|IPv6|false|1671333170360|Critical risk
39582418625436|1638252083100|PHONE|false|1649343399586|Minimal risk
43980465136541|1647412257885|POS|false|1667335859233|Severe risk
8796093047710|1591458322455|ATM|false|1594918454056|Critical risk
8796093047711|1594565947265|ATM|false|1651548661059|Very high risk
52776558158752|1662177750032|QRCode|false|1667584780104|Significant risk
4398046536609|1584459321242|MAC|false|1635037098086|Critical risk
13194139558818|1597609788378|ATM|false|1662335412546|Very high risk
17592186069923|1607778394511|MAC|false|1630980635110|Critical risk
13194139558820|1600028654258|WIFI|false|1614185187606|Extreme risk
17592186069925|1606620434193|NFC|false|1659249549033|High risk
25510|1584268505951|ATM|false|1650503231006|Moderate risk
61572651180967|1670543360852|ATM|false|1671214933631|Critical risk
52776558158760|1660360850700|RFID|false|1660712849148|High risk
39582418625449|1641132271928|WIFI|false|1651997310490|Extreme risk
35184372114346|1635576903553|ATM|false|1635681667459|Significant risk
26388279092139|1620635617427|ATM|false|1630673792236|Low risk
30786325603244|1626620541547|NFC|false|1657015267261|Extreme risk
48378511647661|1651415898534|PHONE|false|1672272078367|Moderate risk
30786325603246|1624618623704|QRCode|false|1626812875714|Severe risk
4398046536623|1584654896285|RFID|false|1601512675574|Very high risk
4398046536624|1587130139845|IPv6|false|1602877038717|Significant risk
26388279092145|1618610046726|WIFI|false|1651895951004|Minimal risk
39582418625458|1637201492498|PHONE|false|1662189675876|Low risk
30786325603251|1625852320816|QRCode|false|1638717473317|Extreme risk
39582418625460|1642420870573|RFID|false|1670183457051|Significant risk
43980465136565|1645797850949|NFC|false|1666617050010|Critical risk
35184372114358|1636403480533|PHONE|false|1667238606916|Low risk
43980465136567|1644683177375|WIFI|false|1667265377539|Very high risk
52776558158776|1661630650897|PHONE|false|1667026846464|High risk
61572651180985|1669520520052|IPv4|false|1670070642314|Moderate risk
25530|1582798000242|MAC|false|1633478501313|Extreme risk
4398046536635|1587851299892|POS|false|1593197553963|High risk
13194139558844|1600489750688|IPv6|false|1643930293203|High risk
35184372114365|1631154102470|MAC|false|1661226335592|Severe risk
43980465136574|1649593316889|RFID|false|1667328929627|Significant risk
25535|1580042282301|RFID|false|1582397914999|Significant risk
48378511647680|1650645140237|QRCode|true|1655997555520|High risk
4398046536641|1585529776868|IPv4|true|1619273860191|Extreme risk
57174604669890|1664510547272|IPv6|false|1666909010917|Severe risk
25539|1580058580579|MAC|false|1623379987915|Minimal risk
43980465136580|1647004534107|PHONE|false|1649805570570|High risk
48378511647685|1651135169085|IPv4|false|1656220670657|Moderate risk
43980465136582|1649056792490|WIFI|false|1661297974360|Minimal risk
26388279092167|1621307851129|WIFI|false|1665022242669|Very high risk
57174604669896|1663356836624|POS|false|1669749244982|Moderate risk
52776558158793|1662678457618|POS|true|1670050966557|Severe risk
48378511647690|1652095634211|WIFI|false|1662262667837|Extreme risk
17592186069963|1606753307630|PHONE|false|1610531377526|Significant risk
25548|1580778925012|ATM|false|1608357133848|Moderate risk
61572651181005|1671922145484|ATM|false|1672226648999|Significant risk
25550|1582631676923|RFID|false|1600964117485|Low risk
52776558158799|1660758040773|NFC|false|1668953084641|Critical risk
25552|1579984804600|IPv4|false|1616562278979|High risk
52776558158801|1658918399339|POS|false|1664126324960|Significant risk
30786325603282|1629929919077|IPv4|false|1660524590255|Moderate risk
61572651181011|1672247804221|PHONE|false|1672303371090|Very high risk
17592186069972|1605680862120|WIFI|false|1611746873727|Minimal risk
26388279092181|1621931790407|PHONE|false|1641600307622|Low risk
8796093047766|1590956388077|WIFI|false|1638076245153|Very high risk
43980465136599|1648802366030|WIFI|false|1664737620714|Moderate risk
8796093047768|1597430589796|ATM|false|1618628146719|Minimal risk
57174604669913|1667505870560|ATM|false|1668201524013|Very high risk
26388279092186|1622844176435|RFID|false|1635767031642|Low risk
57174604669915|1665724494721|MAC|false|1666315928304|Minimal risk
52776558158812|1662732633658|POS|false|1670866918479|Minimal risk
13194139558877|1598675981349|IPv6|false|1624215789740|Very high risk
13194139558878|1598305051877|IPv6|true|1651300707340|Minimal risk
61572651181023|1670129182733|IPv4|false|1670493235873|Minimal risk
57174604669920|1664028501908|IPv6|false|1669214482208|Moderate risk
48378511647713|1651501290887|WIFI|false|1662865003398|Significant risk
30786325603298|1629222935362|NFC|false|1635008756872|Critical risk
13194139558883|1600674003834|IPv6|false|1664310803548|Very high risk
61572651181028|1671153560226|WIFI|false|1671915901433|Moderate risk
48378511647717|1651305381006|PHONE|false|1661708785180|Severe risk
17592186069990|1605313585396|POS|false|1653854518623|High risk
4398046536679|1587492076337|MAC|false|1657093752261|Significant risk
61572651181032|1671024568699|NFC|false|1672329112446|Severe risk
21990232581097|1616490949091|IPv4|false|1669075958139|Moderate risk
21990232581098|1614900497758|IPv6|false|1615746273624|High risk
35184372114411|1635219521698|ATM|true|1647904653476|High risk
26388279092204|1622280736209|ATM|false|1644860148116|Moderate risk
21990232581101|1612679276741|IPv6|false|1640313115011|Extreme risk
4398046536686|1586103531136|WIFI|false|1624421208634|Extreme risk
4398046536687|1585145061911|MAC|false|1655822402834|Extreme risk
39582418625520|1640639724539|POS|false|1646584324578|Significant risk
25585|1581487812741|ATM|false|1625738062832|Moderate risk
21990232581106|1613224031833|IPv4|false|1626213591290|Minimal risk
17592186070003|1607369326293|MAC|false|1649209967733|Minimal risk
35184372114420|1630309706689|PHONE|false|1636582409158|Severe risk
57174604669941|1667865839003|MAC|false|1671382296278|High risk
26388279092214|1620483091623|ATM|false|1634847608487|Extreme risk
48378511647735|1653306121626|ATM|false|1667909489334|Minimal risk
43980465136632|1647718276035|ATM|false|1672026159977|Very high risk
57174604669945|1667974928360|PHONE|false|1671745452950|Minimal risk
30786325603322|1626856058518|NFC|false|1671656647504|Critical risk
39582418625531|1642106574580|WIFI|false|1655356105327|High risk
8796093047804|1593998624830|IPv6|false|1647039657792|Extreme risk
26388279092221|1623513133847|QRCode|false|1649806022829|Low risk
4398046536702|1589856921056|NFC|false|1634656065589|Critical risk
25599|1582394932800|QRCode|false|1656682181558|Critical risk
21990232581120|1614413994843|NFC|false|1656919340565|Low risk
17592186070017|1609090118564|RFID|false|1648531253751|Very high risk
26388279092226|1618728599517|WIFI|false|1649482973971|Extreme risk
26388279092227|1623123081256|PHONE|false|1631444829930|Extreme risk
52776558158852|1662263334937|WIFI|false|1663937659828|Significant risk
13194139558917|1600924774313|WIFI|false|1617123813459|Severe risk
4398046536710|1588343325258|ATM|false|1592866910363|Low risk
39582418625543|1639048338704|IPv4|false|1671640141888|High risk
21990232581128|1614511704900|MAC|false|1627052856104|Minimal risk
48378511647753|1656067454705|IPv4|false|1660720619995|Very high risk
26388279092234|1619151712530|IPv4|false|1621487049543|Extreme risk
17592186070027|1606925329528|POS|false|1622345338864|Significant risk
8796093047820|1595349343809|IPv4|false|1647763571320|Critical risk
8796093047821|1596461314056|IPv6|false|1619677974562|Minimal risk
57174604669966|1667522410447|POS|false|1671499470298|Minimal risk
52776558158863|1657536220120|POS|false|1659774674589|Very high risk
39582418625552|1643156673984|IPv6|false|1660385327534|Significant risk
25617|1579838253086|NFC|false|1632275333116|Significant risk
26388279092242|1620975122557|NFC|false|1653696643998|Low risk
4398046536723|1587633088505|WIFI|false|1638175752947|Minimal risk
4398046536724|1587576914996|POS|false|1652048254789|Significant risk
39582418625557|1637810088435|RFID|false|1642782348195|Very high risk
39582418625558|1640189039843|IPv6|false|1668175935345|Significant risk
17592186070039|1606760485282|IPv6|true|1612482645824|Critical risk
35184372114456|1630631312786|IPv4|false|1633260087386|Moderate risk
8796093047833|1591447826017|ATM|false|1662604681660|Extreme risk
26388279092250|1621235996510|MAC|false|1627194489441|Significant risk
13194139558939|1601213258358|QRCode|false|1659392956265|Extreme risk
43980465136668|1649054036592|RFID|false|1660673224180|Significant risk
39582418625565|1636896578963|ATM|false|1666398583141|High risk
13194139558942|1597463744954|WIFI|false|1606664102593|Low risk
13194139558943|1603195884881|MAC|false|1663642307063|Severe risk
48378511647776|1650242675187|POS|false|1654610163202|Minimal risk
39582418625569|1642454757643|ATM|false|1655668629336|Critical risk
26388279092258|1623233235660|POS|false|1654004266335|Extreme risk
57174604669987|1666454917114|PHONE|false|1670840442374|High risk
8796093047844|1591534340206|QRCode|false|1614159464920|Very high risk
25637|1578994449331|MAC|false|1602932616930|Significant risk
39582418625574|1639317041415|RFID|false|1644191745442|Severe risk
35184372114471|1636470540832|PHONE|true|1656205954413|Very high risk
35184372114472|1631197067882|IPv4|false|1669521996290|Very high risk
48378511647785|1650594550636|MAC|false|1665549280694|Significant risk
30786325603370|1626030926790|NFC|false|1661117163632|High risk
48378511647787|1651831410712|RFID|false|1653967864916|Very high risk
17592186070060|1603993870237|IPv6|false|1641531131112|Severe risk
61572651181101|1669626501419|PHONE|false|1672499903954|Very high risk
21990232581166|1614901896918|IPv4|false|1642058154690|Extreme risk
25647|1582040887728|ATM|false|1612938891012|Minimal risk
21990232581168|1615510865133|MAC|false|1667690587986|Critical risk
26388279092273|1621275970629|IPv4|false|1646960255620|Critical risk
48378511647794|1652067269438|QRCode|false|1671696857984|Significant risk
48378511647795|1654541022791|NFC|false|1657512748463|Very high risk
30786325603380|1627980612859|IPv6|false|1633382252140|Critical risk
21990232581173|1611050473389|PHONE|false|1649818898078|Extreme risk
13194139558966|1598068211672|MAC|false|1614415975567|High risk
30786325603383|1625617336133|IPv6|false|1640950244291|Significant risk
35184372114488|1633097817755|IPv6|false|1666807294193|Extreme risk
17592186070073|1606095995883|IPv4|false|1623064424401|Low risk
13194139558970|1603135698408|ATM|false|1639838686808|Moderate risk
17592186070075|1607803304634|RFID|false|1650796004146|Severe risk
43980465136700|1648934676063|QRCode|false|1672429498085|Significant risk
21990232581181|1612795602357|QRCode|false|1655926911371|Significant risk
57174604670014|1669135638495|MAC|false|1671058013252|Minimal risk
39582418625599|1637865751706|QRCode|false|1658013286764|Extreme risk
26388279092288|1618568381050|MAC|false|1659633700868|Low risk
48378511647809|1652621630620|IPv4|false|1665138496372|Moderate risk
21990232581186|1610928081544|NFC|false|1653827450591|High risk
13194139558979|1602299384106|PHONE|false|1667077778484|Severe risk
35184372114500|1634352222411|PHONE|false|1660078851843|Critical risk
17592186070085|1609253394011|QRCode|false|1635852059397|Severe risk
4398046536774|1586257027671|MAC|false|1644855673593|Extreme risk
52776558158919|1659970654365|PHONE|false|1662046123595|Moderate risk
30786325603400|1627561335967|IPv6|false|1647213060951|Extreme risk
39582418625609|1639277345250|MAC|false|1663994204147|Very high risk
25674|1583421080204|WIFI|false|1641041311141|Low risk
4398046536779|1590486122022|WIFI|false|1603625981653|Very high risk
25676|1577839070541|ATM|false|1614772898984|Severe risk
26388279092301|1620218976003|PHONE|false|1643925326480|Very high risk
21990232581198|1616239208834|NFC|false|1619408684072|High risk
21990232581199|1612460429369|MAC|false|1641508023242|Critical risk
8796093047888|1592463227499|MAC|false|1640815020974|Moderate risk
61572651181137|1670405577234|RFID|false|1670721408645|Significant risk
17592186070098|1607586822263|MAC|false|1637978300383|Severe risk
30786325603411|1628242053820|QRCode|true|1665437830375|Low risk
52776558158932|1658301432502|PHONE|false|1670024257694|Extreme risk
57174604670037|1668621648562|PHONE|false|1669051826309|Extreme risk
48378511647830|1651807788676|POS|false|1660360662487|Moderate risk
25687|1582978058059|MAC|false|1658694353339|Very high risk
4398046536792|1585543889664|WIFI|false|1621282480539|Moderate risk
43980465136729|1646964645222|IPv4|false|1661414621118|Extreme risk
25690|1578278513701|NFC|false|1609398680828|Severe risk
48378511647835|1654005388503|IPv6|false|1671795236392|Low risk
13194139559004|1600250910730|NFC|false|1611136484067|Very high risk
4398046536797|1587245018297|QRCode|true|1610435588572|Minimal risk
39582418625630|1637029088747|NFC|false|1655946226321|Very high risk
17592186070111|1610300069296|RFID|false|1628475352046|Low risk
8796093047904|1592627597302|ATM|false|1616631290916|Very high risk
4398046536801|1587528353254|MAC|false|1631167260853|Minimal risk
57174604670050|1666424968963|QRCode|false|1669015160984|Critical risk
30786325603427|1628431585110|IPv6|false|1650262916192|Severe risk
52776558158948|1659178463363|RFID|false|1666214780288|Significant risk
39582418625637|1638076946315|PHONE|false|1663345056811|High risk
21990232581222|1611555924001|MAC|false|1656960315228|Very high risk
17592186070119|1610079197478|MAC|false|1610424314014|Significant risk
26388279092328|1623286497804|IPv4|false|1645484345954|Critical risk
43980465136745|1646481966401|MAC|false|1651818635918|Minimal risk
57174604670058|1664954298114|MAC|false|1668354486954|Moderate risk
48378511647851|1650244376525|POS|false|1659495269094|Low risk
26388279092332|1619184004550|MAC|false|1638294401121|High risk
61572651181165|1671993653566|IPv6|false|1672166290567|Low risk
13194139559022|1601925472271|IPv6|false|1667397386225|Low risk
39582418625647|1637987875678|IPv4|true|1667968433918|Significant risk
4398046536816|1586800673593|IPv6|false|1609779497295|Minimal risk
48378511647857|1652232508714|QRCode|false|1658863791739|Significant risk
35184372114546|1630483078079|POS|false|1659045223803|Significant risk
8796093047923|1592933384197|RFID|false|1671512817613|Low risk
13194139559028|1599885177395|IPv6|false|1668611117883|Critical risk
13194139559029|1598959054749|WIFI|false|1640384493097|Low risk
21990232581238|1611811229173|ATM|false|1624708125795|Moderate risk
57174604670071|1667974825105|QRCode|false|1672462580586|Low risk
26388279092344|1617829886363|POS|false|1653439787589|Minimal risk
26388279092345|1621729638746|WIFI|false|1652014254159|Very high risk
26388279092346|1622455303132|IPv6|false|1667712687437|Low risk
30786325603451|1629818580168|QRCode|false|1642206315035|Significant risk
25724|1580611161247|MAC|false|1614018339458|High risk
17592186070141|1606651657355|IPv4|false|1666680065776|Very high risk
17592186070142|1608026834421|POS|false|1658899406317|Moderate risk
13194139559039|1602131077181|NFC|false|1619150594958|Very high risk
57174604670080|1665527740481|PHONE|false|1665534616824|Very high risk
17592186070145|1606351807668|WIFI|false|1620626984045|Minimal risk
4398046536834|1584698621466|IPv6|false|1651573652191|High risk
30786325603459|1629677137855|IPv6|true|1635616677678|High risk
8796093047940|1592364257313|IPv4|false|1644895572959|Significant risk
35184372114565|1630743272480|WIFI|false|1663056772458|Very high risk
21990232581254|1612142178860|WIFI|true|1640545948784|Severe risk
4398046536839|1589474508483|IPv4|false|1606654889407|Significant risk
43980465136776|1645556946886|RFID|true|1650944299569|High risk
21990232581257|1615246025094|ATM|false|1650008851029|Very high risk
4398046536842|1585789348072|POS|false|1609064559762|Minimal risk
8796093047947|1595355320234|ATM|false|1661668195219|High risk
21990232581260|1616179112214|IPv4|false|1656273875963|Minimal risk
8796093047949|1592309893036|POS|false|1660990297141|High risk
48378511647886|1652468001484|IPv6|false|1671318714642|Minimal risk
26388279092367|1618302793108|MAC|false|1669853675256|Minimal risk
25744|1584249987533|ATM|false|1586678859151|Low risk
30786325603473|1628327917158|IPv4|false|1630604487272|Minimal risk
21990232581266|1616652948755|NFC|false|1648312368467|Extreme risk
43980465136787|1648380164504|MAC|false|1663013463385|Very high risk
61572651181204|1670599097330|NFC|false|1671393304355|Very high risk
57174604670101|1668863003630|MAC|false|1670972452965|Extreme risk
39582418625686|1638922146945|QRCode|false|1666573125071|Low risk
39582418625687|1643103859044|NFC|false|1660610991850|Significant risk
4398046536856|1586610696245|NFC|false|1650591991094|Very high risk
39582418625689|1640127960339|WIFI|false|1644029944022|Severe risk
4398046536858|1587916314452|RFID|false|1603190927684|Extreme risk
13194139559067|1601369619643|POS|false|1612721573227|Extreme risk
43980465136796|1647718955077|MAC|false|1669651305664|Significant risk
17592186070173|1605080031873|WIFI|false|1641039797531|Severe risk
30786325603486|1625741728797|PHONE|false|1626259045338|Minimal risk
39582418625695|1636798593330|ATM|false|1660384059063|High risk
25760|1578220225704|ATM|true|1654485430552|Severe risk
17592186070177|1604649024269|IPv4|false|1605796051768|Moderate risk
30786325603490|1625035314329|ATM|false|1640068430346|Extreme risk
17592186070179|1604129447249|IPv6|false|1631608513166|Severe risk
26388279092388|1617249182681|IPv4|false|1671932261187|Very high risk
8796093047973|1596679044212|IPv4|false|1621273329495|Severe risk
30786325603494|1624957535830|POS|false|1667087881052|Severe risk
43980465136807|1645624826843|QRCode|false|1659765806618|Critical risk
43980465136808|1647034138327|MAC|false|1671253214841|Critical risk
43980465136809|1648545902078|QRCode|false|1653706329577|Severe risk
43980465136810|1646561927763|ATM|true|1672290212137|Severe risk
4398046536875|1585222802052|QRCode|false|1664183106420|Low risk
39582418625708|1637232083650|NFC|false|1649810976125|Severe risk
26388279092397|1622892382625|NFC|false|1631032556581|Severe risk
61572651181230|1672330965536|PHONE|false|1672402359221|Significant risk
57174604670127|1663562166792|IPv4|false|1668686369572|Extreme risk
52776558159024|1656759690018|QRCode|false|1657994950017|Very high risk
26388279092401|1617889529742|PHONE|false|1619092723756|Severe risk
13194139559090|1601948842994|PHONE|false|1603376751894|Critical risk
4398046536883|1590414373560|ATM|false|1617205386649|Extreme risk
43980465136820|1648823370899|RFID|false|1662771730719|Low risk
26388279092405|1618942748796|POS|false|1624407415064|Significant risk
39582418625718|1640100186068|WIFI|false|1668560713263|Critical risk
39582418625719|1640342728202|POS|false|1666583157897|Significant risk
57174604670136|1668008018474|MAC|false|1671374101239|Minimal risk
17592186070201|1604200996298|RFID|false|1668500418329|Low risk
8796093047994|1590991859944|RFID|false|1604259482657|Significant risk
39582418625723|1639371784767|RFID|true|1657885516645|Minimal risk
25788|1582754819997|MAC|false|1625202440481|Low risk
4398046536893|1589294818725|IPv6|false|1657526873294|Moderate risk
39582418625726|1640277428404|RFID|false|1667517584953|Moderate risk
25791|1581988888024|RFID|false|1592298864180|Low risk
13194139559104|1602174346643|QRCode|false|1610956552710|Very high risk
21990232581313|1615421252731|POS|false|1670676623957|Extreme risk
25794|1584155956043|POS|false|1667203581828|Severe risk
39582418625731|1639568578065|NFC|false|1666238112324|Minimal risk
39582418625732|1639378281181|ATM|false|1649334639921|Moderate risk
39582418625733|1638378712011|QRCode|false|1647533781081|Moderate risk
21990232581318|1613247306515|QRCode|false|1615598502204|Very high risk
35184372114631|1631798357609|RFID|false|1641691761309|High risk
39582418625736|1636893679846|WIFI|false|1664007654612|Minimal risk
21990232581321|1611376812213|NFC|false|1623255322352|Critical risk
26388279092426|1623037330710|ATM|false|1669005268372|Significant risk
35184372114635|1635923455367|POS|true|1638531250458|High risk
8796093048012|1591532146472|NFC|true|1643088435774|High risk
35184372114637|1635072003708|POS|false|1659331432369|Severe risk
48378511647950|1655616072210|IPv4|true|1656129296810|Moderate risk
57174604670159|1664592873888|ATM|false|1667949769348|Significant risk
30786325603536|1625983512123|POS|true|1649900269929|High risk
35184372114641|1631864936117|WIFI|false|1646320588318|Very high risk
17592186070226|1604693737419|QRCode|false|1642643961723|Severe risk
52776558159059|1656745683522|IPv6|false|1667183396200|High risk
25812|1581532171396|ATM|false|1594835125070|Extreme risk
61572651181269|1671316554310|IPv6|false|1671907884839|Low risk
35184372114646|1634714490453|NFC|false|1660571278518|Minimal risk
48378511647959|1655219601486|ATM|false|1657085651558|Severe risk
43980465136856|1648234633699|WIFI|false|1659620708983|Extreme risk
25817|1579766610463|WIFI|false|1597347612584|Significant risk
61572651181274|1671136991470|IPv4|false|1672110926231|Significant risk
61572651181275|1671257376491|MAC|false|1672241985891|High risk
17592186070236|1604375745504|IPv4|false|1625970208842|Extreme risk
52776558159069|1658088122670|NFC|false|1669944019686|Extreme risk
8796093048030|1596357058055|PHONE|false|1612086300084|Extreme risk
43980465136863|1643913559491|IPv6|false|1646831513628|Critical risk
43980465136864|1646531148781|RFID|false|1666099073456|Critical risk
57174604670177|1665685238972|PHONE|false|1670804848413|Very high risk
13194139559138|1597511960278|ATM|false|1639501387754|Very high risk
30786325603555|1629470535023|MAC|false|1639684821877|Significant risk
30786325603556|1627642328837|MAC|false|1635689147419|High risk
43980465136869|1645219784486|QRCode|false|1665039740343|Minimal risk
48378511647974|1655301839543|POS|false|1661679304422|Extreme risk
52776558159079|1659913355960|PHONE|false|1663978157637|Critical risk
43980465136872|1646147197722|IPv4|false|1659195074050|High risk
17592186070249|1608756086128|IPv6|false|1610660525483|Critical risk
57174604670186|1668019130674|WIFI|false|1671277380644|Severe risk
25835|1578870365872|QRCode|false|1665786761020|Extreme risk
61572651181292|1670803129491|IPv4|false|1671447700298|Significant risk
35184372114669|1634421909172|WIFI|false|1661520851839|Very high risk
8796093048046|1596639235344|NFC|false|1659811086057|High risk
17592186070255|1609618551633|IPv6|false|1658131608120|High risk
13194139559152|1602687080737|IPv4|false|1630342705519|Minimal risk
35184372114673|1636054053571|PHONE|false|1656943998833|Severe risk
4398046536946|1586564252239|RFID|false|1611850321290|Severe risk
8796093048051|1591946746493|NFC|false|1632836876180|Extreme risk
57174604670196|1663798747184|MAC|false|1665145757287|Moderate risk
57174604670197|1667097386191|QRCode|false|1671044545243|Severe risk
61572651181302|1671038783613|QRCode|false|1672104530882|Moderate risk
35184372114679|1632722535221|RFID|true|1654184611218|Extreme risk
52776558159096|1658308280752|PHONE|false|1667376295063|Extreme risk
26388279092473|1623398419695|RFID|false|1666343981218|Low risk
57174604670202|1663038567409|ATM|false|1667847048375|Low risk
39582418625787|1641066989004|MAC|false|1655238142000|Very high risk
8796093048060|1591277868556|QRCode|false|1607027706269|Extreme risk
57174604670205|1666502768280|PHONE|true|1671224798379|Extreme risk
39582418625790|1639819894592|QRCode|false|1667382740991|Extreme risk
48378511647999|1654234807070|PHONE|false|1670695840031|Extreme risk
26388279092480|1619958101626|IPv6|false|1624856492049|Significant risk
52776558159105|1656718094026|NFC|false|1669021781929|Significant risk
39582418625794|1638533122437|QRCode|false|1647736418486|Severe risk
25859|1580856534770|IPv4|false|1630408891842|Moderate risk
13194139559172|1600314114410|QRCode|false|1619301854175|Moderate risk
25861|1579118092503|RFID|false|1621049297707|Critical risk
4398046536966|1588705202636|QRCode|false|1615616299543|Minimal risk
35184372114695|1630117795167|PHONE|false|1664727327836|Extreme risk
26388279092488|1621943412961|MAC|false|1625693867576|High risk
35184372114697|1635150439526|QRCode|false|1642699636337|Significant risk
30786325603594|1627126648061|PHONE|false|1649226334388|Very high risk
21990232581387|1611316749636|POS|false|1628381711043|Moderate risk
25868|1583702939459|PHONE|false|1597401270063|Very high risk
30786325603597|1626206406349|MAC|false|1659266246957|High risk
21990232581390|1613569656633|ATM|false|1633272916777|Critical risk
39582418625807|1640576881260|NFC|false|1654144637957|Critical risk
13194139559184|1602884184591|PHONE|false|1608224280341|Critical risk
35184372114705|1632579610887|PHONE|true|1665877186548|Severe risk
30786325603602|1626536125861|PHONE|false|1632837277749|Critical risk
30786325603603|1630000061745|ATM|false|1668111438306|Severe risk
57174604670228|1668502095354|MAC|false|1670259244159|Severe risk
43980465136917|1647968164744|WIFI|false|1672231071885|Significant risk
61572651181334|1671725644550|RFID|false|1672008234402|High risk
61572651181335|1671576741996|NFC|true|1671874899807|Minimal risk
17592186070296|1606717532300|WIFI|false|1623491309729|Very high risk
35184372114713|1633078664066|PHONE|false|1659792822495|Critical risk
52776558159130|1660562339706|QRCode|false|1665947209472|Moderate risk
13194139559195|1598317981618|WIFI|false|1665965034167|Low risk
48378511648028|1654154341326|ATM|false|1670468063197|Moderate risk
61572651181341|1671284358355|NFC|false|1671570901975|Extreme risk
4398046536990|1590236431215|QRCode|false|1601162221886|Very high risk
21990232581407|1611691508965|POS|false|1651462519036|Extreme risk
30786325603616|1626788582555|QRCode|false|1653867264409|Critical risk
43980465136929|1646753380188|IPv6|false|1661675766960|Minimal risk
17592186070306|1609715495139|IPv6|false|1651754469634|Minimal risk
52776558159139|1661732676794|PHONE|false|1666347055716|Very high risk
35184372114724|1634758312531|IPv6|false|1661658910300|Very high risk
8796093048101|1594467873444|IPv6|false|1630509307650|Low risk
30786325603622|1625201449496|QRCode|false|1635181874258|Significant risk
35184372114727|1636292249022|NFC|false|1655269480476|Very high risk
30786325603624|1629626017830|QRCode|false|1672218212451|Minimal risk
30786325603625|1626354456956|WIFI|false|1631317287699|Low risk
17592186070314|1609273230794|NFC|false|1622822900753|Minimal risk
39582418625835|1639506032921|NFC|false|1659391188248|Extreme risk
21990232581420|1613090240997|NFC|false|1665153901003|Critical risk
13194139559213|1599197817727|PHONE|false|1611953612900|Significant risk
26388279092526|1622270496481|IPv6|false|1659354295942|High risk
52776558159151|1659638458174|IPv4|false|1671941725323|Severe risk
52776558159152|1661118647705|MAC|false|1669895557569|Severe risk
61572651181361|1670336815626|ATM|false|1671262496802|Severe risk
43980465136946|1645031295494|MAC|false|1652325317005|Low risk
17592186070323|1606630454562|IPv6|false|1672137866582|Severe risk
35184372114740|1630734435739|POS|false|1637914798901|Significant risk
17592186070325|1609181065224|WIFI|false|1632935397051|Low risk
4398046537014|1587037575536|IPv4|false|1662130906214|Extreme risk
4398046537015|1589334672557|POS|false|1635061749649|Significant risk
25912|1582705269429|RFID|false|1604489465076|Moderate risk
13194139559225|1601302283050|ATM|false|1601540193378|High risk
48378511648058|1652124021509|RFID|false|1653368489204|Significant risk
26388279092539|1621157759477|POS|false|1657871941594|Minimal risk
8796093048124|1594994006363|PHONE|false|1661180266542|Moderate risk
39582418625853|1642451759505|WIFI|false|1651126169224|Very high risk
57174604670270|1668224261932|RFID|false|1668855522901|Severe risk
4398046537023|1584538098939|NFC|false|1648483165247|Critical risk
26388279092544|1618668537026|IPv6|false|1642104409413|Minimal risk
4398046537025|1589184372128|PHONE|false|1620993100506|Critical risk
43980465136962|1646771664076|MAC|false|1658137119579|Minimal risk
17592186070339|1609342428806|POS|false|1646351722449|Low risk
21990232581444|1616731758594|NFC|true|1669144625637|Critical risk
21990232581445|1613589048756|ATM|false|1669715127440|Severe risk
57174604670278|1663512905402|POS|false|1666677906594|Minimal risk
39582418625863|1637671160498|WIFI|false|1668980192838|Critical risk
17592186070344|1604993149911|WIFI|false|1609859771925|Very high risk
30786325603657|1629737056180|QRCode|false|1639719282791|High risk
35184372114762|1633874125658|POS|false|1650157322102|Low risk
8796093048139|1592439518252|POS|false|1651664114669|Extreme risk
21990232581452|1613687929812|RFID|false|1644945373579|Severe risk
30786325603661|1627861370227|PHONE|false|1637867644377|Very high risk
13194139559246|1601979549461|IPv4|false|1605990944264|Significant risk
26388279092559|1622260065289|NFC|false|1630467982096|Significant risk
4398046537040|1588642217289|WIFI|false|1619574053553|Moderate risk
8796093048145|1595033438687|WIFI|false|1632356495176|Severe risk
30786325603666|1625210562592|WIFI|false|1664609714907|Severe risk
17592186070355|1610421545580|POS|false|1632449527711|Low risk
17592186070356|1608938288107|ATM|false|1656651999171|Critical risk
48378511648085|1655007969459|ATM|false|1671576301859|Low risk
57174604670294|1666446085759|POS|false|1670869111362|Extreme risk
43980465136983|1647472481129|NFC|false|1655593479698|Severe risk
26388279092568|1620364955175|WIFI|false|1637285868902|Extreme risk
17592186070361|1607771396287|IPv4|false|1625738916773|Severe risk
48378511648090|1653205963638|POS|false|1659306387354|Extreme risk
57174604670299|1668496247558|WIFI|false|1670388451362|Extreme risk
26388279092572|1621080876342|IPv6|false|1627909597821|Low risk
61572651181405|1672013173966|PHONE|false|1672153652761|High risk
35184372114782|1636632752236|QRCode|false|1670702582631|Critical risk
39582418625887|1636657030656|QRCode|false|1647138088584|Severe risk
39582418625888|1638043171605|PHONE|false|1655132518707|Critical risk
52776558159201|1662607346565|ATM|false|1672419949227|High risk
8796093048162|1594205017143|RFID|false|1609767997253|Moderate risk
25955|1582508691310|NFC|false|1587872191966|Minimal risk
25956|1581523725420|MAC|false|1634825138931|Minimal risk
4398046537061|1588708887751|POS|false|1623420929219|Moderate risk
57174604670310|1667470433392|MAC|false|1669563000297|Severe risk
30786325603687|1627609719245|IPv6|false|1636746940049|High risk
13194139559272|1603702465108|QRCode|false|1636157974346|Extreme risk
26388279092585|1619383974062|IPv6|false|1650149949382|Significant risk
4398046537066|1585811155649|NFC|false|1590060668277|Low risk
57174604670315|1664623266357|RFID|false|1671215163818|High risk
43980465137004|1643225004863|POS|false|1650573875166|Significant risk
26388279092589|1619436059447|IPv4|false|1636077821867|Very high risk
13194139559278|1600580318694|WIFI|false|1639920095080|High risk
57174604670319|1664522756604|IPv4|false|1670982162275|Minimal risk
17592186070384|1607515619550|RFID|false|1641653290220|Minimal risk
25969|1580458675238|IPv4|false|1580594286061|Very high risk
57174604670322|1668551071341|IPv4|false|1672257518157|Low risk
21990232581491|1615967435984|IPv6|false|1639662922135|Critical risk
52776558159220|1659105945470|IPv4|false|1670815085966|High risk
17592186070389|1609698155923|NFC|false|1671089740627|Very high risk
26388279092598|1617571565445|IPv4|false|1670617083561|Extreme risk
8796093048183|1595660908012|IPv4|false|1668098112934|High risk
25976|1581104911231|POS|false|1595728254100|Extreme risk
43980465137017|1646374573428|WIFI|true|1659245565289|Severe risk
25978|1578464227158|IPv6|false|1640344535768|Very high risk
43980465137019|1645200759386|IPv4|true|1669742136178|Extreme risk
52776558159228|1662251207104|ATM|false|1667571865590|Extreme risk
39582418625917|1638189410369|PHONE|false|1655488493712|High risk
61572651181438|1669900514386|ATM|false|1670311881566|Severe risk
4398046537087|1587956067787|ATM|false|1603097080788|Moderate risk
21990232581504|1611845214873|IPv6|false|1643970116452|Low risk
25985|1582900045489|NFC|true|1662152030430|Severe risk
39582418625922|1640890426642|RFID|true|1658827420218|High risk
26388279092611|1617233476627|RFID|false|1665601125555|Minimal risk
17592186070404|1605297793215|MAC|false|1655666808982|Severe risk
13194139559301|1598228492915|WIFI|false|1601066672117|Moderate risk
8796093048198|1594345313507|IPv6|false|1598234721343|Low risk
35184372114823|1636635535193|ATM|false|1669721052533|Critical risk
13194139559304|1600877820870|POS|false|1668720375360|Severe risk
26388279092617|1618997031644|ATM|false|1636635741337|High risk
57174604670346|1667542993431|RFID|false|1670599057307|Significant risk
35184372114827|1635544567171|WIFI|false|1654670873977|Critical risk
61572651181452|1670308043697|MAC|false|1671625695556|High risk
48378511648141|1652855529766|MAC|false|1656071676127|Moderate risk
57174604670350|1668852296242|ATM|true|1670271272288|Critical risk
8796093048207|1591282718547|NFC|false|1636845231493|Low risk
4398046537104|1587967255353|POS|false|1669365909368|Low risk
39582418625937|1641787232810|IPv4|false|1643341440802|High risk
13194139559314|1600625391734|PHONE|false|1658411953488|Minimal risk
21990232581523|1614169970490|ATM|false|1629708997044|High risk
43980465137044|1643263751975|NFC|false|1669663492239|High risk
13194139559317|1599053567594|QRCode|false|1634618086516|Very high risk
4398046537110|1587990354700|NFC|false|1591712663832|Extreme risk
35184372114839|1633597756898|QRCode|false|1652152322379|Critical risk
30786325603736|1627952593587|WIFI|false|1660417091452|Very high risk
57174604670361|1665228505730|IPv4|false|1665269395648|Minimal risk
21990232581530|1610981263377|PHONE|false|1627827292428|Severe risk
4398046537115|1585658878795|WIFI|false|1598950412596|High risk
52776558159260|1658768169646|IPv4|false|1672075745308|Minimal risk
48378511648157|1650865970373|RFID|false|1659618822858|Extreme risk
39582418625950|1637281683025|MAC|false|1663415177930|Very high risk
48378511648159|1650688750466|RFID|false|1671798713702|Moderate risk
39582418625952|1642328795640|ATM|false|1661122794109|Extreme risk
43980465137057|1643472958084|ATM|false|1660720108519|Minimal risk
48378511648162|1653606924768|ATM|false|1663467687835|High risk
26019|1579443185462|IPv4|false|1664567810353|Critical risk
30786325603748|1625412936808|QRCode|true|1647168717272|Low risk
4398046537125|1587885270060|QRCode|false|1617856680771|Extreme risk
35184372114854|1630937918149|NFC|false|1662475203893|Very high risk
57174604670375|1664479516744|POS|false|1667786838664|Moderate risk
13194139559336|1598472741436|WIFI|false|1625034091766|Moderate risk
52776558159273|1659078215091|ATM|false|1669553409785|Moderate risk
43980465137066|1643861836570|QRCode|false|1661081700181|Significant risk
35184372114859|1633238018254|QRCode|false|1647030372595|Moderate risk
4398046537132|1590049479550|QRCode|false|1596866128727|Critical risk
26029|1583787353401|PHONE|false|1669962544584|Very high risk
30786325603758|1629006028324|WIFI|false|1655347892749|High risk
26388279092655|1619022959901|IPv4|false|1632069174621|Very high risk
35184372114864|1635147055322|POS|false|1637093457849|Minimal risk
43980465137073|1646028999985|RFID|false|1653016307271|Low risk
39582418625970|1642192581838|IPv4|false|1651432232475|Very high risk
61572651181491|1671515224668|NFC|false|1672140704795|Very high risk
30786325603764|1629796369868|IPv4|false|1649926283301|Critical risk
21990232581557|1614039290035|IPv6|false|1671601649041|Severe risk
48378511648182|1655605019741|QRCode|false|1668963826667|Minimal risk
8796093048247|1597320357009|POS|false|1638446890065|Low risk
4398046537144|1587199662891|POS|false|1669248206321|Critical risk
35184372114873|1630393293534|PHONE|true|1655255384371|Significant risk
43980465137082|1648248191361|QRCode|false|1663213444872|Minimal risk
61572651181499|1671626134993|RFID|false|1671967134034|Critical risk
4398046537148|1588786929513|IPv6|false|1611463119907|Extreme risk
57174604670397|1668469107432|QRCode|true|1671765518170|High risk
39582418625982|1640772989746|MAC|false|1643612283292|Moderate risk
57174604670399|1669032466347|IPv6|true|1670182146730|Extreme risk
52776558159296|1658716124320|NFC|false|1670950952075|Severe risk
13194139559361|1601222991709|POS|false|1622229714250|Very high risk
61572651181506|1670576768169|WIFI|false|1672479224612|Critical risk
21990232581571|1614879480994|RFID|false|1617537929999|High risk
57174604670404|1663195780802|RFID|false|1667088213726|Low risk
17592186070469|1609061000227|WIFI|false|1616788501744|Moderate risk
13194139559366|1601090379324|PHONE|false|1601293498411|Minimal risk
35184372114887|1635780340852|MAC|true|1665582914199|Minimal risk
52776558159304|1661613094714|MAC|false|1666326644647|Significant risk
57174604670409|1663092948529|MAC|false|1667823861538|Very high risk
30786325603786|1625434084518|PHONE|false|1631280398027|Low risk
8796093048267|1595803595082|ATM|false|1635166157870|High risk
39582418625996|1642147077392|WIFI|false|1642263533891|Severe risk
26388279092685|1620289892881|IPv4|false|1665376422723|Moderate risk
30786325603790|1624446999229|NFC|false|1637467249152|Severe risk
30786325603791|1627268173857|MAC|false|1640153220681|Extreme risk
52776558159312|1657915573390|ATM|false|1667153411822|Moderate risk
35184372114897|1630235522495|RFID|false|1654624485081|Moderate risk
4398046537170|1588852470163|ATM|false|1640135974353|Significant risk
35184372114899|1634245968621|WIFI|false|1637175670851|Critical risk
48378511648212|1654583866558|IPv4|false|1660499350198|Minimal risk
57174604670421|1666234027005|NFC|false|1669476964178|Very high risk
30786325603798|1626771437967|ATM|false|1656279036710|Moderate risk
4398046537175|1589607655226|NFC|false|1618890577020|High risk
52776558159320|1659442267856|ATM|false|1667675876660|Moderate risk
21990232581593|1613261307281|ATM|false|1656456020691|Critical risk
30786325603802|1624070256054|PHONE|false|1632784473265|Low risk
21990232581595|1610886472332|QRCode|false|1642738052590|High risk
21990232581596|1614187716670|IPv4|false|1670523332782|Very high risk
21990232581597|1611987518377|RFID|false|1646278814166|Low risk
30786325603806|1629770436605|WIFI|false|1642761578627|Low risk
21990232581599|1613367336108|ATM|false|1650593967454|Low risk
52776558159328|1660684159138|IPv4|false|1665456534761|Very high risk
61572651181537|1669437548876|IPv4|false|1671533929326|Extreme risk
52776558159330|1661122921195|MAC|false|1668081901261|Severe risk
26083|1581025361907|WIFI|false|1626464718430|Significant risk
8796093048292|1596914494569|IPv4|false|1668568751963|Significant risk
17592186070501|1607291527473|PHONE|false|1638161626757|Low risk
30786325603814|1627900078826|PHONE|false|1653832834063|Minimal risk
57174604670439|1663545733333|MAC|false|1665365618706|Extreme risk
13194139559400|1599835770929|WIFI|false|1655328511546|Minimal risk
39582418626025|1641390171465|ATM|false|1665564242624|Significant risk
43980465137130|1644987411731|RFID|false|1667476979623|Very high risk
17592186070507|1608847932998|NFC|false|1655728149710|Critical risk
26388279092716|1621609806087|MAC|false|1643867111588|Critical risk
8796093048301|1596421185033|IPv4|false|1642101426148|High risk
48378511648238|1651574701473|PHONE|false|1670699435224|Severe risk
57174604670447|1664700424405|ATM|false|1668170313425|Critical risk
30786325603824|1624167442598|WIFI|false|1628035156527|Severe risk
61572651181553|1669908081084|QRCode|false|1670463583122|Critical risk
30786325603826|1624178332742|POS|false|1633537041394|Critical risk
21990232581619|1613762946552|PHONE|false|1651949530769|High risk
13194139559412|1600506778050|MAC|false|1632898681665|Low risk
4398046537205|1588176569371|NFC|false|1664165875122|Moderate risk
21990232581622|1615654656553|IPv6|false|1625110530956|Significant risk
8796093048311|1592417473291|RFID|false|1669155235172|High risk
39582418626040|1639184510669|WIFI|false|1654888764654|Significant risk
26388279092729|1617536468638|PHONE|false|1626591441060|Severe risk
57174604670458|1664757127672|MAC|false|1668831826269|Extreme risk
43980465137147|1649391131718|POS|false|1658380847131|Low risk
4398046537212|1587221708421|ATM|false|1629799994645|Severe risk
8796093048317|1597362004294|NFC|false|1622810979074|Significant risk
17592186070526|1607565979851|WIFI|false|1657052348290|Very high risk
30786325603839|1624756683802|WIFI|false|1661375281260|Significant risk
17592186070528|1606747288218|IPv4|false|1634751144103|Very high risk
39582418626049|1640484200353|QRCode|false|1642272425028|Significant risk
8796093048322|1593083338097|WIFI|false|1670758063103|Extreme risk
39582418626051|1639037641427|POS|false|1655062513401|Significant risk
26388279092740|1621287057982|ATM|false|1634257916817|Moderate risk
21990232581637|1613227614552|MAC|false|1631251434597|Minimal risk
4398046537222|1588579506303|QRCode|false|1608898107723|Minimal risk
26119|1578732142472|IPv6|false|1579952259139|Severe risk
26388279092744|1618944960202|IPv6|false|1623360395636|Moderate risk
30786325603849|1624712808093|IPv4|false|1637132500525|Extreme risk
35184372114954|1635949041127|IPv4|false|1671897303573|Very high risk
13194139559435|1603738393976|NFC|false|1637939676105|Severe risk
30786325603852|1628267715145|IPv4|false|1652652578948|Critical risk
8796093048333|1595243022507|IPv6|false|1636305961477|Critical risk
4398046537230|1588727314776|IPv4|false|1606003382041|High risk
30786325603855|1626698807689|PHONE|false|1662421141745|High risk
48378511648272|1650439673586|RFID|false|1664434569128|Significant risk
26129|1581690558434|POS|false|1664638547260|Moderate risk
39582418626066|1641412756450|POS|false|1641710873448|Significant risk
43980465137171|1643450155262|PHONE|false|1657372567247|Critical risk
57174604670484|1668791191075|PHONE|false|1670203794246|Extreme risk
21990232581653|1614941082716|IPv4|false|1630431474908|Significant risk
17592186070550|1605619979635|IPv6|false|1656704796820|Moderate risk
61572651181591|1671163799229|WIFI|false|1672282129654|Significant risk
26136|1578531528290|PHONE|false|1633231814890|Extreme risk
26388279092761|1619275929152|WIFI|false|1656424641973|Significant risk
17592186070554|1606125953466|IPv4|false|1642590100264|Significant risk
26388279092763|1618488716857|NFC|false|1671968868604|Extreme risk
26388279092764|1622468894345|IPv6|false|1654785664085|Severe risk
26388279092765|1623382355756|ATM|false|1658118448564|High risk
61572651181598|1672128987214|NFC|false|1672498912152|High risk
17592186070559|1609629103317|ATM|false|1626470079854|Low risk
17592186070560|1610396799319|IPv6|false|1661384200239|High risk
39582418626081|1641978769905|NFC|false|1664140775517|Significant risk
26388279092770|1618593221581|WIFI|false|1662877480309|Low risk
39582418626083|1638325818232|QRCode|false|1640583685677|Low risk
8796093048356|1594330333132|WIFI|false|1662929208726|Severe risk
26149|1578491837050|WIFI|false|1664512048365|High risk
35184372114982|1634628151551|ATM|false|1655659106804|Moderate risk
26388279092775|1619830808748|ATM|false|1655359289466|High risk
61572651181608|1670820416386|NFC|false|1672117056351|Extreme risk
26388279092777|1621381852482|POS|false|1667796009979|Critical risk
30786325603882|1624146420728|RFID|false|1672461414843|Low risk
43980465137195|1647697147862|IPv4|false|1658998033587|Extreme risk
17592186070572|1608928207587|IPv6|false|1617924052928|Critical risk
43980465137197|1648554611664|IPv6|false|1667671912693|Moderate risk
30786325603886|1627577575511|POS|false|1668168287892|Severe risk
26388279092783|1619413546156|PHONE|false|1665843475965|Low risk
39582418626096|1641721501225|IPv4|false|1671354961339|Critical risk
8796093048369|1596679923380|IPv6|false|1629433792922|Moderate risk
35184372114994|1630475532316|IPv4|true|1671850708566|Severe risk
43980465137203|1643256917359|QRCode|true|1668144122413|Low risk
39582418626100|1643000217101|MAC|false|1667703495091|High risk
57174604670517|1663664364253|NFC|false|1670903940200|Moderate risk
13194139559478|1602464043134|POS|false|1651104765660|Extreme risk
35184372114999|1634501252312|QRCode|false|1656052208560|Extreme risk
26388279092792|1622306568446|IPv6|false|1624573295112|Severe risk
35184372115001|1630605337973|MAC|false|1640350804774|Extreme risk
61572651181626|1670510852180|NFC|false|1670549363991|Severe risk
21990232581691|1615633682013|MAC|false|1619198855501|High risk
48378511648316|1650831158506|IPv4|false|1654531516278|Moderate risk
52776558159421|1662035421465|IPv6|false|1667153979091|Significant risk
17592186070590|1607089333630|QRCode|false|1631262941092|High risk
21990232581695|1615689352003|MAC|false|1651733026332|Extreme risk
8796093048384|1591747555572|QRCode|false|1653535758048|Moderate risk
8796093048385|1590905388341|NFC|true|1637939196607|Moderate risk
26388279092802|1620680104302|RFID|false|1655377649150|Extreme risk
52776558159427|1661137349138|POS|false|1664796864833|Moderate risk
39582418626116|1638909946282|IPv6|false|1653547387119|Critical risk
21990232581701|1613986645413|PHONE|false|1666858887185|Minimal risk
13194139559494|1599345159066|MAC|false|1601297718904|Minimal risk
35184372115015|1631017047615|WIFI|false|1652994532521|Critical risk
4398046537288|1584454542412|PHONE|false|1633607064328|High risk
13194139559497|1598154031525|NFC|false|1609153664910|Extreme risk
52776558159434|1659098303472|IPv4|false|1672000290858|High risk
8796093048395|1594708045490|WIFI|false|1605565335368|Very high risk
4398046537292|1586066717401|IPv4|false|1622606292825|Critical risk
43980465137229|1649688660447|POS|false|1667631551338|Severe risk
8796093048398|1591869456386|QRCode|true|1592767823016|Significant risk
4398046537295|1589958440738|IPv4|false|1614535378689|Significant risk
26388279092816|1617798688042|RFID|false|1671817372020|Severe risk
39582418626129|1636994304179|NFC|false|1646287120872|Low risk
21990232581714|1615173112489|NFC|false|1655952048633|Low risk
8796093048403|1597342350589|PHONE|false|1630806917097|Critical risk
8796093048404|1597115066703|IPv6|false|1640744669891|Very high risk
26197|1583690735376|NFC|false|1657138108057|Critical risk
26388279092822|1621930682891|IPv6|false|1637466792084|Low risk
57174604670551|1664727159667|WIFI|false|1665093131927|Severe risk
26200|1582758458931|MAC|false|1656004752421|Significant risk
13194139559513|1597718921213|MAC|false|1603488267375|Very high risk
48378511648346|1652335574989|MAC|false|1659144583918|High risk
57174604670555|1667129993315|WIFI|false|1672039845596|Moderate risk
52776558159452|1660059754973|PHONE|false|1669366369024|Extreme risk
26205|1583137985722|RFID|false|1611303843602|Very high risk
35184372115038|1632726856411|PHONE|false|1638422443286|Extreme risk
57174604670559|1663336405140|NFC|true|1671936628986|Severe risk
21990232581728|1615719078616|IPv4|true|1655089952279|Minimal risk
26388279092833|1618354190252|ATM|false|1669933140073|Very high risk
35184372115042|1635782134935|ATM|false|1660508141688|Extreme risk
43980465137251|1643872537651|IPv4|false|1663059848616|Extreme risk
35184372115044|1631630960295|QRCode|false|1655858866288|Very high risk
4398046537317|1589015244267|QRCode|false|1614487505235|Critical risk
52776558159462|1660042821034|RFID|false|1665922681474|Significant risk
17592186070631|1609694718520|PHONE|false|1671962330424|Critical risk
13194139559528|1599440663286|IPv4|false|1647593222224|High risk
26217|1579447489422|PHONE|false|1607855170134|Severe risk
26218|1579590613267|ATM|false|1633920237127|Low risk
21990232581739|1612346693574|IPv6|false|1665874705584|Significant risk
30786325603948|1626107783116|IPv4|false|1629173895575|Moderate risk
57174604670573|1668758651082|NFC|false|1671902588366|Critical risk
17592186070638|1605550036598|NFC|false|1620700866003|Critical risk
39582418626159|1643137765706|IPv6|false|1652843871974|Significant risk
4398046537328|1589799377199|POS|false|1668809122201|High risk
52776558159473|1657653053680|ATM|false|1666931012590|Moderate risk
21990232581746|1614081698609|WIFI|false|1638595444897|Minimal risk
52776558159475|1660699048809|RFID|false|1670638273934|Minimal risk
4398046537332|1585651320052|POS|false|1628036125135|Severe risk
26388279092853|1619779307743|NFC|false|1669159297638|Minimal risk
17592186070646|1606206011608|IPv4|false|1641664293923|Significant risk
43980465137271|1646135633228|RFID|false|1661767268971|High risk
26232|1579581084307|MAC|false|1659106167610|Extreme risk
17592186070649|1606636358838|QRCode|false|1638931615702|Low risk
39582418626170|1642470190783|ATM|false|1659599974107|High risk
13194139559547|1603937215811|WIFI|false|1634956153935|Low risk
26236|1580178778039|NFC|false|1590924361193|Significant risk
61572651181693|1670809644826|WIFI|false|1671616804679|Minimal risk
57174604670590|1665524051678|RFID|false|1667413033609|Low risk
13194139559551|1600755147451|POS|false|1647730075503|Severe risk
8796093048448|1591029406702|RFID|false|1631212901983|Very high risk
57174604670593|1665682980056|IPv4|false|1670893470644|Moderate risk
39582418626178|1637079132152|ATM|false|1661580726212|Critical risk
4398046537347|1590239386189|NFC|false|1633535919632|Moderate risk
52776558159492|1662346144589|IPv6|false|1665298614061|Very high risk
17592186070661|1606325667856|IPv6|false|1671623914593|Significant risk
13194139559558|1603517646701|WIFI|false|1646653259995|Extreme risk
21990232581767|1614853505568|IPv4|false|1669478979988|Minimal risk
8796093048456|1597413293800|MAC|false|1665226313724|High risk
26249|1580852254163|QRCode|false|1605767091555|Extreme risk
48378511648394|1655175521279|RFID|false|1661357247354|Extreme risk
8796093048459|1595951327120|IPv4|false|1599109069522|Very high risk
39582418626188|1641990923139|NFC|false|1656994213518|Minimal risk
30786325603981|1628718911725|MAC|false|1636734518526|Minimal risk
43980465137294|1648242186457|RFID|false|1663096817513|Critical risk
30786325603983|1624291532847|PHONE|false|1669222119973|Critical risk
48378511648400|1649802379698|RFID|false|1667018944979|Very high risk
35184372115089|1633352840236|IPv6|false|1660884303107|Low risk
30786325603986|1625103906539|QRCode|false|1633793694194|Critical risk
30786325603987|1626589554837|QRCode|false|1638432318740|Moderate risk
39582418626196|1641532010448|IPv6|false|1670456519978|High risk
57174604670613|1667957656775|MAC|false|1670932272539|Moderate risk
43980465137302|1648170298971|PHONE|false|1663683089594|Low risk
48378511648407|1653378044231|PHONE|false|1664099041688|Minimal risk
52776558159512|1661968065784|RFID|false|1667410225896|Severe risk
39582418626201|1639161250628|ATM|false|1655128671430|Significant risk
39582418626202|1639928547808|NFC|false|1663442857875|Moderate risk
30786325603995|1624010978302|POS|false|1650762900131|Extreme risk
57174604670620|1666054238442|QRCode|false|1669364942810|Critical risk
43980465137309|1648508879611|RFID|false|1671430083636|High risk
39582418626206|1643030727412|IPv4|false|1660131682353|Moderate risk
43980465137311|1645542436739|POS|false|1666662733449|Severe risk
48378511648416|1655723392648|PHONE|false|1671737394543|Severe risk
61572651181729|1672518899803|POS|false|1672529173072|Severe risk
30786325604002|1625580481276|NFC|false|1655089555184|Low risk
26388279092899|1618693298043|IPv6|false|1627940734035|Significant risk
57174604670628|1665088260973|RFID|false|1666755258698|Minimal risk
43980465137317|1648578857240|RFID|false|1655393356283|Extreme risk
35184372115110|1630305434904|QRCode|false|1631131622488|Extreme risk
17592186070695|1604405384424|MAC|false|1632973868017|Moderate risk
4398046537384|1588189227763|NFC|false|1614160954183|Significant risk
52776558159529|1661008724122|NFC|false|1665978628479|Low risk
39582418626218|1641539335270|POS|false|1670341060357|Moderate risk
43980465137323|1648105689252|MAC|false|1657086243542|Very high risk
13194139559596|1598187712856|ATM|false|1628338698000|Low risk
57174604670637|1667959092691|NFC|false|1668804094683|Severe risk
17592186070702|1607862829779|NFC|false|1642097804682|Significant risk
26287|1578063967273|POS|false|1668746762527|Very high risk
21990232581808|1610647046405|IPv6|true|1641745994352|Very high risk
57174604670641|1663611709336|NFC|false|1664789087374|Low risk
35184372115122|1633699051204|POS|false|1648612371151|High risk
43980465137331|1648683639317|RFID|false|1662240271346|Moderate risk
17592186070708|1608245494108|QRCode|false|1632007463005|Moderate risk
8796093048501|1596687501152|IPv6|false|1605159520133|High risk
61572651181750|1671157040840|IPv4|false|1671423353599|Minimal risk
21990232581815|1611247498053|POS|true|1618129479313|Minimal risk
43980465137336|1643729830166|ATM|false|1648610855141|Minimal risk
35184372115129|1636596402234|IPv6|false|1666990653146|Very high risk
52776558159546|1660711366713|IPv4|false|1663756187781|Critical risk
43980465137339|1647289852635|WIFI|false|1661544509389|Moderate risk
26300|1577915139934|QRCode|true|1607483241803|Extreme risk
26388279092925|1621630731136|ATM|false|1663904165703|Low risk
4398046537406|1588319093535|NFC|false|1652485304639|Critical risk
30786325604031|1624285186229|NFC|false|1632170560137|Moderate risk
39582418626240|1639430554171|IPv4|false|1654526946602|Moderate risk
13194139559617|1599044918506|WIFI|false|1638921605141|Severe risk
48378511648450|1650192191783|IPv6|false|1650678245168|Moderate risk
48378511648451|1654772728889|IPv6|false|1670376507846|Critical risk
39582418626244|1640842331486|ATM|false|1658988153926|Very high risk
30786325604037|1627267929382|ATM|false|1668018961850|Minimal risk
57174604670662|1667499545554|POS|false|1667979634792|Low risk
26311|1580277907915|IPv4|false|1623618254893|Minimal risk
48378511648456|1651415796532|NFC|false|1668869341478|Severe risk
26388279092937|1618382129602|RFID|false|1663415925221|Moderate risk
52776558159562|1658737549775|IPv4|false|1669442619803|Moderate risk
35184372115147|1634851504334|IPv4|false|1663712851532|Minimal risk
43980465137356|1644698053620|RFID|false|1661235212057|Critical risk
26317|1579628245860|NFC|false|1649508766594|Very high risk
39582418626254|1640998029211|RFID|true|1666888630168|Minimal risk
52776558159567|1662679186408|ATM|false|1669018171335|Significant risk
21990232581840|1616360741850|ATM|false|1635252382889|Significant risk
30786325604049|1628114766761|WIFI|true|1660469277468|Minimal risk
43980465137362|1644787010621|MAC|false|1656521829495|Low risk
52776558159571|1661147570038|NFC|false|1667300422989|Extreme risk
52776558159572|1658537721710|PHONE|false|1661230682124|Very high risk
8796093048533|1591703978421|IPv4|false|1600980306808|Minimal risk
17592186070742|1605857637251|RFID|false|1629154469510|Significant risk
39582418626263|1640997705171|RFID|false|1648896174883|Severe risk
30786325604056|1624945087614|WIFI|false|1629721913853|Moderate risk
4398046537433|1587132697490|WIFI|false|1628965274759|Low risk
4398046537434|1586239700076|QRCode|false|1662320665616|Extreme risk
39582418626267|1641299831941|WIFI|false|1646397114280|Moderate risk
57174604670684|1663519356213|QRCode|false|1672251439332|Very high risk
26388279092957|1623362076749|NFC|false|1662248422388|Severe risk
13194139559646|1603418031194|MAC|false|1649610206946|Very high risk
48378511648479|1656228037378|NFC|false|1657669531092|Very high risk
8796093048544|1590934966915|RFID|false|1666753025284|Very high risk
52776558159585|1661348697829|POS|false|1668572152896|High risk
52776558159586|1662068784791|RFID|false|1671242076944|Significant risk
26388279092963|1620580472524|RFID|false|1635471241415|Extreme risk
26388279092964|1619908310825|MAC|false|1671127038034|Extreme risk
43980465137381|1644699856468|IPv4|false|1645791145602|Low risk
48378511648486|1652186785580|IPv6|false|1663832547876|Critical risk
52776558159591|1662486667997|NFC|false|1666084640569|Significant risk
26388279092968|1617809558949|NFC|false|1637176704963|Low risk
52776558159593|1658654618723|QRCode|false|1667085045522|Severe risk
26346|1577993144619|IPv4|false|1586121634582|Low risk
26388279092971|1617824151441|IPv4|false|1628571850000|Significant risk
21990232581868|1611859256203|RFID|false|1670114088488|Very high risk
13194139559661|1600354090325|QRCode|false|1605049380654|High risk
17592186070766|1610007652155|NFC|false|1624886635751|Minimal risk
21990232581871|1614418470858|ATM|false|1631738526116|Extreme risk
39582418626288|1639927118371|RFID|false|1656693900791|Low risk
26388279092977|1623288649393|ATM|false|1646838938543|Low risk
43980465137394|1643631314265|QRCode|false|1663354519609|Very high risk
26355|1579962185856|NFC|false|1611578065627|Low risk
17592186070772|1605750925810|RFID|false|1661741172382|Extreme risk
61572651181813|1672278916733|RFID|false|1672373194703|Extreme risk
4398046537462|1590899666541|IPv4|false|1615725214462|Moderate risk
26359|1578085868002|NFC|false|1587060050757|High risk
4398046537464|1590341911169|IPv6|false|1642210432361|Very high risk
39582418626297|1636911565427|ATM|false|1670768559868|Minimal risk
13194139559674|1603628414863|RFID|false|1642016315388|Minimal risk
8796093048571|1591654803581|NFC|false|1623497520937|Severe risk
21990232581884|1612549899728|QRCode|false|1622190749457|Extreme risk
52776558159613|1657682502256|POS|false|1672394020365|High risk
13194139559678|1602337769436|PHONE|false|1663397767290|Very high risk
30786325604095|1629587431631|IPv4|false|1635642787123|Minimal risk
57174604670720|1666557933827|RFID|false|1666778884118|Minimal risk
43980465137409|1643501068011|ATM|false|1655509034872|Very high risk
26370|1582027561139|ATM|false|1650413541974|Severe risk
43980465137411|1647938539898|IPv6|false|1648650657374|Extreme risk
43980465137412|1647937366180|WIFI|false|1666395862537|Moderate risk
21990232581893|1616789939930|WIFI|false|1661554954041|Extreme risk
43980465137414|1649168075465|POS|false|1650745305277|Moderate risk
26388279092999|1618714986291|QRCode|false|1669802316335|Very high risk
30786325604104|1626318163408|RFID|false|1671929406510|Severe risk
57174604670729|1665374926732|ATM|false|1670051301052|Severe risk
57174604670730|1663195644264|MAC|false|1671741767383|Extreme risk
43980465137419|1647201138194|RFID|false|1669264973998|Low risk
57174604670732|1665161507668|POS|false|1671165425061|Severe risk
21990232581901|1612831100968|PHONE|false|1644129019588|Moderate risk
4398046537486|1585442056798|ATM|false|1596082188480|Extreme risk
48378511648527|1656187144108|QRCode|false|1661062970775|Low risk
57174604670736|1667588796256|PHONE|false|1671158509390|Low risk
57174604670737|1664994402015|RFID|false|1670814666014|Extreme risk
26386|1580395802156|MAC|true|1648422889172|High risk
26388279093011|1622608983662|QRCode|false|1637061383526|Very high risk
52776558159636|1659251880394|ATM|false|1661097979204|Severe risk
17592186070805|1609935309749|NFC|false|1612348812705|Significant risk
30786325604118|1628932359827|PHONE|false|1631472062259|Very high risk
48378511648535|1649921938456|QRCode|false|1659394348856|Minimal risk
13194139559704|1599518798291|RFID|false|1636730528150|Critical risk
52776558159641|1656594663157|POS|true|1659904627944|Severe risk
30786325604122|1627994865367|IPv6|false|1662866662883|Extreme risk
8796093048603|1590925016799|QRCode|false|1671939631359|High risk
8796093048604|1596739204956|ATM|false|1613018703579|Significant risk
61572651181853|1671344381501|PHONE|false|1671495552612|Low risk
35184372115230|1635934558011|PHONE|false|1652852114436|Significant risk
43980465137439|1648483288171|NFC|false|1655497082932|Very high risk
57174604670752|1663436654903|POS|false|1669159992061|Significant risk
48378511648545|1653724105552|MAC|false|1672157753024|Critical risk
26402|1581025275473|IPv4|false|1591391161772|Very high risk
48378511648547|1652355824382|QRCode|false|1664630798241|Low risk
17592186070820|1606252951778|RFID|false|1632321325909|Low risk
26405|1582390686237|QRCode|false|1657371309867|Minimal risk
21990232581926|1613575128842|QRCode|false|1670334824388|Severe risk
43980465137447|1648594376757|ATM|false|1657450476009|Minimal risk
57174604670760|1663317431432|NFC|false|1668231513212|Severe risk
35184372115241|1630614452716|POS|false|1653528985879|Severe risk
30786325604138|1626269001502|PHONE|false|1653433291374|Extreme risk
26411|1578324183397|ATM|false|1643485900646|Critical risk
52776558159660|1658015354111|ATM|false|1664065465305|Significant risk
13194139559725|1603109367760|ATM|false|1669448392577|Low risk
21990232581934|1614577155920|NFC|false|1634107986847|High risk
35184372115247|1630561445507|MAC|false|1643019485275|Severe risk
26388279093040|1622740430135|RFID|false|1655011502632|High risk
17592186070833|1604282750235|NFC|false|1665102278630|Severe risk
52776558159666|1662458116756|RFID|true|1670733999752|Low risk
17592186070835|1609791374653|PHONE|true|1663340507031|Significant risk
8796093048628|1593728986186|MAC|false|1666443891362|Extreme risk
30786325604149|1628390591901|RFID|false|1648781308961|Extreme risk
43980465137462|1645163278659|PHONE|false|1656252816946|Low risk
52776558159671|1662181109709|RFID|false|1666630492861|High risk
26388279093048|1622061760968|IPv4|false|1649462352667|Severe risk
4398046537529|1589162350653|PHONE|false|1649947679560|Very high risk
13194139559738|1600690769310|MAC|false|1609171427992|Very high risk
57174604670779|1667095970482|RFID|false|1672258412094|Extreme risk
35184372115260|1634473393686|MAC|false|1663773043417|High risk
43980465137469|1644220946429|IPv6|false|1665981857157|Significant risk
61572651181886|1672282546176|MAC|false|1672312792785|Significant risk
48378511648575|1651294682030|QRCode|false|1656444348564|Critical risk
26388279093056|1618114915615|WIFI|false|1641906770852|Critical risk
26433|1578511208426|RFID|true|1668422385774|Extreme risk
30786325604162|1626753217730|RFID|false|1667254635849|Moderate risk
8796093048643|1593530182918|IPv6|false|1634866330705|Minimal risk
30786325604164|1624011885193|RFID|false|1637733287242|Severe risk
52776558159685|1657516680214|ATM|false|1660442924285|High risk
48378511648582|1650632719740|QRCode|false|1662098754874|Severe risk
26439|1581853820007|POS|false|1664966446704|Extreme risk
13194139559752|1598954033149|IPv4|false|1618817477473|Minimal risk
35184372115273|1635824935258|NFC|false|1662247458909|Low risk
13194139559754|1600101067399|QRCode|false|1624701824298|Low risk
61572651181899|1669550081701|MAC|false|1672348785227|Very high risk
43980465137484|1644525566831|MAC|false|1665911926525|Very high risk
57174604670797|1668085085043|PHONE|false|1668369378435|Significant risk
17592186070862|1608317500806|PHONE|false|1637070918689|Minimal risk
61572651181903|1671619397971|PHONE|false|1672252111338|Minimal risk
13194139559760|1597578592645|QRCode|false|1657748482100|Significant risk
35184372115281|1634989377996|POS|false|1662806517999|Very high risk
30786325604178|1628758364176|IPv6|false|1651972749050|Severe risk
21990232581971|1616551177658|WIFI|false|1667207650067|Severe risk
43980465137492|1646662142188|RFID|false|1669110113193|Severe risk
21990232581973|1612063116828|WIFI|false|1625102090802|Significant risk
57174604670806|1664262985969|ATM|false|1665706190020|Significant risk
30786325604183|1629205878702|MAC|false|1663959506832|Low risk
4398046537560|1585723793601|IPv4|false|1627404347547|Very high risk
35184372115289|1631996964468|WIFI|false|1663133752750|High risk
26388279093082|1621818881489|IPv4|false|1670261188571|Minimal risk
35184372115291|1635700880112|WIFI|false|1647520221222|Minimal risk
39582418626396|1641930959000|POS|false|1663091517365|Very high risk
17592186070877|1608633565957|QRCode|false|1668213180793|Low risk
4398046537566|1590108051963|NFC|false|1623915118009|Low risk
26388279093087|1620855511248|POS|false|1621992736418|Minimal risk
61572651181920|1671252143245|IPv4|false|1671276800201|High risk
13194139559777|1602059164601|ATM|false|1622469989927|Low risk
26388279093090|1622072283694|QRCode|true|1638308555247|High risk
57174604670819|1664829709053|PHONE|false|1669782440813|Critical risk
52776558159716|1661789415534|POS|false|1668983819253|Low risk
35184372115301|1634465458717|IPv4|false|1654754297554|Extreme risk
35184372115302|1636233768525|IPv6|true|1645927427414|Very high risk
21990232581991|1615253052076|WIFI|false|1627397935670|High risk
30786325604200|1625939354645|RFID|false|1670293236921|High risk
57174604670825|1666980924217|WIFI|false|1671887517169|Very high risk
26388279093098|1620036270040|RFID|false|1631921390951|Low risk
8796093048683|1593970385538|IPv4|false|1610457573167|Moderate risk
52776558159724|1658383425778|QRCode|false|1667302811919|Moderate risk
57174604670829|1667887014353|IPv6|false|1668524802970|Moderate risk
35184372115310|1630550549994|IPv4|false|1636949870825|Significant risk
61572651181935|1669418100017|IPv4|false|1670530770207|Very high risk
35184372115312|1634953247172|ATM|false|1657180501686|Severe risk
8796093048689|1593976601207|IPv4|false|1659831058975|High risk
52776558159730|1657626195484|WIFI|false|1669427652666|High risk
17592186070899|1605420283170|PHONE|false|1620061945336|Moderate risk
39582418626420|1640272621810|IPv4|false|1659766871921|Low risk
57174604670837|1663973830516|IPv4|false|1667029853467|Minimal risk
35184372115318|1632165724429|PHONE|false|1661440079931|Minimal risk
61572651181943|1670526530152|RFID|false|1672449235861|High risk
39582418626424|1637666746885|QRCode|false|1642790983356|Minimal risk
4398046537593|1590390088975|POS|false|1665283375548|Very high risk
35184372115322|1632951272000|IPv6|false|1654565825907|Low risk
39582418626427|1638487553531|PHONE|false|1648429918442|Extreme risk
13194139559804|1602589434083|MAC|false|1619173775741|Low risk
13194139559805|1597658220972|MAC|false|1666200365929|High risk
61572651181950|1669369443100|PHONE|false|1670418281458|Critical risk
30786325604223|1628934981335|PHONE|false|1665112312708|Significant risk
61572651181952|1671922898850|PHONE|true|1672505573840|Significant risk
21990232582017|1613041035009|IPv6|false|1635333218870|Minimal risk
52776558159746|1661816051548|PHONE|false|1662672550972|Moderate risk
48378511648643|1654198007736|MAC|false|1669507023755|Moderate risk
8796093048708|1592309908932|WIFI|false|1664679502505|Moderate risk
43980465137541|1646250394536|PHONE|false|1658066446735|Severe risk
26388279093126|1618743209853|ATM|false|1649930366067|High risk
48378511648647|1652773426748|RFID|false|1664888163502|Low risk
4398046537608|1585684179786|IPv6|false|1591884231509|Low risk
39582418626441|1642784659914|PHONE|false|1663651804150|Low risk
13194139559818|1602513887999|QRCode|false|1621107732412|Critical risk
48378511648651|1652775876133|RFID|false|1664782379122|Low risk
17592186070924|1610126989250|IPv4|false|1663827365668|Significant risk
52776558159757|1659491770178|POS|false|1659505542654|Low risk
39582418626446|1643008146838|ATM|false|1671415878386|Severe risk
17592186070927|1610394177234|MAC|false|1647204788855|Critical risk
30786325604240|1628587216703|IPv4|false|1656506064289|Very high risk
21990232582033|1610770244542|QRCode|false|1644482796379|Minimal risk
8796093048722|1593782281320|IPv6|false|1599613025592|Significant risk
48378511648659|1651412329028|IPv4|false|1656099918203|Very high risk
39582418626452|1642256946541|PHONE|false|1644297588544|Moderate risk
43980465137557|1645683140567|IPv4|false|1671088829454|Critical risk
39582418626454|1640321289518|WIFI|false|1662504952827|High risk
43980465137559|1646972003985|MAC|false|1662443957477|High risk
61572651181976|1671821604871|IPv6|false|1672409921103|Significant risk
26521|1580445033620|RFID|false|1661318021060|Very high risk
8796093048730|1596993193527|POS|false|1617778814739|Moderate risk
57174604670875|1664120465652|MAC|false|1668264087986|Moderate risk
57174604670876|1665711271266|WIFI|false|1668923152260|Severe risk
26388279093149|1617105572625|QRCode|false|1637755499780|Minimal risk
4398046537630|1590400209811|IPv4|false|1601700761143|Moderate risk
26388279093151|1620308473145|NFC|false|1627171321856|Critical risk
52776558159776|1657839542764|ATM|true|1662327615132|Moderate risk
26529|1581996627005|PHONE|false|1619438034080|Moderate risk
48378511648674|1650406650304|IPv4|false|1662695264216|High risk
48378511648675|1654454671878|WIFI|false|1669631102341|Critical risk
4398046537636|1588934310381|RFID|false|1664384768132|High risk
30786325604261|1623679955247|ATM|false|1631135860277|Moderate risk
26534|1581614669440|POS|false|1634928579316|Severe risk
21990232582055|1616426389508|NFC|false|1665117529581|Moderate risk
43980465137576|1643828562509|IPv6|false|1654334370876|Significant risk
48378511648681|1655933345609|ATM|false|1667694074051|Minimal risk
35184372115370|1631463121331|WIFI|false|1665926619758|Low risk
43980465137579|1644934644731|POS|false|1649883980713|Very high risk
4398046537644|1586852569578|RFID|false|1664424025727|Severe risk
8796093048749|1596457486312|QRCode|false|1613329393110|Significant risk
48378511648686|1652579194602|NFC|false|1655219680158|Low risk
52776558159791|1657354682089|MAC|false|1662832362182|Low risk
30786325604272|1625746865734|MAC|false|1641760042243|Critical risk
43980465137585|1644537314370|IPv4|false|1660143872406|Critical risk
26388279093170|1619429388265|IPv6|false|1664467117144|Significant risk
26388279093171|1622521580680|IPv6|false|1622523895320|Extreme risk
17592186070964|1608555962776|IPv4|true|1614904944109|Extreme risk
8796093048757|1593151002745|PHONE|false|1657601182703|Moderate risk
17592186070966|1605454104353|NFC|false|1669993891030|Low risk
26551|1578009578644|WIFI|false|1626107255524|Very high risk
39582418626488|1637477558136|WIFI|false|1669238028613|Minimal risk
26388279093177|1619320118980|RFID|false|1649389997944|High risk
17592186070970|1607026167329|MAC|false|1619104801950|Moderate risk
52776558159803|1660722837753|IPv4|false|1667325165701|Critical risk
17592186070972|1605642514362|WIFI|false|1667798282892|Minimal risk
39582418626493|1641174647906|WIFI|false|1661424940740|Moderate risk
35184372115390|1634696837968|NFC|false|1649152187988|Extreme risk
13194139559871|1599279618153|WIFI|false|1599484871047|Critical risk
13194139559872|1601693313152|IPv6|false|1621597220147|Severe risk
26561|1583618962524|NFC|false|1585921339428|Very high risk
17592186070978|1606005046945|PHONE|false|1637408491689|Critical risk
52776558159811|1660936557858|RFID|false|1665533568830|Minimal risk
4398046537668|1590877232742|PHONE|false|1664034191853|Extreme risk
30786325604293|1628360196296|IPv4|true|1643640853756|High risk
17592186070982|1608458335542|MAC|false|1625590883175|Critical risk
8796093048775|1591346763147|QRCode|false|1593160007929|High risk
57174604670920|1663723705120|MAC|false|1668815900167|Severe risk
61572651182025|1669893623162|ATM|false|1671181993775|Very high risk
17592186070986|1605510975618|RFID|false|1628478653795|Moderate risk
48378511648715|1654431758672|IPv6|false|1665361887376|Significant risk
17592186070988|1607433411997|PHONE|false|1647448278073|Severe risk
26388279093197|1620497498079|PHONE|false|1649722044565|Very high risk
13194139559886|1598212731911|ATM|true|1660835244661|Very high risk
4398046537679|1590280751738|IPv4|false|1652107787087|Significant risk
4398046537680|1585419974065|POS|false|1648892157558|Severe risk
21990232582097|1612903672022|MAC|false|1650701107671|Very high risk
26388279093202|1623295447104|RFID|false|1638059532138|Significant risk
39582418626515|1641450601929|MAC|false|1658305465686|Extreme risk
26388279093204|1617963910543|POS|false|1634432205022|Severe risk
4398046537685|1588104183888|QRCode|false|1636094276015|Moderate risk
35184372115414|1635856697696|IPv4|false|1670756099378|Very high risk
17592186070999|1609286137818|NFC|false|1643018620388|Critical risk
4398046537688|1587461487197|QRCode|false|1649997027798|Critical risk
26388279093209|1617923125086|QRCode|false|1636872789889|Significant risk
39582418626522|1640047048415|POS|false|1664330548036|High risk
61572651182043|1672092307245|POS|false|1672508476110|Severe risk
35184372115420|1630506677008|RFID|false|1652996212141|Minimal risk
35184372115421|1631780107239|QRCode|false|1645775617819|Severe risk
39582418626526|1636714686838|QRCode|false|1644887121424|Minimal risk
48378511648735|1650487179740|ATM|false|1666476057522|Moderate risk
48378511648736|1654640999280|PHONE|false|1658503388722|Significant risk
48378511648737|1653325566349|RFID|true|1655430249005|Significant risk
17592186071010|1609557314150|IPv6|false|1654776887120|Extreme risk
57174604670947|1666284655731|IPv4|false|1670163397784|Extreme risk
43980465137636|1644347222122|NFC|false|1655253788401|Minimal risk
39582418626533|1641204420553|MAC|false|1652828794145|Extreme risk
13194139559910|1598310443485|NFC|false|1659730040914|Severe risk
21990232582119|1615782016783|IPv6|false|1648602111241|Moderate risk
43980465137640|1645225822823|PHONE|false|1657880085866|Extreme risk
26388279093225|1618127246222|MAC|false|1623251103666|High risk
57174604670954|1666418929438|ATM|false|1666934406042|Severe risk
35184372115435|1630155346150|NFC|false|1635730654151|Severe risk
4398046537708|1590800765393|NFC|false|1613389746635|Critical risk
26388279093229|1619172409394|ATM|false|1655581717422|Extreme risk
39582418626542|1640272208547|IPv4|false|1660536875789|High risk
8796093048815|1596526488785|IPv4|false|1649715826116|Severe risk
35184372115440|1633639210948|RFID|false|1652706431378|Moderate risk
39582418626545|1639139713075|RFID|false|1658764131611|Moderate risk
35184372115442|1634988636963|IPv4|false|1645940418993|Extreme risk
30786325604339|1624067531663|ATM|false|1635973061846|Extreme risk
52776558159860|1656939112336|WIFI|false|1659112048910|High risk
48378511648757|1653077147756|NFC|false|1670241872383|Moderate risk
57174604670966|1663801572428|MAC|false|1664369230832|High risk
30786325604343|1625065448811|IPv4|false|1668756040205|Low risk
48378511648760|1655296622279|IPv6|false|1668824799729|Minimal risk
4398046537721|1586668200763|WIFI|true|1640205038045|Very high risk
26388279093242|1618463908001|IPv4|false|1666835497464|Low risk
26388279093243|1618812604857|NFC|true|1618846528449|Very high risk
17592186071036|1604767410060|IPv6|false|1656530098279|Critical risk
26621|1581553119470|IPv4|false|1596939057833|Critical risk
57174604670974|1663836661526|NFC|false|1663865321929|Severe risk
17592186071039|1604607919300|MAC|false|1647420383677|Minimal risk
48378511648768|1655910016542|QRCode|false|1668388133980|Low risk
57174604670977|1667503322283|IPv4|false|1672284611933|Very high risk
4398046537730|1588125702613|IPv4|false|1624688862846|Extreme risk
4398046537731|1589515768259|IPv4|false|1641768994127|Extreme risk
17592186071044|1604499834880|WIFI|false|1630874557768|High risk
52776558159877|1658699666453|ATM|false|1666980800913|Minimal risk
57174604670982|1667437140796|WIFI|false|1669036204400|Moderate risk
4398046537735|1589449536644|PHONE|false|1664254536934|Moderate risk
26388279093256|1618997236829|POS|false|1621649329134|Severe risk
26388279093257|1621684760821|IPv4|false|1658360945636|Critical risk
17592186071050|1609554809236|ATM|false|1636918642857|Significant risk
48378511648779|1652317061571|IPv6|false|1667920560681|Moderate risk
35184372115468|1631981756234|ATM|false|1668746420065|Moderate risk
52776558159885|1659505374285|POS|false|1660798405700|Significant risk
26388279093262|1621313753140|NFC|false|1624392049811|Very high risk
57174604670991|1664275435326|ATM|true|1672172579853|Low risk
4398046537744|1584924008174|RFID|false|1613297940211|Severe risk
52776558159889|1660158842735|RFID|false|1666580127124|Severe risk
26388279093266|1620165254268|ATM|false|1650265423923|High risk
13194139559955|1599092158129|MAC|false|1647939454905|Extreme risk
26388279093268|1617477032663|WIFI|false|1633501414789|Extreme risk
61572651182101|1670126520057|MAC|false|1672504538614|Minimal risk
61572651182102|1669793091326|QRCode|false|1671040762377|Significant risk
39582418626583|1641894241263|IPv6|false|1667074746026|Significant risk
26648|1582562831661|WIFI|false|1584316237699|High risk
26649|1580823107016|ATM|false|1637403760356|Critical risk
4398046537754|1589959899391|RFID|false|1613607020535|Minimal risk
61572651182107|1671205230750|NFC|false|1671542522211|Critical risk
26388279093276|1621186387692|PHONE|false|1624144826686|Very high risk
26653|1580515844277|IPv4|true|1580604807285|Significant risk
26654|1583682691428|NFC|false|1584114169398|Severe risk
26655|1579982681052|MAC|false|1597925180861|Critical risk
21990232582176|1613021083249|PHONE|false|1629758890238|Minimal risk
30786325604385|1626204570583|POS|false|1653311995335|Low risk
8796093048866|1595365325000|QRCode|false|1622018857278|Critical risk
17592186071075|1607545387477|ATM|false|1634562781377|Significant risk
26388279093284|1618619517822|PHONE|false|1666867519446|Significant risk
26388279093285|1623457971083|IPv6|false|1626913004058|Minimal risk
30786325604390|1627867965385|ATM|false|1649491687036|Extreme risk
26663|1584345108496|POS|false|1661329175249|Very high risk
52776558159912|1659175431131|IPv6|false|1661113113317|Very high risk
52776558159913|1662306376444|POS|false|1668757480171|Very high risk
43980465137706|1643759873021|NFC|false|1650240705155|Critical risk
48378511648811|1654379765385|POS|false|1667672210270|Critical risk
39582418626604|1638950068488|NFC|false|1665480449861|Very high risk
8796093048877|1593021371712|PHONE|false|1623676382582|Very high risk
8796093048878|1592176460963|IPv6|false|1646501185614|Moderate risk
52776558159919|1662531451579|QRCode|true|1665621846709|Low risk
30786325604400|1623728840571|QRCode|false|1648049392531|Severe risk
30786325604401|1626355944533|IPv4|false|1640235145277|Extreme risk
26674|1583454390537|QRCode|false|1605792055818|Moderate risk
26675|1577983590731|POS|false|1626654403829|Minimal risk
13194139559988|1602740161941|MAC|false|1620427380787|High risk
17592186071093|1607302370764|IPv4|true|1637232692507|Severe risk
43980465137718|1646409737772|ATM|false|1646803720170|Critical risk
52776558159927|1657775474936|WIFI|false|1658981804013|Critical risk
8796093048888|1595652089208|NFC|false|1636529403109|Minimal risk
61572651182137|1669530114378|PHONE|false|1670791631510|Severe risk
43980465137722|1646947546786|PHONE|false|1668398902809|Minimal risk
17592186071099|1604316328172|QRCode|false|1604883708745|Significant risk
43980465137724|1649510772680|NFC|false|1660807175557|Minimal risk
26388279093309|1622346295167|MAC|false|1633421502049|High risk
13194139559998|1602036797733|IPv6|false|1641230105888|Low risk
13194139559999|1600972056028|ATM|false|1628277930998|Critical risk
39582418626624|1637518094961|PHONE|false|1660443445311|Low risk
26689|1580739162017|WIFI|false|1618046222808|Low risk
39582418626626|1642202419096|MAC|false|1653059484414|Moderate risk
52776558159939|1658134567367|POS|false|1672198532838|High risk
8796093048900|1591336674625|IPv4|false|1641518933710|High risk
52776558159941|1662524451974|ATM|false|1666427884570|Significant risk
30786325604422|1625935722667|RFID|false|1669015398868|Severe risk
21990232582215|1611058587720|IPv6|false|1660718921949|Extreme risk
35184372115528|1635632537853|QRCode|false|1639261000270|High risk
52776558159945|1657974034635|IPv6|false|1662667280662|Extreme risk
52776558159946|1659779069012|ATM|false|1664875128028|Low risk
39582418626635|1642130800022|NFC|false|1645367734525|Very high risk
48378511648844|1656011018261|IPv6|false|1660461199087|Significant risk
35184372115533|1631404076506|POS|false|1657158839250|Severe risk
17592186071118|1604191056675|NFC|false|1615196164990|High risk
35184372115535|1634171985003|IPv6|false|1636089296576|Significant risk
4398046537808|1589149091330|IPv4|false|1645513486271|Minimal risk
35184372115537|1630425062066|POS|false|1643617712901|Significant risk
13194139560018|1600361806281|ATM|false|1635269564587|Low risk
39582418626643|1637890343468|ATM|false|1669711646756|Critical risk
8796093048916|1593500688039|RFID|false|1608745961121|Very high risk
26709|1579404288319|QRCode|false|1599403798371|Significant risk
4398046537814|1585820005053|IPv4|false|1639263192241|Extreme risk
26388279093335|1619709619143|IPv4|false|1633902729880|Critical risk
13194139560024|1601698354961|WIFI|false|1631971513817|Moderate risk
43980465137753|1644417263929|IPv4|false|1652715489848|High risk
4398046537818|1585613404811|ATM|false|1628739088849|Moderate risk
8796093048923|1596993156049|IPv6|false|1607239493015|Very high risk
4398046537820|1587611898970|NFC|false|1645746152532|Moderate risk
30786325604445|1623705625413|IPv6|false|1637994724619|Minimal risk
8796093048926|1593420581051|IPv4|false|1618035569141|Very high risk
26388279093343|1618763269000|NFC|false|1631840804116|Critical risk
26388279093344|1620288399153|RFID|false|1626368429583|Low risk
4398046537825|1584940146126|POS|false|1587449834374|High risk
43980465137762|1645880632469|QRCode|false|1656175779315|Minimal risk
30786325604451|1629371196895|RFID|false|1659116053527|Significant risk
26388279093348|1620462345324|QRCode|false|1670252384632|Significant risk
8796093048933|1591803785000|IPv4|false|1661688559462|Minimal risk
57174604671078|1668157158805|NFC|false|1669986511534|Significant risk
13194139560039|1598151979621|WIFI|false|1642866449728|Moderate risk
48378511648872|1652769211656|IPv4|false|1668698237620|Low risk
52776558159977|1656831497704|PHONE|false|1671844915176|Critical risk
52776558159978|1658697732735|QRCode|false|1671301698981|Severe risk
48378511648875|1652345664784|QRCode|false|1668755141850|Moderate risk
39582418626668|1642693820311|RFID|false|1666144290395|Minimal risk
26388279093357|1620104733484|ATM|false|1626515877403|Extreme risk
26388279093358|1619756577184|QRCode|false|1660812011104|Significant risk
39582418626671|1639202948215|NFC|false|1662445817340|Low risk
17592186071152|1609022137443|IPv4|false|1671501894149|Significant risk
4398046537841|1586378669803|POS|false|1623558788252|Minimal risk
4398046537842|1588764203850|NFC|false|1627465730277|Low risk
43980465137779|1649496403207|QRCode|false|1670496267981|Low risk
21990232582260|1611728775231|ATM|false|1614671261203|High risk
43980465137781|1648327847129|NFC|false|1667637502772|Minimal risk
4398046537846|1585666264844|POS|false|1638407961131|Severe risk
17592186071159|1604298331118|IPv4|false|1669680339759|Minimal risk
39582418626680|1639208243369|ATM|false|1671162423019|Extreme risk
17592186071161|1604132852654|WIFI|false|1619127273587|High risk
35184372115578|1630274745209|ATM|false|1641201036223|Very high risk
35184372115579|1634218170396|MAC|false|1639862708585|Critical risk
26388279093372|1620380737671|RFID|false|1671114027648|Severe risk
52776558159997|1656627795989|RFID|true|1666058895182|Critical risk
8796093048958|1591673086799|QRCode|false|1657319924891|Moderate risk
48378511648895|1650545041768|POS|false|1667199258621|Very high risk
8796093048960|1593417468841|PHONE|false|1633398032659|Minimal risk
61572651182209|1670103044330|RFID|false|1671063351511|Minimal risk
8796093048962|1592069696196|ATM|false|1627861644687|Critical risk
57174604671107|1667519276223|MAC|false|1672200932290|Minimal risk
17592186071172|1604246884734|POS|false|1619694161208|Extreme risk
26757|1580493069942|POS|false|1663400709449|Moderate risk
43980465137798|1644259235720|WIFI|false|1660185968144|Critical risk
4398046537863|1584599905985|MAC|false|1596979848621|Significant risk
52776558160008|1659732497451|IPv6|false|1672175421775|Severe risk
26761|1581306015211|RFID|true|1583782698513|Critical risk
35184372115594|1635885442148|ATM|false|1667880798056|Very high risk
39582418626699|1640430889666|ATM|false|1665580564358|High risk
48378511648908|1655095077498|POS|false|1658049146461|Critical risk
52776558160013|1661346243201|RFID|false|1665203094584|Very high risk
35184372115598|1635979446383|ATM|false|1637744970479|Minimal risk
26388279093391|1621687200102|NFC|false|1670718133029|Severe risk
26388279093392|1621369219969|IPv6|false|1638500187555|Very high risk
8796093048977|1595101349890|ATM|false|1615111578992|Critical risk
61572651182226|1672243507688|ATM|false|1672419128037|Moderate risk
8796093048979|1596707305361|NFC|false|1611183546294|Low risk
30786325604500|1623771235040|MAC|false|1666866147498|Very high risk
43980465137813|1647084695177|PHONE|false|1669588613139|Severe risk
13194139560086|1599844636033|IPv6|false|1640052175106|Significant risk
43980465137815|1643244120623|IPv4|false|1651000202607|Moderate risk
8796093048984|1594810103169|WIFI|false|1665467080981|Very high risk
21990232582297|1615609499401|MAC|true|1654575091226|Low risk
57174604671130|1666299425541|NFC|false|1669123225551|Moderate risk
8796093048987|1595977494794|WIFI|false|1634683273648|Critical risk
48378511648924|1655352981735|IPv6|false|1669374492485|High risk
35184372115613|1636416459388|NFC|false|1654070202980|Minimal risk
39582418626718|1641343478008|POS|false|1650461986607|Low risk
52776558160031|1658272876557|NFC|false|1671486595131|Very high risk
39582418626720|1642245179369|RFID|true|1663486260797|High risk
48378511648929|1654209920555|MAC|false|1656790347346|Moderate risk
30786325604514|1625953296123|POS|false|1671786582127|Severe risk
52776558160035|1656292196084|QRCode|false|1672115201015|Severe risk
30786325604516|1629867431351|MAC|false|1635829679206|Moderate risk
17592186071205|1608161111923|POS|false|1649112629139|Low risk
52776558160038|1657962205035|IPv6|false|1667303686449|Significant risk
48378511648935|1651820487496|IPv4|false|1671774366432|Very high risk
48378511648936|1652473718217|QRCode|false|1664846200490|Severe risk
52776558160041|1658764396452|POS|false|1662707551617|Severe risk
26794|1583307901327|IPv4|false|1668799754869|Moderate risk
26795|1581129308132|IPv4|false|1617840404556|Low risk
61572651182252|1672118238132|ATM|false|1672191736817|Very high risk
30786325604525|1624468021252|RFID|false|1631153256574|Critical risk
39582418626734|1642597343194|POS|false|1663039903584|Low risk
4398046537903|1584429801872|NFC|false|1670651234241|Moderate risk
26800|1582371717473|NFC|true|1672482408725|Low risk
61572651182257|1670716265072|ATM|false|1671825548444|Significant risk
26388279093426|1620150732241|IPv6|false|1622868256240|Minimal risk
35184372115635|1635926611337|WIFI|false|1640184198020|Extreme risk
52776558160052|1656592601661|WIFI|true|1664412574252|Critical risk
8796093049013|1595662616581|IPv4|true|1599700597716|Very high risk
8796093049014|1591736070847|IPv6|true|1610391724702|High risk
57174604671159|1667218034671|ATM|false|1670535104159|Low risk
17592186071224|1606537496214|ATM|false|1621381351767|Low risk
4398046537913|1588390626709|MAC|false|1651092695385|Very high risk
35184372115642|1633032168120|IPv6|false|1643302082500|Extreme risk
48378511648955|1653886191221|RFID|false|1657381307814|Critical risk
35184372115644|1634257314068|IPv6|false|1652164005278|High risk
13194139560125|1601381818391|NFC|false|1648843308042|Severe risk
26814|1578062921175|RFID|false|1647516204801|Very high risk
39582418626751|1640496729886|ATM|false|1644395781995|Significant risk
48378511648960|1651706884150|RFID|false|1658385626251|Extreme risk
39582418626753|1637687856448|WIFI|false|1644628414949|Minimal risk
13194139560130|1598824147300|NFC|false|1633995144197|Minimal risk
57174604671171|1666743607648|PHONE|false|1667206022734|Low risk
30786325604548|1628033785070|PHONE|false|1651667690803|Minimal risk
17592186071237|1608362098956|RFID|false|1662358212314|Severe risk
30786325604550|1623881085202|RFID|false|1659610776408|Critical risk
8796093049031|1595296618058|RFID|false|1607811498062|High risk
21990232582344|1615396736356|MAC|false|1663096283141|Very high risk
43980465137865|1644815493170|POS|false|1670182921035|Low risk
17592186071242|1610206817465|QRCode|false|1613177655214|High risk
8796093049035|1592898934465|MAC|false|1608127508428|Severe risk
35184372115660|1634775488945|QRCode|false|1645659905487|Critical risk
30786325604557|1626888484732|ATM|false|1635041768569|Minimal risk
13194139560142|1603576681247|MAC|false|1656157580748|Significant risk
13194139560143|1597948118621|MAC|false|1654085535364|High risk
13194139560144|1603326625469|MAC|false|1632848948865|Low risk
4398046537937|1585319639026|QRCode|true|1607700846843|Low risk
39582418626770|1637065067149|MAC|false|1648389925052|Moderate risk
21990232582355|1610839577856|WIFI|false|1670167005079|Very high risk
48378511648980|1653606609147|PHONE|false|1658155598242|Low risk
57174604671189|1667087214262|QRCode|false|1671435887394|Minimal risk
21990232582358|1616416627214|IPv4|false|1665299720210|Extreme risk
57174604671191|1662789734130|IPv6|false|1670835532976|Significant risk
39582418626776|1638536656882|IPv4|false|1669177350936|Significant risk
43980465137881|1646102534525|POS|false|1654431855953|Significant risk
52776558160090|1656311230825|PHONE|false|1664202214137|Very high risk
48378511648987|1649848746750|IPv6|false|1661146624033|Critical risk
26844|1584154090096|POS|false|1662632778986|Severe risk
39582418626781|1637473521874|PHONE|false|1662499519464|Minimal risk
4398046537950|1590145251304|RFID|false|1604722643283|Significant risk
48378511648991|1653167881151|IPv4|false|1666262634637|Significant risk
43980465137888|1644514487923|POS|false|1663084153215|Critical risk
61572651182305|1670591431183|NFC|false|1671883196885|High risk
4398046537954|1585296674408|WIFI|false|1607754999987|Critical risk
26851|1578582295552|NFC|false|1663482445810|Low risk
26388279093476|1619434279613|QRCode|false|1637209434167|Very high risk
35184372115685|1635922867156|NFC|false|1637996748855|Extreme risk
43980465137894|1645655937565|MAC|false|1648213945296|Severe risk
52776558160103|1661509235219|MAC|false|1667491465347|Extreme risk
26856|1581374237986|QRCode|false|1654731682213|Critical risk
4398046537961|1585396669920|POS|false|1667950041123|Severe risk
21990232582378|1613981369745|IPv4|false|1621649507042|Extreme risk
21990232582379|1612493444297|PHONE|true|1657806203517|High risk
13194139560172|1603857618792|IPv6|false|1654371193977|High risk
8796093049069|1591797124934|WIFI|false|1645838027931|Critical risk
48378511649006|1651772488915|ATM|false|1655270404394|Severe risk
43980465137903|1643726670449|WIFI|false|1669735873713|High risk
39582418626800|1637803624919|PHONE|false|1648745144578|Extreme risk
4398046537969|1589638425756|ATM|false|1663939344397|Significant risk
52776558160114|1660816140216|QRCode|false|1664538661685|Significant risk
35184372115699|1632508844990|IPv4|true|1649147747614|Very high risk
39582418626804|1638264463315|QRCode|false|1644679473834|Moderate risk
17592186071285|1608990784500|POS|false|1660117692795|Severe risk
39582418626806|1642458133002|IPv4|false|1662063686713|High risk
57174604671223|1663642352339|MAC|false|1666261707519|Very high risk
43980465137912|1647613988544|MAC|false|1650481364630|Severe risk
61572651182329|1669350467221|NFC|false|1671628282562|Moderate risk
35184372115706|1636492282508|QRCode|false|1657808135624|Moderate risk
35184372115707|1634725938035|NFC|false|1639807041733|High risk
13194139560188|1597553198113|MAC|false|1665730392659|Low risk
39582418626813|1637198320052|POS|false|1670533271444|Critical risk
57174604671230|1667528452826|IPv4|false|1668848452190|Very high risk
57174604671231|1664730619899|NFC|false|1670441230629|Extreme risk
61572651182336|1669539118966|MAC|true|1672250645942|Moderate risk
35184372115713|1632847594559|MAC|false|1668870439193|Critical risk
57174604671234|1666638081259|QRCode|false|1670201620956|Severe risk
61572651182339|1672104663989|NFC|false|1672150690274|Extreme risk
17592186071300|1606077668006|MAC|false|1660085287364|Low risk
4398046537989|1584431790283|ATM|false|1671102754353|Moderate risk
52776558160134|1660200535725|WIFI|false|1669612197495|Critical risk
17592186071303|1604044996605|ATM|false|1606264844295|Critical risk
26388279093512|1620743202057|WIFI|false|1623196741407|Severe risk
48378511649033|1655589879020|RFID|false|1671549227186|Severe risk
39582418626826|1637604089860|NFC|false|1653495705806|Minimal risk
52776558160139|1661382634329|WIFI|false|1672105621896|Low risk
52776558160140|1657194293985|NFC|false|1669519233000|Minimal risk
4398046537997|1587075379001|RFID|false|1613029214464|Severe risk
43980465137934|1644401074179|WIFI|false|1651810761958|Very high risk
61572651182351|1670534423441|IPv4|false|1671772376927|Low risk
57174604671248|1665947766612|ATM|false|1672102403229|Very high risk
39582418626833|1642251187807|WIFI|false|1654428934638|Critical risk
35184372115730|1631123900485|MAC|false|1653323873440|Very high risk
39582418626835|1641505290666|MAC|false|1651839924814|Critical risk
26388279093524|1617233525279|MAC|false|1640483571335|Moderate risk
17592186071317|1609270786197|NFC|false|1637931514662|Very high risk
4398046538006|1586791278852|PHONE|true|1624677708144|Low risk
61572651182359|1670766589346|NFC|false|1671866779802|Severe risk
26904|1584068320863|IPv4|false|1637890449685|Moderate risk
26388279093529|1619843503539|RFID|true|1644892286601|Critical risk
26388279093530|1617701087217|NFC|false|1670323620188|Low risk
26907|1578425710245|IPv6|false|1625334381526|Very high risk
43980465137948|1646816752431|QRCode|false|1663575951236|Severe risk
48378511649053|1650377755345|MAC|false|1660954655442|Moderate risk
39582418626846|1642556128160|QRCode|false|1644281485226|Severe risk
30786325604639|1624276302416|RFID|false|1640363801699|Moderate risk
26388279093536|1619173011531|IPv4|false|1648796795466|Critical risk
21990232582433|1611646137629|WIFI|false|1667838989705|Extreme risk
39582418626850|1643078633338|WIFI|false|1645505698705|Low risk
35184372115747|1633995994922|IPv6|false|1643238115220|Minimal risk
26916|1581002980194|WIFI|false|1583949358386|Significant risk
4398046538021|1590262035782|WIFI|false|1600836831303|Extreme risk
26918|1579096645130|PHONE|false|1619678122666|Moderate risk
52776558160167|1657265560932|PHONE|false|1662388979085|Significant risk
57174604671272|1664585182528|WIFI|false|1672013817372|Severe risk
43980465137961|1643333734450|IPv4|false|1669802509784|High risk
4398046538026|1587849535829|QRCode|false|1666060220614|Minimal risk
52776558160171|1662374514853|PHONE|false|1666313704547|Minimal risk
26388279093548|1621199139629|ATM|false|1639929085448|Severe risk
26388279093549|1619724707563|QRCode|false|1644261324640|Moderate risk
8796093049134|1594435906775|IPv4|false|1658614120357|Critical risk
26927|1579721258425|WIFI|false|1662128790041|Critical risk
26388279093552|1618372536137|PHONE|false|1656199488322|Very high risk
17592186071345|1609426566368|IPv6|false|1628450420449|Extreme risk
8796093049138|1592523293201|WIFI|false|1633266116466|Very high risk
52776558160179|1656573325050|POS|false|1668305325476|Low risk
13194139560244|1601943969946|NFC|false|1649034646490|Very high risk
61572651182389|1670311527426|POS|false|1671632848357|Severe risk
52776558160182|1657325477478|PHONE|false|1669386643110|Moderate risk
8796093049143|1596328379703|IPv6|false|1623412096381|Moderate risk
17592186071352|1605585594257|MAC|false|1627208028516|Severe risk
17592186071353|1604109818662|POS|false|1629685799451|Critical risk
21990232582458|1612593364779|QRCode|false|1638157794958|Critical risk
61572651182395|1671834052135|POS|false|1672016017159|High risk
21990232582460|1611624160076|ATM|false|1623057968792|Minimal risk
8796093049149|1595718628207|ATM|false|1639790229511|Low risk
35184372115774|1633210183577|NFC|true|1636775836477|Significant risk
43980465137983|1648065448172|MAC|false|1666946400324|Very high risk
39582418626880|1638531377345|PHONE|false|1643145321803|Extreme risk
39582418626881|1639642976386|QRCode|false|1670944730768|Low risk
26388279093570|1622045120952|IPv4|false|1628336669679|High risk
61572651182403|1670082141931|RFID|false|1672182996470|Low risk
52776558160196|1656357412047|IPv6|false|1665950888469|Moderate risk
17592186071365|1608018859264|QRCode|false|1652648566349|Extreme risk
39582418626886|1643050703022|IPv6|false|1660089747347|Significant risk
39582418626887|1639762455265|PHONE|false|1667354012098|Significant risk
35184372115784|1635763375367|MAC|false|1652285621115|Significant risk
8796093049161|1593141995966|RFID|false|1630415715888|Moderate risk
39582418626890|1640057361933|WIFI|false|1664312687443|Significant risk
52776558160203|1658688575818|IPv4|false|1658719879742|Minimal risk
26956|1583643605787|WIFI|false|1643238862421|Critical risk
43980465137997|1643357068497|IPv4|false|1663191813677|Critical risk
48378511649102|1652205092236|QRCode|false|1656489683973|Critical risk
21990232582479|1612965642900|ATM|false|1669812138050|Severe risk
17592186071376|1607809733325|POS|false|1671366641505|Low risk
26961|1583329764423|IPv6|false|1629045999162|Low risk
35184372115794|1631573728073|RFID|false|1653264035368|Very high risk
57174604671315|1668192159871|IPv4|false|1668457990118|Moderate risk
48378511649108|1653809080139|ATM|false|1656514252095|High risk
61572651182421|1669740221288|WIFI|false|1671323457904|Severe risk
26966|1582909548730|IPv4|false|1599485475936|Significant risk
17592186071383|1609987764830|IPv4|false|1610988007189|Moderate risk
48378511649112|1651946332022|ATM|false|1657783131049|Severe risk
26969|1582107964990|IPv4|false|1649323361150|Low risk
39582418626906|1640177075733|ATM|false|1641853174593|Low risk
21990232582491|1610781072864|IPv6|false|1621580297572|High risk
21990232582492|1614193986422|RFID|false|1640858100376|Minimal risk
52776558160221|1658917871765|QRCode|false|1661720093345|Low risk
52776558160222|1657767491411|NFC|false|1667696372951|Low risk
52776558160223|1661556997116|NFC|false|1663539524432|Low risk
21990232582496|1611383876054|QRCode|false|1620065030438|Significant risk
43980465138017|1646225816040|MAC|true|1655086621020|Very high risk
4398046538082|1588429543891|IPv4|false|1661836608098|High risk
48378511649123|1653172389140|ATM|false|1670736130038|Very high risk
43980465138020|1646981394964|WIFI|false|1662459283346|High risk
61572651182437|1672521265482|PHONE|false|1672528331806|High risk
57174604671334|1663691276161|QRCode|false|1670816164585|Significant risk
8796093049191|1596595953917|IPv4|false|1656089907589|Moderate risk
13194139560296|1603633300021|POS|false|1616840195425|Significant risk
26388279093609|1621246026777|PHONE|false|1636809314421|Extreme risk
30786325604714|1624930601704|RFID|false|1641159003142|Minimal risk
26987|1583230660303|IPv4|false|1592801628665|Significant risk
26988|1577854855166|IPv6|false|1614793199908|Significant risk
4398046538093|1589358993868|NFC|false|1616460717873|Moderate risk
39582418626926|1637190442045|PHONE|false|1666197903343|Minimal risk
30786325604719|1627363111789|ATM|false|1629620649752|Extreme risk
21990232582512|1616266552039|IPv4|false|1627338590032|High risk
48378511649137|1655736214739|RFID|false|1661275548585|Low risk
43980465138034|1648353361996|MAC|false|1663086753577|Moderate risk
48378511649139|1650505072460|RFID|false|1665249124269|Moderate risk
57174604671348|1669035905791|RFID|false|1671351808910|Critical risk
35184372115829|1634245484459|POS|false|1651718772121|Very high risk
57174604671350|1666159588078|RFID|true|1669448513051|High risk
52776558160247|1656641765745|ATM|false|1662923119908|Very high risk
21990232582520|1611573114212|IPv6|false|1656181478672|Very high risk
57174604671353|1667678144799|IPv6|false|1667752243780|Significant risk
13194139560314|1597919492501|PHONE|false|1608724669230|Very high risk
17592186071419|1608179869302|QRCode|false|1617095072147|Extreme risk
26388279093628|1620624249407|WIFI|false|1643051681304|Extreme risk
27005|1578108233872|WIFI|false|1662308421507|Moderate risk
48378511649150|1651907773800|RFID|false|1661079394236|Minimal risk
35184372115839|1633277596953|WIFI|false|1648211373543|Very high risk
21990232582528|1616703697305|ATM|false|1629689268013|Moderate risk
26388279093633|1621842236819|NFC|false|1653952028951|Critical risk
52776558160258|1661392186570|QRCode|false|1664321049873|Critical risk
26388279093635|1620297531654|MAC|false|1638403655787|Low risk
30786325604740|1624611272885|PHONE|false|1668607579830|Moderate risk
21990232582533|1616290890824|MAC|false|1641776285733|Low risk
21990232582534|1614761756993|PHONE|false|1643095707523|High risk
21990232582535|1612957949229|QRCode|false|1651169625081|Moderate risk
27016|1583649465711|IPv4|false|1640559710531|Minimal risk
52776558160265|1659716486831|ATM|true|1669939993820|Critical risk
61572651182474|1670034737155|ATM|true|1671224832272|Severe risk
26388279093643|1619707841172|POS|false|1647480922423|Moderate risk
61572651182476|1669364824344|NFC|false|1672222543350|Critical risk
21990232582541|1611118062981|RFID|false|1646856997354|Significant risk
35184372115854|1635138556845|ATM|false|1663037493240|Critical risk
30786325604751|1625215540076|PHONE|false|1642171537738|Moderate risk
4398046538128|1584633846203|NFC|false|1594333109431|Significant risk
26388279093649|1620724458078|ATM|false|1654893367720|Significant risk
30786325604754|1625098972248|IPv6|false|1657941184506|Significant risk
8796093049235|1596922298365|IPv6|false|1641333978111|Extreme risk
52776558160276|1660581550312|IPv4|false|1672253240544|Very high risk
52776558160277|1658291792338|WIFI|false|1667091463825|Critical risk
4398046538134|1587294845320|MAC|false|1659667377379|Minimal risk
52776558160279|1660701671662|RFID|false|1661652141380|Significant risk
17592186071448|1606446056110|MAC|false|1640156027490|High risk
13194139560345|1600417486074|IPv4|false|1637758878987|Significant risk
35184372115866|1630999875141|NFC|false|1653360170036|Critical risk
35184372115867|1630645413435|MAC|false|1651986544977|Very high risk
35184372115868|1634072680226|WIFI|false|1654553412820|Very high risk
52776558160285|1657476746811|POS|false|1669116044300|Very high risk
17592186071454|1604189475490|MAC|false|1616964214113|Very high risk
39582418626975|1642975669602|MAC|false|1671728898086|Moderate risk
48378511649184|1651335031898|QRCode|false|1665683442324|Critical risk
21990232582561|1616612557545|IPv6|false|1670850961705|High risk
26388279093666|1617283083641|ATM|false|1637287766828|Moderate risk
35184372115875|1630760759177|POS|false|1631736812236|Moderate risk
43980465138084|1643505971196|IPv4|false|1660731630264|Low risk
57174604671397|1662964073454|IPv4|false|1663476500424|Moderate risk
27046|1584125826311|NFC|false|1639996704308|Very high risk
48378511649191|1651508436824|MAC|false|1668409151571|Severe risk
43980465138088|1644728859250|ATM|false|1663077738756|High risk
13194139560361|1603036194017|PHONE|false|1671248854151|Low risk
35184372115882|1633943175417|IPv6|false|1660181167344|Moderate risk
39582418626987|1640472903715|WIFI|false|1641780890776|Severe risk
8796093049260|1592760905102|ATM|false|1659360274472|Significant risk
8796093049261|1594367780023|IPv4|false|1643962884671|Low risk
61572651182510|1671901494477|WIFI|false|1672352132453|Minimal risk
43980465138095|1644633218614|NFC|false|1651206603728|Significant risk
26388279093680|1620662408897|RFID|false|1642337144960|Moderate risk
43980465138097|1647986617534|ATM|false|1660376075768|Minimal risk
35184372115890|1634436225815|IPv4|false|1638853095705|Extreme risk
27059|1579397493268|IPv4|false|1627252905018|High risk
4398046538164|1590311036135|IPv6|false|1622391907689|Very high risk
52776558160309|1657118767009|MAC|false|1663930288648|Extreme risk
13194139560374|1599007200822|MAC|false|1628574968575|Low risk
52776558160311|1659349499309|RFID|false|1662475145889|Severe risk
39582418627000|1637831079987|POS|false|1661960829977|High risk
52776558160313|1661644924338|POS|false|1667350043649|Moderate risk
27066|1578291746047|QRCode|false|1588979704898|Critical risk
17592186071483|1605731013319|ATM|false|1650345522791|Low risk
30786325604796|1627527401316|QRCode|false|1640616565516|Severe risk
30786325604797|1626585602998|NFC|false|1669985572006|Minimal risk
26388279093694|1620504835575|QRCode|false|1665895340358|Extreme risk
8796093049279|1594671492131|IPv6|false|1648070385806|Minimal risk
52776558160320|1660417347516|ATM|false|1661038991835|Critical risk
57174604671425|1667921924960|IPv4|false|1670954840842|Very high risk
57174604671426|1667264305719|PHONE|false|1672297677297|Moderate risk
43980465138115|1647862114585|IPv4|false|1667595102950|Significant risk
4398046538180|1584441684319|IPv4|false|1640647756294|Minimal risk
30786325604805|1623961533695|WIFI|false|1643890866584|Low risk
48378511649222|1654752127561|POS|false|1672136030027|Extreme risk
13194139560391|1602774377216|MAC|false|1635770646440|High risk
52776558160328|1661510410636|POS|false|1664383350623|Extreme risk
57174604671433|1667735411106|NFC|false|1671074789837|Low risk
17592186071498|1605694725731|POS|false|1664532354211|Critical risk
21990232582603|1614986406072|PHONE|false|1619765850691|Minimal risk
43980465138124|1643237421879|POS|false|1668237189104|Significant risk
39582418627021|1638150042179|PHONE|false|1642653519249|Critical risk
13194139560398|1600339845430|IPv4|false|1620085428692|Critical risk
27087|1579116127473|PHONE|false|1642658290234|Moderate risk
52776558160336|1662446450374|QRCode|false|1668128781556|Critical risk
48378511649233|1654090874627|WIFI|false|1667015841268|Minimal risk
4398046538194|1587200363165|NFC|false|1614735852600|Severe risk
39582418627027|1641989012197|MAC|true|1644097615886|Severe risk
13194139560404|1603606388962|MAC|false|1645409904470|Minimal risk
21990232582613|1616886042979|IPv6|true|1637441253251|Critical risk
52776558160342|1661727435062|QRCode|false|1670298953236|Minimal risk
27095|1580690472358|NFC|false|1639741446636|Minimal risk
35184372115928|1634459390053|ATM|false|1652841032658|Low risk
30786325604825|1625457260850|ATM|false|1651339803341|Significant risk
27098|1578351569233|NFC|false|1632335210430|High risk
48378511649243|1652838402603|POS|false|1669179068197|Very high risk
8796093049308|1594945606102|NFC|false|1615656354065|Significant risk
17592186071517|1606643428211|IPv4|false|1608783962193|Very high risk
35184372115934|1633430969475|WIFI|false|1671512580468|Extreme risk
21990232582623|1616241665327|IPv6|false|1670744203320|Severe risk
8796093049312|1591483260583|ATM|false|1606509345476|High risk
52776558160353|1656991573773|WIFI|false|1657816090038|High risk
43980465138146|1648801028518|QRCode|false|1657917001508|Severe risk
35184372115939|1633685385298|PHONE|false|1669799045924|Very high risk
4398046538212|1590546534033|QRCode|false|1670768534103|Severe risk
35184372115941|1633942044872|NFC|false|1646463488487|Low risk
26388279093734|1619983748547|POS|false|1640470317813|Significant risk
43980465138151|1643305380356|MAC|false|1667326151340|Significant risk
52776558160360|1658454467462|RFID|false|1666989077421|Significant risk
39582418627049|1639367907649|IPv6|false|1640000370396|Critical risk
61572651182570|1670369468329|QRCode|false|1671041571734|High risk
57174604671467|1663174766818|QRCode|false|1669442245510|Minimal risk
13194139560428|1603238303938|IPv6|false|1651959232223|Extreme risk
21990232582637|1612507223629|IPv4|false|1665570293364|Extreme risk
27118|1579065817107|WIFI|false|1598677040848|Significant risk
4398046538223|1588975211041|ATM|false|1593370975095|Severe risk
39582418627056|1639052667982|ATM|false|1666216262970|Minimal risk
43980465138161|1644361541527|QRCode|true|1669742745957|Severe risk
57174604671474|1666791264045|ATM|false|1671513299032|Very high risk
26388279093747|1623400386259|PHONE|false|1637943306207|Severe risk
30786325604852|1624788504014|IPv6|false|1664522512178|Severe risk
4398046538229|1584408550194|QRCode|false|1598438152558|Extreme risk
43980465138166|1644203508393|IPv4|false|1659313602597|Significant risk
21990232582647|1613745504027|IPv6|false|1670695075872|Low risk
26388279093752|1619074951974|ATM|false|1636163387220|Very high risk
30786325604857|1627346855018|IPv4|false|1668078811290|Very high risk
52776558160378|1657442618683|POS|false|1664503311906|Critical risk
27131|1580246202187|RFID|false|1590474690056|Very high risk
30786325604860|1626065824990|NFC|false|1635982102182|Critical risk
4398046538237|1585339760820|POS|false|1587452393642|Critical risk
17592186071550|1608726537149|IPv6|false|1609942515360|Moderate risk
35184372115967|1630427598160|IPv4|false|1665568388378|High risk
52776558160384|1661618819759|QRCode|false|1665529957990|Significant risk
52776558160385|1662595712459|RFID|false|1669199307505|Very high risk
52776558160386|1661242210817|WIFI|false|1668355167111|Minimal risk
57174604671491|1667558563974|RFID|true|1670954843492|Very high risk
27140|1579864860595|IPv6|false|1643747351686|High risk
27141|1584208107341|POS|true|1662983716525|Low risk
61572651182598|1669425293614|MAC|false|1670864202516|Moderate risk
61572651182599|1670558976411|ATM|false|1671352134661|Significant risk
17592186071560|1609449476737|ATM|false|1626696138445|Minimal risk
52776558160393|1658271043402|MAC|false|1671604712375|High risk
13194139560458|1603643837768|PHONE|false|1648945805957|Extreme risk
52776558160395|1658989934561|WIFI|false|1667026951860|Severe risk
4398046538252|1586661357878|QRCode|false|1629416520679|Minimal risk
8796093049357|1592097448596|IPv4|false|1658501922349|Very high risk
30786325604878|1627915890223|QRCode|false|1638676758101|Very high risk
4398046538255|1589483254895|WIFI|false|1593224208101|Low risk
48378511649296|1654822924893|ATM|false|1664870384555|Critical risk
17592186071569|1604960737852|IPv6|false|1659771464977|Significant risk
48378511649298|1650869333376|RFID|false|1659644966576|High risk
57174604671507|1666055196913|MAC|false|1668719531908|Minimal risk
39582418627092|1639073429576|QRCode|false|1643403614331|Minimal risk
4398046538261|1585870981897|MAC|true|1620936964186|Very high risk
39582418627094|1642446836938|PHONE|true|1665571213528|Very high risk
48378511649303|1655173265923|POS|false|1660573697537|Severe risk
21990232582680|1614572360060|PHONE|false|1631327227411|Significant risk
35184372115993|1636076891766|NFC|false|1653346901470|Severe risk
30786325604890|1625315654105|IPv6|false|1647466426918|Moderate risk
39582418627099|1636839206222|NFC|false|1666808670957|Severe risk
30786325604892|1626116212869|QRCode|false|1648883552724|Low risk
27165|1578213924317|QRCode|false|1610972588979|Critical risk
4398046538270|1586113220130|POS|false|1620342028462|Critical risk
21990232582687|1612378370006|IPv4|false|1670115718284|Very high risk
17592186071584|1606658971442|RFID|false|1655765245005|Critical risk
27169|1580896789659|WIFI|false|1628247332454|Severe risk
4398046538274|1588742065718|POS|false|1643616969457|Extreme risk
21990232582691|1614715934939|ATM|false|1627617742511|Very high risk
35184372116004|1633844687409|QRCode|false|1652057228878|Moderate risk
26388279093797|1621423629927|PHONE|false|1628829058227|Significant risk
27174|1583393153371|IPv6|false|1618528266131|Minimal risk
21990232582695|1613709093965|POS|false|1660826239943|Extreme risk
39582418627112|1639869854360|IPv4|false|1664696623040|Extreme risk
17592186071593|1608583447856|MAC|false|1625241326164|Moderate risk
35184372116010|1631657695342|QRCode|false|1650402753513|Critical risk
21990232582699|1615197863524|POS|false|1664494998450|Moderate risk
27180|1581014547558|IPv4|false|1604867839618|Moderate risk
48378511649325|1650622660525|ATM|false|1655244746209|Very high risk
4398046538286|1585874717891|IPv6|false|1667462456782|Severe risk
21990232582703|1614948960205|PHONE|false|1666844875064|Very high risk
30786325604912|1629184124955|ATM|false|1670365472854|Moderate risk
17592186071601|1608032465006|PHONE|false|1651621023808|Minimal risk
27186|1582446563517|IPv4|false|1636539655847|Extreme risk
21990232582707|1612512744940|PHONE|false|1660924744288|Critical risk
26388279093812|1619424636776|IPv6|false|1620382449373|Moderate risk
57174604671541|1663910276940|PHONE|false|1666496093078|Minimal risk
52776558160438|1659491358950|QRCode|false|1663071213725|Low risk
35184372116023|1631915457242|POS|false|1671501167599|Significant risk
57174604671544|1668502720311|POS|false|1671499256742|Extreme risk
21990232582713|1612091054896|ATM|false|1660305065320|Very high risk
52776558160442|1657523999863|MAC|false|1670939628939|Very high risk
27195|1583012048701|MAC|false|1593875992546|Minimal risk
30786325604924|1627362811579|IPv6|false|1660390864211|Critical risk
30786325604925|1624308703011|PHONE|false|1633879541990|Critical risk
43980465138238|1649036400329|IPv4|false|1658661208958|Significant risk
4398046538303|1586784022867|IPv4|false|1588833053706|Minimal risk
52776558160448|1658555841147|WIFI|false|1660147257501|Extreme risk
26388279093825|1621203982092|NFC|false|1660113721287|Moderate risk
8796093049410|1593799139312|WIFI|false|1671428595161|Critical risk
61572651182659|1670883344054|WIFI|false|1672090091380|Minimal risk
48378511649348|1651943598743|NFC|false|1659679876341|Moderate risk
30786325604933|1628366797591|ATM|false|1670049825268|Significant risk
48378511649350|1655538588863|WIFI|false|1657203415591|Minimal risk
27207|1578739331499|PHONE|false|1630183434063|Critical risk
4398046538312|1589446664819|POS|false|1609792601857|Severe risk
57174604671561|1667269083200|POS|false|1671561395546|Critical risk
17592186071626|1604750197602|WIFI|false|1655834815693|Significant risk
26388279093835|1618368586677|MAC|false|1638762867249|Minimal risk
27212|1581412267318|NFC|false|1646394946046|Low risk
27213|1584235898668|RFID|false|1590685649785|Low risk
52776558160462|1660838978488|RFID|false|1671625751389|Significant risk
39582418627151|1638298215661|PHONE|false|1668633944841|High risk
26388279093840|1622992479436|PHONE|false|1653306259913|Low risk
52776558160465|1656437085098|ATM|false|1656647792209|Low risk
21990232582738|1612401619460|WIFI|false|1635984143759|Moderate risk
52776558160467|1656584539537|MAC|false|1661345963834|Severe risk
57174604671572|1666467691129|ATM|false|1668460539840|Low risk
48378511649365|1654288488344|WIFI|false|1666273445788|Critical risk
8796093049430|1592909424107|RFID|true|1648532355564|Severe risk
52776558160471|1658126892658|POS|false|1665388490107|Critical risk
26388279093848|1617169919722|ATM|false|1627698301062|Very high risk
8796093049433|1594902403631|NFC|false|1621182215419|Significant risk
61572651182682|1670385017208|ATM|false|1671414419597|Significant risk
4398046538331|1584440078877|ATM|false|1641780761590|Critical risk
48378511649372|1650859433887|POS|false|1667248407642|High risk
21990232582749|1616108816678|RFID|false|1623030596486|Critical risk
35184372116062|1634016227891|RFID|false|1656601155427|Severe risk
43980465138271|1648682415838|POS|false|1655994439220|Significant risk
48378511649376|1652532603950|RFID|false|1667918254079|Very high risk
8796093049441|1594378051783|IPv4|false|1635217895518|Significant risk
8796093049442|1592830584054|IPv4|false|1636938635534|Significant risk
17592186071651|1604815471744|IPv4|true|1658141561175|High risk
13194139560548|1598074614979|POS|true|1656750702108|Very high risk
27237|1580606149345|POS|false|1591511770386|Very high risk
48378511649382|1650562003403|ATM|false|1663252034885|Significant risk
39582418627175|1638432232068|ATM|false|1647800233494|Moderate risk
39582418627176|1640450287141|PHONE|false|1659544012885|Extreme risk
43980465138281|1645787724562|WIFI|false|1668457909614|Minimal risk
21990232582762|1615285279348|IPv6|false|1671596313905|Moderate risk
13194139560555|1598151094850|IPv4|false|1664483347720|Moderate risk
48378511649388|1653550814146|IPv4|false|1659554608531|Extreme risk
17592186071661|1605566179248|POS|false|1667592401598|Moderate risk
27246|1582638862748|ATM|false|1606434232167|High risk
13194139560559|1603717779636|IPv6|false|1604106060310|High risk
26388279093872|1620384999506|ATM|false|1662674882077|Significant risk
43980465138289|1646853787515|WIFI|false|1662266679807|Moderate risk
27250|1581585311674|IPv4|false|1597842492436|High risk
13194139560563|1597708353878|IPv6|false|1644913909596|Low risk
13194139560564|1603912135725|PHONE|false|1624838386617|Critical risk
43980465138293|1649100059263|IPv4|false|1653124234240|Moderate risk
30786325604982|1624778853525|RFID|false|1627341479004|Minimal risk
43980465138295|1647612769410|POS|false|1671704541448|Moderate risk
35184372116088|1630955704392|NFC|false|1648482601809|Very high risk
30786325604985|1624767052329|NFC|true|1626836157629|Extreme risk
57174604671610|1666559186734|IPv6|false|1668995983812|Minimal risk
21990232582779|1614413449731|IPv4|true|1659559414688|Extreme risk
8796093049468|1591871132300|IPv6|false|1651484116556|Low risk
30786325604989|1626624992728|QRCode|false|1665293892715|Critical risk
26388279093886|1621227503529|NFC|false|1633056295399|High risk
30786325604991|1629162116616|PHONE|false|1652248527306|Critical risk
27264|1578326966575|NFC|false|1649201570657|Low risk
43980465138305|1645325836094|IPv4|false|1646402958698|Critical risk
17592186071682|1607669632494|RFID|false|1658066458723|High risk
35184372116099|1634311513438|ATM|false|1672018751871|Extreme risk
27268|1581336869625|ATM|false|1640559020245|Critical risk
39582418627205|1642767055095|ATM|false|1668381685738|High risk
4398046538374|1584794409118|MAC|false|1632319902993|Low risk
43980465138311|1646032165363|IPv4|false|1649136334959|High risk
43980465138312|1643825100943|POS|false|1661806247845|Critical risk
4398046538377|1586466237782|ATM|false|1646981877006|Moderate risk
13194139560586|1597512325679|QRCode|false|1608011069671|Moderate risk
8796093049483|1593693809150|POS|false|1608096966785|High risk
39582418627212|1641579864418|POS|false|1658912925767|Critical risk
39582418627213|1641000967110|RFID|false|1663725386655|Severe risk
27278|1578926748502|PHONE|false|1597418604590|Significant risk
61572651182735|1672361345768|POS|false|1672527166924|Minimal risk
26388279093904|1618387749580|QRCode|false|1658011201487|Severe risk
39582418627217|1640639874193|IPv6|false|1663248446719|Minimal risk
57174604671634|1668238066481|POS|false|1672469000019|Moderate risk
35184372116115|1634106321968|IPv4|false|1642741438015|Extreme risk
39582418627220|1639285364892|ATM|false|1671075827883|Very high risk
35184372116117|1631403103538|ATM|false|1670108116189|Critical risk
8796093049494|1593685226941|QRCode|false|1630038238748|Critical risk
21990232582807|1612800341786|RFID|false|1641748192583|Extreme risk
43980465138328|1646985555176|QRCode|false|1670040774647|Low risk
8796093049497|1593337036436|QRCode|false|1604346757678|Extreme risk
35184372116122|1630830765792|PHONE|true|1655011350958|Low risk
39582418627227|1637399972922|ATM|false|1666007938736|Severe risk
13194139560604|1602443278107|PHONE|false|1645970100469|Minimal risk
8796093049501|1597290848615|IPv6|false|1622600622444|Severe risk
8796093049502|1596503547089|MAC|false|1613971373879|Very high risk
39582418627231|1636988470787|ATM|false|1671277274936|Extreme risk
4398046538400|1586941831480|RFID|false|1611286144343|Minimal risk
4398046538401|1588752319767|PHONE|false|1672061992899|Very high risk
57174604671650|1667264676997|QRCode|false|1672020874753|Moderate risk
26388279093923|1621405247671|QRCode|false|1663548104960|High risk
27300|1581642282452|NFC|false|1666827774398|Moderate risk
30786325605029|1625610987198|WIFI|false|1642677485994|Moderate risk
27302|1583508515004|QRCode|false|1607765820021|Low risk
39582418627239|1640748193211|POS|false|1652751813475|Extreme risk
17592186071720|1605330555902|NFC|false|1646361782774|Low risk
30786325605033|1624988253309|IPv4|false|1660703492780|Very high risk
21990232582826|1613961245808|ATM|false|1623551923999|Critical risk
57174604671659|1664961059375|MAC|false|1668698216204|Moderate risk
52776558160556|1657202755241|IPv4|false|1664916806741|Critical risk
13194139560621|1598586247714|IPv6|false|1602017894166|Significant risk
61572651182766|1670240270132|WIFI|false|1670310337937|Critical risk
39582418627247|1639479628649|MAC|false|1654185331819|Severe risk
43980465138352|1645503344743|NFC|false|1647042526963|Low risk
4398046538417|1590197226899|POS|false|1638817934802|Low risk
39582418627250|1638665008078|POS|false|1670046362783|Extreme risk
57174604671667|1664506190684|IPv6|false|1665949123060|Significant risk
30786325605044|1627924086920|WIFI|false|1657360435578|Severe risk
17592186071733|1606996273900|PHONE|true|1622017217400|Moderate risk
26388279093942|1621424949069|ATM|false|1628769842273|High risk
17592186071735|1608606598789|PHONE|false|1609652085643|Moderate risk
27320|1583023356621|ATM|false|1619033630095|Significant risk
8796093049529|1591458797140|NFC|false|1606072521056|Very high risk
39582418627258|1638950880123|POS|false|1643625871149|Low risk
30786325605051|1626892805143|POS|true|1654694244024|Severe risk
43980465138364|1645394635129|IPv4|false|1666461557665|Significant risk
26388279093949|1617699759068|RFID|false|1626983414319|Very high risk
17592186071742|1610485677758|RFID|false|1617344055655|High risk
27327|1582264872876|POS|false|1650095100814|Severe risk
39582418627264|1642291981066|WIFI|false|1656335654315|Extreme risk
8796093049537|1594307898851|NFC|false|1605135190892|Minimal risk
39582418627266|1638357537126|QRCode|false|1658576917189|Significant risk
21990232582851|1616950320046|NFC|false|1662421660746|Low risk
61572651182788|1672487830150|MAC|false|1672504839887|Moderate risk
13194139560645|1603121199426|ATM|false|1652859678955|Minimal risk
57174604671686|1667208994171|POS|false|1671170534496|Severe risk
21990232582855|1614069746709|RFID|false|1639209207554|Severe risk
30786325605064|1627189442997|IPv4|false|1628788062316|Very high risk
8796093049545|1592474236211|WIFI|false|1637022345197|Critical risk
8796093049546|1597344750059|ATM|false|1642126824748|Severe risk
39582418627275|1638334348669|POS|false|1646029974612|Critical risk
43980465138380|1645506347793|MAC|false|1660753132882|Low risk
52776558160589|1659600202308|POS|false|1667192937979|Very high risk
48378511649486|1651599796836|NFC|false|1658588004450|Critical risk
17592186071759|1606251225877|POS|false|1636655774304|Critical risk
21990232582864|1614583204787|RFID|false|1660251720320|High risk
52776558160593|1657178781911|ATM|false|1660427394238|Moderate risk
39582418627282|1636695022559|QRCode|false|1669556658620|High risk
48378511649491|1655174615911|NFC|false|1664293751915|Very high risk
8796093049556|1591666623830|QRCode|false|1592811793758|Low risk
57174604671701|1665174840408|NFC|false|1668737633392|Severe risk
30786325605078|1627049129021|PHONE|false|1657492652029|Severe risk
17592186071767|1605285137918|IPv6|false|1631503036237|High risk
61572651182808|1669734080383|NFC|true|1672192442301|Extreme risk
26388279093977|1617784448035|POS|false|1636790188483|Moderate risk
21990232582874|1611376596083|NFC|false|1626540132243|Critical risk
17592186071771|1606931723530|WIFI|false|1629950230897|Critical risk
39582418627292|1640150436643|NFC|false|1670169165215|Extreme risk
52776558160605|1660848936381|IPv6|true|1661670772082|Moderate risk
27358|1582668687577|PHONE|false|1613592346514|Critical risk
61572651182815|1670711649036|ATM|false|1671655793253|Moderate risk
61572651182816|1669996350934|QRCode|false|1670540748736|Minimal risk
57174604671713|1664382071792|ATM|false|1665601339641|Very high risk
43980465138402|1648001742892|IPv4|false|1666473233639|Severe risk
61572651182819|1671323909216|QRCode|false|1672391542648|Low risk
17592186071780|1604540631464|RFID|false|1638237453556|Extreme risk
17592186071781|1606317999233|IPv4|false|1609212016085|Significant risk
52776558160614|1656290761323|PHONE|true|1672396169981|Critical risk
27367|1583839107942|IPv6|false|1661608268225|Critical risk
4398046538472|1589326581616|ATM|false|1640263187592|Critical risk
4398046538473|1588179170652|PHONE|false|1613616501155|Moderate risk
4398046538474|1589606224382|NFC|false|1628980274879|Extreme risk
35184372116203|1633442443931|ATM|false|1667506041936|Significant risk
39582418627308|1637325307950|IPv4|false|1657044121484|Very high risk
43980465138413|1646856491921|PHONE|false|1668034986980|Significant risk
57174604671726|1665945911256|MAC|false|1668373710021|Very high risk
35184372116207|1633648704454|PHONE|false|1640824484752|Very high risk
27376|1578151043888|IPv4|false|1608117254073|Low risk
17592186071793|1607424612121|IPv6|false|1622995060943|Minimal risk
61572651182834|1671091847700|NFC|false|1672004607498|High risk
48378511649523|1651846422355|POS|false|1666766286738|Very high risk
13194139560692|1598357955049|IPv4|false|1668111215566|Low risk
4398046538485|1589688366412|MAC|false|1639826238934|Low risk
26388279094006|1622136255844|RFID|false|1644493731788|Extreme risk
57174604671735|1669029842129|RFID|false|1671076237935|Significant risk
61572651182840|1670287254867|QRCode|true|1671661769230|Significant risk
8796093049593|1595139856244|IPv4|false|1672008089651|Very high risk
52776558160634|1658849990406|PHONE|false|1660356386249|High risk
26388279094011|1622603598614|QRCode|false|1654375604988|Very high risk
35184372116220|1632249052782|IPv4|false|1644665813235|High risk
30786325605117|1626140302583|POS|false|1661514563041|Severe risk
13194139560702|1602591911066|WIFI|false|1665679280707|Very high risk
8796093049599|1595896925979|MAC|false|1612518839563|Significant risk
35184372116224|1635149499279|IPv4|false|1653011345299|High risk
17592186071809|1609042702657|NFC|false|1656207780671|Extreme risk
27394|1582810404252|ATM|false|1639773576168|Extreme risk
57174604671747|1668804007323|POS|false|1672396873491|Significant risk
43980465138436|1643923812911|PHONE|false|1663865523872|Extreme risk
30786325605125|1624830818949|NFC|false|1667631933308|High risk
57174604671750|1667537247762|POS|true|1671169021673|High risk
8796093049607|1597303080769|PHONE|false|1669298552525|Severe risk
21990232582920|1611836277391|QRCode|false|1644378259331|Moderate risk
30786325605129|1628919824965|IPv6|false|1648994515306|Severe risk
30786325605130|1625863605232|IPv4|false|1648672732422|Moderate risk
57174604671755|1666721038351|RFID|false|1667943112766|Moderate risk
43980465138444|1646502385861|WIFI|false|1672467333201|Low risk
43980465138445|1647708320538|QRCode|false|1672369730346|Extreme risk
57174604671758|1664917675751|IPv4|false|1670766259302|Significant risk
17592186071823|1609367073418|WIFI|false|1664880307125|Moderate risk
30786325605136|1628622339450|PHONE|false|1661519601192|Significant risk
48378511649553|1649987596777|MAC|false|1656210040253|Extreme risk
13194139560722|1600110739095|POS|false|1652989237801|Significant risk
30786325605139|1625938687680|IPv6|false|1644984509514|Critical risk
57174604671764|1665028422115|QRCode|false|1665297335864|Low risk
30786325605141|1629704779231|WIFI|false|1649315535329|Minimal risk
48378511649558|1650960868762|IPv6|false|1660740773153|Critical risk
13194139560727|1598085750088|PHONE|false|1617657434663|Moderate risk
39582418627352|1638744440879|IPv6|false|1658670453853|Low risk
13194139560729|1599955112609|NFC|true|1632123968344|Critical risk
13194139560730|1599401225957|IPv4|false|1617413480199|Very high risk
39582418627355|1639522067612|ATM|false|1665375824391|Extreme risk
17592186071836|1607744676636|ATM|false|1613116923863|Significant risk
8796093049629|1595443760559|RFID|false|1598664831451|Extreme risk
8796093049630|1591843110724|IPv4|false|1596826290407|Moderate risk
43980465138463|1649029107322|WIFI|false|1654047108759|Severe risk
43980465138464|1643766692140|MAC|false|1662812717154|Critical risk
21990232582945|1612815304461|POS|false|1614628439526|Extreme risk
48378511649570|1653516086596|QRCode|false|1656543258687|Minimal risk
52776558160675|1659092293743|RFID|false|1671171068843|Very high risk
35184372116260|1634982387560|QRCode|false|1668477155821|Very high risk
35184372116261|1632143901458|NFC|false|1668443591394|Very high risk
8796093049638|1592653871106|ATM|false|1609440775704|Moderate risk
57174604671783|1663143861960|PHONE|false|1665048326805|Moderate risk
8796093049640|1594179415654|PHONE|true|1672044862545|Moderate risk
17592186071849|1606258832607|PHONE|false|1653999220756|Minimal risk
39582418627370|1642026851972|MAC|false|1653386501947|Very high risk
52776558160683|1657423632646|NFC|false|1668610088507|Low risk
4398046538540|1590822285992|IPv6|false|1640852094990|Significant risk
26388279094061|1619087714158|RFID|false|1634223445995|Low risk
48378511649582|1650859714546|MAC|false|1661004857452|Significant risk
21990232582959|1611897851194|NFC|false|1618414262090|High risk
35184372116272|1632808608380|IPv4|false|1651492186741|Severe risk
8796093049649|1595333497235|WIFI|false|1622060152550|Moderate risk
21990232582962|1613200739483|ATM|false|1630619232954|Minimal risk
30786325605171|1628521612902|ATM|false|1646634955595|Moderate risk
4398046538548|1590051581530|IPv6|false|1604565974177|Severe risk
4398046538549|1589948848230|MAC|false|1642983413467|Severe risk
52776558160694|1659641439062|MAC|false|1662988747373|Very high risk
30786325605175|1624171938071|NFC|false|1650953825753|High risk
52776558160696|1660481907623|POS|false|1662132512532|High risk
39582418627385|1641896613522|POS|false|1643152023664|Low risk
35184372116282|1635358027844|IPv4|false|1636033936483|Moderate risk
52776558160699|1656369610907|MAC|false|1662728200065|Extreme risk
21990232582972|1615366793764|ATM|false|1615774370505|Minimal risk
39582418627389|1639362082445|MAC|false|1642880611228|Moderate risk
48378511649598|1652596744542|IPv6|false|1661815200272|Severe risk
27455|1579757351688|PHONE|false|1639102755423|Minimal risk
8796093049664|1594430566440|POS|false|1620885390918|Extreme risk
8796093049665|1594108704511|ATM|false|1604442100730|Critical risk
52776558160706|1657482689419|RFID|false|1665143437665|Moderate risk
43980465138499|1644344210581|NFC|false|1660052425852|Low risk
13194139560772|1601833129932|IPv6|false|1612382553711|Critical risk
35184372116293|1634515566452|ATM|false|1658484596651|Severe risk
39582418627398|1642113520876|IPv4|false|1653192972088|Extreme risk
21990232582983|1612489121154|IPv4|false|1633344603368|Low risk
35184372116296|1630303721390|ATM|false|1669251332976|Very high risk
43980465138505|1646139964984|PHONE|false|1650261178145|Very high risk
8796093049674|1595477826687|WIFI|false|1638446336496|Severe risk
43980465138507|1646694805364|NFC|false|1656262156084|Significant risk
21990232582988|1615396738936|IPv6|false|1624504463080|High risk
4398046538573|1584384800193|WIFI|false|1610345654244|Significant risk
52776558160718|1658419687774|MAC|false|1670943218517|High risk
35184372116303|1635415950219|IPv6|false|1643401343526|Minimal risk
48378511649616|1652956082285|PHONE|false|1671991023328|Very high risk
43980465138513|1647019428819|IPv6|false|1663098780166|High risk
13194139560786|1600047769578|POS|false|1640736223137|Moderate risk
4398046538579|1589185394538|IPv6|false|1671439034042|Moderate risk
52776558160724|1661225293231|RFID|true|1665376734486|High risk
43980465138517|1649013461852|QRCode|false|1660967205115|Minimal risk
27478|1578350639636|QRCode|false|1601052786739|Moderate risk
26388279094103|1622467589510|NFC|false|1626663761920|Minimal risk
21990232583000|1616286910465|ATM|false|1661532370669|Moderate risk
52776558160729|1656561524763|NFC|false|1663703097158|Extreme risk
35184372116314|1633612761293|IPv6|false|1649289018189|Very high risk
48378511649627|1651724428869|POS|false|1655192377281|Moderate risk
30786325605212|1628270052066|MAC|false|1643538857811|Very high risk
43980465138525|1647169367342|IPv6|false|1650579875720|Low risk
4398046538590|1587576236685|PHONE|false|1622450511541|Significant risk
52776558160735|1658616842695|NFC|false|1672308325810|Low risk
21990232583008|1611166614541|WIFI|false|1622665593960|Low risk
30786325605217|1629952731259|ATM|false|1631433968683|Extreme risk
4398046538594|1590612515461|POS|false|1669723084794|Minimal risk
27491|1579261434299|NFC|false|1598903865413|Moderate risk
21990232583012|1616032852653|ATM|false|1654919458577|Moderate risk
43980465138533|1648876684116|IPv6|false|1667260660363|Extreme risk
4398046538598|1586954023273|NFC|false|1599453055254|Moderate risk
43980465138535|1646456475524|PHONE|false|1659005971510|Critical risk
8796093049704|1595188042113|MAC|false|1596611288817|Significant risk
39582418627433|1639947408882|RFID|false|1661182673846|High risk
17592186071914|1609423765886|PHONE|false|1614018596767|Low risk
52776558160747|1661539494817|IPv6|false|1665459480758|Moderate risk
4398046538604|1587473584865|MAC|false|1626029416960|Minimal risk
57174604671853|1664611875942|RFID|false|1670490672705|Severe risk
57174604671854|1665124961626|POS|false|1667783978352|Severe risk
26388279094127|1622423347821|POS|false|1624701462318|Minimal risk
35184372116336|1633902780212|NFC|false|1669538902050|Very high risk
17592186071921|1607241144327|PHONE|false|1636662393178|Minimal risk
4398046538610|1584929691041|MAC|false|1662078075611|Significant risk
21990232583027|1612052711223|ATM|false|1631789420342|Moderate risk
4398046538612|1588332791084|QRCode|false|1659840457456|Severe risk
8796093049717|1591539697933|RFID|false|1625828876504|Moderate risk
21990232583030|1616588020511|POS|true|1621434008112|Moderate risk
61572651182967|1670993271954|IPv4|false|1671392809396|Moderate risk
35184372116344|1632988356348|NFC|false|1652755494405|Very high risk
21990232583033|1616540269684|QRCode|false|1627033803049|Extreme risk
52776558160762|1660590305635|RFID|false|1660793797002|Minimal risk
43980465138555|1649255311978|ATM|false|1671689876427|Very high risk
26388279094140|1618846546116|IPv4|false|1620652925588|Severe risk
48378511649661|1653895131834|WIFI|false|1656061631635|Extreme risk
27518|1580022671114|POS|false|1620296391684|Low risk
4398046538623|1585176470593|WIFI|false|1667060986235|Critical risk
43980465138560|1647742655033|WIFI|false|1652526016209|Significant risk
43980465138561|1646854276114|NFC|false|1664967398890|Moderate risk
26388279094146|1620066152899|RFID|false|1672287874793|Very high risk
27523|1584246754746|IPv6|false|1598243513828|Significant risk
8796093049732|1593225876420|POS|false|1601733479282|Severe risk
17592186071941|1609708360429|QRCode|false|1642228021675|Severe risk
35184372116358|1634054023243|WIFI|false|1640329782999|Very high risk
27527|1581649960558|NFC|false|1623515041177|Critical risk
17592186071944|1607309821221|ATM|false|1672325262757|Significant risk
48378511649673|1651488237179|RFID|false|1663556648887|Low risk
57174604671882|1667452358194|ATM|false|1670966790853|Very high risk
13194139560843|1602465870094|QRCode|false|1637000497523|Extreme risk
52776558160780|1656557838987|POS|true|1667063629447|Minimal risk
52776558160781|1659769088703|RFID|false|1665002640387|Critical risk
26388279094158|1620327292976|MAC|false|1662621750464|Critical risk
21990232583055|1614760761670|NFC|false|1667357576495|Low risk
4398046538640|1587381188792|NFC|false|1628666747285|Very high risk
26388279094161|1621164302373|POS|false|1647203175532|Significant risk
21990232583058|1616578582503|WIFI|false|1668110531547|Severe risk
35184372116371|1632603985275|IPv4|false|1644858738311|Minimal risk
39582418627476|1637348552309|PHONE|false|1653108654683|Very high risk
27541|1579180902846|IPv4|false|1606089377454|Low risk
35184372116374|1635182288979|IPv4|false|1655325589767|High risk
8796093049751|1592027412968|MAC|false|1656516909297|Extreme risk
21990232583064|1610817092137|POS|false|1664657949405|Severe risk
57174604671897|1666152590927|PHONE|false|1669021650166|Significant risk
8796093049754|1593945524421|ATM|false|1624755493725|Low risk
26388279094171|1617201324006|IPv6|false|1623874150366|Critical risk
52776558160796|1657211687738|NFC|false|1658720700591|Very high risk
26388279094173|1622915574046|ATM|false|1669058787588|Low risk
57174604671902|1666309841803|WIFI|false|1666900940854|Very high risk
13194139560863|1597831295904|RFID|false|1634278477929|Extreme risk
4398046538656|1589113906713|IPv4|false|1596759859033|Critical risk
17592186071969|1608798981007|IPv4|false|1637371651603|Extreme risk
17592186071970|1607183940966|RFID|false|1645485429543|Significant risk
21990232583075|1614066148895|POS|true|1649470661751|Significant risk
4398046538660|1586937110181|IPv6|false|1660568105336|Severe risk
27557|1583676401677|WIFI|true|1598455212907|Moderate risk
26388279094182|1620583257013|WIFI|false|1648739259991|Extreme risk
35184372116391|1634440511080|NFC|true|1655913821950|Critical risk
52776558160808|1662536571697|NFC|false|1663530663446|Significant risk
4398046538665|1590093289797|IPv6|false|1647251749133|Moderate risk
21990232583082|1615843615350|POS|false|1634802160578|Very high risk
30786325605291|1628273799592|QRCode|false|1652515322787|Minimal risk
17592186071980|1607179175709|NFC|false|1661148997840|High risk
13194139560877|1600827709175|IPv4|false|1626197312129|Moderate risk
8796093049774|1592515491772|RFID|false|1648008215483|Severe risk
43980465138607|1644209724187|POS|false|1667159569569|Severe risk
21990232583088|1610605730036|PHONE|false|1665825803928|Severe risk
26388279094193|1619207743129|WIFI|false|1638478570411|Moderate risk
4398046538674|1587022215934|NFC|false|1598639220233|Critical risk
57174604671923|1666342667198|POS|false|1669387640818|Significant risk
17592186071988|1610346582782|RFID|false|1621379586961|High risk
26388279094197|1619518762526|IPv6|false|1635632059063|Critical risk
27574|1583605574544|IPv6|false|1618199380214|Moderate risk
48378511649719|1653529167919|ATM|false|1663442831290|Minimal risk
30786325605304|1626689367921|RFID|false|1670067891836|Significant risk
21990232583097|1616996439317|IPv4|false|1624381063671|Low risk
17592186071994|1610183945767|POS|false|1641210760121|Severe risk
27579|1580913865781|IPv6|false|1581895675617|Very high risk
48378511649724|1654586079755|PHONE|false|1660293596927|Severe risk
35184372116413|1630996050757|QRCode|false|1658939754301|Critical risk
21990232583102|1611010544243|RFID|false|1612967133408|Very high risk
26388279094207|1618686241634|POS|false|1632979579190|Moderate risk
52776558160832|1660624868546|WIFI|false|1661426121429|Significant risk
35184372116417|1634232103729|RFID|false|1654038367345|Minimal risk
13194139560898|1601025058493|WIFI|false|1660729730847|Minimal risk
30786325605315|1623656459170|IPv4|false|1662108068759|Critical risk
35184372116420|1632566723219|POS|false|1671918756674|High risk
30786325605317|1629161793410|POS|false|1631978879567|Significant risk
48378511649734|1652542420746|IPv6|false|1653474835094|Extreme risk
26388279094215|1619115232736|QRCode|true|1640396097171|Very high risk
61572651183048|1670468552998|IPv4|false|1672229731984|Extreme risk
57174604671945|1664946839481|QRCode|false|1667686157634|Critical risk
57174604671946|1663027346375|RFID|false|1669814221774|Significant risk
26388279094219|1617572939661|PHONE|false|1669975444954|Minimal risk
48378511649740|1655748999030|PHONE|false|1667333581539|Moderate risk
52776558160845|1662526205227|POS|false|1666090802506|Severe risk
48378511649742|1656218506366|IPv6|false|1658951298197|Minimal risk
43980465138639|1646768255881|QRCode|false|1670039966681|Critical risk
43980465138640|1644450643594|POS|false|1651892083322|Minimal risk
35184372116433|1635249963014|PHONE|false|1641745160019|Critical risk
39582418627538|1642265537608|MAC|false|1656637413090|Critical risk
17592186072019|1607662102186|IPv6|false|1632468118146|Low risk
43980465138644|1648275888586|MAC|false|1650529634178|Moderate risk
30786325605333|1626819382321|NFC|false|1671995797902|Moderate risk
27606|1582183718217|WIFI|false|1646841838516|Severe risk
4398046538711|1589735710693|POS|false|1619764537840|Very high risk
13194139560920|1603608720419|ATM|false|1603922566181|Extreme risk
13194139560921|1603503239104|RFID|false|1613438264097|Low risk
48378511649754|1654317638814|ATM|false|1663728446948|Significant risk
57174604671963|1664377961898|IPv6|false|1671386990534|Low risk
13194139560924|1603822994325|PHONE|false|1613376026758|Critical risk
13194139560925|1603535159099|MAC|false|1620029709139|Low risk
52776558160862|1657886050359|PHONE|false|1661957514580|Critical risk
48378511649759|1653140550567|MAC|false|1655785560347|Significant risk
30786325605344|1629857587291|NFC|false|1659628164059|Very high risk
57174604671969|1663241001965|POS|false|1672298147211|High risk
13194139560930|1598024981762|QRCode|false|1656480472600|Severe risk
57174604671971|1662912256601|NFC|false|1666218351771|Moderate risk
21990232583140|1615058423215|ATM|false|1619607995406|Low risk
4398046538725|1584770376939|PHONE|false|1648318322609|Low risk
35184372116454|1630643860719|QRCode|false|1649340544580|Minimal risk
4398046538727|1590116276660|NFC|false|1595001289240|High risk
17592186072040|1609149444046|PHONE|false|1614354895866|Very high risk
35184372116457|1632062679096|QRCode|false|1669615839552|Low risk
61572651183082|1671687043383|RFID|false|1671888766573|High risk
13194139560939|1600918401023|RFID|false|1654243529203|Minimal risk
52776558160876|1661286316116|IPv6|false|1669193581067|Moderate risk
30786325605357|1626367913185|RFID|false|1655500477320|Very high risk
21990232583150|1613193293667|ATM|false|1644475776928|Critical risk
4398046538735|1589988946101|NFC|false|1608575806071|Minimal risk
35184372116464|1634079058086|POS|false|1660511572642|Very high risk
27633|1580342793964|ATM|false|1643847395415|Extreme risk
61572651183090|1669701732479|ATM|false|1670679410050|Significant risk
26388279094259|1620552415330|QRCode|false|1668221642111|Moderate risk
39582418627572|1636993543671|ATM|false|1650967556662|High risk
13194139560949|1601157357308|IPv6|false|1632739027040|Critical risk
43980465138678|1649202532532|RFID|false|1658125277663|Significant risk
35184372116471|1634015493718|ATM|false|1659979355204|Extreme risk
57174604671992|1666602241215|IPv4|false|1670889658789|Extreme risk
30786325605369|1625833962041|RFID|false|1670001119530|Severe risk
8796093049850|1596055477840|MAC|false|1662556566731|Severe risk
4398046538747|1587240728018|ATM|false|1656158213812|Moderate risk
48378511649788|1654220644575|IPv4|false|1669627976143|Moderate risk
39582418627581|1641648803086|QRCode|false|1646282682685|Critical risk
13194139560958|1600049971083|RFID|false|1658870164579|Minimal risk
43980465138687|1644979471132|WIFI|false|1646314516073|Severe risk
39582418627584|1641958339579|PHONE|false|1646563912576|Critical risk
26388279094273|1621883196519|IPv4|false|1662622291773|Low risk
17592186072066|1609409777991|NFC|false|1641621956716|High risk
21990232583171|1616368733966|PHONE|true|1669761970521|Low risk
35184372116484|1633713323387|MAC|false|1654319006394|Low risk
39582418627589|1639071317720|IPv6|false|1646258553112|Significant risk
48378511649798|1652115431399|POS|false|1654852323957|Minimal risk
48378511649799|1655703717314|IPv6|false|1664706861736|High risk
17592186072072|1608756222236|ATM|false|1618947846073|Low risk
27657|1580044185295|ATM|false|1618751487810|Severe risk
21990232583178|1610870143752|IPv6|true|1620759155976|Minimal risk
43980465138699|1648453622601|ATM|false|1666421153889|Extreme risk
4398046538764|1590844415464|IPv6|false|1617487412098|Very high risk
13194139560973|1598319527822|IPv6|false|1655959934176|Significant risk
4398046538766|1589535896706|IPv6|false|1662964585246|Severe risk
30786325605391|1623990622849|MAC|false|1655987825809|Significant risk
26388279094288|1618551264181|IPv6|false|1646823703715|High risk
17592186072081|1608265068951|IPv4|false|1638302761224|Low risk
52776558160914|1661446507259|NFC|false|1670594618003|Significant risk
17592186072083|1606036978827|ATM|false|1620962921471|Low risk
27668|1583915374804|WIFI|false|1652433356477|Critical risk
39582418627605|1641824648617|IPv4|false|1668471019425|Moderate risk
39582418627606|1641076485902|IPv6|false|1665584083211|Severe risk
4398046538775|1586812725279|ATM|true|1650886679530|High risk
61572651183128|1670080856645|RFID|false|1671439166144|High risk
4398046538777|1589920810269|QRCode|false|1619317634247|Very high risk
13194139560986|1599055829312|WIFI|false|1634953071677|Severe risk
17592186072091|1605929446986|QRCode|false|1620917148652|Critical risk
39582418627612|1641841659411|RFID|false|1671106077171|Minimal risk
21990232583197|1615372674608|MAC|false|1651531425574|Severe risk
27678|1578304946086|IPv6|false|1612371113584|Extreme risk
39582418627615|1639222729507|RFID|false|1643395727279|Critical risk
52776558160928|1658221904480|QRCode|false|1667248113766|Minimal risk
17592186072097|1610188060288|IPv6|false|1626913024751|Minimal risk
52776558160930|1657589561069|POS|false|1664419914610|Critical risk
30786325605411|1629418962597|PHONE|false|1637629985364|High risk
35184372116516|1633122232557|POS|false|1672252968761|Severe risk
13194139560997|1598287595250|NFC|false|1658435399683|Severe risk
27686|1583928380674|NFC|false|1672038559807|Extreme risk
30786325605415|1625903222216|NFC|false|1642948604648|Very high risk
4398046538792|1585490631489|MAC|false|1631143772292|Very high risk
13194139561001|1603185202283|IPv6|false|1634695148076|Significant risk
48378511649834|1652994308181|MAC|false|1671996269193|Minimal risk
8796093049899|1591838049929|RFID|false|1592846564513|Low risk
30786325605420|1629833538352|RFID|false|1654188546660|Very high risk
21990232583213|1613850354599|QRCode|true|1671398075787|Severe risk
21990232583214|1614827716911|IPv6|false|1620611076043|Critical risk
8796093049903|1593282824362|IPv6|false|1605617347257|Low risk
48378511649840|1654717795106|WIFI|true|1672393064896|Significant risk
48378511649841|1652500311838|MAC|false|1660030367446|Very high risk
30786325605426|1627873963969|WIFI|false|1633380897065|Low risk
39582418627635|1640226488017|RFID|false|1660358440120|Severe risk
39582418627636|1639562632766|QRCode|false|1640432724466|Minimal risk
17592186072117|1605635458687|POS|false|1627845699710|Critical risk
8796093049910|1594968576033|NFC|false|1658174031039|Critical risk
21990232583223|1611764654231|QRCode|false|1648099570456|Critical risk
13194139561016|1601122803787|NFC|false|1626885467101|Low risk
48378511649849|1655265686857|IPv4|false|1665505967559|Minimal risk
52776558160954|1661603225166|PHONE|false|1665343464216|Minimal risk
4398046538811|1584555245306|RFID|false|1608481340431|Minimal risk
4398046538812|1590450165730|POS|false|1665719429002|Critical risk
35184372116541|1632787924897|QRCode|false|1670481878048|High risk
61572651183166|1672125708471|POS|false|1672313929992|Significant risk
4398046538815|1589869003493|IPv4|false|1590802701762|Moderate risk
27712|1581210235000|ATM|false|1588091393417|Significant risk
39582418627649|1640360075129|WIFI|false|1657084920525|Extreme risk
17592186072130|1606836784333|PHONE|false|1608573207846|Critical risk
21990232583235|1611260781995|PHONE|false|1652941853882|Extreme risk
30786325605444|1625937910293|WIFI|false|1631175177502|Very high risk
13194139561029|1598076059459|ATM|false|1663364078192|Low risk
17592186072134|1606642826984|NFC|false|1641044458858|Significant risk
35184372116551|1631071331894|IPv4|false|1653843240366|Critical risk
52776558160968|1656699463370|POS|false|1663582744271|Significant risk
8796093049929|1592938906192|ATM|false|1626899179204|Severe risk
35184372116554|1631666503318|RFID|false|1634209564221|Severe risk
26388279094347|1622098009687|WIFI|false|1648080527365|Very high risk
48378511649868|1653156357712|IPv6|false|1668399065108|Severe risk
43980465138765|1645422808828|IPv4|false|1658263870991|Significant risk
13194139561038|1603732988139|NFC|false|1669936038746|Minimal risk
21990232583247|1613902289384|NFC|false|1625729164156|Critical risk
61572651183184|1670091696195|NFC|false|1672496482088|High risk
48378511649873|1649748797953|NFC|false|1657036041092|Significant risk
30786325605458|1629520471023|NFC|false|1642100283685|Severe risk
27731|1583797040587|MAC|false|1661275741736|Minimal risk
61572651183188|1669310265304|QRCode|false|1672200981019|Moderate risk
39582418627669|1641154312525|ATM|false|1665824630633|Moderate risk
26388279094358|1621611803704|MAC|false|1629848913111|Minimal risk
35184372116567|1635076435323|IPv4|false|1672396492688|Significant risk
30786325605464|1627653096944|PHONE|false|1641078594258|Severe risk
52776558160985|1659468268113|NFC|false|1666998030598|Severe risk
48378511649882|1654430632219|NFC|false|1658231899160|Critical risk
17592186072155|1604600769968|NFC|false|1653216665465|Minimal risk
57174604672092|1667956052652|ATM|false|1667964213501|Severe risk
4398046538845|1585876437762|ATM|false|1670206565624|Minimal risk
17592186072158|1609010166742|IPv4|true|1657807534818|Minimal risk
57174604672095|1664785999559|ATM|false|1668397975261|High risk
8796093049952|1592933536988|WIFI|false|1600945966178|Very high risk
4398046538849|1588044532837|PHONE|false|1627172932268|Moderate risk
4398046538850|1585804504071|MAC|false|1621624851942|High risk
21990232583267|1613766864394|ATM|false|1640089756138|Minimal risk
48378511649892|1655237759086|MAC|false|1664011238564|High risk
17592186072165|1607953917078|QRCode|false|1609053542834|Critical risk
43980465138790|1645594019859|IPv4|false|1650706889072|Severe risk
30786325605479|1627801535965|PHONE|false|1659119778042|Critical risk
35184372116584|1632724432911|ATM|false|1671691107727|Severe risk
26388279094377|1621226696610|PHONE|false|1668370868762|High risk
52776558161002|1659508466409|QRCode|false|1667419031709|Very high risk
4398046538859|1585429588822|MAC|false|1592582360880|Significant risk
57174604672108|1666961051697|NFC|false|1670891162663|High risk
35184372116589|1633656468618|MAC|false|1642737363531|Extreme risk
43980465138798|1645353059539|WIFI|false|1662168105817|Critical risk
35184372116591|1632584611106|WIFI|false|1654202013492|Critical risk
26388279094384|1623477603278|QRCode|false|1630501908030|Severe risk
13194139561073|1597724439012|POS|false|1614880262835|Critical risk
43980465138802|1643273340306|POS|false|1648869530143|Low risk
52776558161011|1662085804840|POS|false|1669152200518|Significant risk
17592186072180|1606363993266|MAC|false|1618596167646|High risk
17592186072181|1610264920975|IPv6|false|1630899051837|Low risk
35184372116598|1632415446885|QRCode|false|1662409857030|Low risk
26388279094391|1620819206149|PHONE|false|1659700275503|Severe risk
13194139561080|1602130212807|POS|false|1669293445067|Very high risk
17592186072185|1608066084708|PHONE|false|1638507888392|Critical risk
57174604672122|1666298527571|PHONE|false|1670700531948|Very high risk
48378511649915|1651337457156|IPv4|false|1672362994504|High risk
13194139561084|1598366454437|ATM|false|1633319169343|Severe risk
57174604672125|1666993711636|PHONE|true|1667134781190|Low risk
35184372116606|1633836873025|POS|false|1656691417255|Severe risk
30786325605503|1627330126010|RFID|false|1636844260717|Very high risk
57174604672128|1664455342761|MAC|true|1666057912099|Significant risk
39582418627713|1640738782836|RFID|false|1668180347124|Minimal risk
27778|1581468658887|ATM|false|1644488177010|Significant risk
57174604672131|1665861998029|PHONE|false|1669581304659|Extreme risk
8796093049988|1591171291492|IPv4|false|1672088630612|Very high risk
26388279094405|1622259605667|IPv4|false|1645358268204|Very high risk
27782|1583307436094|QRCode|false|1589237883370|High risk
8796093049991|1591364741096|ATM|false|1628319750796|High risk
57174604672136|1668758444907|MAC|false|1670017164706|Low risk
4398046538889|1589865451776|RFID|false|1621267765506|Extreme risk
35184372116618|1633322988637|WIFI|false|1661850463499|Severe risk
30786325605515|1628396694258|QRCode|false|1654243834077|Very high risk
21990232583308|1611207180433|WIFI|false|1655792911093|Very high risk
39582418627725|1636860164865|QRCode|false|1670376715606|Extreme risk
48378511649934|1653393460410|WIFI|false|1658314663600|Severe risk
61572651183247|1672470330971|ATM|false|1672479094126|Low risk
8796093050000|1594580012942|PHONE|true|1607883426893|Severe risk
35184372116625|1636625245807|MAC|false|1647199609273|Critical risk
39582418627730|1641621904605|WIFI|false|1663125239724|Minimal risk
43980465138835|1648444305258|QRCode|false|1658767931572|Very high risk
39582418627732|1639022188494|POS|false|1642146044665|Low risk
61572651183253|1669745459855|RFID|false|1671792109055|Critical risk
52776558161046|1658411338040|PHONE|false|1665467213157|Critical risk
4398046538903|1585818563055|NFC|false|1606946267527|Extreme risk
35184372116632|1630544760463|IPv4|false|1660839765425|High risk
26388279094425|1619881790450|IPv4|false|1645804917959|Minimal risk
21990232583322|1615692381414|IPv6|false|1647244616954|Very high risk
17592186072219|1607999618252|ATM|false|1641527154512|Low risk
21990232583324|1612521221061|RFID|false|1672373435139|Minimal risk
27805|1583293730697|POS|false|1667723818931|Minimal risk
13194139561118|1602702502921|IPv4|false|1653150623540|Moderate risk
52776558161055|1662055769323|IPv6|false|1662251037534|Critical risk
52776558161056|1657337589300|IPv4|false|1660103731067|High risk
35184372116641|1633544322571|PHONE|false|1661088105391|Significant risk
30786325605538|1624910342376|NFC|false|1632332157725|Extreme risk
35184372116643|1631573955225|ATM|false|1671966407404|Low risk
21990232583332|1614142006085|ATM|false|1618066406822|Moderate risk
4398046538917|1590704063763|PHONE|false|1648112019215|Moderate risk
4398046538918|1590281832531|ATM|false|1646662603798|Critical risk
39582418627751|1637128950606|PHONE|false|1641794549764|Minimal risk
21990232583336|1614653878914|POS|false|1630457933147|Critical risk
52776558161065|1661223620822|QRCode|false|1661749127581|Extreme risk
21990232583338|1615183383296|WIFI|false|1665794273105|Low risk
35184372116651|1635775549660|RFID|false|1649783663228|Significant risk
52776558161068|1659377154654|MAC|false|1665441541905|Low risk
30786325605549|1625460051834|RFID|false|1633761303393|Critical risk
17592186072238|1608170979533|QRCode|false|1610475998626|Very high risk
30786325605551|1629012600373|NFC|false|1647560014937|Severe risk
21990232583344|1613201968677|PHONE|false|1637696422376|Extreme risk
4398046538929|1586111023706|ATM|false|1625079609901|Severe risk
13194139561138|1600887791164|IPv6|false|1612435327145|High risk
4398046538931|1586375683007|POS|false|1605240890476|Critical risk
57174604672180|1664056145015|NFC|false|1671141308581|Significant risk
43980465138869|1645490253686|ATM|false|1650803118237|Severe risk
30786325605558|1624707338960|MAC|false|1640828707760|Significant risk
39582418627767|1638216640206|POS|false|1645200615620|Significant risk
26388279094456|1623453357392|IPv4|false|1645213964593|High risk
21990232583353|1611960841299|MAC|false|1669020584226|Very high risk
43980465138874|1643748923270|QRCode|false|1647045758210|Critical risk
48378511649979|1652409697960|QRCode|false|1657692563060|Extreme risk
26388279094460|1623308396202|RFID|false|1639324952584|High risk
8796093050045|1594021034921|RFID|false|1627556632968|Critical risk
21990232583358|1615543332897|MAC|false|1643137934881|Critical risk
21990232583359|1614293369435|MAC|false|1618101600402|Significant risk
39582418627776|1638148088347|POS|false|1668503018255|Severe risk
39582418627777|1639619672720|RFID|false|1666328691506|High risk
26388279094466|1621994081790|MAC|false|1667525099878|Extreme risk
52776558161091|1659924372142|POS|false|1669362371329|Severe risk
4398046538948|1585330062350|MAC|false|1639587504119|Significant risk
52776558161093|1656678812662|QRCode|false|1663031546850|Critical risk
30786325605574|1627196341527|NFC|true|1634578368531|Severe risk
13194139561159|1597486144428|WIFI|false|1645076058981|Significant risk
26388279094472|1619431657660|WIFI|false|1668672390754|Moderate risk
61572651183305|1670912488138|ATM|false|1671101230006|High risk
57174604672202|1669030165601|POS|false|1670857836924|Minimal risk
39582418627787|1639016753032|WIFI|false|1672375848100|Severe risk
8796093050060|1594917317391|IPv6|false|1635051665552|Very high risk
27853|1584184479515|POS|false|1662638760518|High risk
35184372116686|1632905543442|ATM|false|1643369779340|Extreme risk
52776558161103|1657724865288|MAC|false|1668379906552|Low risk
17592186072272|1606811721965|NFC|false|1651126734978|Critical risk
39582418627793|1642287423358|NFC|false|1645762291960|Low risk
30786325605586|1627823195585|POS|true|1633837639554|Critical risk
4398046538963|1588401583613|QRCode|true|1595326552442|Extreme risk
21990232583380|1616013559058|IPv6|false|1643593452789|Low risk
52776558161109|1661432240015|NFC|false|1665501956027|High risk
26388279094486|1622086410296|IPv4|false|1642998489852|Very high risk
52776558161111|1660930173498|PHONE|false|1669608260494|Minimal risk
30786325605592|1628241301584|RFID|true|1641103751204|Significant risk
61572651183321|1671043571900|POS|false|1671813476086|Critical risk
27866|1583912019859|MAC|false|1597290545766|Moderate risk
35184372116699|1635638769478|IPv4|false|1655742599539|High risk
48378511650012|1655580489928|ATM|false|1658787804560|Minimal risk
27869|1582894003191|PHONE|false|1635859700487|Severe risk
35184372116702|1630791905326|NFC|false|1632118296619|Moderate risk
27871|1579122691144|ATM|false|1627664035374|Very high risk
43980465138912|1648475201075|RFID|false|1650793074098|Minimal risk
39582418627809|1637362845713|POS|false|1661589016501|Extreme risk
4398046538978|1586497311410|NFC|false|1643698829260|Critical risk
21990232583395|1616854817565|POS|false|1632138215183|Low risk
61572651183332|1671915755940|ATM|false|1672492942517|Minimal risk
52776558161125|1661682427270|PHONE|false|1667281130483|Very high risk
35184372116710|1633651927264|MAC|false|1655627603816|Very high risk
57174604672231|1664091143890|WIFI|false|1669252295156|Low risk
26388279094504|1623131128513|IPv4|false|1662229324141|Moderate risk
17592186072297|1605789449384|MAC|false|1617266031612|Moderate risk
30786325605610|1626246925802|ATM|false|1671849008076|Very high risk
4398046538987|1585520160066|WIFI|false|1591192304927|Moderate risk
35184372116716|1631768616130|PHONE|false|1653971170099|Very high risk
39582418627821|1637922473379|RFID|false|1640774933497|Very high risk
26388279094510|1620213686575|WIFI|false|1663802737802|Moderate risk
39582418627823|1638658130095|WIFI|false|1672244006159|Very high risk
48378511650032|1655866214901|WIFI|false|1660710272254|Low risk
27889|1583253236892|PHONE|false|1598326166441|Moderate risk
35184372116722|1636410756089|MAC|false|1647816961024|Moderate risk
52776558161139|1658602628054|WIFI|false|1665559674617|Very high risk
35184372116724|1630806791069|QRCode|false|1634471768637|Significant risk
48378511650037|1655806242562|IPv4|false|1666032544598|Extreme risk
35184372116726|1634112898390|IPv6|false|1657753870831|Severe risk
4398046538999|1586948591624|PHONE|false|1643493601126|Extreme risk
21990232583416|1616892453890|RFID|false|1666772537843|Minimal risk
8796093050105|1596461262604|IPv6|false|1661438404246|Very high risk
8796093050106|1591594954735|RFID|false|1661491379996|Very high risk
26388279094523|1620673390510|ATM|true|1626560684026|Very high risk
39582418627836|1636883558803|MAC|false|1653862196246|Minimal risk
57174604672253|1669272126885|IPv6|false|1671941736668|High risk
61572651183358|1671873712226|WIFI|false|1672473282639|High risk
52776558161151|1661770105737|IPv4|false|1665961392877|Critical risk
8796093050112|1593310521590|WIFI|false|1654997506220|High risk
27905|1580045023057|RFID|false|1640303668719|Significant risk
21990232583426|1612830244869|QRCode|false|1667347213548|Low risk
27907|1582464879000|ATM|false|1585500179311|Critical risk
61572651183364|1670254992860|NFC|false|1672306454741|Moderate risk
26388279094533|1620364605901|RFID|false|1656876598845|Severe risk
43980465138950|1645892077689|IPv4|false|1659965597498|Severe risk
35184372116743|1633358090973|IPv6|false|1667235081816|High risk
30786325605640|1629888728368|MAC|false|1671854911793|Critical risk
35184372116745|1632162894906|WIFI|false|1666513072505|Significant risk
35184372116746|1632465004057|IPv4|false|1658511659186|High risk
17592186072331|1605055357973|WIFI|false|1640535241176|Moderate risk
43980465138956|1648766079565|IPv4|false|1661195289961|Moderate risk
35184372116749|1633089406019|WIFI|false|1664054107832|Severe risk
39582418627854|1639830827434|IPv4|false|1669157105710|Critical risk
21990232583439|1611495847139|IPv6|false|1661198981401|Extreme risk
17592186072336|1609947356093|RFID|false|1638112620226|Critical risk
17592186072337|1608126059205|ATM|false|1620786994982|High risk
21990232583442|1616503432355|ATM|false|1659654629341|Critical risk
35184372116755|1633526881387|RFID|false|1639316198221|Low risk
57174604672276|1664808364775|IPv4|false|1672458766416|Extreme risk
27925|1583946663057|IPv6|false|1630873409588|Severe risk
57174604672278|1666689995636|PHONE|false|1668410420783|High risk
13194139561239|1603611275043|NFC|false|1667307822694|Very high risk
27928|1581515902380|NFC|false|1649079106001|Low risk
13194139561241|1603038623761|RFID|false|1625562409798|Critical risk
52776558161178|1661183495584|IPv6|false|1662986322210|Moderate risk
8796093050139|1592506493496|MAC|false|1628644722604|Minimal risk
4398046539036|1590637470809|WIFI|false|1643268079972|Severe risk
21990232583453|1611969676757|POS|false|1662368627172|Extreme risk
27934|1583905470882|MAC|false|1660832127673|Low risk
57174604672287|1666985057458|WIFI|false|1670405207969|Low risk
30786325605664|1626577139606|WIFI|false|1649218896246|Very high risk
27937|1583812234441|QRCode|false|1599385903918|Very high risk
4398046539042|1588346153461|WIFI|false|1603182805582|Moderate risk
21990232583459|1614368626527|ATM|false|1638360132736|Extreme risk
27940|1583755568245|RFID|false|1626908257252|Low risk
48378511650085|1651077461582|IPv6|false|1671233414164|Very high risk
48378511650086|1654113869995|IPv4|false|1656411678801|Moderate risk
8796093050151|1596046530730|ATM|false|1596355556597|Severe risk
30786325605672|1625912670054|NFC|false|1661179782081|Low risk
27945|1579504273755|ATM|false|1651265279685|Low risk
27946|1581708967070|ATM|false|1611916199408|Moderate risk
39582418627883|1636994939663|WIFI|false|1638749983270|Critical risk
27948|1584044689052|MAC|false|1610695902154|Very high risk
8796093050157|1594915869155|RFID|false|1613804410695|Minimal risk
21990232583470|1612451946498|RFID|true|1660633363208|High risk
57174604672303|1666155977025|WIFI|false|1669888310099|Very high risk
27952|1579821489883|WIFI|false|1650670365680|Minimal risk
4398046539057|1589936767936|PHONE|false|1669954670762|Significant risk
39582418627890|1642054776253|POS|false|1653941345060|Critical risk
26388279094579|1620243937242|POS|false|1667574770949|Minimal risk
21990232583476|1611092011567|ATM|false|1639990146235|Minimal risk
43980465138997|1644758736747|RFID|true|1664754131946|Very high risk
26388279094582|1617207629426|MAC|false|1632256363163|Severe risk
26388279094583|1623003239285|IPv4|false|1647899588008|High risk
48378511650104|1653546246806|ATM|false|1668528840127|High risk
30786325605689|1627253866268|PHONE|false|1631067454728|Extreme risk
39582418627898|1640184573144|ATM|false|1645840342206|Significant risk
57174604672315|1665373850799|QRCode|false|1667823552620|Minimal risk
57174604672316|1663600988981|NFC|false|1666977043136|Very high risk
52776558161213|1657158989926|QRCode|false|1657436201265|Very high risk
57174604672318|1666316591361|MAC|false|1671882811389|Significant risk
57174604672319|1664339748665|IPv4|false|1667793201275|Significant risk
21990232583488|1613387524652|MAC|false|1619565271976|High risk
57174604672321|1665888624481|IPv6|false|1669276625021|Moderate risk
8796093050178|1592186040576|POS|false|1643309144550|Very high risk
30786325605699|1629419093953|WIFI|false|1665610149944|Low risk
52776558161220|1656260634207|PHONE|false|1664068513411|High risk
43980465139013|1646017178445|IPv6|false|1657910460415|Moderate risk
27974|1578147040690|QRCode|false|1670885065454|Critical risk
17592186072391|1608882671495|IPv6|false|1631510099181|Severe risk
21990232583496|1615825610747|RFID|false|1630054472610|Extreme risk
27977|1584166576398|IPv4|true|1646347245659|Moderate risk
21990232583498|1615854078029|RFID|false|1668928869139|Low risk
43980465139019|1649387776865|NFC|false|1666361901861|Very high risk
57174604672332|1663730058889|NFC|true|1667147342535|High risk
39582418627917|1640243758675|RFID|false|1652532205794|Moderate risk
61572651183438|1670106654617|RFID|false|1670759758227|Very high risk
57174604672335|1667677877484|POS|true|1672516070337|Severe risk
13194139561296|1600922877186|IPv4|false|1607363788832|Minimal risk
27985|1583224799566|POS|false|1599148862787|Critical risk
26388279094610|1618939608568|ATM|false|1651451333250|Very high risk
17592186072403|1605822987154|QRCode|false|1612156482344|Extreme risk
30786325605716|1628736175910|PHONE|false|1653810601202|High risk
27989|1583919416476|IPv4|false|1654503867503|Moderate risk
39582418627926|1640835926043|NFC|false|1643238544857|Minimal risk
30786325605719|1628274012968|POS|false|1644819667401|Minimal risk
27992|1583756672134|ATM|false|1615957593103|Minimal risk
17592186072409|1604016376696|NFC|false|1629635657628|Low risk
43980465139034|1645826157679|POS|true|1647312037109|Minimal risk
48378511650139|1650803354353|MAC|false|1665623505176|Significant risk
17592186072412|1608844046920|ATM|false|1642013010272|Critical risk
21990232583517|1610753734641|IPv4|false|1611454466702|Minimal risk
30786325605726|1624645058479|NFC|false|1650910272107|Extreme risk
35184372116831|1630258404181|IPv6|false|1668214105473|Critical risk
52776558161248|1657613399332|POS|true|1668493237623|High risk
13194139561313|1601147738167|RFID|false|1639539329150|Minimal risk
48378511650146|1654936113665|IPv4|true|1671902224995|Extreme risk
8796093050211|1593189551844|ATM|false|1606004801731|High risk
61572651183460|1671550580722|QRCode|false|1672003343256|Extreme risk
30786325605733|1627900096684|WIFI|true|1664000889196|Severe risk
43980465139046|1645584278595|PHONE|false|1663181782424|Very high risk
28007|1579243072240|MAC|false|1590343606597|Moderate risk
4398046539112|1587986526383|WIFI|false|1631087891005|Low risk
26388279094633|1620443602261|WIFI|false|1672181258421|Significant risk
17592186072426|1606118982414|ATM|true|1629515034454|Severe risk
13194139561323|1597622697832|POS|true|1600569876326|Moderate risk
21990232583532|1612664305653|NFC|false|1672127457698|Critical risk
30786325605741|1629912740289|MAC|false|1651227411034|Very high risk
8796093050222|1593263877279|POS|false|1658605239102|Minimal risk
57174604672367|1667643562954|IPv6|false|1671334020034|Very high risk
17592186072432|1604593971053|ATM|false|1645380451106|Moderate risk
13194139561329|1597751821638|ATM|false|1629563473103|Low risk
30786325605746|1624614697494|WIFI|false|1641496449996|Severe risk
52776558161267|1658650901535|NFC|false|1672431308773|Very high risk
43980465139060|1643551467484|IPv4|false|1649831786967|Low risk
35184372116853|1630556650063|QRCode|false|1658114942314|Moderate risk
8796093050230|1593548291840|PHONE|false|1627917423251|Extreme risk
57174604672375|1664852502059|IPv4|false|1671082863344|Moderate risk
57174604672376|1666361615370|IPv6|false|1668131044360|Significant risk
61572651183481|1672423594178|NFC|false|1672430376513|Minimal risk
48378511650170|1653081130138|QRCode|false|1672060828719|Critical risk
8796093050235|1596281887192|ATM|false|1637793548452|Severe risk
26388279094652|1618115216191|QRCode|false|1630253461138|Minimal risk
39582418627965|1638964992336|PHONE|false|1656508607579|Moderate risk
30786325605758|1629283702846|POS|false|1650631855846|Extreme risk
4398046539135|1587192154332|MAC|false|1660339762850|Critical risk
21990232583552|1611490810126|IPv4|false|1668159723393|Severe risk
48378511650177|1654606985499|ATM|false|1670480212585|Severe risk
39582418627970|1636653265023|POS|false|1651243504016|Very high risk
39582418627971|1638433980909|QRCode|false|1647634840206|Severe risk
13194139561348|1602240114059|QRCode|false|1604328452311|Severe risk
52776558161285|1656840386587|MAC|false|1662518667677|Severe risk
52776558161286|1657252275863|NFC|false|1660753246287|Low risk
43980465139079|1646983911956|IPv4|false|1666783739314|Critical risk
13194139561352|1598180587829|WIFI|false|1652781103349|Significant risk
26388279094665|1623469247381|RFID|false|1634939582963|Significant risk
17592186072458|1605175968762|NFC|false|1646074774956|Critical risk
8796093050251|1596154562589|IPv4|false|1671069224223|Very high risk
8796093050252|1593304727773|MAC|false|1618269786000|Very high risk
13194139561357|1602375528225|WIFI|false|1619174330990|Moderate risk
8796093050254|1597331722295|POS|false|1633220528687|Low risk
28047|1581717398381|POS|false|1631709240969|Low risk
13194139561360|1602388084117|WIFI|false|1609829186435|Critical risk
4398046539153|1585277808147|MAC|false|1624827320941|Critical risk
17592186072466|1608592226185|WIFI|false|1625988708126|Critical risk
4398046539155|1585257492651|IPv4|false|1635438157143|Severe risk
30786325605780|1630036947549|POS|false|1653365145004|Minimal risk
52776558161301|1658408650972|IPv4|false|1672477783785|Very high risk
35184372116886|1635150884898|POS|false|1636036204315|High risk
57174604672407|1665946678473|QRCode|false|1671984643052|Moderate risk
13194139561368|1603516253907|PHONE|false|1621956810903|High risk
43980465139097|1647636277781|MAC|false|1658829707619|Very high risk
28058|1579836762156|ATM|false|1618288425235|Critical risk
4398046539163|1590040605223|RFID|false|1630707742216|Moderate risk
57174604672412|1662772386775|MAC|false|1666340980397|Significant risk
61572651183517|1672114928741|POS|false|1672288701844|Significant risk
13194139561374|1598706479309|MAC|false|1622144327813|Minimal risk
61572651183519|1671773108468|MAC|false|1672473378216|Low risk
48378511650208|1650537208411|POS|true|1653939691961|High risk
35184372116897|1633096524814|NFC|false|1644307103215|Critical risk
13194139561378|1602036141639|NFC|false|1610679701916|Very high risk
39582418628003|1639054751389|NFC|false|1671723586413|Critical risk
26388279094692|1619488120030|ATM|false|1634265046686|Low risk
57174604672421|1666206921497|IPv6|false|1671584792501|Severe risk
13194139561382|1602078027326|POS|false|1617119498729|High risk
39582418628007|1642999869252|IPv6|false|1664915056411|Severe risk
8796093050280|1592899443063|WIFI|false|1656081648992|Extreme risk
35184372116905|1635790362779|POS|false|1642761762484|High risk
52776558161322|1660074056595|MAC|false|1663364347220|Minimal risk
39582418628011|1640431935691|RFID|false|1658488714713|Very high risk
48378511650220|1653185676987|WIFI|false|1654788591629|High risk
57174604672429|1662820357231|WIFI|false|1670339443040|High risk
30786325605806|1627720554897|RFID|true|1657046961676|Critical risk
43980465139119|1648414552459|MAC|false|1655107147893|Severe risk
17592186072496|1609962469085|NFC|false|1649171575943|High risk
39582418628017|1639399519517|ATM|false|1660381253603|Critical risk
4398046539186|1590058873363|ATM|false|1605379981918|Critical risk
48378511650227|1652452804767|ATM|false|1662886863862|Severe risk
35184372116916|1632926797316|POS|false|1654492220003|Severe risk
13194139561397|1601683972167|WIFI|false|1607187114210|Moderate risk
30786325605814|1624958495498|ATM|false|1646491057595|Critical risk
4398046539191|1585800045033|IPv4|false|1620730260998|Minimal risk
57174604672440|1666155166000|QRCode|false|1669505583621|Severe risk
48378511650233|1652760196803|PHONE|false|1658847795470|Critical risk
4398046539194|1585126585097|RFID|false|1644683140266|Minimal risk
4398046539195|1589513800991|IPv4|false|1601577104650|High risk
21990232583612|1615942243645|NFC|false|1628580254619|Significant risk
4398046539197|1589679272407|NFC|false|1593427926760|Severe risk
39582418628030|1642701135875|MAC|false|1660043654568|High risk
52776558161343|1658475623190|IPv6|false|1670836306010|Significant risk
39582418628032|1641114919143|PHONE|false|1655239158331|Severe risk
57174604672449|1665100932360|PHONE|false|1666435115325|Low risk
48378511650242|1651103422446|QRCode|false|1667616559997|High risk
52776558161347|1659993494320|RFID|false|1661714953249|Critical risk
48378511650244|1652909145950|MAC|false|1663253214971|High risk
17592186072517|1606236955368|MAC|false|1626781343877|Very high risk
35184372116934|1632767885043|IPv4|true|1658084037642|Extreme risk
21990232583623|1613094988203|MAC|false|1629968257161|Moderate risk
35184372116936|1635072674294|RFID|false|1671865194334|Moderate risk
13194139561417|1598835642815|IPv4|false|1670279938533|Very high risk
43980465139146|1648835660709|PHONE|false|1650522732772|Severe risk
35184372116939|1636581564995|RFID|false|1653413362804|Significant risk
61572651183564|1669526037205|IPv4|false|1670564582593|High risk
21990232583629|1611883864796|NFC|false|1628425353137|Moderate risk
30786325605838|1625523680241|MAC|false|1643326055844|Low risk
4398046539215|1585821493545|MAC|true|1629525505335|Very high risk
8796093050320|1594644995358|RFID|false|1611137332664|Significant risk
48378511650257|1650896167416|ATM|false|1666048899836|Severe risk
8796093050322|1595085285814|PHONE|false|1657032931874|Severe risk
30786325605843|1628638776421|QRCode|false|1648742758709|High risk
26388279094740|1623021805009|WIFI|false|1665610084878|Critical risk
21990232583637|1610511983133|IPv6|false|1656745007830|Significant risk
28118|1582782414253|RFID|false|1628904634243|Minimal risk
48378511650263|1651316109258|POS|false|1664538037225|High risk
17592186072536|1605839018409|IPv4|false|1651370455815|Extreme risk
39582418628057|1638068588963|QRCode|true|1644479123556|Very high risk
35184372116954|1633480670757|PHONE|false|1660345657575|Extreme risk
48378511650267|1652248993212|WIFI|false|1672250844527|Severe risk
4398046539228|1587742136634|NFC|false|1619922324755|Critical risk
26388279094749|1618392180885|IPv4|false|1662715873211|Low risk
28126|1582331497094|MAC|false|1593807609628|Significant risk
43980465139167|1643283989276|NFC|false|1650834337290|Very high risk
57174604672480|1668001022588|IPv6|false|1669762790801|Critical risk
28129|1583858480686|PHONE|false|1636353631709|Severe risk
28130|1584156893113|WIFI|false|1614704504097|Minimal risk
28131|1578545977393|QRCode|false|1581743494036|Very high risk
39582418628068|1637019281522|IPv6|false|1647529154745|Low risk
21990232583653|1611323395030|RFID|false|1624215168874|Minimal risk
8796093050342|1591688247063|IPv4|true|1626068729501|Severe risk
17592186072551|1607971964302|IPv6|false|1650999829260|High risk
4398046539240|1585306497774|POS|false|1588022877921|Moderate risk
39582418628073|1641530095554|IPv4|false|1655414303231|Moderate risk
21990232583658|1614198875575|NFC|false|1664436709322|High risk
43980465139179|1644155250901|NFC|false|1672517137753|Severe risk
13194139561452|1601593493854|MAC|false|1637949128839|High risk
39582418628077|1639675956804|POS|false|1659366986132|Severe risk
30786325605870|1627482809328|IPv4|false|1659015922042|Very high risk
57174604672495|1665878049248|QRCode|false|1667150292657|Extreme risk
35184372116976|1636063221766|MAC|false|1636518496778|Very high risk
43980465139185|1649609499670|PHONE|false|1666535142447|Severe risk
26388279094770|1617509158286|IPv6|false|1654344862541|Significant risk
43980465139187|1647988122803|IPv4|false|1659650720342|Severe risk
52776558161396|1660777625068|WIFI|true|1671791434767|Critical risk
52776558161397|1661900547252|ATM|false|1669269192320|Severe risk
17592186072566|1605425509050|ATM|false|1650611218897|High risk
8796093050359|1595718068786|NFC|false|1661612316352|Moderate risk
28152|1578857233225|MAC|false|1662539444618|Moderate risk
4398046539257|1586759049999|PHONE|false|1668578360548|Severe risk
48378511650298|1651115901123|IPv4|false|1671997317340|High risk
26388279094779|1622324187013|PHONE|true|1643970942334|Very high risk
26388279094780|1621314757711|POS|false|1666983553312|Very high risk
26388279094781|1617691929828|IPv6|false|1620035208378|Severe risk
30786325605886|1629906130868|IPv4|false|1656896100294|Moderate risk
21990232583679|1614700894966|IPv4|false|1625734933552|Minimal risk
39582418628096|1638686822295|ATM|false|1648140946600|Very high risk
52776558161409|1659855608920|RFID|false|1662740180119|Low risk
35184372116994|1632056519770|NFC|false|1642817337871|Severe risk
28163|1581600181162|NFC|false|1671996576673|Significant risk
8796093050372|1591966818925|IPv4|false|1635040412981|Significant risk
26388279094789|1622809279854|WIFI|false|1665009349241|Low risk
13194139561478|1602058222554|ATM|false|1603477911916|Very high risk
8796093050375|1591589413836|MAC|false|1637372276344|Significant risk
52776558161416|1659045614577|IPv4|false|1663962128115|Severe risk
35184372117001|1635027917720|IPv6|false|1670258922885|Very high risk
43980465139210|1647561340337|NFC|false|1665068476650|Low risk
57174604672523|1669078325824|WIFI|true|1669990902424|Moderate risk
61572651183628|1672048016266|PHONE|false|1672358679186|Severe risk
26388279094797|1623062287640|PHONE|false|1636374520109|Significant risk
17592186072590|1605543937979|QRCode|false|1630733812367|Minimal risk
35184372117007|1634361890347|PHONE|false|1659679473701|Very high risk
39582418628112|1636975068245|IPv6|false|1658405359632|Minimal risk
13194139561489|1601831070012|NFC|false|1631206406877|Critical risk
13194139561490|1603491899633|MAC|false|1631804370116|Severe risk
28179|1583186408618|WIFI|true|1660129905040|Critical risk
17592186072596|1610094661688|QRCode|false|1632124666438|Minimal risk
57174604672533|1667839296717|PHONE|false|1672437116918|Minimal risk
26388279094806|1617462106588|PHONE|false|1662280326250|Moderate risk
26388279094807|1620381277396|MAC|false|1664343040933|Critical risk
28184|1578893866338|POS|false|1600325664082|Moderate risk
43980465139225|1649689595388|WIFI|false|1663422683206|Moderate risk
21990232583706|1611105446947|POS|false|1671660103583|Moderate risk
13194139561499|1597993958521|ATM|false|1608430911890|High risk
13194139561500|1601925221437|IPv4|false|1651779830358|Very high risk
26388279094813|1619867377057|PHONE|false|1672193534063|Extreme risk
61572651183646|1672204632535|RFID|false|1672341574794|Severe risk
21990232583711|1616595909359|MAC|false|1644553489317|Moderate risk
57174604672544|1668906126124|IPv4|false|1671098384896|Critical risk
48378511650337|1652495806100|IPv6|false|1669282731688|Significant risk
13194139561506|1600364327326|IPv6|false|1651577012241|Extreme risk
43980465139235|1644909575605|ATM|false|1652363434518|High risk
35184372117028|1633242145695|ATM|false|1637158964633|High risk
13194139561509|1603622247666|MAC|false|1671709030805|High risk
39582418628134|1641177518454|POS|false|1648843753270|Moderate risk
52776558161447|1657275945021|PHONE|false|1668319402092|Significant risk
4398046539304|1586992702646|QRCode|false|1639142224697|Moderate risk
26388279094825|1623368564354|IPv6|false|1629311143744|Low risk
17592186072618|1607208928148|WIFI|false|1626234950662|Low risk
61572651183659|1669660528369|QRCode|false|1671426471674|Severe risk
30786325605932|1625014927728|QRCode|false|1671888533197|Very high risk
28205|1582953139246|IPv6|true|1641339830365|Very high risk
21990232583726|1614170023346|WIFI|false|1661043078795|Severe risk
39582418628143|1643129002375|ATM|false|1667449819945|Moderate risk
30786325605936|1625939496336|IPv4|false|1651580103761|Severe risk
17592186072625|1610140716650|PHONE|false|1639423631512|Moderate risk
43980465139250|1649137713427|PHONE|false|1652873638776|Minimal risk
28211|1578180521290|NFC|true|1588748746790|Very high risk
35184372117044|1633336745655|QRCode|false|1649976981391|Low risk
17592186072629|1607076499316|QRCode|false|1659263422030|Significant risk
26388279094838|1619163457327|WIFI|false|1631359053602|Minimal risk
28215|1581145722670|IPv6|false|1631797307293|Low risk
48378511650360|1650922282024|QRCode|false|1657659785370|Minimal risk
39582418628153|1640927543587|NFC|false|1649937856582|Severe risk
39582418628154|1642221845269|MAC|false|1660111280900|Minimal risk
57174604672571|1665453927105|MAC|false|1669560899750|Moderate risk
57174604672572|1663203727423|MAC|false|1666216956546|Very high risk
35184372117053|1636322838257|IPv4|false|1645301908319|Significant risk
26388279094846|1619015888156|ATM|false|1645950279884|Very high risk
48378511650367|1650644353464|QRCode|false|1651608217129|Minimal risk
39582418628160|1639587517743|MAC|false|1663384924062|Low risk
4398046539329|1589941276511|NFC|false|1658537199573|Very high risk
43980465139266|1646966671074|WIFI|false|1652143322764|High risk
17592186072643|1604206387158|RFID|false|1615386234630|Extreme risk
30786325605956|1626283601283|POS|false|1648566164864|Severe risk
4398046539333|1587193817947|ATM|false|1651352823451|High risk
21990232583750|1610799899660|ATM|false|1636859400248|High risk
17592186072647|1604657045019|QRCode|false|1662895551458|Critical risk
13194139561544|1598395078153|WIFI|false|1624720349582|Severe risk
21990232583753|1614945637170|POS|false|1626705866616|Significant risk
26388279094858|1617773204819|PHONE|false|1651444708310|Extreme risk
4398046539339|1586280477871|POS|false|1615425816240|Extreme risk
26388279094860|1617636378700|IPv4|false|1660061554430|Moderate risk
8796093050445|1597099486414|WIFI|false|1629224184625|Low risk
28238|1582549655120|QRCode|false|1600254062488|Significant risk
8796093050447|1596222958962|WIFI|false|1645232681674|Moderate risk
17592186072656|1610188781563|ATM|false|1625057363864|Critical risk
57174604672593|1663446635541|WIFI|false|1667468156127|Minimal risk
48378511650386|1653619876088|ATM|false|1659114888288|Minimal risk
52776558161491|1657656751584|NFC|false|1660341080156|Severe risk
57174604672596|1668385003069|WIFI|false|1668638044273|Low risk
4398046539349|1585875145344|QRCode|false|1627945347738|Extreme risk
28246|1579319213496|QRCode|false|1659839571889|High risk
26388279094871|1618718101191|POS|false|1631566202858|Extreme risk
48378511650392|1655301427889|PHONE|false|1658733779138|Extreme risk
13194139561561|1598610389753|WIFI|false|1645035382041|Moderate risk
8796093050458|1593287263181|MAC|false|1661412082030|Moderate risk
52776558161499|1656278830785|PHONE|false|1669942026083|Very high risk
61572651183708|1670117847137|MAC|false|1671835703968|Extreme risk
28253|1582210970088|POS|false|1605890491783|Moderate risk
4398046539358|1585961162123|PHONE|false|1664390816271|Moderate risk
13194139561567|1602439774421|IPv6|false|1624403310818|High risk
30786325605984|1629729835543|ATM|false|1664362432599|Extreme risk
30786325605985|1625684222312|POS|false|1631761129531|Significant risk
57174604672610|1662954110071|IPv4|false|1667301568415|Very high risk
30786325605987|1628766081632|MAC|false|1646445339014|Significant risk
26388279094884|1622312170646|NFC|false|1661661077150|Significant risk
48378511650405|1655357868324|RFID|false|1668479159796|Minimal risk
26388279094886|1620569079202|MAC|false|1659309404725|Low risk
28263|1581893940483|MAC|false|1655855636253|Significant risk
30786325605992|1628811389664|NFC|false|1635802476089|Extreme risk
4398046539369|1587038143635|QRCode|false|1617769233971|Very high risk
43980465139306|1646418514628|ATM|false|1668292577313|Significant risk
28267|1584132549277|QRCode|false|1636288176027|Moderate risk
26388279094892|1620186030269|QRCode|false|1633382058586|Low risk
39582418628205|1641868279368|IPv6|false|1650535695256|Minimal risk
13194139561582|1603951335571|RFID|false|1605466421110|Extreme risk
48378511650415|1655990599759|QRCode|false|1669886881848|Severe risk
39582418628208|1641563191822|MAC|false|1670581016320|Significant risk
13194139561585|1600087849790|POS|false|1648515113695|Low risk
52776558161522|1658841404092|POS|false|1663923072640|Significant risk
43980465139315|1644275661874|NFC|false|1671888728832|Very high risk
8796093050484|1592226139941|WIFI|false|1661723448902|Low risk
39582418628213|1638359410861|PHONE|false|1665704682293|Very high risk
35184372117110|1635815711683|WIFI|true|1665660266757|Severe risk
28279|1581720294088|QRCode|false|1645035849904|Very high risk
30786325606008|1623712108749|ATM|false|1648939846201|Very high risk
21990232583801|1611925082632|QRCode|false|1628031462545|High risk
57174604672634|1662835788751|RFID|false|1663721447882|Moderate risk
8796093050491|1591395000597|POS|false|1647747368430|Very high risk
28284|1577867995533|NFC|false|1622899258492|High risk
13194139561597|1603516833894|NFC|false|1617393378647|Critical risk
30786325606014|1627518759738|MAC|false|1636841593987|High risk
57174604672639|1664752024317|ATM|false|1666879430101|Very high risk
21990232583808|1615396039194|POS|true|1618712114333|Very high risk
35184372117121|1634708512398|POS|false|1645531045514|Critical risk
30786325606018|1624118889334|WIFI|false|1645636067738|Extreme risk
28291|1582312639005|MAC|false|1651912986945|Very high risk
48378511650436|1654978942916|MAC|false|1671597464483|Critical risk
48378511650437|1655839500133|PHONE|false|1664874374898|Low risk
35184372117126|1632267381965|IPv6|false|1668267357068|Moderate risk
21990232583815|1615263282464|QRCode|false|1671639109837|Very high risk
8796093050504|1593190270332|PHONE|false|1657636060124|Extreme risk
17592186072713|1608709787443|NFC|false|1633439549163|Moderate risk
61572651183754|1670869050963|WIFI|false|1671628460458|Minimal risk
52776558161547|1656786546973|IPv4|false|1666061135746|Severe risk
8796093050508|1597412515374|MAC|false|1671372331217|Critical risk
43980465139341|1647080113995|MAC|false|1669488288859|Critical risk
4398046539406|1585890548642|WIFI|false|1644364068952|Very high risk
35184372117135|1636538505899|ATM|false|1668726578586|Critical risk
26388279094928|1622036051993|PHONE|false|1628276566912|Low risk
57174604672657|1662776693508|POS|false|1667707152640|Severe risk
43980465139346|1644602937045|POS|false|1655166870008|Very high risk
57174604672659|1667746964649|NFC|false|1668330318273|Critical risk
13194139561620|1597603101747|RFID|false|1634149353422|Extreme risk
43980465139349|1645229146715|ATM|false|1656949789532|Critical risk
52776558161558|1657027037437|RFID|false|1657931423723|Very high risk
17592186072727|1609744240113|QRCode|false|1661000130082|Critical risk
57174604672664|1665294863689|QRCode|false|1671390320149|Critical risk
61572651183769|1671760891927|IPv6|false|1672257779979|High risk
35184372117146|1632033292667|IPv4|false|1635376981813|Severe risk
28315|1580560035293|RFID|false|1664562950465|Critical risk
30786325606044|1625067700217|IPv6|false|1637744920064|Very high risk
61572651183773|1670260382339|MAC|false|1670299738551|High risk
4398046539422|1588416712713|MAC|false|1617949304268|High risk
43980465139359|1648126130874|IPv4|false|1659367798671|Critical risk
57174604672672|1665852694912|POS|false|1666682665819|Severe risk
4398046539425|1590880164326|QRCode|false|1659280737176|Minimal risk
4398046539426|1587348408271|IPv4|false|1652287525773|Low risk
39582418628259|1638624624339|PHONE|false|1671678052684|Extreme risk
48378511650468|1655380598647|IPv4|false|1659331795276|Low risk
17592186072741|1606278321262|ATM|false|1615166094062|Low risk
13194139561638|1601210024280|NFC|false|1665557885342|Severe risk
35184372117159|1635882418949|IPv6|false|1670537018626|Critical risk
4398046539432|1587928231350|QRCode|false|1658846594532|Significant risk
17592186072745|1608604231115|PHONE|false|1649706004172|Severe risk
4398046539434|1587026332958|QRCode|false|1646965121393|Moderate risk
35184372117163|1632198584610|QRCode|false|1634269343413|Moderate risk
26388279094956|1618862128606|IPv6|false|1639308051657|Critical risk
57174604672685|1669214913721|IPv6|false|1669375842541|High risk
4398046539438|1586831239279|PHONE|false|1622144137542|Extreme risk
48378511650479|1651890274398|POS|false|1656841916825|Low risk
17592186072752|1606384434324|PHONE|false|1610025024446|Critical risk
52776558161585|1656798884735|MAC|false|1669751092075|Significant risk
35184372117170|1631527401357|MAC|false|1638023726574|Very high risk
48378511650483|1655939594307|PHONE|true|1671599121843|Severe risk
43980465139380|1646395365784|ATM|false|1652340923085|Extreme risk
48378511650485|1654925535460|MAC|false|1668289790738|Extreme risk
4398046539446|1584434907150|POS|false|1625478015599|Very high risk
13194139561655|1603747613305|IPv4|false|1627885881367|Extreme risk
21990232583864|1612378237824|POS|false|1632825136492|Moderate risk
39582418628281|1639730292952|QRCode|false|1642080123390|Significant risk
35184372117178|1636381311405|NFC|false|1660069639033|High risk
48378511650491|1650821676409|IPv4|false|1668846563135|Critical risk
13194139561660|1603653486488|RFID|false|1634820483948|Very high risk
57174604672701|1666844520998|MAC|false|1671282885349|Significant risk
39582418628286|1641559850912|IPv4|true|1663317154683|Low risk
39582418628287|1640876374151|RFID|false|1651205568773|Very high risk
8796093050560|1595216644130|IPv6|false|1658742916750|Significant risk
4398046539457|1589233811057|QRCode|false|1665850785480|Very high risk
21990232583874|1615997896530|IPv6|false|1626779244117|Very high risk
8796093050563|1595093266110|IPv6|false|1655248924740|Extreme risk
28356|1580137274826|NFC|false|1666758849250|Critical risk
43980465139397|1648453318061|PHONE|false|1648910499079|Minimal risk
39582418628294|1641312989635|QRCode|true|1649977755681|Minimal risk
30786325606087|1624802669180|RFID|false|1643171014412|Minimal risk
39582418628296|1643129123316|ATM|true|1650792846043|Moderate risk
39582418628297|1639885974483|POS|false|1646646685290|Minimal risk
21990232583882|1613732282487|QRCode|true|1624260276030|Severe risk
28363|1581173151168|MAC|false|1661586850832|High risk
21990232583884|1614097493791|IPv4|false|1642866740561|Very high risk
21990232583885|1614819191987|PHONE|false|1628751540310|High risk
17592186072782|1608394487467|NFC|false|1642531532867|Low risk
48378511650511|1651484588676|IPv6|false|1667131615695|Severe risk
48378511650512|1655061419516|QRCode|true|1665345989139|Significant risk
43980465139409|1646997595893|ATM|false|1665842791359|Very high risk
26388279094994|1618269501079|POS|false|1625889260475|High risk
17592186072787|1607220590600|ATM|false|1655097564773|Low risk
17592186072788|1609533604249|PHONE|false|1665351611797|Moderate risk
52776558161621|1660303986718|IPv6|false|1671201600120|High risk
17592186072790|1609533337602|QRCode|false|1611247266913|Severe risk
57174604672727|1667067096776|ATM|false|1672291611469|Moderate risk
39582418628312|1636824662893|PHONE|false|1659794683231|Minimal risk
26388279095001|1619641033295|WIFI|false|1620064475596|Significant risk
35184372117210|1635372915223|IPv4|true|1651368049729|High risk
13194139561691|1598650286502|RFID|false|1609991089676|Extreme risk
57174604672732|1667578744382|POS|false|1667715261937|Very high risk
13194139561693|1600771201344|RFID|false|1619142049221|Significant risk
26388279095006|1618603271626|QRCode|false|1637574360447|Low risk
48378511650527|1651115564996|IPv6|false|1668933016275|High risk
4398046539488|1584719281002|MAC|false|1590766166251|Very high risk
17592186072801|1607849584999|QRCode|false|1615968807426|High risk
35184372117218|1634242294430|ATM|false|1655082755133|High risk
35184372117219|1630370126416|QRCode|false|1645977783535|Severe risk
52776558161636|1657838445778|IPv4|false|1663619232909|Extreme risk
43980465139429|1647403733247|QRCode|false|1653419689377|Critical risk
43980465139430|1645668100510|WIFI|false|1655583095747|High risk
8796093050599|1592387395496|IPv6|false|1612245437905|Critical risk
8796093050600|1593231621932|NFC|false|1641426880022|Critical risk
13194139561705|1600688436345|IPv4|false|1623004160712|Extreme risk
4398046539498|1584873090219|QRCode|false|1653250009112|Minimal risk
4398046539499|1586637995722|POS|false|1595621796149|Critical risk
30786325606124|1625061836142|QRCode|false|1627444855120|High risk
48378511650541|1650447746111|MAC|false|1655810470917|Critical risk
13194139561710|1600629582619|RFID|false|1658630769552|Minimal risk
39582418628335|1642207700715|PHONE|false|1655021269771|Significant risk
21990232583920|1616047582169|QRCode|false|1630375964625|Very high risk
39582418628337|1636792730238|MAC|false|1658148432890|Moderate risk
39582418628338|1637093179464|WIFI|false|1647611441962|Low risk
13194139561715|1602384364078|IPv6|false|1619329207512|Minimal risk
26388279095028|1619976764608|RFID|false|1665662253569|Severe risk
4398046539509|1588369393396|MAC|false|1664897989771|High risk
21990232583926|1616851727136|MAC|false|1636515620999|Moderate risk
26388279095031|1623161256841|POS|true|1646354069189|Minimal risk
52776558161656|1659022725487|WIFI|false|1672395473995|Extreme risk
8796093050617|1595086615348|IPv4|false|1643200047332|High risk
57174604672762|1663377392031|RFID|false|1671180938665|Extreme risk
26388279095035|1623300117856|RFID|true|1624768601862|Severe risk
48378511650556|1650070805951|RFID|false|1667638135916|Moderate risk
43980465139453|1645642274577|QRCode|false|1665390201765|Significant risk
8796093050622|1595226624726|QRCode|false|1647097938973|Extreme risk
48378511650559|1651235512570|NFC|false|1657493026085|Critical risk
13194139561728|1597617223198|NFC|false|1604037310976|Critical risk
61572651183873|1672181185455|MAC|false|1672396859388|Critical risk
4398046539522|1589184921040|RFID|false|1652234025962|Minimal risk
57174604672771|1665272381416|ATM|false|1665299330556|Severe risk
26388279095044|1617524001581|QRCode|false|1627033328159|Critical risk
57174604672773|1666473134285|POS|false|1671307220384|Extreme risk
8796093050630|1593652496204|PHONE|false|1671378493221|Very high risk
28423|1581363686815|WIFI|false|1594801417030|Moderate risk
35184372117256|1634171098532|IPv6|false|1640774835606|Very high risk
39582418628361|1641096418123|IPv4|false|1641301018016|Severe risk
4398046539530|1590878306010|RFID|true|1658025994619|Significant risk
35184372117259|1631286998445|ATM|false|1634071546624|Severe risk
17592186072844|1608644863253|POS|false|1656975304672|Moderate risk
8796093050637|1594640510594|WIFI|false|1603980580311|Minimal risk
4398046539534|1585653098321|NFC|false|1599521071971|Critical risk
48378511650575|1650016299466|RFID|false|1659375225204|Significant risk
8796093050640|1593236856806|IPv6|false|1638598531728|Critical risk
43980465139473|1649651404309|IPv6|false|1654608544861|Low risk
43980465139474|1643733899217|ATM|false|1653984338447|Minimal risk
48378511650579|1650866774594|WIFI|false|1660268131525|Severe risk
8796093050644|1597113141839|QRCode|false|1637855600365|Critical risk
13194139561749|1597768220701|RFID|false|1627311892882|High risk
13194139561750|1597595527316|PHONE|false|1628844216832|Critical risk
13194139561751|1598665417515|PHONE|false|1631490171562|Severe risk
35184372117272|1632802644114|RFID|false|1656828884242|High risk
52776558161689|1658876763683|IPv4|false|1666809933050|Minimal risk
35184372117274|1630726513271|POS|false|1650107690843|Critical risk
52776558161691|1658122592845|IPv4|false|1663282259453|Minimal risk
35184372117276|1635588824306|IPv4|false|1662014544595|Significant risk
39582418628381|1639667583906|MAC|true|1643297264117|Critical risk
43980465139486|1647832376990|WIFI|false|1650781302907|Extreme risk
43980465139487|1646061107740|IPv6|true|1658700421013|Extreme risk
61572651183904|1670026195749|ATM|false|1672128977161|Moderate risk
57174604672801|1664279956315|QRCode|false|1668253517678|Minimal risk
39582418628386|1636639751089|NFC|false|1644396163280|Severe risk
13194139561763|1599611296486|RFID|false|1662186927019|Extreme risk
43980465139492|1645338112736|NFC|false|1661044807179|Significant risk
21990232583973|1613777497650|RFID|false|1631264295451|High risk
13194139561766|1597628509606|IPv4|true|1617303854687|Critical risk
13194139561767|1598853222719|IPv4|false|1600429829791|Moderate risk
28456|1578493490971|POS|false|1627343200756|Very high risk
43980465139497|1646858190462|PHONE|false|1649243459294|High risk
13194139561770|1602255095794|WIFI|true|1634102829941|Severe risk
13194139561771|1603591041968|PHONE|false|1663190399155|Minimal risk
39582418628396|1641699840778|MAC|false|1667096192793|Moderate risk
52776558161709|1659294650283|ATM|false|1664949258795|Extreme risk
21990232583982|1615572768835|ATM|false|1649703783654|Minimal risk
21990232583983|1610539593715|WIFI|false|1623047910121|Very high risk
4398046539568|1586246421197|IPv6|false|1640636057435|Minimal risk
43980465139505|1644843213796|WIFI|false|1654884795969|Extreme risk
26388279095090|1620323317459|ATM|false|1634103599302|Extreme risk
48378511650611|1655327205925|ATM|false|1663733062786|Minimal risk
43980465139508|1647084653865|POS|false|1667984370894|Critical risk
39582418628405|1642398971525|POS|false|1648299928173|Minimal risk
21990232583990|1613488516345|RFID|false|1645815705497|Low risk
4398046539575|1588481738169|QRCode|false|1666614231064|Significant risk
57174604672824|1664636550839|QRCode|true|1667272020345|Severe risk
13194139561785|1603280708286|IPv6|true|1610698762527|Minimal risk
26388279095098|1621946418491|IPv4|false|1643612554846|Minimal risk
61572651183931|1672497176166|NFC|false|1672509175291|Moderate risk
17592186072892|1608511240311|ATM|false|1653353710899|Very high risk
43980465139517|1649485031785|IPv6|false|1654371379230|High risk
35184372117310|1633917695145|WIFI|false|1645467735976|Critical risk
61572651183935|1669983591312|ATM|false|1672385294822|Moderate risk
52776558161728|1657262094085|PHONE|false|1668577248671|Moderate risk
30786325606209|1629164562682|NFC|false|1644357073282|Minimal risk
8796093050690|1593032092216|POS|false|1621214129316|Low risk
57174604672835|1667388697487|RFID|false|1668274182276|Very high risk
52776558161732|1660357512119|ATM|false|1664788709761|Very high risk
61572651183941|1669902077903|ATM|false|1672093571252|Very high risk
8796093050694|1594539533031|NFC|false|1655613384310|High risk
57174604672839|1666771160462|RFID|false|1666998079254|Very high risk
43980465139528|1649253186146|IPv6|false|1655008197803|Severe risk
13194139561801|1599020754772|QRCode|false|1620042431531|Critical risk
4398046539594|1590268134090|IPv4|false|1614775631214|High risk
21990232584011|1611565692965|POS|false|1613524659033|Very high risk
28492|1581567857196|ATM|true|1651140128133|Critical risk
17592186072909|1604905425663|POS|false|1649593773204|High risk
52776558161742|1659390561727|WIFI|false|1664621389847|Extreme risk
52776558161743|1662132578368|IPv4|false|1662861674415|Very high risk
30786325606224|1627372165921|IPv6|false|1668042846122|Low risk
43980465139537|1646257908223|MAC|false|1659149162343|Low risk
17592186072914|1607293159633|IPv6|false|1665780748748|Minimal risk
4398046539603|1589293044978|PHONE|false|1593334560193|Critical risk
35184372117332|1634535120150|POS|false|1636329205421|High risk
30786325606229|1626862667701|ATM|false|1646954950210|Severe risk
8796093050710|1594899875663|PHONE|false|1647082814152|Moderate risk
21990232584023|1612709284495|NFC|true|1642878942904|Very high risk
4398046539608|1588345959171|RFID|false|1632819188700|Severe risk
61572651183961|1670276849814|IPv4|false|1670880397508|Significant risk
43980465139546|1649496679109|IPv4|false|1656585721095|Severe risk
26388279095131|1618658251664|RFID|false|1637886047807|Low risk
13194139561820|1598968865150|IPv6|false|1628406835927|Significant risk
21990232584029|1610710251732|POS|false|1634170076919|Severe risk
52776558161758|1658980720781|RFID|false|1662515589338|High risk
26388279095135|1618378632482|QRCode|true|1652939531254|High risk
57174604672864|1666716474232|QRCode|true|1670156213576|Severe risk
35184372117345|1631392265025|NFC|false|1641689433095|High risk
39582418628450|1642000056938|RFID|false|1656724134341|Minimal risk
4398046539619|1584639843796|IPv4|false|1639000518372|High risk
48378511650660|1655731774464|PHONE|false|1667837171546|Low risk
13194139561829|1602939081375|IPv4|false|1612301169965|Significant risk
30786325606246|1629345906982|WIFI|false|1670058239867|Minimal risk
21990232584039|1611815398351|PHONE|false|1657967121724|High risk
8796093050728|1593085293000|QRCode|false|1672022578232|Critical risk
28521|1578461136173|QRCode|false|1638918765066|Significant risk
61572651183978|1671293064416|IPv4|false|1671738288622|Low risk
52776558161771|1657351669988|IPv4|false|1664735449605|Critical risk
13194139561836|1602525311485|PHONE|false|1632869396940|Extreme risk
30786325606253|1623979866973|IPv6|false|1670713876016|Critical risk
17592186072942|1608273753665|PHONE|false|1641935726384|Moderate risk
17592186072943|1610353312382|POS|false|1662580294335|Severe risk
52776558161776|1658134567097|RFID|false|1662624099552|Moderate risk
21990232584049|1610813475871|RFID|false|1655795828669|Moderate risk
57174604672882|1664258299405|RFID|false|1664431572233|Extreme risk
13194139561843|1603783348650|MAC|false|1653456657174|Critical risk
35184372117364|1630281730780|PHONE|false|1633120890518|Extreme risk
4398046539637|1585586924557|RFID|false|1655527550137|Moderate risk
35184372117366|1636116866887|QRCode|false|1665625203993|Minimal risk
21990232584055|1613164512518|IPv6|false|1646347275168|Minimal risk
17592186072952|1605121233709|IPv6|false|1617121485361|Minimal risk
26388279095161|1620976846360|POS|false|1648142840492|Severe risk
26388279095162|1620571782282|ATM|false|1624946395501|Significant risk
8796093050747|1591584398108|QRCode|false|1664976049397|High risk
57174604672892|1662962751965|QRCode|false|1667091836872|Low risk
48378511650685|1655020696027|ATM|false|1660179307965|Critical risk
26388279095166|1620156437152|RFID|false|1623275309631|High risk
61572651183999|1670864406240|POS|false|1672108226698|Minimal risk
52776558161792|1662156008085|WIFI|false|1670230708131|Moderate risk
35184372117377|1635303793699|NFC|false|1662066614082|High risk
43980465139586|1644253643429|NFC|false|1669033165080|Very high risk
21990232584067|1614837912981|MAC|false|1668470884183|Very high risk
4398046539652|1590025177855|WIFI|false|1630910280657|Significant risk
26388279095173|1622309345831|RFID|false|1670256032456|Low risk
8796093050758|1593967983873|WIFI|false|1638747140360|High risk
39582418628487|1636684660641|NFC|false|1655995000100|Low risk
21990232584072|1616145110227|PHONE|false|1655400156888|Significant risk
17592186072969|1604702441516|MAC|false|1620559003284|Extreme risk
21990232584074|1611982786860|WIFI|false|1622171893859|Minimal risk
26388279095179|1619552125756|RFID|false|1657242130563|Moderate risk
26388279095180|1619572181415|IPv6|false|1636188378030|Severe risk
39582418628493|1638319258550|MAC|false|1640851145491|Significant risk
4398046539662|1588582810810|WIFI|false|1615457444660|Critical risk
43980465139599|1647141001279|PHONE|false|1668222593260|Extreme risk
26388279095184|1618886976410|NFC|false|1649531779052|Very high risk
17592186072977|1604621003649|PHONE|false|1612355893547|Critical risk
57174604672914|1665184623395|IPv6|false|1668916180716|Extreme risk
4398046539667|1589439727973|QRCode|false|1658899453491|Extreme risk
30786325606292|1625104927172|RFID|false|1653453377064|High risk
13194139561877|1601540418773|ATM|false|1603741034632|Minimal risk
48378511650710|1651430303476|IPv4|false|1668656465670|Severe risk
52776558161815|1657658528976|MAC|false|1669966871182|Low risk
26388279095192|1621493082725|WIFI|false|1636577535116|Critical risk
30786325606297|1627916876589|ATM|false|1652131913751|Critical risk
21990232584090|1611659402431|POS|false|1638161031358|Very high risk
35184372117403|1633783659655|IPv6|false|1635478175575|Minimal risk
13194139561884|1602072469251|ATM|false|1657094282588|Low risk
17592186072989|1608663696947|RFID|false|1612479130492|Significant risk
30786325606302|1625775753277|POS|false|1651956800069|Very high risk
13194139561887|1601900457009|POS|false|1656810433026|Very high risk
52776558161824|1659861978545|POS|false|1668997757420|Minimal risk
13194139561889|1598330618154|IPv4|false|1610457618958|Minimal risk
17592186072994|1607440202552|ATM|false|1615032317023|Very high risk
61572651184035|1669389666079|POS|true|1671821215587|Minimal risk
4398046539684|1586315392376|MAC|true|1644447551524|Moderate risk
43980465139621|1646452810615|IPv6|false|1665100968284|Critical risk
48378511650726|1652763607618|ATM|false|1668449078017|Significant risk
4398046539687|1589248561612|PHONE|false|1604554709837|Severe risk
39582418628520|1639222014091|RFID|false|1642580422120|Minimal risk
8796093050793|1593097943149|IPv4|false|1598379676066|Minimal risk
4398046539690|1589134517790|PHONE|false|1604188256912|Significant risk
39582418628523|1638021118515|PHONE|false|1644838095560|Severe risk
4398046539692|1588143497818|RFID|false|1593258600596|Low risk
52776558161837|1661613602361|MAC|false|1667515148324|High risk
35184372117422|1635712051206|RFID|false|1651796847434|Severe risk
28591|1578557258843|MAC|true|1586036946288|Minimal risk
52776558161840|1656791870564|WIFI|false|1668368857830|Extreme risk
30786325606321|1624045573998|NFC|false|1627747868332|Severe risk
4398046539698|1590702514609|MAC|false|1655640412165|Very high risk
21990232584115|1614580414271|MAC|false|1639600728862|High risk
43980465139636|1645989473277|MAC|false|1667887249425|Low risk
48378511650741|1653926572101|POS|false|1666817113270|High risk
26388279095222|1623060028376|RFID|false|1641503460735|Very high risk
13194139561911|1599781581682|MAC|false|1612170563439|Significant risk
48378511650744|1652616015816|ATM|false|1663564506895|Extreme risk
28601|1581217722979|IPv6|false|1600844561746|High risk
13194139561914|1598605877349|IPv4|false|1617748380747|Low risk
52776558161851|1658446823745|QRCode|false|1670831787645|Moderate risk
48378511650748|1653781984482|ATM|false|1662577937063|Significant risk
48378511650749|1650970945291|MAC|false|1662331429728|Significant risk
4398046539710|1586348574263|PHONE|false|1628787025022|Significant risk
35184372117439|1630170590859|WIFI|false|1668950663275|Severe risk
57174604672960|1664360142557|WIFI|false|1669008203695|Minimal risk
4398046539713|1587975837683|QRCode|false|1627841682858|Low risk
21990232584130|1611517117930|IPv4|false|1652605017007|Severe risk
57174604672963|1662831924504|ATM|false|1671386065545|High risk
4398046539716|1586799343726|WIFI|false|1595963764816|High risk
35184372117445|1635830999852|MAC|true|1650335283079|Significant risk
48378511650758|1650040785110|POS|false|1653650599232|Very high risk
28615|1581112895410|MAC|false|1660180628485|Significant risk
26388279095240|1618165319788|PHONE|false|1646456488360|Moderate risk
26388279095241|1619771948934|MAC|false|1633358510904|Moderate risk
43980465139658|1647508882365|IPv4|false|1658235269450|High risk
61572651184075|1670076086572|RFID|false|1670395674550|Critical risk
39582418628556|1638105624870|QRCode|false|1648074694434|Extreme risk
26388279095245|1617543301637|IPv6|false|1626649580512|Low risk
28622|1580992735753|MAC|false|1582013013988|Critical risk
8796093050831|1591311393169|WIFI|false|1657542672096|Critical risk
13194139561936|1599915550471|WIFI|false|1602251917015|Low risk
30786325606353|1629829512777|NFC|false|1637341876718|Severe risk
48378511650770|1654705129161|NFC|false|1665245412257|Severe risk
30786325606355|1629372739778|QRCode|false|1651882823140|Very high risk
21990232584148|1611955931350|WIFI|false|1627557475245|Moderate risk
28629|1584245224162|WIFI|false|1602899863170|Low risk
4398046539734|1588670789205|MAC|false|1608259152543|High risk
21990232584151|1614610722018|NFC|false|1649671900741|Very high risk
4398046539736|1586364625905|MAC|false|1599261199809|Extreme risk
43980465139673|1649445644128|IPv6|false|1672133873943|Very high risk
4398046539738|1589132881840|IPv4|false|1626404371025|Minimal risk
4398046539739|1585663099332|IPv4|false|1621072965707|Severe risk
8796093050844|1595674324106|MAC|false|1631529036263|Critical risk
61572651184093|1670824973491|WIFI|false|1672321208183|Low risk
4398046539742|1586775676229|RFID|false|1651820642525|Critical risk
4398046539743|1587140135624|IPv4|false|1639389556868|Extreme risk
30786325606368|1627824205780|IPv4|false|1634327923806|Minimal risk
39582418628577|1638385437227|POS|false|1668133395588|Extreme risk
57174604672994|1663103679328|WIFI|false|1670115405236|Severe risk
17592186073059|1607618450137|NFC|true|1634983755809|Low risk
13194139561956|1599239101163|NFC|false|1634849788683|Low risk
57174604672997|1665519883417|IPv4|false|1670250591325|Critical risk
28646|1582882373579|RFID|false|1583322298506|Severe risk
4398046539751|1588220095185|WIFI|false|1610948646685|Critical risk
13194139561960|1603900569962|POS|false|1661792638932|High risk
39582418628585|1642067885312|IPv6|false|1655952793095|Minimal risk
48378511650794|1654794577768|MAC|false|1662252094707|Extreme risk
39582418628587|1638550323178|RFID|false|1649699209398|Very high risk
57174604673004|1663259728020|WIFI|false|1668979817341|Moderate risk
48378511650797|1655026429350|ATM|false|1667535769746|Minimal risk
30786325606382|1625130528487|NFC|false|1629770388546|Severe risk
26388279095279|1622543274706|ATM|false|1631262928157|Moderate risk
8796093050864|1591329201294|PHONE|false|1666903113474|Moderate risk
17592186073073|1604889286875|NFC|false|1610763743674|Very high risk
13194139561970|1602370657838|PHONE|true|1662261057895|Minimal risk
57174604673011|1667151212962|IPv4|false|1670306965373|Critical risk
8796093050868|1592343338087|POS|false|1658786221462|Moderate risk
48378511650805|1654194304177|QRCode|false|1656435239062|Severe risk
48378511650806|1652561709560|POS|true|1666882120565|Significant risk
26388279095287|1621758287539|POS|false|1651782183513|Moderate risk
35184372117496|1633964268760|IPv6|false|1671693955357|Critical risk
35184372117497|1633119650233|IPv4|false|1647823068827|Extreme risk
4398046539770|1589638905948|NFC|false|1665070489870|Extreme risk
8796093050875|1597003782775|RFID|false|1639987662549|Critical risk
61572651184124|1672493462111|PHONE|false|1672525835047|Significant risk
8796093050877|1593743220728|RFID|false|1629073860637|Critical risk
26388279095294|1619373385807|NFC|false|1671817559328|Low risk
30786325606399|1624397225352|MAC|false|1645126895633|Moderate risk
26388279095296|1622541706089|POS|false|1629861419731|Moderate risk
35184372117505|1630593178826|MAC|false|1632344720847|Critical risk
57174604673026|1668200959198|ATM|false|1669667474720|Severe risk
39582418628611|1637886014485|MAC|false|1659534488217|Low risk
4398046539780|1588303737586|QRCode|false|1636604529209|Very high risk
39582418628613|1642698769306|ATM|false|1652393531576|Severe risk
30786325606406|1624172334427|ATM|false|1627337533640|Extreme risk
43980465139719|1643289719401|WIFI|false|1643600541928|Significant risk
39582418628616|1636730596775|QRCode|false|1665139558320|Low risk
26388279095305|1621447566607|PHONE|false|1647773736525|Significant risk
52776558161930|1659024249491|MAC|false|1662917586324|Moderate risk
13194139561995|1603519051768|RFID|false|1633328186179|Moderate risk
8796093050892|1597379656378|PHONE|false|1668758657820|Severe risk
35184372117517|1634890011138|RFID|false|1667609534347|Low risk
17592186073102|1609594979784|IPv6|false|1631649553300|Severe risk
17592186073103|1605529417367|IPv4|false|1617033704467|Significant risk
21990232584208|1610550776819|ATM|false|1639309289079|Very high risk
35184372117521|1635785968317|NFC|false|1666403904052|Moderate risk
39582418628626|1641663021867|NFC|false|1672046156919|Minimal risk
8796093050899|1595937189972|POS|false|1621098030811|Minimal risk
21990232584212|1615293479692|POS|false|1629532044875|Significant risk
21990232584213|1612134708693|ATM|false|1647936550172|Minimal risk
39582418628630|1641751764900|RFID|false|1655587671573|High risk
28695|1584343575048|RFID|false|1633691816168|Moderate risk
57174604673048|1667962528769|QRCode|false|1672423183365|Moderate risk
57174604673049|1667613973284|QRCode|false|1671537146371|Critical risk
8796093050906|1595674323654|PHONE|false|1661163090296|Minimal risk
48378511650843|1656224343836|QRCode|false|1665424483746|Minimal risk
48378511650844|1652991790598|WIFI|false|1658022291182|Severe risk
39582418628637|1637941309692|POS|false|1666203142141|Critical risk
30786325606430|1624655048715|ATM|false|1640818959088|Very high risk
26388279095327|1618946068184|WIFI|false|1626613327393|Minimal risk
52776558161952|1658275876251|POS|false|1666613601816|High risk
61572651184161|1669911062369|RFID|false|1671151994710|Significant risk
26388279095330|1617974085350|WIFI|false|1651800506610|Minimal risk
28707|1583422078055|IPv6|false|1642551532454|Extreme risk
28708|1579973618190|PHONE|false|1642845619044|Low risk
21990232584229|1615979163905|ATM|false|1664083317425|Moderate risk
13194139562022|1601129228348|NFC|false|1626398672295|Very high risk
28711|1578460520150|PHONE|false|1605115417541|Extreme risk
57174604673064|1664310208310|POS|false|1667903163882|Low risk
61572651184169|1670064066104|IPv6|false|1671095875451|Moderate risk
17592186073130|1606803172207|RFID|false|1619194991040|Moderate risk
28715|1578921505788|NFC|false|1611002193075|High risk
26388279095340|1619229011359|WIFI|false|1620614930358|Critical risk
4398046539821|1587158890256|ATM|false|1623987166524|Severe risk
39582418628654|1637404204283|MAC|true|1670818243459|Minimal risk
43980465139759|1644368245867|ATM|false|1670300453886|Very high risk
4398046539824|1586826868666|QRCode|false|1655358797174|Critical risk
39582418628657|1639091710008|NFC|false|1648271043841|Severe risk
13194139562034|1599312526720|POS|false|1621279166800|Moderate risk
48378511650867|1651187352083|IPv6|false|1665500593912|Critical risk
8796093050932|1594603163078|MAC|false|1642029056461|Low risk
28725|1582422375439|ATM|false|1599367496012|Extreme risk
39582418628662|1637988467257|RFID|false|1650346161262|Severe risk
39582418628663|1642249314031|MAC|false|1663331571098|Low risk
30786325606456|1625512697760|IPv6|false|1662005585418|Very high risk
30786325606457|1624012551711|POS|false|1653234552733|Significant risk
17592186073146|1606090071811|IPv6|false|1625666397034|Low risk
26388279095355|1621806497921|WIFI|false|1642936636433|Significant risk
21990232584252|1614950389301|QRCode|false|1642260708763|Very high risk
43980465139773|1647125925108|PHONE|false|1650289370782|Critical risk
48378511650878|1650480508554|WIFI|false|1662845953594|Extreme risk
43980465139775|1643812230100|POS|false|1645890967086|Extreme risk
26388279095360|1617995535187|RFID|false|1644613542717|Moderate risk
35184372117569|1634743812096|ATM|false|1637724196717|Low risk
17592186073154|1608819315388|ATM|false|1639871606787|Low risk
17592186073155|1608944463043|NFC|false|1658236285950|Moderate risk
13194139562052|1600229465486|NFC|false|1628272571336|Very high risk
35184372117573|1634935255187|QRCode|false|1649267858264|Severe risk
35184372117574|1633846075515|NFC|false|1644415031282|Moderate risk
43980465139783|1643855725930|MAC|false|1666014952914|Extreme risk
28744|1577988849933|NFC|false|1667133222989|Critical risk
48378511650889|1652841800165|NFC|false|1661647326614|Extreme risk
48378511650890|1653377918298|NFC|false|1671599089864|Extreme risk
52776558161995|1656939793344|WIFI|false|1671131254729|Extreme risk
30786325606476|1623696626949|QRCode|false|1633673196716|Minimal risk
30786325606477|1623851811206|QRCode|false|1661691205643|Very high risk
28750|1581250343629|RFID|false|1653595598141|Critical risk
43980465139791|1644172578951|WIFI|false|1647102892471|High risk
35184372117584|1630782580083|MAC|false|1633333023710|Severe risk
4398046539857|1584901821833|RFID|false|1658561135285|Extreme risk
21990232584274|1615580552946|RFID|false|1657864847302|Significant risk
57174604673107|1666494180668|IPv4|false|1666546477977|Severe risk
52776558162004|1659027698693|MAC|false|1662147035183|Moderate risk
48378511650901|1652692361756|POS|false|1670299875639|Critical risk
4398046539862|1586486120664|POS|false|1665026476766|Low risk
17592186073175|1606190944669|MAC|false|1670833156543|Critical risk
48378511650904|1651247655584|RFID|false|1663703390387|Extreme risk
61572651184217|1669969897049|POS|false|1670898568345|Minimal risk
52776558162010|1660859930838|IPv6|false|1670793325175|Severe risk
57174604673115|1667257067382|RFID|false|1671406653149|High risk
26388279095388|1617540109566|ATM|false|1641016546490|Extreme risk
28765|1583294092608|IPv4|false|1641985849766|Critical risk
48378511650910|1656101583137|MAC|false|1661014856055|Low risk
17592186073183|1610071899267|ATM|false|1653074928354|Very high risk
8796093050976|1596056145710|WIFI|false|1660569300314|Critical risk
13194139562081|1601326547939|POS|false|1605006488687|Severe risk
13194139562082|1602021518550|IPv6|false|1631283463013|Extreme risk
43980465139811|1646027426362|PHONE|false|1662963659960|Extreme risk
39582418628708|1637415041601|NFC|false|1656244321369|Moderate risk
35184372117605|1633307982152|IPv4|false|1665192110793|Severe risk
52776558162022|1661171045758|IPv6|false|1672368053953|Very high risk
35184372117607|1634711503611|QRCode|false|1665376539209|Minimal risk
48378511650920|1651604499865|NFC|false|1663970178524|Minimal risk
57174604673129|1665479797190|POS|false|1669773034887|Extreme risk
43980465139818|1644129038015|WIFI|false|1671952254066|High risk
4398046539883|1587884983381|MAC|false|1661660210920|Critical risk
57174604673132|1663549636233|QRCode|false|1668079091006|Low risk
8796093050989|1591367891034|MAC|false|1636966415009|Low risk
52776558162030|1656937056388|PHONE|false|1671082255123|Extreme risk
30786325606511|1627796498849|IPv6|false|1658607899354|Very high risk
30786325606512|1626884208556|MAC|false|1645100955989|Minimal risk
43980465139825|1649326051339|NFC|false|1661331688755|Moderate risk
35184372117618|1631670623375|PHONE|false|1666001241280|Extreme risk
48378511650931|1653681628292|MAC|false|1667101228231|Very high risk
48378511650932|1653008365366|QRCode|false|1668117395956|Low risk
28789|1579510910688|QRCode|false|1612233180161|High risk
8796093050998|1591198513625|WIFI|false|1641848585477|Moderate risk
21990232584311|1611792287742|MAC|false|1638317962353|Very high risk
13194139562104|1600966534122|MAC|false|1623890686716|Extreme risk
26388279095417|1623218373650|MAC|false|1644607659768|Extreme risk
26388279095418|1618493186013|RFID|false|1659091617440|Critical risk
4398046539899|1588747681277|MAC|false|1591735463086|High risk
4398046539900|1586745047394|MAC|false|1613212028521|Severe risk
57174604673149|1664428439622|NFC|false|1669920303618|Minimal risk
30786325606526|1623964331296|QRCode|false|1655289341586|Very high risk
8796093051007|1595415566258|IPv6|false|1630333502406|Significant risk
8796093051008|1597193699436|IPv4|false|1657129639394|Low risk
30786325606529|1629275255798|MAC|false|1671603225349|Significant risk
4398046539906|1585862843791|MAC|false|1632549068845|Severe risk
17592186073219|1606256540087|MAC|false|1606390146532|Critical risk
30786325606532|1628273416833|IPv6|false|1647802260531|Critical risk
26388279095429|1619965918729|WIFI|false|1630468677040|Severe risk
48378511650950|1653122516636|ATM|false|1653724128427|Severe risk
48378511650951|1651983850388|PHONE|false|1668086311659|Severe risk
28808|1583535122789|WIFI|false|1586258437959|Severe risk
4398046539913|1589184575386|IPv4|false|1614698375722|Critical risk
52776558162058|1661375725892|IPv4|false|1665823350210|Moderate risk
21990232584331|1614783973866|ATM|false|1617075921943|Significant risk
52776558162060|1657304960836|PHONE|false|1670956799424|Very high risk
13194139562125|1598796295206|IPv4|false|1648361208874|Very high risk
13194139562126|1600074580088|POS|false|1610843061854|Low risk
13194139562127|1602763826739|POS|false|1665837454782|Severe risk
17592186073232|1607130707616|RFID|false|1627589394658|Critical risk
35184372117649|1633098245020|QRCode|false|1636334875136|Severe risk
52776558162066|1658368277727|QRCode|false|1671404716984|Extreme risk
43980465139859|1649019200037|MAC|false|1669571596175|Critical risk
17592186073236|1608017496671|NFC|false|1645611946241|Extreme risk
48378511650965|1654033938590|MAC|false|1662154801429|Extreme risk
57174604673174|1665598792180|ATM|false|1670979325431|High risk
52776558162071|1661002027587|MAC|false|1669385991718|Significant risk
21990232584344|1610633404218|NFC|false|1671976509447|Very high risk
48378511650969|1654470670289|WIFI|false|1667971078201|High risk
26388279095450|1619981717339|IPv4|false|1626071086654|High risk
48378511650971|1651538428905|NFC|false|1662828292730|Very high risk
13194139562140|1603237209785|MAC|false|1603378518987|Minimal risk
28829|1578922083419|RFID|false|1625658742000|Severe risk
13194139562142|1600490544027|WIFI|false|1668663859444|Low risk
30786325606559|1628218906039|ATM|false|1668667851175|Moderate risk
39582418628768|1637969790751|POS|false|1641119000765|Minimal risk
57174604673185|1665505269457|MAC|false|1666901299379|Critical risk
57174604673186|1666710591044|PHONE|false|1672488562279|High risk
26388279095459|1618057160960|NFC|false|1648284184992|High risk
52776558162084|1657045648420|IPv4|false|1662891551987|Severe risk
17592186073253|1609456538278|IPv4|false|1634427179222|Low risk
52776558162086|1657588957266|WIFI|false|1660498819226|Extreme risk
48378511650983|1655601853626|ATM|false|1668956689779|Very high risk
43980465139880|1645700556245|ATM|false|1666899158727|Very high risk
21990232584361|1616020612432|RFID|false|1630793033916|Low risk
43980465139882|1647910111493|IPv4|false|1659128821074|Critical risk
30786325606571|1627140765965|NFC|false|1660807708240|High risk
8796093051052|1594246371096|PHONE|false|1660217414263|Very high risk
26388279095469|1622955512429|QRCode|false|1644397721829|Low risk
57174604673198|1665642014781|RFID|true|1666487592453|Severe risk
39582418628783|1641259002789|POS|true|1655440123497|Critical risk
28848|1580252381441|WIFI|false|1600678022535|Critical risk
35184372117681|1634886839582|QRCode|false|1657042467833|Significant risk
8796093051058|1594882556044|RFID|false|1639241331388|Critical risk
28851|1583109628119|PHONE|false|1611223105868|High risk
61572651184308|1669410742237|PHONE|false|1670324767596|Severe risk
13194139562165|1602756699096|RFID|false|1670563172348|High risk
13194139562166|1601827322034|PHONE|false|1632578929027|Critical risk
52776558162103|1660655777057|RFID|false|1671030893188|Significant risk
43980465139896|1647411141805|IPv6|false|1655792466075|Moderate risk
8796093051065|1593579879165|PHONE|false|1661488067396|Minimal risk
30786325606586|1629476661544|PHONE|false|1650174186496|Minimal risk
52776558162107|1660881543344|WIFI|false|1663736034604|Extreme risk
43980465139900|1645758399779|IPv4|false|1665707321756|Significant risk
26388279095485|1617565102582|NFC|false|1662594502766|High risk
57174604673214|1665838400709|ATM|false|1671605096713|Low risk
4398046539967|1589981643376|POS|false|1593857356975|Significant risk
4398046539968|1587807093959|IPv4|false|1653598154619|Moderate risk
52776558162113|1661212141571|ATM|false|1665903094348|Minimal risk
21990232584386|1615612301171|PHONE|false|1643882127517|Minimal risk
30786325606595|1624335707304|IPv6|false|1627130687255|Very high risk
17592186073284|1610076655442|POS|false|1629094966568|Extreme risk
61572651184325|1670925493966|RFID|false|1672445108694|Significant risk
4398046539974|1586619209677|IPv4|false|1640414290847|Extreme risk
17592186073287|1609560975053|POS|true|1643724077810|Extreme risk
28872|1583572383289|RFID|false|1586668227146|Moderate risk
52776558162121|1661601631010|IPv6|false|1669135750103|Critical risk
26388279095498|1622371513822|PHONE|false|1630836729781|Significant risk
57174604673227|1664092947045|IPv4|false|1668375758427|Moderate risk
57174604673228|1668420767748|PHONE|false|1668770828712|Very high risk
21990232584397|1610578224178|QRCode|false|1614143250799|Low risk
52776558162126|1662640795669|ATM|false|1666275109409|Moderate risk
17592186073295|1605013952447|PHONE|false|1671738237532|Significant risk
57174604673232|1668666340306|NFC|false|1669766959207|Low risk
21990232584401|1611946123931|PHONE|false|1618163731191|High risk
39582418628818|1639527458480|ATM|false|1651184736388|Extreme risk
43980465139923|1647922139810|IPv6|false|1668305930053|Severe risk
57174604673236|1668175356230|PHONE|false|1671148147596|High risk
8796093051093|1595213864381|MAC|false|1653467745756|Extreme risk
26388279095510|1621068379267|WIFI|false|1655948871809|Significant risk
28887|1579406164009|PHONE|false|1609199441816|Severe risk
48378511651032|1652535305660|RFID|true|1666431078523|High risk
4398046539993|1585094762568|MAC|false|1606976873497|Low risk
52776558162138|1661499499834|IPv6|false|1667802542296|Significant risk
57174604673243|1666403479681|POS|false|1669466777195|Extreme risk
39582418628828|1642258887730|ATM|false|1643627110282|Significant risk
48378511651037|1651233408825|ATM|false|1657542275992|Moderate risk
43980465139934|1643253555319|POS|false|1662753148740|Extreme risk
21990232584415|1614912022822|MAC|false|1664419465707|Very high risk
13194139562208|1601864829491|IPv6|true|1612011285470|Severe risk
26388279095521|1617831719233|QRCode|false|1647996672179|Critical risk
61572651184354|1669591611003|QRCode|false|1670157872264|Minimal risk
57174604673251|1666655337700|POS|false|1670870341668|Very high risk
21990232584420|1611649892656|MAC|false|1663059675075|Extreme risk
26388279095525|1621931896672|WIFI|false|1633541529790|Moderate risk
8796093051110|1594552747943|IPv6|false|1610660289699|Low risk
48378511651047|1650689919779|RFID|false|1662412180781|High risk
26388279095528|1623134206894|WIFI|false|1651601064346|Extreme risk
48378511651049|1653705060706|RFID|false|1667251736799|High risk
35184372117738|1634211135609|PHONE|false|1642905676270|Significant risk
4398046540011|1588992154271|PHONE|false|1589683001965|Significant risk
28908|1584058459736|MAC|false|1644889222164|Critical risk
17592186073325|1604169790095|PHONE|false|1628573199925|Critical risk
26388279095534|1622226566080|NFC|false|1661659959313|Low risk
48378511651055|1651423768598|WIFI|false|1668866251630|Minimal risk
17592186073328|1606244786023|QRCode|false|1637771324882|High risk
30786325606641|1627301922680|WIFI|false|1658396790767|Significant risk
4398046540018|1587744236492|IPv4|false|1652297938578|Significant risk
43980465139955|1645860935589|ATM|false|1664231825813|Minimal risk
57174604673268|1663296067840|WIFI|false|1670449594719|Minimal risk
57174604673269|1665548398303|IPv6|false|1671377681986|High risk
30786325606646|1627184413167|MAC|false|1631408797673|High risk
30786325606647|1628326492737|NFC|true|1637521753085|Low risk
21990232584440|1613167211294|IPv4|false|1623016548272|Moderate risk
35184372117753|1631155843879|MAC|false|1667021096485|Severe risk
48378511651066|1653049120590|RFID|false|1659426308144|Critical risk
43980465139963|1648522183728|IPv6|false|1650903689023|Severe risk
39582418628860|1639404087180|QRCode|false|1667380836236|Very high risk
43980465139965|1647361624811|NFC|false|1656915089130|Critical risk
4398046540030|1589649013107|QRCode|false|1656518145286|Extreme risk
52776558162175|1660935301639|MAC|false|1663532416024|Extreme risk
35184372117760|1630643848810|PHONE|false|1669423990860|Severe risk
52776558162177|1656673818485|RFID|false|1670458719127|Severe risk
48378511651074|1652118549634|IPv4|false|1667055755689|Significant risk
30786325606659|1624918820143|NFC|false|1663512486742|High risk
35184372117764|1631246027512|MAC|false|1652282271554|Low risk
13194139562245|1598186780548|ATM|false|1661211798500|Significant risk
30786325606662|1627573968712|QRCode|false|1635099544193|High risk
26388279095559|1618230318370|MAC|false|1642474186017|Very high risk
17592186073352|1607627528957|NFC|false|1616130646569|Low risk
48378511651081|1655171325662|MAC|false|1656381576376|Minimal risk
43980465139978|1647635926887|IPv6|false|1651094212954|Low risk
39582418628875|1639907761131|QRCode|false|1647889656435|High risk
4398046540044|1589166232489|IPv4|false|1616225304800|Critical risk
17592186073357|1607457121054|ATM|false|1652324392724|Severe risk
39582418628878|1637265055037|NFC|false|1648441664805|High risk
30786325606671|1627003187028|WIFI|false|1668990120991|Very high risk
4398046540048|1585478486438|IPv6|true|1663828134906|Very high risk
43980465139985|1647138863075|MAC|false|1663365735313|Significant risk
57174604673298|1668907656164|IPv4|false|1670492073521|High risk
8796093051155|1593534471869|ATM|false|1624915885833|Very high risk
48378511651092|1655544949295|POS|false|1658773628168|Moderate risk
35184372117781|1631226029899|ATM|false|1632498656246|High risk
26388279095574|1620356730586|PHONE|false|1647619980298|Very high risk
21990232584471|1612938432572|WIFI|false|1667191287529|Moderate risk
52776558162200|1657920612238|NFC|false|1672029898861|High risk
35184372117785|1631537062240|ATM|false|1669531594232|High risk
43980465139994|1643465699366|WIFI|false|1648601636482|Critical risk
17592186073371|1607315568140|MAC|false|1646921470872|Very high risk
21990232584476|1616977229662|IPv4|false|1668932416901|Minimal risk
39582418628893|1641923160915|ATM|true|1653808936537|Minimal risk
43980465139998|1646997794933|NFC|false|1665103233696|Critical risk
28959|1577847812030|IPv4|false|1670695366903|Extreme risk
21990232584480|1616126101329|QRCode|false|1658140125099|Severe risk
39582418628897|1638757502004|QRCode|false|1649617979654|Severe risk
35184372117794|1632363795579|RFID|false|1656921569942|Extreme risk
43980465140003|1643585808599|IPv6|false|1659880778024|Significant risk
4398046540068|1587947211872|IPv6|false|1603156461328|Minimal risk
17592186073381|1605326790095|IPv4|false|1623477980546|Minimal risk
52776558162214|1659800856690|MAC|false|1672002104909|Very high risk
43980465140007|1648728395164|MAC|false|1667466874556|Extreme risk
28968|1578387216943|IPv6|false|1656445406669|Extreme risk
35184372117801|1631699110000|NFC|false|1671231035366|Minimal risk
39582418628906|1638614858812|RFID|false|1660088298792|Severe risk
28971|1583388144563|ATM|false|1671254940297|Significant risk
39582418628908|1638906032084|PHONE|false|1666546928522|Minimal risk
57174604673325|1663899939857|QRCode|false|1665339712770|Critical risk
35184372117806|1630867149527|IPv6|false|1667775685123|Moderate risk
26388279095599|1620849453767|MAC|false|1625315207208|Moderate risk
21990232584496|1613203444638|PHONE|false|1635104439603|Moderate risk
43980465140017|1645944460618|POS|true|1671766130235|Low risk
17592186073394|1607612281635|POS|false|1648560076747|High risk
8796093051187|1591643124336|ATM|false|1646992686365|Moderate risk
17592186073396|1609028098347|POS|false|1656650820628|Moderate risk
13194139562293|1603589734291|QRCode|false|1650955342696|Significant risk
52776558162230|1660927765127|IPv6|false|1661549261980|Significant risk
35184372117815|1634634885669|PHONE|false|1665414167316|Significant risk
17592186073400|1607895564756|IPv6|false|1612755511769|Minimal risk
39582418628921|1636749867082|MAC|false|1671215603429|Very high risk
13194139562298|1599190583460|ATM|false|1640288877073|High risk
28987|1580369191712|IPv6|false|1665142543796|High risk
17592186073404|1610038835633|RFID|false|1649051744793|Significant risk
39582418628925|1640389485278|MAC|false|1667403191717|Moderate risk
35184372117822|1633316024538|PHONE|false|1665925295110|Moderate risk
28991|1577922237830|WIFI|false|1604256016950|Extreme risk
21990232584512|1616893318610|POS|true|1661775342687|Low risk
52776558162241|1660569552908|IPv4|false|1662559378812|Very high risk
52776558162242|1661182559668|RFID|false|1669828864262|Extreme risk
35184372117827|1634619724155|QRCode|false|1644980826786|Low risk
57174604673348|1667903761144|PHONE|false|1671746612544|Critical risk
52776558162245|1662527843609|RFID|false|1669760324191|Very high risk
57174604673350|1668964063172|NFC|false|1670269528594|Very high risk
52776558162247|1658267443994|NFC|false|1669991234676|Significant risk
26388279095624|1621795390646|RFID|false|1671177276069|High risk
26388279095625|1622091834897|WIFI|false|1638580705047|Critical risk
26388279095626|1620864410534|NFC|false|1636709727919|Very high risk
8796093051211|1596394758075|NFC|false|1631181288706|Critical risk
30786325606732|1624285625761|POS|false|1669967820595|Low risk
29005|1580098078996|MAC|false|1590072171244|Low risk
26388279095630|1622069574184|RFID|false|1650586157333|Moderate risk
8796093051215|1594834806895|IPv6|false|1630219010046|Low risk
43980465140048|1647556385448|NFC|false|1653060206171|Extreme risk
39582418628945|1640632382465|IPv6|false|1645460995228|Very high risk
13194139562322|1602520341945|MAC|true|1666368305955|Extreme risk
30786325606739|1623846069977|WIFI|false|1660889321553|High risk
8796093051220|1591100315459|IPv4|false|1617801969483|Significant risk
61572651184469|1669838195597|QRCode|false|1671713501306|Moderate risk
57174604673366|1667528155146|POS|false|1668844841295|Critical risk
4398046540119|1584749263612|IPv4|false|1614898701925|Significant risk
8796093051224|1593024312662|PHONE|false|1602643389352|Significant risk
48378511651161|1651348873499|POS|true|1653950174877|Extreme risk
39582418628954|1640977345798|IPv6|true|1663272437619|Low risk
4398046540123|1589603127737|MAC|false|1595985632851|Significant risk
57174604673372|1665370995627|WIFI|true|1670015520733|Moderate risk
39582418628957|1637057401273|NFC|false|1638189577145|Critical risk
17592186073438|1604263592167|POS|false|1670619813362|Severe risk
8796093051231|1593853687322|QRCode|false|1607297958153|Severe risk
29024|1578141679162|NFC|false|1658173757710|Severe risk
30786325606753|1626552546091|PHONE|false|1664557916766|Low risk
30786325606754|1625466461246|RFID|false|1643519809258|High risk
52776558162275|1656357818175|IPv6|true|1667517348044|Critical risk
30786325606756|1623836022471|POS|false|1648640993043|Minimal risk
8796093051237|1591014818138|PHONE|false|1618106354724|Extreme risk
35184372117862|1635759579287|IPv6|false|1668152358595|Moderate risk
17592186073447|1605929111317|RFID|false|1653764908485|Significant risk
43980465140072|1645214482489|IPv6|true|1646511364553|Severe risk
43980465140073|1648094540229|IPv6|false|1652112988054|Very high risk
13194139562346|1600813232426|NFC|false|1638462848976|Critical risk
52776558162283|1656799416509|ATM|true|1661188678955|Significant risk
30786325606764|1624522893848|MAC|false|1645995810967|Low risk
26388279095661|1619816337826|IPv4|false|1658983585085|Severe risk
35184372117870|1636411561445|IPv4|false|1636947848566|High risk
17592186073455|1605638950242|QRCode|false|1619777393897|Minimal risk
57174604673392|1663909414053|MAC|false|1667259946052|Severe risk
48378511651185|1653644933755|PHONE|false|1655261489597|Severe risk
30786325606770|1624384013763|ATM|false|1630797362492|Low risk
57174604673395|1663384959582|NFC|false|1670878791904|Minimal risk
48378511651188|1651870170059|QRCode|false|1671560958010|Extreme risk
13194139562357|1598677895601|PHONE|false|1655213679482|Moderate risk
26388279095670|1617655013649|IPv4|false|1656662585836|Extreme risk
17592186073463|1609242355907|ATM|false|1625781592659|Very high risk
48378511651192|1650452354147|WIFI|false|1661691867959|High risk
48378511651193|1650299958896|PHONE|false|1666172395474|Significant risk
35184372117882|1631915678686|IPv6|false|1658527783659|Moderate risk
21990232584571|1611772449651|RFID|false|1631641647001|Moderate risk
35184372117884|1632206443304|QRCode|false|1645927479878|Very high risk
52776558162301|1658049922500|QRCode|false|1670586938369|Very high risk
4398046540158|1586168839721|QRCode|false|1657255329616|Significant risk
17592186073471|1607323377687|POS|false|1637395154931|Moderate risk
13194139562368|1598842090529|IPv4|false|1623309921888|Critical risk
13194139562369|1602821729789|PHONE|false|1602848683154|Low risk
13194139562370|1599641003310|NFC|false|1602098648330|Low risk
48378511651203|1653194058386|PHONE|false|1665511188798|Severe risk
21990232584580|1613320258803|RFID|false|1646767874316|Severe risk
29061|1583800019279|IPv4|false|1629486609108|Severe risk
52776558162310|1661569411005|MAC|false|1665044613493|Critical risk
8796093051271|1591539459949|MAC|false|1668953296414|Very high risk
48378511651208|1650065927813|WIFI|false|1671983465799|Significant risk
43980465140105|1647904352479|WIFI|false|1654765237684|Critical risk
48378511651210|1650934826605|NFC|false|1663267357725|Moderate risk
26388279095691|1620415965635|MAC|false|1654619019717|Severe risk
21990232584588|1614917292390|IPv6|false|1634659842669|Very high risk
21990232584589|1611878162677|IPv4|false|1622050831724|Critical risk
39582418629006|1640185127703|MAC|false|1645413776956|Critical risk
61572651184527|1671677528843|IPv6|false|1672148512167|Significant risk
48378511651216|1649783906025|IPv4|false|1666335114737|Significant risk
17592186073489|1605034721715|PHONE|false|1628934914841|High risk
4398046540178|1589990890352|PHONE|false|1642884096928|Low risk
21990232584595|1613992393427|WIFI|false|1659899227924|Significant risk
35184372117908|1632684284079|MAC|false|1639146490942|Severe risk
21990232584597|1611287181601|PHONE|false|1668349401366|High risk
29078|1582535011234|WIFI|false|1643877299942|Extreme risk
48378511651223|1650118817165|IPv6|false|1654204853547|Minimal risk
35184372117912|1630676321660|QRCode|false|1664521320748|Moderate risk
26388279095705|1619021916245|WIFI|false|1619271039522|Critical risk
39582418629018|1641378463919|WIFI|false|1657963209507|High risk
57174604673435|1667335693045|MAC|false|1669621077194|Very high risk
39582418629020|1639492028845|PHONE|false|1640847594476|Extreme risk
39582418629021|1638601953781|NFC|true|1670195450387|Critical risk
21990232584606|1616810032151|POS|false|1660165064930|High risk
26388279095711|1622458300063|PHONE|true|1662323039867|Severe risk
48378511651232|1654407663256|WIFI|false|1670644532308|Severe risk
30786325606817|1626389093389|RFID|false|1627376123735|Extreme risk
48378511651234|1652670238127|IPv6|false|1671801934422|Minimal risk
13194139562403|1597713198383|PHONE|false|1664275272309|Moderate risk
39582418629028|1640332117795|IPv6|false|1644293209900|Low risk
52776558162341|1662762451320|MAC|false|1668818530671|Critical risk
35184372117926|1636383861552|IPv6|false|1660929080910|High risk
13194139562407|1598311048662|PHONE|false|1671313055265|Extreme risk
48378511651240|1649804827290|NFC|true|1664136008224|Very high risk
26388279095721|1622743358621|MAC|false|1631175334673|Extreme risk
30786325606826|1627976216516|NFC|false|1629983971328|Significant risk
17592186073515|1605788752099|MAC|false|1660192156480|Significant risk
61572651184556|1671866931672|QRCode|false|1672174989305|High risk
8796093051309|1596843324498|NFC|false|1638257582690|Very high risk
8796093051310|1593053349812|NFC|false|1603320784550|Moderate risk
57174604673455|1663704197698|NFC|false|1671728199102|Low risk
26388279095728|1623437975111|PHONE|false|1651972820374|Moderate risk
17592186073521|1606997538460|POS|false|1652644471984|Minimal risk
48378511651250|1654477460762|PHONE|false|1667786363275|High risk
48378511651251|1653251598714|IPv6|false|1659292129974|Extreme risk
52776558162356|1661145997505|POS|false|1668005744402|Minimal risk
52776558162357|1660843541673|QRCode|false|1664692001145|Low risk
8796093051318|1596272242452|NFC|false|1609955232219|Moderate risk
29111|1578683633487|ATM|false|1612889263994|Significant risk
13194139562424|1600827459316|MAC|false|1628496623790|High risk
26388279095737|1617101750025|POS|false|1632076064140|High risk
29114|1580392841835|ATM|false|1587267149037|Minimal risk
43980465140155|1648913737779|IPv4|false|1655301903022|Severe risk
48378511651260|1649881794114|QRCode|false|1667275149715|Very high risk
17592186073533|1608102752749|RFID|false|1661752018103|Critical risk
26388279095742|1620481626374|ATM|false|1671812843626|Extreme risk
57174604673471|1662964499052|QRCode|false|1663073463663|Low risk
30786325606848|1627117980982|NFC|false|1629195458273|Low risk
35184372117953|1632755451110|IPv6|false|1651415331591|Moderate risk
29122|1584040658597|PHONE|true|1646337051643|Extreme risk
52776558162371|1656498454544|IPv6|false|1661323876952|Severe risk
4398046540228|1588630108115|IPv4|false|1657029433141|Very high risk
35184372117957|1632872703262|MAC|false|1665430558928|Very high risk
8796093051334|1593258190189|RFID|false|1615518529418|Low risk
39582418629063|1637936212148|PHONE|false|1642324473980|Extreme risk
21990232584648|1611568228041|PHONE|false|1647713797371|Extreme risk
26388279095753|1617716286016|ATM|false|1629324627035|Low risk
61572651184586|1672415429566|IPv6|false|1672474895611|Severe risk
43980465140171|1645099507829|ATM|false|1664092921852|High risk
35184372117964|1633392857897|WIFI|false|1642886028928|Low risk
43980465140173|1645109595441|WIFI|true|1660741776636|Significant risk
26388279095758|1619036639128|QRCode|false|1641444868440|High risk
13194139562447|1597863910630|IPv4|false|1629273600471|Low risk
29136|1581433147037|ATM|false|1636525433590|Severe risk
26388279095761|1619218034269|NFC|false|1659064752736|Low risk
29138|1580372179504|WIFI|false|1616552115813|Moderate risk
48378511651283|1652685698900|IPv6|false|1653651525439|Extreme risk
30786325606868|1628169256854|MAC|false|1667391896741|Significant risk
4398046540245|1587974083101|WIFI|false|1605406881152|Low risk
43980465140182|1643364112283|PHONE|false|1648327472787|High risk
35184372117975|1636555403292|MAC|false|1663167216167|Extreme risk
17592186073560|1608767889370|NFC|false|1627120174137|Low risk
29145|1581600333008|ATM|false|1589870820450|Critical risk
26388279095770|1618240093423|WIFI|false|1640145539490|Very high risk
43980465140187|1646894281988|ATM|false|1661566731797|Low risk
17592186073564|1605570048171|IPv6|false|1614145591726|Very high risk
21990232584669|1614728817193|NFC|false|1659194409482|Very high risk
4398046540254|1590817356073|WIFI|false|1644640142698|Significant risk
13194139562463|1603545145542|RFID|false|1653627031150|High risk
43980465140192|1644300182169|NFC|false|1647226622193|Moderate risk
8796093051361|1596564904876|QRCode|false|1598795007981|Moderate risk
35184372117986|1630362656110|MAC|false|1668532352467|Low risk
26388279095779|1622057577651|PHONE|false|1631007228640|Critical risk
52776558162404|1657590273285|WIFI|false|1668884348659|Extreme risk
30786325606885|1628257818257|MAC|false|1639640264657|Critical risk
21990232584678|1612970908032|QRCode|false|1619733197981|Significant risk
35184372117991|1635270725799|QRCode|false|1663014499642|Moderate risk
21990232584680|1610885802279|PHONE|false|1620717784176|High risk
35184372117993|1631647377010|QRCode|false|1634867473722|Critical risk
8796093051370|1595259768822|WIFI|false|1626892559978|High risk
39582418629099|1642831020695|IPv6|false|1668789350219|High risk
35184372117996|1635586514066|QRCode|false|1663385681485|Moderate risk
17592186073581|1603993615914|NFC|false|1614466989813|Significant risk
35184372117998|1633006217305|ATM|false|1646468060120|Minimal risk
57174604673519|1668336578464|POS|false|1671056818959|Low risk
52776558162416|1659263440704|PHONE|false|1670357085081|Severe risk
13194139562481|1601360989803|IPv4|false|1602879219240|Very high risk
43980465140210|1645422550684|PHONE|false|1651037295119|Low risk
57174604673523|1663158993263|IPv4|false|1664260348080|Moderate risk
35184372118004|1635650077194|IPv6|false|1660825642275|Critical risk
29173|1583962802707|MAC|false|1600848882554|Low risk
61572651184630|1669890797560|IPv4|false|1670088472152|Very high risk
61572651184631|1669326004405|RFID|false|1669953959093|Severe risk
52776558162424|1660249293159|IPv4|false|1664867424642|Critical risk
30786325606905|1627503690206|POS|false|1668056536192|Very high risk
29178|1581090710081|MAC|false|1585653211226|Extreme risk
35184372118011|1635849120672|QRCode|false|1638081575314|High risk
13194139562492|1597798045963|RFID|false|1633940576678|Minimal risk
29181|1579055951583|MAC|false|1613014999012|Severe risk
17592186073598|1607898101322|IPv4|false|1648239921235|High risk
8796093051391|1593158614100|MAC|false|1608006022362|Extreme risk
4398046540288|1587934033726|MAC|false|1622095300365|Critical risk
13194139562497|1601238532933|IPv4|false|1644329844434|Moderate risk
4398046540290|1585840806969|IPv6|false|1622310174522|Very high risk
13194139562499|1599449734745|IPv6|false|1665552100981|Minimal risk
4398046540292|1590687271511|IPv4|false|1653696843566|Critical risk
39582418629125|1640301367636|WIFI|true|1653994841580|Low risk
52776558162438|1657661234716|QRCode|false|1664559231424|Significant risk
26388279095815|1620774289199|POS|false|1653727720595|Low risk
35184372118024|1631286510785|POS|false|1656136495995|High risk
43980465140233|1645285263883|ATM|false|1656564656269|Critical risk
21990232584714|1614239286479|POS|false|1624736921752|Significant risk
39582418629131|1642187604095|NFC|false|1665959159361|Critical risk
35184372118028|1631092428012|IPv6|false|1672458237824|Minimal risk
30786325606925|1626040576112|MAC|false|1644339501125|Extreme risk
48378511651342|1653711992450|PHONE|true|1666757670241|Significant risk
39582418629135|1640793555774|POS|false|1658208527528|Critical risk
48378511651344|1652797237046|PHONE|false|1653138954263|Extreme risk
8796093051409|1594541795730|IPv6|false|1606120300352|Low risk
4398046540306|1585513392738|PHONE|false|1639694500807|Significant risk
57174604673555|1666396629750|PHONE|false|1671815070811|Severe risk
21990232584724|1615562022864|QRCode|false|1620769312283|Moderate risk
35184372118037|1635993061751|QRCode|false|1665512056347|Low risk
26388279095830|1618378331324|ATM|false|1646150683539|Minimal risk
21990232584727|1614921072775|NFC|true|1621215030123|Significant risk
30786325606936|1625050786743|NFC|false|1658780785364|Minimal risk
21990232584729|1614292674705|IPv4|false|1659930398060|Significant risk
17592186073626|1605340273607|PHONE|false|1620696193641|Extreme risk
52776558162459|1658097010525|NFC|true|1668591866387|Critical risk
4398046540316|1586562256075|MAC|false|1618110746664|Low risk
43980465140253|1644816950891|PHONE|false|1665319501466|Moderate risk
8796093051422|1594950159981|RFID|false|1605385276349|Severe risk
43980465140255|1649700559315|IPv6|false|1658027152174|Moderate risk
61572651184672|1669569000737|WIFI|false|1671757307262|Low risk
43980465140257|1648198454841|MAC|false|1664589731168|Very high risk
48378511651362|1650916946477|WIFI|false|1664876380762|Critical risk
29219|1580253177219|ATM|false|1656270475005|Extreme risk
35184372118052|1632148244588|MAC|false|1667278618689|High risk
39582418629157|1637583525285|ATM|false|1666230958457|Severe risk
26388279095846|1617528979399|IPv4|false|1660549556657|Extreme risk
52776558162471|1662541401489|ATM|false|1669545877633|High risk
61572651184680|1671662092135|MAC|false|1672251440382|Low risk
29225|1578487037102|IPv4|false|1649461163412|Low risk
13194139562538|1598563459086|NFC|false|1649483565228|Low risk
39582418629163|1641717183840|MAC|false|1645414331161|Moderate risk
8796093051436|1594125283860|WIFI|false|1629889050438|Very high risk
4398046540333|1584674688003|QRCode|false|1652899221157|Critical risk
57174604673582|1667012027163|IPv6|false|1670850099749|Low risk
8796093051439|1595249311046|ATM|false|1648684446242|Severe risk
17592186073648|1605031156706|QRCode|false|1616203679172|Minimal risk
39582418629169|1637081718597|IPv6|false|1649836897655|Moderate risk
43980465140274|1644535521854|IPv6|false|1655304142795|Minimal risk
35184372118067|1634261085251|IPv4|false|1670483334470|High risk
35184372118068|1635586081485|IPv4|false|1643881676083|Critical risk
52776558162485|1658924466839|WIFI|false|1662278819829|Significant risk
29238|1581029673422|ATM|false|1608016651731|Severe risk
39582418629175|1636856485786|NFC|false|1641364155564|Very high risk
39582418629176|1640262394087|NFC|false|1646170099715|High risk
4398046540345|1588435841027|PHONE|false|1632436549187|Low risk
29242|1583591725250|NFC|false|1615814726073|Minimal risk
48378511651387|1652162559110|PHONE|false|1660328793667|Moderate risk
26388279095868|1617468241537|NFC|true|1625491741810|Critical risk
17592186073661|1606388866409|PHONE|true|1662970230268|Critical risk
57174604673598|1666883536367|POS|false|1672081345099|Significant risk
52776558162495|1657137184023|ATM|false|1661702775896|High risk
17592186073664|1608498926437|PHONE|false|1612063740919|Minimal risk
4398046540353|1584459913738|ATM|false|1664035871996|Critical risk
13194139562562|1600087636308|NFC|false|1607644612372|High risk
17592186073667|1608372916323|IPv4|false|1631328886576|Extreme risk
21990232584772|1613392295616|ATM|false|1671610370980|Significant risk
21990232584773|1614800346612|RFID|false|1662580558197|Minimal risk
57174604673606|1665291224938|ATM|true|1671086538391|Moderate risk
35184372118087|1632617025803|RFID|false|1666198074695|Extreme risk
8796093051464|1593220924062|IPv4|false|1623777697821|Low risk
48378511651401|1649853528031|IPv6|false|1665831457788|Minimal risk
57174604673610|1663073064532|RFID|false|1671217475477|Moderate risk
30786325606987|1624995759986|QRCode|false|1651024577563|High risk
48378511651404|1654466191012|POS|false|1670071610076|Low risk
48378511651405|1649856064746|IPv4|false|1664044639384|Low risk
17592186073678|1607470023862|MAC|false|1618286165715|Very high risk
48378511651407|1650948305669|RFID|false|1666714724657|Severe risk
52776558162512|1658962332414|ATM|false|1664315562739|Significant risk
17592186073681|1609242392443|RFID|false|1623331308339|Very high risk
52776558162514|1659345618830|NFC|false|1662697588248|Very high risk
21990232584787|1611702227866|PHONE|false|1635784011265|Significant risk
52776558162516|1660247743974|WIFI|false|1661096241393|Very high risk
48378511651413|1650743342715|QRCode|false|1658919433246|Severe risk
13194139562582|1597851789920|QRCode|false|1647630063880|Significant risk
26388279095895|1618307620514|NFC|false|1628966789373|Moderate risk
4398046540376|1590298121995|ATM|false|1623363528451|Significant risk
4398046540377|1586695120262|POS|false|1663882893610|Moderate risk
29274|1581255249233|QRCode|false|1659448782476|High risk
4398046540379|1588991884751|POS|true|1636170618759|Extreme risk
4398046540380|1588786133925|POS|false|1667311572285|High risk
8796093051485|1590981086040|MAC|false|1597325825321|Low risk
48378511651422|1650254195010|QRCode|false|1661322118824|High risk
61572651184735|1670395322004|IPv4|false|1671853390497|Significant risk
35184372118112|1632803906883|MAC|false|1648804664550|Significant risk
26388279095905|1622063340627|ATM|false|1622486149288|Very high risk
29282|1583200050589|RFID|false|1608663330356|Minimal risk
4398046540387|1590744404661|POS|false|1622360134268|Moderate risk
29284|1578253965659|PHONE|false|1666383093676|Severe risk
57174604673637|1665356637985|NFC|false|1671575048281|Severe risk
8796093051494|1592674187027|MAC|false|1664614095374|Moderate risk
52776558162535|1659846680868|IPv4|false|1661408326442|Low risk
48378511651432|1652976307741|WIFI|false|1672034247577|Moderate risk
30786325607017|1623705384944|PHONE|false|1641116573379|Minimal risk
48378511651434|1649732855165|MAC|false|1663149437302|High risk
21990232584811|1613985494418|NFC|false|1651041159314|Very high risk
8796093051500|1592271766189|IPv4|false|1613187034964|Moderate risk
52776558162541|1656383987739|PHONE|false|1669453043736|Low risk
43980465140334|1647709590709|POS|false|1671435641696|Severe risk
26388279095919|1620231063395|WIFI|false|1626676095541|High risk
48378511651440|1650051091606|PHONE|false|1672215566193|Significant risk
61572651184753|1669800274091|MAC|false|1671508906556|High risk
4398046540402|1588815711793|QRCode|false|1670009575521|Significant risk
35184372118131|1633992207759|IPv4|false|1645911844202|Moderate risk
26388279095924|1619810866566|RFID|false|1650793198298|Extreme risk
4398046540405|1587603599758|MAC|false|1588412311015|Significant risk
57174604673654|1667845123001|ATM|false|1671598519158|Very high risk
30786325607031|1626796243392|IPv4|false|1665863218737|Extreme risk
48378511651448|1652221032588|POS|false|1668981479930|High risk
48378511651449|1652493888489|POS|false|1657223167942|Extreme risk
21990232584826|1613960936861|QRCode|false|1621233313330|Very high risk
35184372118139|1631841906415|QRCode|false|1648803348713|Low risk
17592186073724|1610346103587|IPv4|false|1658599697734|Minimal risk
30786325607037|1628164206472|ATM|false|1628796811973|Very high risk
57174604673662|1668538357091|RFID|false|1671410236963|Critical risk
29311|1581065308316|PHONE|false|1647832375665|Extreme risk
17592186073728|1610177763166|PHONE|false|1617999134692|Very high risk
48378511651457|1650152842995|IPv6|false|1669406189367|Minimal risk
30786325607042|1624699836924|NFC|false|1659576649585|Severe risk
17592186073731|1605182805347|QRCode|true|1664006581267|Significant risk
29316|1579630703708|POS|false|1641226425916|Very high risk
17592186073733|1604160440634|ATM|false|1657411842370|Extreme risk
8796093051526|1590994703308|QRCode|false|1650806603090|Significant risk
52776558162567|1659456096265|QRCode|false|1661838661829|Significant risk
39582418629256|1640492342558|QRCode|false|1647123287507|Low risk
8796093051529|1595843142329|IPv4|false|1669916837482|High risk
29322|1579741835483|WIFI|false|1660828763628|Significant risk
48378511651467|1651371977624|PHONE|false|1652097001819|Extreme risk
4398046540428|1587584008768|RFID|false|1611127765897|Critical risk
35184372118157|1632206590968|RFID|false|1660186177256|Critical risk
52776558162574|1659192523401|MAC|false|1667544261121|Severe risk
35184372118159|1633017847209|ATM|false|1636971988577|Severe risk
57174604673680|1669301223867|ATM|false|1671596438314|Severe risk
29329|1579961934058|QRCode|false|1581320067599|Significant risk
8796093051538|1593084249397|QRCode|false|1629597264050|Critical risk
57174604673683|1667633920135|QRCode|false|1670104940292|Severe risk
13194139562644|1597539562816|PHONE|false|1602872309050|Significant risk
30786325607061|1626624418769|MAC|false|1646273305460|Extreme risk
8796093051542|1594477868259|ATM|false|1636811232587|Severe risk
43980465140375|1644995779045|QRCode|false|1665665950785|Very high risk
35184372118168|1633714727415|ATM|false|1639295499509|Very high risk
8796093051545|1591875455315|ATM|false|1608022567473|Very high risk
39582418629274|1638033870752|RFID|false|1667657930493|Very high risk
52776558162587|1656982402891|IPv4|false|1659857598778|Extreme risk
30786325607068|1628552240092|NFC|true|1629609713857|Very high risk
26388279095965|1621850115580|MAC|false|1651814701072|Minimal risk
21990232584862|1614747563365|MAC|false|1648766799518|Extreme risk
52776558162591|1659027055645|IPv6|false|1662367075945|Extreme risk
26388279095968|1622845121018|NFC|false|1638378676690|Critical risk
21990232584865|1612366671209|IPv4|false|1663508431907|Low risk
26388279095970|1620024610232|POS|false|1639289608898|Moderate risk
57174604673699|1663739467154|MAC|false|1670254762081|Significant risk
8796093051556|1594498348274|ATM|false|1649849346071|Severe risk
48378511651493|1655729495158|WIFI|false|1663647045747|High risk
35184372118182|1634999300269|IPv4|false|1638191825482|Extreme risk
43980465140391|1643859706145|PHONE|false|1669130395285|High risk
43980465140392|1648108194168|NFC|false|1669173753540|Critical risk
57174604673705|1666648094782|QRCode|false|1671781814660|Critical risk
48378511651498|1655845134541|MAC|false|1659732649985|Significant risk
26388279095979|1617186301463|NFC|false|1669188967453|Extreme risk
57174604673708|1667792170829|RFID|false|1670995311856|Minimal risk
8796093051565|1592848927362|QRCode|false|1620571274002|Minimal risk
43980465140398|1643614674626|WIFI|false|1654641002687|Extreme risk
43980465140399|1648633140784|IPv4|false|1669768035217|Extreme risk
17592186073776|1608375452960|NFC|false|1634014476368|Severe risk
52776558162609|1660757722426|NFC|false|1671090517836|Significant risk
57174604673714|1663008770144|IPv4|false|1665890292830|Severe risk
61572651184819|1669637489736|MAC|false|1671202118067|High risk
52776558162612|1661856066329|NFC|false|1669764636793|Very high risk
61572651184821|1669500723408|WIFI|false|1669922994811|Severe risk
21990232584886|1612389050946|QRCode|false|1636390774457|Minimal risk
17592186073783|1609293383729|PHONE|false|1636917230993|Moderate risk
52776558162616|1660450010750|QRCode|false|1671520689548|Very high risk
17592186073785|1605384728767|WIFI|false|1662364001642|Severe risk
52776558162618|1659337193883|POS|false|1666728279575|High risk
48378511651515|1650321304793|ATM|false|1665634662629|Extreme risk
43980465140412|1643236428803|PHONE|false|1644429213475|Low risk
30786325607101|1630028856838|RFID|false|1646318532371|Extreme risk
8796093051582|1594661348726|WIFI|false|1618634267010|Severe risk
13194139562687|1602639328170|ATM|false|1671837625734|Very high risk
26388279096000|1619208079500|RFID|false|1645503296527|Low risk
30786325607105|1623818093736|RFID|false|1648011959961|Very high risk
39582418629314|1639754207424|IPv4|false|1643180372540|Severe risk
8796093051587|1594426401426|WIFI|false|1672334493270|Very high risk
48378511651524|1651988999468|NFC|false|1671289414151|Significant risk
48378511651525|1650860923302|RFID|false|1668370371209|Low risk
43980465140422|1647932066133|IPv6|false|1672440735570|Very high risk
29383|1583670715075|WIFI|false|1603006417350|Extreme risk
35184372118216|1633808775610|RFID|false|1653144694888|High risk
39582418629321|1637856782544|WIFI|false|1661251631399|Significant risk
30786325607114|1625458681531|WIFI|false|1641618341449|High risk
39582418629323|1637267147806|POS|false|1663905103187|Severe risk
48378511651532|1652240230374|WIFI|false|1655098231136|Minimal risk
43980465140429|1643597851016|POS|false|1672434035089|Moderate risk
26388279096014|1619809036568|POS|false|1632923927795|Extreme risk
48378511651535|1654164510538|IPv4|false|1657142175092|Minimal risk
29392|1580634126142|IPv6|false|1651026681018|Significant risk
8796093051601|1596137843526|NFC|false|1632818488672|Extreme risk
48378511651538|1652069783344|PHONE|false|1661101440485|Low risk
61572651184851|1670470333123|WIFI|false|1672466644488|Extreme risk
30786325607124|1627477805124|RFID|false|1654578236079|High risk
21990232584917|1612648052987|QRCode|false|1666458359451|Minimal risk
26388279096022|1617349199737|QRCode|false|1660763517657|Very high risk
52776558162647|1661414424754|QRCode|false|1665806619625|Low risk
48378511651544|1656097971589|IPv6|false|1663537190342|Severe risk
26388279096025|1617901891835|WIFI|false|1668489215662|Critical risk
29402|1581705590291|RFID|false|1609732955912|Very high risk
48378511651547|1654231555863|POS|false|1657112934497|Minimal risk
57174604673756|1664102616516|MAC|false|1664904993352|Very high risk
13194139562717|1600012706789|QRCode|false|1613941514091|High risk
35184372118238|1636178324186|ATM|false|1657494464674|High risk
13194139562719|1601185021436|MAC|false|1619360679539|Extreme risk
52776558162656|1657332892725|POS|false|1666175374169|Moderate risk
39582418629345|1638277875531|MAC|false|1648846515658|Significant risk
8796093051618|1594573776301|ATM|false|1646120462806|Very high risk
17592186073827|1609475157940|PHONE|false|1616532182725|Severe risk
17592186073828|1606364891426|IPv4|false|1640955122266|Minimal risk
57174604673765|1667390497408|WIFI|false|1671255426484|Minimal risk
8796093051622|1595581738210|NFC|false|1605656254514|Severe risk
61572651184871|1671162369877|MAC|false|1671818464179|High risk
61572651184872|1670629821719|IPv6|false|1671508703849|Severe risk
4398046540521|1585258653401|NFC|false|1642056896862|Minimal risk
4398046540522|1587883478893|IPv6|false|1667753055379|Very high risk
57174604673771|1663146843672|PHONE|false|1663567598677|Minimal risk
8796093051628|1593979977601|POS|false|1618933512177|Critical risk
35184372118253|1631888487074|WIFI|false|1661381871348|High risk
30786325607150|1629016804001|IPv4|false|1651187663652|Moderate risk
13194139562735|1602411893436|PHONE|false|1658621563235|Very high risk
17592186073840|1608292269969|MAC|false|1638843639599|Minimal risk
30786325607153|1627102042269|MAC|false|1665754059235|Minimal risk
21990232584946|1616031441958|MAC|false|1624144485899|High risk
8796093051635|1596597648105|IPv6|false|1659813178702|Minimal risk
13194139562740|1597783290469|MAC|false|1638412318817|Moderate risk
26388279096053|1621021037024|IPv6|false|1671189168304|Severe risk
48378511651574|1650921820864|RFID|false|1662189774430|Minimal risk
57174604673783|1666165353210|IPv6|false|1668213724843|Minimal risk
13194139562744|1603571857534|QRCode|false|1668903576526|Moderate risk
29433|1579093677953|QRCode|false|1617701520978|Extreme risk
43980465140474|1647218756240|QRCode|false|1667182189847|Minimal risk
43980465140475|1643357194376|RFID|false|1651687745193|Low risk
8796093051644|1596150298613|PHONE|false|1636795992187|Moderate risk
13194139562749|1600825858502|NFC|false|1663618243096|Critical risk
21990232584958|1611729646495|MAC|false|1623695872660|Minimal risk
26388279096063|1621796429870|POS|false|1658522223562|Low risk
13194139562752|1603943839252|ATM|false|1609153081904|High risk
21990232584961|1612502351137|MAC|true|1666131110819|Significant risk
4398046540546|1586771247874|NFC|false|1643029294116|Critical risk
57174604673795|1666242099695|NFC|false|1670272714230|Extreme risk
8796093051652|1596526667908|MAC|false|1608601163386|Minimal risk
48378511651589|1652987127130|IPv4|false|1667754191573|Critical risk
17592186073862|1604002363795|IPv6|false|1630950277694|Very high risk
52776558162695|1660458841708|POS|false|1668350484040|Severe risk
48378511651592|1651570162482|MAC|false|1654537065980|Low risk
13194139562761|1602817746096|IPv4|false|1633016129641|Minimal risk
8796093051658|1594166281423|RFID|false|1671208915234|High risk
43980465140491|1643777454806|MAC|true|1664380038845|Extreme risk
29452|1582336878957|POS|false|1591695890633|Significant risk
29453|1580919510430|ATM|false|1620792845557|Significant risk
57174604673806|1669137663148|IPv4|false|1670423885638|Minimal risk
52776558162703|1657593663983|IPv6|false|1669891549075|Extreme risk
26388279096080|1617333484548|IPv6|false|1643201598608|Low risk
8796093051665|1591531664016|MAC|false|1592871044893|Minimal risk
17592186073874|1608109421445|MAC|false|1621886532295|Significant risk
4398046540563|1590168479544|ATM|false|1624778300172|Critical risk
29460|1583907576429|QRCode|false|1645555630151|High risk
57174604673813|1668050272971|IPv6|false|1671022475735|Moderate risk
48378511651606|1651243273995|PHONE|false|1663225255058|Very high risk
17592186073879|1605099778456|PHONE|false|1649551553880|High risk
39582418629400|1640553746206|IPv6|false|1668174302123|Low risk
13194139562777|1598149451063|MAC|false|1622291355227|High risk
57174604673818|1669121270336|ATM|false|1671045543844|Very high risk
21990232584987|1613481825035|ATM|false|1646181825349|Low risk
26388279096092|1622243581172|MAC|false|1631632280754|Severe risk
17592186073885|1605795687046|NFC|false|1634331778167|Severe risk
52776558162718|1657838093772|MAC|false|1669301666819|Extreme risk
57174604673823|1666998127363|WIFI|true|1670100263462|Moderate risk
21990232584992|1614645901692|PHONE|false|1643677422835|Minimal risk
13194139562785|1599540700960|MAC|false|1622797816800|Significant risk
26388279096098|1622547603381|IPv4|true|1669764780674|Severe risk
17592186073891|1609342468193|ATM|false|1615922989768|Very high risk
29476|1582251262492|NFC|false|1632444429171|Minimal risk
39582418629413|1639787316885|POS|true|1653010114723|Severe risk
30786325607206|1627435579762|POS|false|1663357652450|Minimal risk
48378511651623|1651815697193|IPv4|false|1653552629484|Severe risk
4398046540584|1586343993917|RFID|false|1627882140114|Critical risk
57174604673833|1665162362821|NFC|false|1672018406559|Minimal risk
43980465140522|1649411471499|RFID|false|1649906988820|Very high risk
30786325607211|1626236048573|RFID|false|1647660355890|Moderate risk
57174604673836|1663843955643|QRCode|false|1665479553209|Minimal risk
29485|1578775616313|IPv6|false|1582928140849|Very high risk
48378511651630|1652653656896|WIFI|false|1671294925867|High risk
21990232585007|1612476712860|IPv6|false|1649667882211|Extreme risk
43980465140528|1645486205694|NFC|false|1659846074823|Very high risk
13194139562801|1597500140202|ATM|false|1634106930684|Significant risk
8796093051698|1592506786257|IPv6|false|1628984002319|Severe risk
8796093051699|1594820196800|NFC|false|1615394388527|Extreme risk
26388279096116|1620983339526|QRCode|false|1622387392116|Very high risk
57174604673845|1667419201478|QRCode|false|1667730200844|Critical risk
17592186073910|1606253847074|MAC|false|1606749371330|Low risk
21990232585015|1615080542960|IPv4|false|1636800360459|Critical risk
21990232585016|1610528429707|IPv4|false|1645716425824|High risk
30786325607225|1628718871925|WIFI|false|1661847277780|Critical risk
21990232585018|1614137680924|WIFI|false|1649339336347|Moderate risk
13194139562811|1599376302498|POS|true|1657090140597|Minimal risk
52776558162748|1662409870236|NFC|false|1662911129409|Significant risk
29501|1582900829424|RFID|false|1610303887256|Minimal risk
61572651184958|1671406741477|IPv6|false|1672420669781|Severe risk
29503|1582451439723|MAC|false|1650343933428|Minimal risk
8796093051712|1596182638214|RFID|false|1604544030629|High risk
29505|1581632622254|NFC|false|1647247405693|Very high risk
35184372118338|1632083962843|POS|false|1640442575658|Significant risk
26388279096131|1620541278688|WIFI|true|1626292493671|High risk
52776558162756|1661658570646|MAC|false|1663377532031|Extreme risk
13194139562821|1603925656109|RFID|false|1624816450238|Low risk
21990232585030|1613378496740|IPv6|false|1647768869357|Significant risk
57174604673863|1668546778382|RFID|false|1670044994908|Extreme risk
39582418629448|1637723566245|RFID|false|1663524800386|Critical risk
17592186073929|1608442744864|IPv6|false|1640511369109|Low risk
43980465140554|1644072126197|ATM|false|1669040779670|Moderate risk
8796093051723|1596020378366|PHONE|false|1630313850978|Moderate risk
13194139562828|1597460458253|QRCode|false|1660680672696|Moderate risk
8796093051725|1596529201101|ATM|false|1668318855657|Minimal risk
61572651184974|1672309861656|WIFI|false|1672378937869|Low risk
48378511651663|1654901720267|RFID|true|1662365271322|Very high risk
13194139562832|1600401580131|IPv6|false|1608712342186|Critical risk
29521|1583924253144|WIFI|false|1672043140334|Moderate risk
57174604673874|1665706670798|WIFI|false|1668327390325|High risk
30786325607251|1628017367292|WIFI|false|1645602621591|High risk
30786325607252|1623972355929|IPv4|true|1633746617768|Moderate risk
30786325607253|1628514574946|WIFI|false|1631755984007|Low risk
35184372118358|1635908031498|PHONE|false|1648057332965|Minimal risk
61572651184983|1671737800317|NFC|false|1671745320918|Extreme risk
4398046540632|1584434875457|PHONE|false|1602999433036|Low risk
48378511651673|1650995177483|MAC|false|1654944094554|High risk
39582418629466|1640294772671|QRCode|false|1641890827060|Extreme risk
26388279096155|1621625588445|NFC|false|1671413677767|Very high risk
21990232585052|1614367334632|QRCode|false|1624943979454|Extreme risk
17592186073949|1608792857806|IPv4|false|1609537295776|Minimal risk
4398046540638|1587236437332|QRCode|false|1617624833725|Very high risk
43980465140575|1645927721723|NFC|false|1664862769980|Low risk
39582418629472|1639311658632|PHONE|false|1666621963037|Minimal risk
21990232585057|1610862808921|RFID|false|1621410258278|Very high risk
17592186073954|1607976645729|ATM|false|1658461347801|Very high risk
48378511651683|1650679376298|IPv4|false|1666728766178|Severe risk
48378511651684|1654796519331|WIFI|false|1656971354918|High risk
35184372118373|1632822088688|PHONE|false|1641975307665|Critical risk
8796093051750|1596630758248|IPv6|false|1640908986288|Minimal risk
35184372118375|1636402264716|MAC|false|1656520531015|Severe risk
21990232585064|1613389041369|MAC|false|1642909091278|Very high risk
17592186073961|1608334345805|POS|false|1632283901458|High risk
8796093051754|1592997903100|POS|false|1635043021401|Critical risk
30786325607275|1625101344383|IPv6|false|1636872834695|Extreme risk
29548|1580408144577|MAC|false|1668674062334|Very high risk
21990232585069|1614098827974|PHONE|false|1655280144924|Significant risk
30786325607278|1627607864575|WIFI|false|1632300820638|High risk
39582418629487|1642871631022|POS|false|1643774934533|Minimal risk
17592186073968|1609671349519|MAC|false|1635585839713|Severe risk
52776558162801|1662444228014|IPv6|false|1667188530441|Severe risk
39582418629490|1638577757914|RFID|false|1644884071385|Moderate risk
13194139562867|1603592236058|NFC|false|1661290650066|Low risk
43980465140596|1645948180407|NFC|false|1663932699255|Critical risk
43980465140597|1646161744788|IPv4|false|1664311804877|Low risk
30786325607286|1624586400476|MAC|false|1667026199223|Extreme risk
29559|1580683886565|WIFI|false|1665861558847|Critical risk
43980465140600|1648436117000|POS|false|1669288962101|Low risk
8796093051769|1593388859160|WIFI|false|1594097108865|Severe risk
4398046540666|1590251037737|RFID|false|1610981307643|Critical risk
52776558162811|1657129248513|MAC|false|1662241252435|Extreme risk
26388279096188|1617725987481|PHONE|true|1665980522926|Extreme risk
30786325607293|1627713951699|MAC|false|1668933619236|Critical risk
4398046540670|1584522479414|RFID|false|1648270638810|Very high risk
57174604673919|1664844826039|WIFI|false|1665678384077|Critical risk
26388279096192|1623104098022|QRCode|false|1644313989323|Extreme risk
8796093051777|1594711424611|NFC|false|1655022864729|Moderate risk
29570|1577957061623|IPv4|false|1649680279716|Severe risk
35184372118403|1632828320667|QRCode|false|1638424905891|Critical risk
52776558162820|1657843749661|RFID|false|1665890626677|Moderate risk
39582418629509|1642670785582|PHONE|false|1657937421643|Severe risk
30786325607302|1627626426986|QRCode|false|1665871996625|Moderate risk
61572651185031|1670703564980|POS|false|1671581883881|Moderate risk
26388279096200|1617784784572|IPv4|false|1667932200483|High risk
39582418629513|1640076309287|WIFI|false|1650571991647|Critical risk
21990232585098|1614073308115|PHONE|false|1629352478798|High risk
57174604673931|1664871484387|IPv6|false|1665156808021|Low risk
61572651185036|1671959552119|QRCode|false|1672154414494|Low risk
29581|1580392515489|QRCode|false|1582655163595|High risk
35184372118414|1632528038275|WIFI|false|1635512512166|Critical risk
35184372118415|1634340931441|NFC|false|1663615248115|Critical risk
39582418629520|1636964116487|POS|false|1660878356950|Moderate risk
35184372118417|1630727788480|PHONE|false|1642815543784|Very high risk
4398046540690|1589097345039|ATM|false|1666941397018|Severe risk
48378511651731|1651430794377|POS|false|1659115237437|Very high risk
8796093051796|1591886008702|IPv4|false|1596742538637|Critical risk
30786325607317|1629950322219|PHONE|false|1650708609597|Low risk
35184372118422|1634736273632|MAC|false|1658683952318|Low risk
48378511651735|1655262594668|WIFI|false|1670470364920|Very high risk
26388279096216|1620668314136|IPv4|false|1667736779927|Moderate risk
52776558162841|1656652528820|RFID|false|1662380831874|Minimal risk
43980465140634|1644632562823|ATM|false|1645595029345|Severe risk
35184372118427|1633275510076|POS|false|1656769210493|Low risk
29596|1584307155357|RFID|false|1592501352955|Significant risk
21990232585117|1612865780356|RFID|false|1634105868639|Very high risk
48378511651742|1654164081904|NFC|false|1657423309730|Minimal risk
21990232585119|1612587590872|POS|false|1671151966103|Severe risk
13194139562912|1600472899159|IPv6|false|1602932972345|Severe risk
29601|1578750178999|RFID|false|1582853783038|Low risk
13194139562914|1601285170195|POS|false|1623202003463|Extreme risk
30786325607331|1624424454071|RFID|false|1646675849396|Extreme risk
29604|1579347490036|PHONE|false|1667927404957|Very high risk
8796093051813|1593074619197|MAC|false|1646658497770|Significant risk
30786325607334|1629745057379|PHONE|false|1651871682463|Extreme risk
30786325607335|1629596581380|IPv4|false|1650475371206|Moderate risk
8796093051816|1591316424108|IPv4|false|1610945422233|Extreme risk
30786325607337|1625044340086|RFID|false|1653256555678|Severe risk
43980465140650|1646446369296|QRCode|false|1648253523430|Severe risk
43980465140651|1646850242240|NFC|false|1647560606205|Low risk
26388279096236|1619677470961|IPv4|false|1632728618400|Extreme risk
4398046540717|1586513403930|MAC|false|1667262142533|Moderate risk
8796093051822|1594675813130|POS|false|1600115679073|Critical risk
4398046540719|1588428925142|WIFI|false|1647995261873|High risk
8796093051824|1595307223718|RFID|false|1655278516605|Very high risk
43980465140657|1645780642323|QRCode|false|1665836954783|Significant risk
4398046540722|1586498424801|MAC|false|1590323701111|Severe risk
17592186074035|1608582862861|WIFI|false|1640516798895|High risk
26388279096244|1618986967068|ATM|false|1657031454048|Low risk
30786325607349|1625399864812|WIFI|false|1645037080334|Critical risk
4398046540726|1586630804533|NFC|false|1599715090575|Severe risk
26388279096247|1618778457829|IPv6|false|1660458069147|Severe risk
43980465140664|1643913040207|IPv4|false|1662532246343|Moderate risk
26388279096249|1620041006241|NFC|false|1627369542283|Severe risk
29626|1578626495399|WIFI|false|1599537445540|Low risk
35184372118459|1635177747181|IPv6|false|1658576751092|Severe risk
17592186074044|1604386164744|IPv4|false|1609987564282|High risk
52776558162877|1656757572830|QRCode|false|1671387330146|Significant risk
57174604673982|1663219462348|MAC|false|1668191478785|Minimal risk
30786325607359|1625641101123|QRCode|false|1628216145522|Minimal risk
39582418629568|1639208274142|QRCode|false|1664232282845|Low risk
29633|1579540000175|RFID|false|1625918978936|Significant risk
13194139562946|1599427762683|WIFI|false|1619389760870|Critical risk
8796093051843|1594298989615|IPv4|false|1666644036815|Very high risk
43980465140676|1647079029627|MAC|false|1672367259811|Significant risk
35184372118469|1630658849407|POS|false|1644777970920|Moderate risk
52776558162886|1659073967052|IPv4|false|1671323200479|Severe risk
39582418629575|1637922589504|NFC|false|1648483068522|Significant risk
35184372118472|1630776743612|IPv6|false|1654759239160|Extreme risk
13194139562953|1600997185415|NFC|false|1605904507772|Minimal risk
57174604673994|1665902920882|POS|false|1667912985357|Severe risk
17592186074059|1607062838204|IPv6|false|1617396810620|Severe risk
52776558162892|1656272025457|ATM|false|1659113737490|Very high risk
4398046540749|1589167027662|POS|false|1611788300683|Minimal risk
61572651185102|1670351158358|MAC|false|1670800257018|Severe risk
52776558162895|1658472999336|PHONE|false|1660619824949|Severe risk
29648|1578736630567|NFC|false|1584174766447|Extreme risk
8796093051857|1595208958953|QRCode|false|1657945960635|Minimal risk
30786325607378|1628479157514|IPv6|false|1672411882040|Minimal risk
61572651185107|1670378555136|IPv4|false|1672025269309|Low risk
21990232585172|1613731978169|POS|false|1648374777612|Very high risk
4398046540757|1590632743637|PHONE|false|1656187595868|Minimal risk
30786325607382|1624662448815|NFC|false|1666266881288|Severe risk
21990232585175|1613676409161|MAC|false|1655292702347|Moderate risk
57174604674008|1665610345745|MAC|false|1667198968096|Extreme risk
8796093051865|1591560982956|ATM|false|1617245517408|Significant risk
48378511651802|1652052920167|RFID|false|1660604539694|High risk
57174604674011|1663112550319|POS|false|1664794234111|Moderate risk
26388279096284|1619053403434|MAC|false|1637358038501|Minimal risk
21990232585181|1611755789797|MAC|false|1617909922792|High risk
35184372118494|1632423305290|IPv4|false|1655070249356|High risk
43980465140703|1645619971085|RFID|false|1655813920994|Minimal risk
8796093051872|1591992393178|RFID|false|1644322169085|Significant risk
35184372118497|1630591110217|PHONE|false|1652958708039|Severe risk
4398046540770|1589187940923|RFID|false|1589708800568|Critical risk
21990232585187|1612159268746|MAC|true|1625574485583|Significant risk
21990232585188|1612841193623|WIFI|false|1640482057353|High risk
8796093051877|1593497580295|PHONE|false|1621034391404|Significant risk
26388279096294|1619677719951|WIFI|false|1668802265861|Moderate risk
8796093051879|1593124308754|RFID|false|1610399696796|Minimal risk
61572651185128|1670584336749|PHONE|false|1672276597968|Extreme risk
35184372118505|1631913502465|IPv4|false|1660093611967|Moderate risk
39582418629610|1639831266537|WIFI|false|1658493537365|Minimal risk
43980465140715|1644703949472|POS|false|1645563224978|Critical risk
21990232585196|1615632140746|WIFI|false|1667119833955|Very high risk
35184372118509|1631214193478|IPv4|false|1645250885959|Significant risk
17592186074094|1606958846530|POS|false|1626485464255|Low risk
52776558162927|1656505912629|IPv6|false|1661908562783|Minimal risk
43980465140720|1644148380149|IPv4|false|1654733009711|Severe risk
30786325607409|1628488234565|NFC|false|1631969374409|Significant risk
13194139562994|1602085952493|ATM|false|1622452854879|Severe risk
43980465140723|1644802365872|POS|false|1649912289244|Low risk
39582418629620|1639553234388|IPv4|false|1651555175962|Very high risk
61572651185141|1670192624878|POS|false|1671617961970|Critical risk
48378511651830|1655060441136|RFID|false|1664803885433|Severe risk
30786325607415|1624590271343|RFID|false|1636237233719|Extreme risk
17592186074104|1604406243651|NFC|false|1654444330085|Low risk
43980465140729|1645561500555|RFID|false|1658611896722|Minimal risk
30786325607418|1629222331645|IPv4|false|1630102433205|Moderate risk
13194139563003|1603020206425|ATM|false|1672205062702|Significant risk
4398046540796|1589721003454|ATM|false|1652884458018|Significant risk
17592186074109|1606557005604|NFC|false|1608766346984|Minimal risk
52776558162942|1658600244601|PHONE|false|1666240979431|Significant risk
48378511651839|1653137619017|ATM|false|1655639145718|Extreme risk
43980465140736|1647642846915|WIFI|false|1671371785960|Very high risk
52776558162945|1662607903934|IPv6|false|1667798204567|Severe risk
48378511651842|1655424984012|PHONE|false|1663189009794|Significant risk
4398046540803|1588271648748|IPv4|false|1600457711167|Severe risk
4398046540804|1590754213194|RFID|false|1631358307670|Low risk
29701|1580852253935|RFID|false|1597328745838|High risk
57174604674054|1665401988651|QRCode|false|1670102709684|Extreme risk
39582418629639|1641769580183|NFC|false|1655934994851|Critical risk
52776558162952|1661167898917|PHONE|false|1663409918164|Low risk
43980465140745|1646807939003|RFID|false|1650742072683|Significant risk
13194139563018|1600554866921|MAC|false|1664254914579|Significant risk
26388279096331|1620391788226|PHONE|false|1625759650304|Low risk
4398046540812|1587641022323|PHONE|false|1654686518720|Low risk
21990232585229|1612425462119|NFC|false|1667039972446|Very high risk
30786325607438|1624202741013|PHONE|false|1650285850202|Significant risk
29711|1583045059198|IPv6|false|1619614624692|Minimal risk
21990232585232|1616823686545|RFID|false|1640355339067|Low risk
61572651185169|1670267377416|PHONE|false|1670355501986|Very high risk
43980465140754|1647047731374|QRCode|false|1663610253332|Severe risk
48378511651859|1650956832346|MAC|false|1651655750095|Moderate risk
48378511651860|1650624082782|QRCode|false|1667299799520|High risk
39582418629653|1640286937683|QRCode|false|1671786909305|High risk
57174604674070|1664837068237|RFID|false|1665457021656|Minimal risk
4398046540823|1587925628290|RFID|false|1668636698338|Very high risk
35184372118552|1635068182009|PHONE|false|1657345168678|Moderate risk
29721|1578692432161|RFID|false|1639364719369|Low risk
26388279096346|1621660316977|POS|false|1647419089954|Severe risk
13194139563035|1599456362302|WIFI|true|1607367493653|Critical risk
8796093051932|1596608714457|NFC|false|1599949198276|Significant risk
39582418629661|1639390383620|POS|false|1660884030879|High risk
61572651185182|1671363136277|RFID|false|1671454392510|Low risk
39582418629663|1641265936434|WIFI|false|1663912261531|High risk
29728|1580308137343|MAC|false|1624931809191|Very high risk
8796093051937|1596796216672|MAC|false|1610884614111|Very high risk
57174604674082|1663364630861|IPv6|false|1667899326366|Minimal risk
17592186074147|1604984373664|IPv6|false|1635565185658|Significant risk
8796093051940|1593493615553|IPv6|false|1598228431227|Critical risk
13194139563045|1599639710654|MAC|false|1640992723739|Moderate risk
29734|1583712641004|POS|false|1604923595833|Low risk
39582418629671|1638110241869|PHONE|false|1668560361909|Significant risk
29736|1581635295306|QRCode|false|1604749313051|Significant risk
4398046540841|1586304004445|MAC|false|1654297808746|Severe risk
43980465140778|1647644202219|ATM|false|1649258982658|Minimal risk
35184372118571|1635650968763|ATM|false|1640145203635|Low risk
48378511651884|1649721231735|WIFI|false|1656428056519|Severe risk
48378511651885|1652075611805|PHONE|false|1660142703423|Severe risk
21990232585262|1614454459778|RFID|true|1639811363956|Low risk
21990232585263|1612388951652|POS|false|1651123018586|Low risk
29744|1582488399770|WIFI|false|1611602811575|Significant risk
26388279096369|1620207175098|MAC|false|1648655256160|Significant risk
8796093051954|1595839814364|MAC|false|1634492953589|Minimal risk
17592186074163|1610172623181|RFID|false|1662378695215|Very high risk
17592186074164|1608100090624|ATM|false|1618954845092|Very high risk
17592186074165|1608730156478|QRCode|false|1670295375076|Severe risk
8796093051958|1590935545186|WIFI|false|1622139163012|Significant risk
26388279096375|1619810690113|IPv6|false|1630213846795|High risk
43980465140792|1644824511627|MAC|false|1650694729692|Moderate risk
35184372118585|1636480545920|QRCode|false|1646448565381|Significant risk
30786325607482|1628784223575|QRCode|true|1670344297678|Minimal risk
13194139563067|1599967718024|MAC|false|1629250944679|Low risk
29756|1582125780301|NFC|false|1614877021416|Very high risk
57174604674109|1668365737828|MAC|false|1672398638350|Extreme risk
8796093051966|1592262535827|PHONE|false|1601555593765|Minimal risk
21990232585279|1612668573260|POS|false|1622659377345|Moderate risk
35184372118592|1632141533775|IPv4|false|1646612991122|High risk
48378511651905|1651233006589|RFID|false|1655349881844|Critical risk
52776558163010|1657443750393|QRCode|false|1665387090083|High risk
17592186074179|1609063249794|PHONE|false|1609336027486|Extreme risk
52776558163012|1660368080507|PHONE|false|1668582827241|Severe risk
21990232585285|1613351473648|ATM|false|1637237517422|Significant risk
30786325607494|1623624410205|ATM|false|1671507582663|Minimal risk
57174604674119|1667953003223|QRCode|false|1671897883282|Extreme risk
57174604674120|1665505036368|POS|false|1666343245117|Significant risk
57174604674121|1667574951152|MAC|false|1671416766247|Minimal risk
8796093051978|1595124654774|RFID|false|1624835411215|Critical risk
4398046540875|1589124984852|RFID|false|1657140519818|High risk
26388279096396|1622053362616|RFID|false|1661642356318|High risk
26388279096397|1622962123287|NFC|false|1638766608141|High risk
13194139563086|1597822859314|IPv6|false|1671364853214|Very high risk
30786325607503|1628115292966|RFID|false|1668949182301|High risk
43980465140816|1645490882392|IPv4|false|1657112139896|High risk
61572651185233|1671186772050|WIFI|false|1671923286411|Significant risk
57174604674130|1668448591327|ATM|false|1671232162493|Low risk
21990232585299|1613041800614|ATM|false|1650538228101|Low risk
26388279096404|1620033728243|MAC|false|1645596584620|Critical risk
13194139563093|1602227868117|NFC|false|1643112990012|Extreme risk
8796093051990|1591829090561|WIFI|false|1650995568584|Significant risk
17592186074199|1604859983840|POS|false|1614909263138|Significant risk
52776558163032|1660321566621|RFID|false|1670634943304|Very high risk
48378511651929|1653774387185|WIFI|false|1665164353208|Low risk
61572651185242|1670419838403|RFID|false|1672106458477|High risk
4398046540891|1586002088239|QRCode|false|1623676615981|Significant risk
8796093051996|1591398410323|IPv4|false|1614495177217|Very high risk
35184372118621|1630800828631|POS|false|1659615262203|Critical risk
21990232585310|1612304167552|QRCode|false|1630293446937|Extreme risk
13194139563103|1600407802181|WIFI|false|1646329666689|Minimal risk
26388279096416|1620454963042|QRCode|false|1669171256567|Low risk
30786325607521|1629271228811|NFC|false|1630532948059|Significant risk
26388279096418|1620967817743|PHONE|false|1636585697476|Very high risk
13194139563107|1601172921552|RFID|true|1610454416369|Low risk
35184372118628|1630293332645|PHONE|false|1647137860659|Significant risk
21990232585317|1614646617005|QRCode|false|1665513264471|Significant risk
39582418629734|1642803972274|QRCode|false|1664564118875|High risk
43980465140839|1649259922482|WIFI|false|1659532647142|Moderate risk
17592186074216|1608472952228|PHONE|false|1625362014253|Very high risk
35184372118633|1631319839157|PHONE|false|1653665425912|Low risk
4398046540906|1589301982203|POS|false|1628381088994|Very high risk
17592186074219|1608711888848|RFID|false|1661695515850|Minimal risk
17592186074220|1604023511446|NFC|true|1643029538801|Low risk
48378511651949|1656041244081|IPv4|false|1656266849476|Significant risk
35184372118638|1632730704783|IPv6|false|1636735361255|Minimal risk
35184372118639|1634502248768|ATM|false|1650845013073|Low risk
21990232585328|1615959089327|RFID|false|1638829591201|Severe risk
17592186074225|1609545347421|IPv4|true|1615404784846|High risk
29810|1581004990394|IPv6|false|1615959982497|Moderate risk
43980465140851|1647263907115|WIFI|false|1658586265111|Significant risk
35184372118644|1631490632451|IPv4|false|1641093954696|High risk
48378511651957|1650806454901|MAC|false|1651826827973|Critical risk
4398046540918|1585238403396|IPv6|false|1604539198638|Low risk
52776558163063|1660861214848|ATM|false|1661836087959|Significant risk
35184372118648|1635393546757|RFID|false|1662948198354|Moderate risk
39582418629753|1639278756814|RFID|true|1645344399854|Critical risk
52776558163066|1658908459152|IPv6|false|1671141828084|Very high risk
39582418629755|1638103276529|ATM|false|1654957277601|Very high risk
52776558163068|1657693255214|RFID|true|1671555551249|Minimal risk
29821|1580916618095|PHONE|false|1582672583548|Severe risk
39582418629758|1640890401222|IPv4|false|1656550328401|Significant risk
26388279096447|1617730603096|RFID|false|1636170027970|Moderate risk
29824|1583656876061|PHONE|false|1584729273102|Moderate risk
48378511651969|1652034304299|MAC|false|1654115721824|High risk
39582418629762|1638219590804|NFC|false|1638918456630|Significant risk
52776558163075|1659642939212|RFID|false|1662990993512|Critical risk
13194139563140|1601300395769|QRCode|false|1604666232522|Minimal risk
30786325607557|1626923848202|IPv4|false|1666705543545|Significant risk
17592186074246|1604068214001|NFC|false|1638861066292|Minimal risk
26388279096455|1619283274667|NFC|false|1659710285131|Extreme risk
13194139563144|1599046070275|POS|false|1658545719108|Minimal risk
26388279096457|1622218019581|POS|false|1644708010812|High risk
21990232585354|1613928593677|QRCode|false|1640493629975|Minimal risk
48378511651979|1655123962703|WIFI|false|1671130456719|Low risk
4398046540940|1587400354294|PHONE|false|1603598445774|Very high risk
30786325607565|1627099275637|QRCode|false|1653194097466|Very high risk
48378511651982|1655470543351|NFC|false|1660678157190|Critical risk
26388279096463|1623456924200|IPv6|false|1655804619741|Severe risk
57174604674192|1667575239511|ATM|false|1670247218306|Very high risk
48378511651985|1654107786228|IPv4|false|1664121401966|High risk
57174604674194|1666673965274|WIFI|false|1668916715385|Very high risk
35184372118675|1633248829776|IPv4|false|1636496230986|Very high risk
21990232585364|1611811494319|IPv4|false|1666204759997|Significant risk
21990232585365|1611833165251|IPv4|true|1630672527096|Significant risk
52776558163094|1661772333430|ATM|false|1667111105699|Critical risk
4398046540951|1585497348409|POS|true|1664807935327|Critical risk
39582418629784|1641283574761|PHONE|false|1657741056450|Minimal risk
30786325607577|1626207577133|NFC|false|1656483287998|Extreme risk
29850|1578970771402|RFID|false|1650526449902|High risk
43980465140891|1646001964228|POS|false|1669792445872|High risk
21990232585372|1616820086051|WIFI|false|1639380278848|Very high risk
52776558163101|1661817357995|QRCode|false|1669772399434|High risk
35184372118686|1630684936172|MAC|false|1656168471473|Critical risk
35184372118687|1631528328173|WIFI|false|1655568822055|Low risk
13194139563168|1598614124621|RFID|false|1618487510096|Extreme risk
4398046540961|1588862597533|IPv4|false|1597424505028|Low risk
17592186074274|1606769381492|POS|true|1649851629554|High risk
17592186074275|1609129849573|NFC|false|1659730074449|Significant risk
48378511652004|1656162291429|NFC|false|1667237402888|Extreme risk
35184372118693|1634872772601|RFID|false|1657265208029|Very high risk
26388279096486|1622084116777|POS|false|1639499625291|Extreme risk
57174604674215|1666596434010|IPv4|false|1670709016412|Minimal risk
57174604674216|1668350887449|RFID|true|1668516081714|High risk
29865|1577946809937|NFC|false|1643904855303|Severe risk
4398046540970|1587209820918|QRCode|false|1618732758105|Critical risk
26388279096491|1622592996373|POS|false|1641688545332|Critical risk
52776558163116|1661352222511|WIFI|false|1672086472425|Extreme risk
21990232585389|1614041439689|PHONE|false|1617802830841|Minimal risk
30786325607598|1627517386342|WIFI|false|1656831303152|Low risk
48378511652015|1654506245386|POS|false|1665322084281|Minimal risk
13194139563184|1598608092167|QRCode|false|1622837327493|Significant risk
21990232585393|1614384756513|ATM|false|1618539539483|Critical risk
48378511652018|1652857561750|RFID|false|1662798841663|High risk
29875|1578087681988|QRCode|false|1585904367802|Significant risk
61572651185332|1670853128954|IPv4|false|1671742210522|Significant risk
4398046540981|1585876188975|WIFI|false|1656628122515|Very high risk
61572651185334|1669992561574|NFC|false|1671929998058|Significant risk
48378511652023|1652463885942|IPv4|false|1671638537002|Significant risk
17592186074296|1607066387839|IPv6|false|1661388659074|Extreme risk
39582418629817|1641304773760|WIFI|false|1667162729539|Significant risk
8796093052090|1596549924733|ATM|false|1605132098742|Significant risk
21990232585403|1610546565729|MAC|false|1647509287091|Low risk
17592186074300|1608068863824|ATM|false|1635578413387|Critical risk
30786325607613|1627672262698|IPv4|true|1652906366861|High risk
39582418629822|1642067861752|NFC|false|1661486589348|Significant risk
48378511652031|1654164387002|MAC|true|1657258137622|Critical risk
26388279096512|1621687442768|QRCode|false|1670859296017|Significant risk
43980465140929|1647766297379|IPv6|false|1663064208287|Critical risk
35184372118722|1636319738638|RFID|false|1656235918198|Critical risk
52776558163139|1659896854535|NFC|false|1663063343435|Severe risk
21990232585412|1611694298298|IPv6|false|1630492865990|Very high risk
35184372118725|1633393180884|PHONE|false|1652135495006|Minimal risk
48378511652038|1654964629480|RFID|false|1662442471949|High risk
13194139563207|1602715145448|RFID|false|1656506178339|High risk
35184372118728|1631781647130|PHONE|false|1638051496986|Minimal risk
4398046541001|1588816761322|IPv4|false|1632732230745|Moderate risk
61572651185354|1671872599423|ATM|false|1672402605127|Critical risk
48378511652043|1652637955302|POS|false|1667591898569|Extreme risk
29900|1578276977364|PHONE|false|1649408409626|Very high risk
26388279096525|1620299156251|IPv6|false|1670907931520|Moderate risk
21990232585422|1611820576215|RFID|false|1666776320976|Low risk
29903|1579683818652|NFC|false|1600399771030|Moderate risk
35184372118736|1631729217774|WIFI|false|1643391969588|Critical risk
4398046541009|1587556781209|WIFI|false|1620882613229|Extreme risk
39582418629842|1640042794404|MAC|false|1650553117175|Significant risk
52776558163155|1658502878414|POS|false|1658570587030|Minimal risk
35184372118740|1630736744230|PHONE|false|1656537292183|Severe risk
13194139563221|1598683130051|MAC|false|1637237846226|Low risk
29910|1582707069457|POS|false|1584914902066|Significant risk
35184372118743|1632066137386|PHONE|false|1672020639878|Severe risk
48378511652056|1651911004145|PHONE|false|1655498352521|Extreme risk
13194139563225|1602844347918|NFC|false|1670228094389|Low risk
26388279096538|1623161806368|NFC|false|1654119626193|High risk
4398046541019|1590530118010|ATM|false|1668385728832|Severe risk
48378511652060|1651876420585|NFC|false|1657673265085|Low risk
26388279096541|1620597973926|QRCode|true|1655605446957|Significant risk
43980465140958|1647181142128|IPv4|false|1671889734043|Minimal risk
61572651185375|1669586715183|POS|false|1672301440168|Very high risk
39582418629856|1637523711598|POS|false|1668849346703|Severe risk
57174604674273|1663830287004|PHONE|false|1672432127936|High risk
26388279096546|1618974110083|POS|false|1632437011978|Low risk
48378511652067|1650351094007|WIFI|false|1663656367658|Extreme risk
43980465140964|1643977428827|WIFI|true|1669975395549|Low risk
17592186074341|1605493515670|ATM|false|1627097269257|High risk
13194139563238|1598315737489|PHONE|false|1631375503207|Severe risk
17592186074343|1604336399282|RFID|false|1626611697772|Minimal risk
26388279096552|1622488612134|RFID|false|1636540599022|High risk
26388279096553|1618219742894|IPv4|false|1651152829359|Low risk
52776558163178|1661963735931|IPv6|false|1670394011551|Low risk
26388279096555|1619256665181|IPv4|false|1658301915651|Severe risk
57174604674284|1669027085017|RFID|false|1669207278540|Very high risk
17592186074349|1605994116320|PHONE|false|1665862581853|Severe risk
4398046541038|1588686065188|ATM|false|1670704014493|Very high risk
43980465140975|1644340026807|IPv4|false|1649894884485|Significant risk
30786325607664|1627698077863|IPv4|false|1628716396313|Severe risk
39582418629873|1637493520231|WIFI|true|1663761317611|Significant risk
4398046541042|1589212716646|MAC|false|1599847716591|Significant risk
57174604674291|1664611004672|PHONE|false|1671849442370|Significant risk
57174604674292|1662908228198|PHONE|false|1664505158267|Moderate risk
8796093052149|1590916288241|RFID|false|1604196908879|Extreme risk
13194139563254|1602854017781|QRCode|false|1642855751905|Very high risk
35184372118775|1634683692513|QRCode|false|1653887724916|Moderate risk
4398046541048|1588767400905|IPv4|false|1597763967980|Moderate risk
26388279096569|1621081649087|IPv6|false|1638198536567|Extreme risk
52776558163194|1661474115162|RFID|false|1672388284221|Significant risk
29947|1578496353579|IPv6|false|1653989535263|Very high risk
30786325607676|1629944325444|IPv6|false|1670985842583|Low risk
43980465140989|1645493055506|POS|true|1661553431281|High risk
39582418629886|1641730890139|IPv4|false|1671562014031|Low risk
29951|1583113848897|QRCode|false|1635653280927|Severe risk
39582418629888|1642133038526|ATM|false|1659247440871|Significant risk
39582418629889|1642319815573|RFID|false|1655035876056|Critical risk
29954|1580734331922|MAC|false|1635456635120|Low risk
39582418629891|1638976123528|IPv6|false|1670223357662|Low risk
21990232585476|1611533910501|ATM|false|1649259820885|Critical risk
26388279096581|1618557349770|IPv6|true|1655139280617|Critical risk
8796093052166|1592345944742|POS|false|1610934227020|Significant risk
43980465140999|1648223711842|IPv4|false|1670361165783|Severe risk
17592186074376|1606901539476|PHONE|false|1655111192380|High risk
30786325607689|1625528209766|POS|false|1660288697586|Moderate risk
30786325607690|1624348993174|NFC|false|1671970202632|Significant risk
4398046541067|1584735080131|PHONE|false|1619178085015|Critical risk
13194139563276|1603837093282|POS|false|1618988988775|Very high risk
39582418629901|1637470363399|ATM|true|1656707143010|Minimal risk
29966|1579415494216|MAC|false|1635865855199|Low risk
8796093052175|1596515284841|PHONE|false|1661751541038|Low risk
43980465141008|1648442296692|ATM|false|1661996011959|Critical risk
8796093052177|1592141037411|POS|false|1604354269838|Extreme risk
4398046541074|1590486310838|NFC|false|1601605403412|Critical risk
13194139563283|1603692101482|MAC|false|1612967384263|Significant risk
26388279096596|1623150417114|WIFI|false|1626225607549|Low risk
26388279096597|1620950326946|ATM|false|1660629409417|Severe risk
35184372118806|1630198420799|PHONE|false|1661510624325|Significant risk
48378511652119|1652186905295|POS|false|1657839012661|Moderate risk
4398046541080|1588059588646|QRCode|false|1637693456199|Severe risk
52776558163225|1659517457898|QRCode|false|1672364167146|Very high risk
17592186074394|1606392640180|ATM|false|1615825616905|Extreme risk
4398046541083|1589608170949|ATM|false|1656116608415|High risk
57174604674332|1667807969251|POS|false|1670661277585|Severe risk
39582418629917|1636712444734|QRCode|false|1645311088592|Low risk
8796093052190|1591074438687|WIFI|false|1650200668896|Minimal risk
57174604674335|1668366605483|ATM|false|1672124124565|Critical risk
43980465141024|1649639436892|PHONE|false|1664564712367|Critical risk
52776558163233|1662598981575|IPv4|false|1666034307383|High risk
29986|1583199694121|POS|false|1587531521130|Critical risk
57174604674339|1667688379540|ATM|false|1669184360393|High risk
35184372118820|1633203451908|MAC|false|1641828964804|Low risk
52776558163237|1660200257750|RFID|false|1666313593390|Low risk
8796093052198|1595094146279|PHONE|false|1642456552860|High risk
35184372118823|1632626789572|POS|false|1670277089920|Significant risk
4398046541096|1586787562549|WIFI|false|1631748619763|Critical risk
26388279096617|1617973679724|POS|false|1659597281008|Low risk
21990232585514|1616941750995|POS|false|1617890998992|Severe risk
21990232585515|1616269365351|WIFI|false|1649781992382|Moderate risk
39582418629932|1638979101663|POS|false|1641146782973|Very high risk
4398046541101|1587027959847|POS|false|1663274133141|Extreme risk
17592186074414|1604230056794|WIFI|false|1623422793270|Extreme risk
26388279096623|1619180525617|IPv6|false|1642140701872|Significant risk
