id|createTime|type|isBlocked|lastLogin|riskLevel
26388279076624|1618171950702|PHONE|false|1650886052587|Moderate risk
61572651165457|1670458254197|MAC|false|1672231042911|Critical risk
48378511632146|1650123524512|POS|false|1651650847561|Moderate risk
39582418609939|1641189010876|QRCode|false|1658610128774|Critical risk
4398046521108|1588216988143|QRCode|false|1653719633107|Extreme risk
30786325587733|1627979269028|ATM|true|1644616170480|Significant risk
30786325587734|1624041022422|MAC|false|1638276086443|Very high risk
8796093032215|1593083060236|WIFI|false|1625368084829|High risk
39582418609944|1637522588654|WIFI|false|1645665339205|Very high risk
17592186054425|1606709315215|WIFI|false|1643990037333|Extreme risk
17592186054426|1604550144371|ATM|false|1663447490654|Severe risk
48378511632155|1651018747180|POS|false|1657251266425|Very high risk
61572651165468|1670120353138|WIFI|false|1670326889952|Very high risk
35184372098845|1636374871257|IPv4|false|1671689621723|Low risk
30786325587742|1626917039707|ATM|false|1653037468210|Low risk
13194139543327|1602347154532|ATM|false|1668064548186|Critical risk
43980465121056|1646530128367|IPv6|false|1657153594433|Critical risk
17592186054433|1608207331436|NFC|false|1641100744968|Very high risk
43980465121058|1644634725390|PHONE|false|1650826491334|Significant risk
48378511632163|1650454013527|MAC|false|1666666809466|Critical risk
30786325587748|1629151506396|NFC|false|1637481143836|High risk
43980465121061|1644026463993|QRCode|false|1672459824029|Moderate risk
35184372098854|1634867565262|QRCode|true|1640063343984|Low risk
48378511632167|1655179489869|ATM|false|1658613508426|Minimal risk
4398046521128|1587915776184|IPv6|false|1651531219400|Critical risk
17592186054441|1610314191093|ATM|false|1671767721410|Low risk
39582418609962|1639773448523|RFID|false|1641777412949|Very high risk
39582418609963|1641750530894|ATM|false|1661916672049|High risk
10028|1580547311966|PHONE|false|1585042439829|Critical risk
43980465121069|1645056956781|QRCode|false|1666747406969|Very high risk
57174604654382|1666940767977|RFID|false|1668087347383|Very high risk
48378511632175|1651061187363|POS|false|1671192478358|Extreme risk
8796093032240|1596524204513|IPv6|true|1646781948028|Minimal risk
4398046521137|1589172329629|QRCode|false|1638889229623|High risk
39582418609970|1640447228909|NFC|false|1658237141536|Critical risk
48378511632179|1652342951637|WIFI|false|1671709138601|Very high risk
61572651165492|1671134237130|IPv4|false|1672285831748|Significant risk
4398046521141|1586276034810|QRCode|false|1600053032855|Significant risk
21990232565558|1616703947443|WIFI|false|1658588339541|Significant risk
35184372098871|1635312895634|WIFI|false|1647821649240|Low risk
30786325587768|1627702363117|QRCode|false|1629425037125|Very high risk
13194139543353|1600008614935|WIFI|false|1647340938342|Low risk
8796093032250|1593430219862|MAC|false|1598662993712|High risk
43980465121083|1646465216056|IPv4|true|1662540865659|Extreme risk
10044|1579088922394|ATM|false|1600659015700|Severe risk
26388279076669|1620895879803|PHONE|false|1634007965352|High risk
57174604654398|1665421560456|POS|false|1665776059312|Extreme risk
26388279076671|1622670283857|IPv4|false|1636073894478|High risk
35184372098880|1633066741436|IPv4|false|1647182687348|High risk
43980465121089|1648965884497|QRCode|false|1660838192864|Severe risk
26388279076674|1619645142991|IPv6|false|1639468187494|Very high risk
8796093032259|1594053565729|NFC|false|1617427302802|Extreme risk
57174604654404|1664313886036|IPv4|false|1669487829152|Critical risk
48378511632197|1655165726291|QRCode|false|1666821586387|Significant risk
17592186054470|1606091603432|IPv4|false|1627953125397|Critical risk
26388279076679|1620495710179|PHONE|false|1634170548302|Extreme risk
10056|1584178135146|NFC|false|1606765314875|Minimal risk
30786325587785|1625210872546|IPv4|false|1635212867658|Extreme risk
57174604654410|1663957288565|NFC|false|1665269691703|Critical risk
57174604654411|1669189653026|RFID|false|1670850419059|Critical risk
30786325587788|1625438739364|RFID|false|1658980466542|High risk
17592186054477|1610190688518|MAC|false|1665675548908|Significant risk
39582418609998|1639897834531|QRCode|false|1644203546735|High risk
13194139543375|1598984399658|RFID|false|1638873065600|Extreme risk
21990232565584|1615260648157|MAC|false|1619080363889|Extreme risk
39582418610001|1638435152790|QRCode|false|1648802894502|Extreme risk
26388279076690|1622538340681|PHONE|false|1669750115253|Extreme risk
30786325587795|1627070924871|PHONE|false|1634438244396|Minimal risk
35184372098900|1633793145271|POS|false|1665125087742|Moderate risk
57174604654421|1666902841794|NFC|false|1668803458078|Extreme risk
43980465121110|1643339350735|WIFI|false|1651436545956|Extreme risk
48378511632215|1652868971651|ATM|false|1668782910130|Minimal risk
35184372098904|1632831209353|IPv4|false|1671726851868|Critical risk
21990232565593|1615429093384|IPv4|false|1647354923431|Low risk
52776558143322|1656688677728|MAC|false|1658680975783|Very high risk
48378511632219|1651778519452|PHONE|false|1653830395288|Extreme risk
52776558143324|1658320277199|PHONE|false|1660091171615|Low risk
8796093032285|1596437187199|MAC|false|1648567247244|Minimal risk
17592186054494|1609636610034|POS|false|1641903867953|Minimal risk
10079|1581161495248|PHONE|false|1640745772502|Severe risk
52776558143328|1657667519043|IPv4|true|1668698470357|Extreme risk
4398046521185|1589831023614|PHONE|false|1591357954124|Moderate risk
57174604654434|1668125293515|IPv4|false|1670744003055|Moderate risk
8796093032291|1593205813727|ATM|false|1646407088878|Minimal risk
35184372098916|1631764220262|IPv6|false|1650330191765|High risk
21990232565605|1616142831933|POS|false|1627360443444|Severe risk
35184372098918|1635744200538|POS|false|1644259621533|Low risk
8796093032295|1597200095051|IPv4|false|1652004095924|Low risk
35184372098920|1631467119262|ATM|false|1635024657851|Very high risk
4398046521193|1586078802600|IPv4|false|1646389149137|Moderate risk
4398046521194|1585859193087|MAC|false|1600265938306|Critical risk
8796093032299|1595625885127|WIFI|false|1638819713660|Critical risk
30786325587820|1628445680811|IPv6|false|1636486777624|Critical risk
43980465121133|1648163689717|IPv4|false|1653854859267|Minimal risk
43980465121134|1649167864334|MAC|false|1669290003695|Very high risk
43980465121135|1643692864024|PHONE|false|1646891519746|Extreme risk
26388279076720|1622195080990|IPv4|true|1637646598106|Low risk
35184372098929|1632069226889|MAC|false|1660119807816|Severe risk
10098|1581711007897|NFC|false|1665768764864|Severe risk
48378511632243|1651774640117|NFC|false|1664734294053|Minimal risk
30786325587828|1626391438441|NFC|false|1653958044502|Extreme risk
52776558143349|1657554979210|WIFI|false|1660459985841|Very high risk
52776558143350|1660623257422|MAC|false|1670107880792|Low risk
39582418610039|1640539754388|RFID|false|1655208140864|High risk
4398046521208|1586597818683|RFID|false|1643149028143|Low risk
17592186054521|1606454794566|NFC|false|1649235753795|Significant risk
39582418610042|1639270294933|RFID|false|1639695302710|Moderate risk
26388279076731|1617164645499|QRCode|false|1621620117265|Very high risk
4398046521212|1586589493302|WIFI|false|1660474062772|Minimal risk
17592186054525|1604021843909|IPv4|false|1641887462408|Moderate risk
43980465121150|1647748382492|RFID|false|1671984770755|Significant risk
17592186054527|1607888351780|ATM|false|1664535786456|High risk
61572651165568|1671227734346|QRCode|false|1671888060180|Minimal risk
8796093032321|1597124953776|NFC|false|1655561139941|Extreme risk
30786325587842|1629276842605|PHONE|true|1654786987711|Moderate risk
35184372098947|1633213628522|NFC|false|1656581107723|Critical risk
52776558143364|1658871374477|IPv4|false|1660700050249|Significant risk
43980465121157|1648316780652|RFID|false|1666526852735|Critical risk
26388279076742|1619171131424|QRCode|false|1645279407484|Moderate risk
61572651165575|1672191448123|MAC|false|1672409127865|Critical risk
8796093032328|1594942569776|RFID|false|1626548165738|Severe risk
61572651165577|1671898883435|POS|false|1672474903875|Critical risk
43980465121162|1647659874088|RFID|false|1671790232152|High risk
17592186054539|1605723482396|WIFI|false|1671794324844|Moderate risk
4398046521228|1590041526301|IPv4|false|1648730843471|Critical risk
57174604654477|1668201372677|NFC|false|1668521256284|Critical risk
10126|1579657518710|MAC|false|1652226625468|Extreme risk
17592186054543|1607930282407|QRCode|false|1618575271726|Moderate risk
52776558143376|1656681798165|WIFI|false|1665111621298|Minimal risk
8796093032337|1595935361535|NFC|false|1617855469956|Severe risk
39582418610066|1638589449058|POS|false|1643807461901|Severe risk
30786325587859|1628528925628|NFC|false|1655988754307|Severe risk
48378511632276|1653156865897|RFID|false|1656362703290|Extreme risk
30786325587861|1624605843299|POS|true|1663392206598|Extreme risk
21990232565654|1614211633529|PHONE|false|1636852512546|Low risk
10135|1579923379669|POS|false|1659123727448|Significant risk
8796093032344|1591471130141|PHONE|false|1601557533341|Moderate risk
26388279076761|1622205169533|MAC|false|1671836495499|Low risk
26388279076762|1621233555226|POS|false|1634158267217|High risk
57174604654491|1667421301871|ATM|false|1671024891924|Significant risk
57174604654492|1664174818228|ATM|false|1671187496309|Severe risk
8796093032349|1596155909920|NFC|false|1619807873131|Extreme risk
61572651165598|1669811252850|ATM|false|1670484824441|Moderate risk
17592186054559|1608260877832|POS|false|1656725404171|Very high risk
57174604654496|1664998247794|MAC|false|1671865062885|Minimal risk
26388279076769|1622574784693|POS|false|1637683098686|High risk
4398046521250|1589922405414|WIFI|false|1634913880165|Extreme risk
4398046521251|1589264194632|IPv4|false|1592965178413|Severe risk
4398046521252|1588552922634|WIFI|false|1607064184971|Very high risk
43980465121189|1649631660773|PHONE|false|1666840427987|Extreme risk
10150|1584080594805|QRCode|false|1671649935699|Very high risk
52776558143399|1657520231048|ATM|false|1659172263421|Critical risk
21990232565672|1614197255188|IPv6|false|1651578527866|Low risk
30786325587881|1627082005358|QRCode|true|1646688937171|Very high risk
13194139543466|1601511043580|WIFI|false|1612473071087|Minimal risk
13194139543467|1603252796432|NFC|false|1606091029869|Minimal risk
10156|1582392712229|NFC|false|1582500642555|Minimal risk
39582418610093|1642902334848|PHONE|false|1663550936303|Severe risk
48378511632302|1649792137077|RFID|false|1668177166227|Minimal risk
30786325587887|1624149596867|RFID|true|1637402159297|Extreme risk
4398046521264|1587448963836|NFC|false|1602287268312|Critical risk
48378511632305|1654465854648|ATM|false|1658612697513|Minimal risk
39582418610098|1640460932503|PHONE|false|1658995260587|Severe risk
8796093032371|1595137711713|IPv4|false|1664960571391|Low risk
17592186054580|1609059763647|PHONE|false|1664555209927|Significant risk
43980465121205|1648720911149|POS|false|1667342731989|Very high risk
52776558143414|1660402957664|IPv4|false|1669786543745|Very high risk
48378511632311|1655911630428|QRCode|false|1665257570363|Minimal risk
8796093032376|1591431286824|RFID|false|1657426652413|Severe risk
10169|1581518647795|WIFI|false|1670757161929|Extreme risk
35184372099002|1633390038507|NFC|false|1655421378794|Significant risk
43980465121211|1646683482987|ATM|true|1656354995818|Minimal risk
43980465121212|1648135023446|PHONE|false|1657097979639|Critical risk
30786325587901|1628159216664|ATM|false|1633273106908|Significant risk
21990232565694|1613696758740|QRCode|false|1655253904329|Extreme risk
48378511632319|1651149140081|POS|false|1672209840913|Significant risk
52776558143424|1656991673457|MAC|false|1669121055074|Extreme risk
35184372099009|1633112901586|PHONE|false|1648170750363|Low risk
30786325587906|1629736937466|QRCode|false|1632609138427|Moderate risk
17592186054595|1605668973846|MAC|false|1639191264307|Extreme risk
43980465121220|1643338116427|RFID|false|1651066415197|Severe risk
52776558143429|1657581035922|ATM|false|1660818330299|Minimal risk
8796093032390|1592612196422|NFC|false|1670237884260|Critical risk
48378511632327|1650139736824|POS|false|1672061191047|Severe risk
43980465121224|1645783047542|NFC|false|1646587778308|Moderate risk
35184372099017|1636375028262|ATM|false|1643940273453|High risk
26388279076810|1620691589021|IPv6|false|1635746504759|Low risk
57174604654539|1667269460944|ATM|false|1668241689215|Significant risk
4398046521292|1590764103378|IPv4|false|1624995312352|High risk
61572651165645|1669364340683|RFID|false|1671206750140|Severe risk
4398046521294|1585621499020|WIFI|false|1655661853075|Significant risk
35184372099023|1634870584866|QRCode|false|1655435681216|Low risk
35184372099024|1631660791772|MAC|false|1665288155837|Critical risk
52776558143441|1656788070477|QRCode|false|1662486362108|Minimal risk
30786325587922|1628551937811|WIFI|false|1629234811711|Significant risk
8796093032403|1595391593254|RFID|false|1638472536401|Low risk
30786325587924|1624282443575|QRCode|false|1624291618283|Moderate risk
10197|1584145324752|RFID|false|1602003963216|Severe risk
48378511632342|1653919207164|RFID|false|1654775983106|Severe risk
43980465121239|1644597907381|IPv6|false|1656765987895|Severe risk
35184372099032|1636540632121|QRCode|false|1662798563612|Very high risk
39582418610137|1638876210493|ATM|false|1647360077078|Extreme risk
4398046521306|1586006186556|QRCode|false|1650695561931|Critical risk
35184372099035|1633786654487|POS|false|1651368290437|Low risk
13194139543516|1599842806283|POS|false|1635503487270|Extreme risk
13194139543517|1599697753291|POS|false|1644942887907|Very high risk
43980465121246|1645327376768|IPv6|false|1655213858383|Extreme risk
26388279076831|1623119210514|ATM|false|1636446850348|High risk
17592186054624|1607367766868|MAC|true|1672337317605|High risk
10209|1580267733505|PHONE|false|1648459090290|Severe risk
4398046521314|1590152694832|PHONE|false|1622293627652|Minimal risk
43980465121251|1646527693325|IPv4|false|1658765013865|Significant risk
13194139543524|1597994063305|WIFI|false|1669844970220|Very high risk
57174604654565|1667679513747|RFID|true|1669442170817|Moderate risk
57174604654566|1667079524074|ATM|false|1669135344036|Significant risk
57174604654567|1668386871939|WIFI|false|1671509760589|Low risk
13194139543528|1597577100486|RFID|false|1631142098243|High risk
21990232565737|1613635554972|QRCode|false|1617759741439|Extreme risk
30786325587946|1624632547682|IPv4|false|1645961554825|High risk
4398046521323|1585023165127|ATM|false|1622270835999|Significant risk
52776558143468|1662681161137|IPv6|false|1667232585074|High risk
10221|1580511892569|RFID|false|1655229927685|Critical risk
26388279076846|1617792816344|ATM|false|1631617100298|Very high risk
10223|1579571818219|WIFI|false|1613593478241|Critical risk
57174604654576|1666626117852|RFID|false|1668648838477|Very high risk
10225|1584076802453|WIFI|false|1631069011585|Low risk
57174604654578|1666117144379|WIFI|false|1672387243974|Extreme risk
57174604654579|1667693419395|ATM|false|1668645955721|Moderate risk
10228|1580112560339|NFC|false|1627440345129|Moderate risk
13194139543541|1599220255672|MAC|false|1663284859926|Severe risk
17592186054646|1606304420607|QRCode|false|1649467886561|Minimal risk
48378511632375|1650580404299|NFC|false|1654430847315|Critical risk
13194139543544|1603021869599|ATM|false|1664090287604|Very high risk
30786325587961|1627054575213|QRCode|false|1662028292193|High risk
13194139543546|1599956281819|NFC|false|1660092983993|Very high risk
30786325587963|1629053921136|QRCode|true|1639222594813|Critical risk
26388279076860|1619858941390|IPv6|false|1624492772085|Significant risk
4398046521341|1588156033532|WIFI|false|1588834689666|Very high risk
17592186054654|1605028692166|WIFI|false|1614975057985|Low risk
57174604654591|1663897956598|MAC|false|1669720736615|Significant risk
39582418610176|1641575586410|MAC|false|1649363171137|Critical risk
10241|1582616938940|NFC|false|1671258154456|Moderate risk
30786325587970|1624493022879|POS|false|1663964999480|Moderate risk
39582418610179|1638232318530|WIFI|false|1646923476875|Very high risk
4398046521348|1585630306243|WIFI|false|1634830763993|Extreme risk
57174604654597|1664996723449|POS|false|1668413183098|Extreme risk
43980465121286|1644691915950|NFC|false|1657618106419|Very high risk
8796093032455|1596219712057|ATM|false|1655656958741|Critical risk
10248|1581516013563|NFC|false|1623000347530|Critical risk
48378511632393|1650613106360|WIFI|true|1660902194797|Critical risk
57174604654602|1669254084202|IPv6|false|1672346781032|Extreme risk
39582418610187|1639567225967|MAC|false|1668905241470|Minimal risk
17592186054668|1607293724774|RFID|false|1638395600503|Minimal risk
26388279076877|1621735811972|ATM|false|1659146890060|Moderate risk
17592186054670|1608309294442|IPv4|false|1618735199827|Significant risk
17592186054671|1605256247794|QRCode|false|1631138790850|Severe risk
17592186054672|1606818971513|ATM|false|1623153370659|Minimal risk
13194139543569|1601802663205|IPv4|true|1613258473422|Low risk
8796093032466|1595507603410|POS|false|1652802365173|Very high risk
57174604654611|1667968659588|IPv4|false|1669433569378|Low risk
8796093032468|1595454081445|NFC|false|1603194184213|Minimal risk
17592186054677|1604240084165|WIFI|false|1658246509696|High risk
13194139543574|1599830481845|ATM|false|1645067339424|Extreme risk
39582418610199|1636911687857|WIFI|false|1641490501259|Severe risk
13194139543576|1599870644408|ATM|false|1669266904733|High risk
52776558143513|1659785762802|ATM|false|1662664116629|Extreme risk
17592186054682|1603993815250|IPv6|false|1633881877474|High risk
43980465121307|1643534403548|WIFI|true|1647469526106|Very high risk
17592186054684|1606480070653|POS|false|1620506060616|Low risk
39582418610205|1637516671384|WIFI|false|1647006303478|Critical risk
21990232565790|1613887975854|IPv6|false|1640254530713|Minimal risk
10271|1583873004987|IPv4|false|1605591199272|Significant risk
35184372099104|1634308479046|MAC|false|1635796507419|High risk
52776558143521|1658442172023|WIFI|false|1669903169401|Extreme risk
35184372099106|1635446922791|ATM|false|1651940005355|Moderate risk
35184372099107|1635644616624|NFC|false|1671320662677|Moderate risk
13194139543588|1601755388350|NFC|false|1638811977256|Very high risk
4398046521381|1584670490855|NFC|false|1663107734707|Very high risk
30786325588006|1624116244835|POS|false|1656030355683|Low risk
30786325588007|1624600700388|POS|false|1656538318333|Significant risk
26388279076904|1621837219441|ATM|false|1652993890072|Very high risk
39582418610217|1637154296810|WIFI|false|1654776569192|Low risk
13194139543594|1603420869898|POS|false|1629749361310|Low risk
26388279076907|1621848159502|RFID|false|1655217543981|Minimal risk
57174604654636|1665357380368|QRCode|false|1669810618335|Minimal risk
35184372099117|1636096001193|NFC|false|1668193851983|Extreme risk
26388279076910|1621378312354|RFID|false|1634313884114|Extreme risk
39582418610223|1637829571639|POS|false|1664164173591|Extreme risk
21990232565808|1615183957412|WIFI|false|1633949633644|Significant risk
52776558143537|1662182046709|RFID|false|1662933616729|Critical risk
61572651165746|1671162108848|ATM|false|1672104448433|Severe risk
4398046521395|1589721379878|IPv6|false|1670864863896|Very high risk
4398046521396|1590067873193|QRCode|false|1627595543011|High risk
48378511632437|1649927173013|IPv4|false|1669330397268|Minimal risk
35184372099126|1630382091682|ATM|false|1632707099633|Significant risk
39582418610231|1641582665138|PHONE|false|1652104841872|Extreme risk
39582418610232|1641586517987|PHONE|false|1650119334341|Significant risk
26388279076921|1621757471602|RFID|false|1655931381957|Significant risk
26388279076922|1618557271447|WIFI|false|1642626973400|Extreme risk
26388279076923|1622526416667|ATM|false|1631021887646|Critical risk
17592186054716|1606126473716|IPv4|true|1651350244251|Minimal risk
57174604654653|1665607962792|PHONE|false|1670844454168|Minimal risk
52776558143550|1662147956215|RFID|false|1671686796568|Moderate risk
35184372099135|1630987923939|MAC|false|1667170050097|Extreme risk
61572651165760|1669382249462|NFC|false|1672232245541|Minimal risk
61572651165761|1671446261786|NFC|false|1671917858411|Severe risk
4398046521410|1588466824094|WIFI|false|1594166295445|Critical risk
35184372099139|1633169748454|IPv6|false|1665293674006|Extreme risk
13194139543620|1600173441814|WIFI|false|1628821303512|Low risk
10309|1580176812424|NFC|false|1633723917674|Very high risk
10310|1583462680092|POS|false|1642576808244|High risk
10311|1580220611142|RFID|false|1669760811534|Severe risk
61572651165768|1671077150329|ATM|false|1671139803772|Low risk
52776558143561|1662636807207|PHONE|false|1663988978228|Low risk
13194139543626|1601320644081|WIFI|false|1664376759872|Severe risk
57174604654667|1665662470766|ATM|false|1671490859991|Significant risk
8796093032524|1593083642782|IPv6|false|1599506715805|Extreme risk
13194139543629|1598919436512|WIFI|false|1606921329554|Very high risk
57174604654670|1665683597539|IPv4|false|1668179414766|Low risk
39582418610255|1640013016151|IPv6|false|1660819880554|Low risk
10320|1580560026168|RFID|false|1627314093234|Extreme risk
13194139543633|1603772707721|PHONE|false|1641120259259|High risk
17592186054738|1606467377131|QRCode|false|1662881241460|High risk
30786325588051|1623680623766|RFID|false|1656063430473|Low risk
30786325588052|1629041072872|NFC|false|1663569700112|Minimal risk
8796093032533|1592025044532|PHONE|false|1661898588330|Extreme risk
57174604654678|1663404139912|RFID|false|1671125331276|Critical risk
39582418610263|1638902564192|NFC|false|1667642800278|Critical risk
30786325588056|1628660740294|MAC|false|1670954073993|Extreme risk
30786325588057|1629231059088|PHONE|false|1646439789432|Critical risk
4398046521434|1589777498615|ATM|false|1661561500248|Significant risk
10331|1582163038728|IPv6|false|1640404226514|Significant risk
26388279076956|1619237038840|NFC|false|1668088271936|Critical risk
4398046521437|1584413853575|MAC|false|1667893787293|Critical risk
13194139543646|1600051806738|IPv4|false|1636577084015|High risk
61572651165791|1671506191965|QRCode|false|1671916506986|High risk
61572651165792|1671037335216|PHONE|false|1672447886600|Critical risk
10337|1584227188944|MAC|true|1608600340090|Very high risk
52776558143586|1659451170224|RFID|false|1665007979679|Extreme risk
4398046521443|1588892227013|POS|true|1640047239723|Extreme risk
21990232565860|1612554346160|ATM|false|1612779112722|Significant risk
48378511632485|1652412631022|MAC|false|1662564745690|Severe risk
4398046521446|1590110479630|RFID|false|1657042684521|Moderate risk
13194139543655|1603617718970|POS|false|1611438915696|Severe risk
48378511632488|1649743023083|MAC|false|1654938536353|Moderate risk
4398046521449|1588827363935|NFC|false|1652470594875|Very high risk
10346|1582183603958|ATM|false|1639256004206|Significant risk
8796093032555|1591176608816|MAC|false|1668327246184|Low risk
57174604654700|1663551723892|MAC|false|1668384474608|Extreme risk
17592186054765|1607905332055|POS|false|1609973498186|Low risk
48378511632494|1649719802405|IPv4|false|1652664730508|Moderate risk
17592186054767|1608846510552|NFC|false|1666995629076|Severe risk
52776558143600|1660416246858|NFC|false|1672378455757|Moderate risk
48378511632497|1653520542971|WIFI|false|1665542208788|Critical risk
35184372099186|1632874217417|IPv6|false|1663736540643|High risk
10355|1578259577905|QRCode|false|1620299439760|Severe risk
30786325588084|1628069252832|PHONE|false|1656572890157|Moderate risk
35184372099189|1631814755111|IPv4|false|1661140682154|Minimal risk
26388279076982|1618828290408|QRCode|false|1654770370189|Severe risk
21990232565879|1613941310714|IPv4|false|1629706137042|Very high risk
35184372099192|1635820832277|QRCode|false|1649950067757|Moderate risk
52776558143609|1662083511157|MAC|false|1662622424718|Significant risk
30786325588090|1625936281701|WIFI|false|1671636539987|Minimal risk
10363|1580282489039|QRCode|false|1591625757945|Significant risk
26388279076988|1619226646829|PHONE|false|1621246527296|Moderate risk
35184372099197|1633446313342|POS|false|1653010025825|Moderate risk
30786325588094|1625833701562|ATM|false|1660840975149|Critical risk
30786325588095|1625475975297|WIFI|false|1625633803638|Moderate risk
30786325588096|1627080985056|PHONE|false|1651899657743|Critical risk
39582418610305|1640731254574|QRCode|false|1669995980851|Significant risk
43980465121410|1648545383294|IPv6|false|1663550645492|Very high risk
52776558143619|1661774305892|IPv4|false|1667612906568|Severe risk
17592186054788|1607594317903|IPv4|false|1661605909532|Minimal risk
4398046521477|1586535407813|PHONE|false|1637895936801|High risk
48378511632518|1655429751181|NFC|false|1667011363528|Moderate risk
26388279076999|1619943387105|WIFI|false|1649750494945|Very high risk
17592186054792|1604352600683|IPv4|false|1610045323460|Minimal risk
8796093032585|1593357305523|IPv4|false|1664148397290|Moderate risk
13194139543690|1600619372296|NFC|false|1643953628847|Significant risk
13194139543691|1597842155977|IPv6|false|1627628917553|Critical risk
17592186054796|1608517111031|RFID|false|1665125074082|Significant risk
21990232565901|1612820709661|NFC|false|1653013675716|Significant risk
43980465121422|1644883875555|RFID|false|1669470199037|Low risk
8796093032591|1596865453247|MAC|false|1611039877639|Minimal risk
21990232565904|1616233988336|IPv6|false|1649867558663|Moderate risk
30786325588113|1626758357193|NFC|false|1660865303964|Low risk
8796093032594|1594104909223|IPv4|false|1638672274041|Minimal risk
43980465121427|1649409949444|IPv6|false|1658348194728|Moderate risk
48378511632532|1650578613137|POS|false|1669350975538|Very high risk
43980465121429|1649277670101|PHONE|false|1670189622560|Minimal risk
57174604654742|1663756341166|PHONE|false|1665602170072|Low risk
52776558143639|1660645493783|ATM|false|1666984395771|Severe risk
48378511632536|1655782347521|POS|false|1669669146921|High risk
13194139543705|1598300621650|IPv4|false|1600825213869|Minimal risk
8796093032602|1594737722947|POS|false|1651136104871|High risk
21990232565915|1616277706111|ATM|false|1651842336564|Very high risk
8796093032604|1595117138367|IPv4|false|1610638205481|Severe risk
13194139543709|1600458521060|POS|false|1638781038114|Extreme risk
52776558143646|1661050205242|IPv4|false|1664941230234|High risk
39582418610335|1641785304303|IPv4|false|1665986070123|High risk
43980465121440|1646314234770|MAC|false|1656607809848|Extreme risk
30786325588129|1625435859017|QRCode|false|1639511491611|Extreme risk
43980465121442|1648643644721|MAC|false|1669085728197|High risk
26388279077027|1620278345508|NFC|false|1630570878941|Very high risk
52776558143652|1657933279382|PHONE|false|1667890526156|High risk
61572651165861|1670031502972|NFC|false|1672097339069|Significant risk
21990232565926|1613176832272|ATM|true|1668206906640|Significant risk
8796093032615|1590956433284|QRCode|false|1613223194805|Low risk
17592186054824|1605064375227|WIFI|false|1622660427395|Low risk
13194139543721|1600538970801|RFID|false|1616197165092|High risk
13194139543722|1597766769681|MAC|false|1642813866121|Extreme risk
48378511632555|1655262999098|PHONE|false|1662640588126|Low risk
57174604654764|1667170540156|RFID|false|1668171649149|Moderate risk
39582418610349|1642341590262|IPv4|false|1653678525868|Extreme risk
17592186054830|1604073640435|ATM|false|1663434495372|Significant risk
52776558143663|1662256701113|POS|false|1662605493119|Very high risk
8796093032624|1592978693847|ATM|false|1627288072134|Severe risk
57174604654769|1665988642206|POS|false|1668932623259|High risk
10418|1579144580412|RFID|false|1600241555887|Severe risk
17592186054835|1604345145122|IPv6|false|1615910279232|Low risk
52776558143668|1660355340703|QRCode|false|1671406262248|Severe risk
13194139543733|1601570236238|PHONE|false|1615463612317|Minimal risk
10422|1581873211503|NFC|false|1640488189809|Very high risk
35184372099255|1630155950301|IPv4|false|1630266798369|Extreme risk
48378511632568|1650757461062|MAC|false|1660516112223|Minimal risk
48378511632569|1650921359526|MAC|false|1653491243315|High risk
8796093032634|1596502810082|ATM|false|1621997362520|Moderate risk
43980465121467|1649313914853|NFC|true|1652113783241|Low risk
26388279077052|1617841888766|IPv6|false|1628117250248|Extreme risk
10429|1580942028389|ATM|false|1594883124279|Minimal risk
13194139543742|1601834845926|ATM|false|1664579243519|Critical risk
35184372099263|1634030050253|IPv4|false|1659424723665|Very high risk
52776558143680|1660854872100|PHONE|false|1669092631504|High risk
52776558143681|1661316279721|RFID|false|1662821653335|Very high risk
13194139543746|1601231470577|PHONE|false|1624559832818|Very high risk
13194139543747|1600384396614|NFC|false|1660289960390|Severe risk
52776558143684|1657273830780|ATM|false|1666088375064|High risk
35184372099269|1635264548281|WIFI|false|1655695775252|Extreme risk
4398046521542|1589729667729|QRCode|false|1625448788285|High risk
13194139543751|1601302303070|POS|false|1624438922183|Significant risk
57174604654792|1666981345633|WIFI|false|1670909116626|Very high risk
4398046521545|1588105259205|ATM|false|1657281255984|Moderate risk
43980465121482|1649589194185|WIFI|true|1661513835815|Minimal risk
10443|1580596899742|IPv4|false|1592551396434|Significant risk
61572651165900|1669988176413|IPv6|false|1672289748508|Extreme risk
10445|1581095754575|QRCode|false|1669322384126|Low risk
61572651165902|1672126368696|NFC|false|1672362453629|Critical risk
48378511632591|1653299328094|POS|false|1662455719436|Severe risk
8796093032656|1596523648941|IPv4|false|1650759072935|Minimal risk
10449|1582923950700|POS|false|1631878182274|Moderate risk
35184372099282|1631962174245|RFID|false|1641009187795|Very high risk
13194139543763|1598741849320|WIFI|false|1598933166774|High risk
10452|1581931797007|WIFI|false|1619187458059|Significant risk
52776558143701|1661089160062|WIFI|false|1668878779456|Severe risk
4398046521558|1586949512690|POS|false|1619363117702|Low risk
48378511632599|1655048538496|RFID|false|1667970687132|Severe risk
30786325588184|1627637134569|MAC|false|1647329066936|High risk
13194139543769|1597628656146|WIFI|false|1622805658533|Moderate risk
17592186054874|1608787996169|NFC|false|1623533040152|Low risk
39582418610395|1640219812470|IPv4|true|1645579101108|Critical risk
43980465121500|1646140790122|MAC|false|1652793927163|Extreme risk
30786325588189|1624964736073|RFID|false|1637091325132|Critical risk
8796093032670|1593826281839|NFC|false|1671588589283|Extreme risk
13194139543775|1597610695379|RFID|true|1630869459811|Significant risk
30786325588192|1625606024589|WIFI|false|1660464705453|Very high risk
21990232565985|1611070043800|ATM|false|1649922314377|Very high risk
35184372099298|1633457078812|POS|false|1652135813527|Minimal risk
52776558143715|1656254161584|IPv4|false|1670711648803|Moderate risk
30786325588196|1629340230953|IPv6|false|1668888894941|Critical risk
21990232565989|1614279818674|IPv4|false|1620377831260|High risk
43980465121510|1645747177657|IPv4|false|1662286439872|Critical risk
4398046521575|1589688259054|PHONE|false|1663570464480|High risk
13194139543784|1600433985817|WIFI|false|1634910433347|Very high risk
35184372099305|1633539619640|WIFI|false|1660947931244|Significant risk
61572651165930|1670677199968|ATM|false|1672233413839|Extreme risk
21990232565995|1613102677434|RFID|false|1660992120815|Moderate risk
52776558143724|1661365779537|RFID|false|1665345946605|Significant risk
35184372099309|1633239923907|IPv4|false|1639543041624|Moderate risk
57174604654830|1667681352488|IPv4|false|1670229577001|Extreme risk
4398046521583|1584645418020|IPv6|false|1648631989905|Moderate risk
52776558143728|1657608162441|POS|true|1671377969468|Extreme risk
43980465121521|1644616873203|RFID|false|1655278459020|Severe risk
10482|1579599433725|IPv6|false|1609949813993|Critical risk
8796093032691|1597199186931|ATM|false|1654552954651|Severe risk
57174604654836|1668729479348|IPv6|true|1672144033285|Significant risk
26388279077109|1619654982457|ATM|false|1668798233116|Significant risk
43980465121526|1644907321746|PHONE|false|1645260653171|Critical risk
48378511632631|1655610107541|WIFI|false|1656689667376|Severe risk
39582418610424|1642152501629|ATM|false|1656634200156|Severe risk
43980465121529|1643818567505|POS|false|1646716648375|Critical risk
30786325588218|1628149375561|NFC|false|1634993128942|Low risk
26388279077115|1617052333536|POS|false|1668828625007|Extreme risk
39582418610428|1640212021126|IPv4|false|1646824218920|Moderate risk
8796093032701|1597071281971|RFID|false|1638616088221|Minimal risk
57174604654846|1667909286457|PHONE|false|1670236906677|Very high risk
57174604654847|1666419506115|WIFI|false|1667903372931|Significant risk
43980465121536|1646703928018|QRCode|false|1660817965429|High risk
39582418610433|1638347696702|MAC|false|1652848051904|Low risk
52776558143746|1661321176593|IPv4|false|1666063076737|Minimal risk
26388279077123|1618651784282|IPv4|false|1660449986758|Severe risk
4398046521604|1587038968739|PHONE|false|1661451974691|High risk
13194139543813|1602171812590|QRCode|false|1649477894644|Moderate risk
35184372099334|1630891038469|WIFI|false|1634119016941|High risk
61572651165959|1671898535131|MAC|false|1672149575985|High risk
39582418610440|1642492024511|QRCode|false|1666280029016|Very high risk
17592186054921|1605302015718|PHONE|false|1641642884222|Severe risk
21990232566026|1615196662129|IPv6|false|1638460760077|Low risk
8796093032715|1591944979157|MAC|false|1635338244967|High risk
13194139543820|1598982487948|MAC|false|1630743486544|Minimal risk
10509|1578683334245|MAC|false|1600809360189|Extreme risk
35184372099342|1630354488410|WIFI|false|1633232896148|Low risk
52776558143759|1658496823909|QRCode|false|1661085289589|Low risk
39582418610448|1640691739288|IPv4|false|1645887677214|Moderate risk
10513|1584070012574|POS|false|1621251198881|Significant risk
39582418610450|1641488667937|PHONE|false|1662413917127|High risk
61572651165971|1669621107756|NFC|false|1670742844420|Very high risk
57174604654868|1663848413489|NFC|false|1671215762900|Minimal risk
39582418610453|1642090850716|MAC|false|1657139774596|High risk
61572651165974|1671809158415|ATM|false|1672235858970|Low risk
30786325588247|1627343277409|POS|false|1643519206272|High risk
39582418610456|1637321026575|IPv6|false|1651507886772|Very high risk
17592186054937|1604843855169|IPv4|false|1645050287692|Significant risk
43980465121562|1646191651753|NFC|true|1660802818947|High risk
61572651165979|1669640629543|ATM|false|1670749102336|Low risk
17592186054940|1604343020044|ATM|false|1655962346826|Severe risk
30786325588253|1628023395578|IPv6|false|1666014477350|Low risk
4398046521630|1589018117105|PHONE|false|1598375154284|Minimal risk
30786325588255|1625034919385|PHONE|false|1627532023846|Minimal risk
52776558143776|1660167302262|RFID|false|1671775755725|Minimal risk
52776558143777|1656324388173|QRCode|false|1668643200742|Minimal risk
4398046521634|1584706724009|NFC|false|1642103127662|Low risk
39582418610467|1639899017691|RFID|false|1668563917534|Extreme risk
17592186054948|1604681741677|MAC|false|1607880625327|Minimal risk
17592186054949|1606986219987|NFC|false|1630651164931|Minimal risk
35184372099366|1630387458631|NFC|true|1648270417286|Very high risk
35184372099367|1635233527816|WIFI|false|1670390806827|Significant risk
8796093032744|1597039412734|RFID|false|1622995282305|Low risk
35184372099369|1635283702629|WIFI|false|1660562552747|Low risk
17592186054954|1606816161659|IPv6|false|1635429398139|Moderate risk
10539|1578088656239|IPv6|false|1580921416987|Significant risk
43980465121580|1645004587681|QRCode|false|1660456877878|Significant risk
57174604654893|1662789710713|NFC|false|1671852459379|High risk
35184372099374|1634031240633|ATM|false|1658721889775|Severe risk
43980465121583|1646594750200|IPv4|false|1663698220630|Extreme risk
43980465121584|1644648257985|IPv6|false|1666602615944|High risk
26388279077169|1623101957436|ATM|false|1625969118861|Severe risk
39582418610482|1642028137097|IPv4|false|1645032189541|Significant risk
43980465121587|1648411562783|QRCode|false|1661045805390|Extreme risk
8796093032756|1594334911394|IPv6|false|1670063252180|High risk
26388279077173|1623058899433|WIFI|false|1654213449743|High risk
52776558143798|1660826162493|IPv6|false|1661685368975|High risk
57174604654903|1668061613432|QRCode|false|1668576788462|Significant risk
4398046521656|1589649500359|NFC|false|1602630267874|Minimal risk
30786325588281|1627041566143|ATM|false|1644839642210|Moderate risk
43980465121594|1649290721097|QRCode|false|1654655075117|High risk
4398046521659|1589026044563|PHONE|false|1650041173156|Low risk
48378511632700|1653215066523|RFID|true|1655380141897|Severe risk
43980465121597|1643269889581|MAC|false|1661369522371|Critical risk
10558|1580863092374|MAC|false|1589998110787|Significant risk
10559|1580922305260|ATM|false|1638419274163|Minimal risk
17592186054976|1607692326079|NFC|false|1657646520149|Critical risk
48378511632705|1652194641634|NFC|false|1671517097351|High risk
13194139543874|1600776716465|MAC|true|1671668632874|High risk
30786325588291|1626171197554|POS|false|1664759689687|High risk
30786325588292|1629798825194|QRCode|true|1646257931524|Moderate risk
35184372099397|1633906710465|NFC|false|1655630765727|Low risk
10566|1583012947692|NFC|false|1618657359628|High risk
8796093032775|1592955363928|NFC|false|1671658829590|Critical risk
17592186054984|1608327714197|IPv4|false|1663787932424|Critical risk
57174604654921|1667991605787|NFC|false|1669774161001|High risk
26388279077194|1618835952412|MAC|false|1660698385994|Low risk
43980465121611|1647617137378|IPv4|true|1664650308092|Very high risk
30786325588300|1628713292949|MAC|false|1669484096217|Severe risk
21990232566093|1615864845192|QRCode|false|1650448587683|Low risk
30786325588302|1623833224137|IPv6|false|1631068517409|Severe risk
26388279077199|1621604529696|IPv6|false|1666223605927|Very high risk
61572651166032|1669578542742|POS|false|1670369149745|Low risk
30786325588305|1624998857382|WIFI|false|1657894676541|Severe risk
57174604654930|1667247013961|RFID|false|1670964726868|Severe risk
52776558143827|1661592868121|PHONE|false|1666296963115|Moderate risk
39582418610516|1642178956106|POS|false|1663991741779|Severe risk
17592186054997|1609208614807|PHONE|false|1625953430782|Extreme risk
43980465121622|1643491058810|QRCode|false|1645511239775|Extreme risk
48378511632727|1649880796979|MAC|false|1655391100605|Significant risk
10584|1584316193028|NFC|false|1669051392057|Moderate risk
17592186055001|1606712597581|QRCode|false|1629337757504|Low risk
39582418610522|1641989844181|PHONE|false|1648565588771|Very high risk
57174604654939|1666908485615|WIFI|false|1667754615637|Minimal risk
30786325588316|1628409446815|WIFI|false|1663900699455|Extreme risk
10589|1577951030609|MAC|false|1646628188606|Low risk
48378511632734|1653914765651|PHONE|false|1661458865190|Moderate risk
26388279077215|1618669949717|NFC|false|1650694739143|Critical risk
35184372099424|1636121210841|NFC|false|1651277386554|Minimal risk
52776558143841|1656563128145|MAC|false|1657480838475|Significant risk
8796093032802|1594101556149|QRCode|false|1654634350916|Significant risk
39582418610531|1640410820590|NFC|false|1641859047477|Extreme risk
13194139543908|1602709253444|NFC|false|1624432907409|Significant risk
13194139543909|1598420889279|MAC|false|1639083055811|Significant risk
4398046521702|1585614498383|ATM|false|1605004638270|Moderate risk
26388279077223|1620768679908|WIFI|false|1635233735582|High risk
35184372099432|1632481465012|RFID|false|1669574697885|Severe risk
13194139543913|1601572691349|PHONE|false|1629370289784|Moderate risk
48378511632746|1651462541115|IPv6|false|1660673302516|Extreme risk
21990232566123|1614030004833|IPv6|false|1668846641415|Minimal risk
57174604654956|1669138911548|IPv6|false|1672346624392|Minimal risk
4398046521709|1590205768656|WIFI|false|1646175668993|Very high risk
48378511632750|1655535975601|MAC|false|1666364844041|Moderate risk
61572651166063|1670535593801|WIFI|false|1670946199270|Critical risk
8796093032816|1591379738795|IPv4|false|1617265443578|Very high risk
8796093032817|1596561197110|QRCode|false|1599403993895|Minimal risk
17592186055026|1608811173806|PHONE|false|1652716031871|Moderate risk
43980465121651|1647959293274|PHONE|false|1650616367967|Critical risk
52776558143860|1660207574302|ATM|false|1661349013244|Significant risk
10613|1582138023297|NFC|false|1602563861943|Significant risk
10614|1579930345137|RFID|false|1655830907492|Severe risk
61572651166071|1672438610605|RFID|false|1672495586369|Very high risk
30786325588344|1629943448891|POS|false|1662116430140|Minimal risk
10617|1579718878777|ATM|false|1645389142994|Very high risk
13194139543930|1599375016144|IPv6|false|1666208931959|Minimal risk
30786325588347|1624878407505|PHONE|false|1660047328697|Extreme risk
4398046521724|1590836843338|IPv6|true|1655473753645|High risk
21990232566141|1615576503274|WIFI|false|1645149638680|Critical risk
26388279077246|1619922504658|QRCode|false|1668008523042|Very high risk
57174604654975|1667287425056|NFC|false|1671569038695|Significant risk
52776558143872|1657723581683|POS|false|1665475238216|Very high risk
39582418610561|1641814642137|NFC|false|1667634841223|Critical risk
8796093032834|1592098429485|NFC|false|1618465684796|High risk
57174604654979|1666053920247|IPv6|false|1669071523239|Very high risk
13194139543940|1599764589201|POS|false|1610126565034|High risk
39582418610565|1641937490404|PHONE|false|1651757742637|Critical risk
48378511632774|1653136954939|POS|false|1657273958304|Very high risk
17592186055047|1606363788800|NFC|true|1607528899828|Severe risk
8796093032840|1595537952100|WIFI|false|1596246815285|Extreme risk
39582418610569|1641900748385|MAC|false|1659476935792|Very high risk
43980465121674|1648673659275|ATM|false|1656236559800|Severe risk
30786325588363|1626463772375|POS|false|1665379366764|Critical risk
4398046521740|1590341436005|RFID|false|1668425318122|Severe risk
17592186055053|1605713123859|IPv6|false|1621898984363|Significant risk
4398046521742|1590493934526|IPv4|true|1608247416003|Moderate risk
35184372099471|1631835052990|NFC|false|1658566275980|Extreme risk
35184372099472|1633460289491|POS|false|1644004802596|Severe risk
43980465121681|1645657777976|QRCode|false|1664313288953|High risk
10642|1583952155133|RFID|false|1621668792739|Low risk
48378511632787|1653459430013|ATM|false|1666958474792|Critical risk
52776558143892|1658595810591|NFC|false|1667583163103|Critical risk
43980465121685|1643806055219|QRCode|false|1664315861096|Low risk
48378511632790|1651547662109|PHONE|false|1660488287647|Critical risk
8796093032855|1592844496730|MAC|false|1662360450157|Significant risk
8796093032856|1591738249579|MAC|false|1663206576067|Moderate risk
52776558143897|1661282146447|WIFI|false|1667172811448|Minimal risk
35184372099482|1632512751455|MAC|false|1652173961618|Severe risk
48378511632795|1650599175433|IPv6|false|1666300397445|High risk
10652|1579285093551|IPv6|false|1653256842183|Low risk
13194139543965|1598127407022|IPv6|false|1604766163369|Minimal risk
13194139543966|1603578657220|RFID|false|1603691758731|Low risk
10655|1580566366315|POS|false|1581237874214|Low risk
8796093032864|1597012244878|NFC|false|1597633340857|Severe risk
35184372099489|1633546478901|NFC|false|1670413213194|Minimal risk
10658|1581283476489|IPv4|false|1641169165764|Severe risk
10659|1583818841395|ATM|false|1637606981629|Moderate risk
26388279077284|1621488703985|MAC|false|1659279130171|Moderate risk
26388279077285|1618827541717|MAC|false|1656871237357|Moderate risk
8796093032870|1597018391670|NFC|false|1644574424143|Minimal risk
8796093032871|1596105465921|RFID|true|1618605371577|High risk
61572651166120|1669854993362|ATM|false|1672008769343|Very high risk
39582418610601|1638698348820|PHONE|false|1639726312355|Severe risk
30786325588394|1628145645317|NFC|false|1639282752598|High risk
48378511632811|1655253455135|POS|false|1671008438249|High risk
8796093032876|1591391896984|NFC|false|1606791061572|Critical risk
4398046521773|1587343548250|NFC|false|1588271530692|Critical risk
57174604655022|1666488607769|NFC|false|1667858365711|Critical risk
21990232566191|1613710060698|PHONE|false|1620453354765|Significant risk
35184372099504|1631101308084|QRCode|false|1659505631842|Low risk
10673|1583675682965|QRCode|false|1669437819900|Critical risk
26388279077298|1621514547537|RFID|false|1661364228842|Critical risk
10675|1583085764423|POS|false|1598302167308|Extreme risk
48378511632820|1652190506411|NFC|false|1667844790281|Significant risk
52776558143925|1657452128459|IPv6|true|1657814494508|Low risk
35184372099510|1630436762085|IPv6|true|1644534076696|Critical risk
26388279077303|1620941153371|POS|false|1645416089952|Severe risk
26388279077304|1621778391573|MAC|false|1623217037193|Severe risk
35184372099513|1630678714733|WIFI|false|1641049969600|Significant risk
17592186055098|1609395050702|IPv6|false|1641728178383|Extreme risk
52776558143931|1658469449124|IPv4|false|1671015770094|Critical risk
10684|1582029373170|PHONE|false|1662193590773|Significant risk
8796093032893|1596164606771|POS|false|1658170824286|Minimal risk
35184372099518|1630912335741|PHONE|false|1644563032591|Critical risk
26388279077311|1619892449441|WIFI|false|1651255841011|High risk
52776558143936|1661232565460|NFC|false|1664652020221|Low risk
52776558143937|1656285608205|NFC|false|1661954208993|Low risk
35184372099522|1631280775979|NFC|false|1647172667619|Moderate risk
43980465121731|1645640605494|ATM|false|1667444299987|Significant risk
8796093032900|1593779947260|IPv6|false|1626365824084|Severe risk
43980465121733|1648777539015|ATM|false|1665791984327|Significant risk
4398046521798|1590119887637|IPv4|false|1654938574080|Significant risk
8796093032903|1597228915133|ATM|false|1654806115993|High risk
30786325588424|1627248311149|ATM|false|1662476384888|Low risk
10697|1581665244421|POS|false|1609055275525|Low risk
43980465121738|1645465607305|IPv6|false|1652402616275|Low risk
57174604655051|1664028549673|POS|false|1665530036947|High risk
21990232566220|1614305759378|NFC|false|1616010068478|Low risk
21990232566221|1615624440309|POS|false|1642407019630|Significant risk
61572651166158|1671834352781|POS|false|1672293187530|Extreme risk
4398046521807|1589179804375|IPv6|false|1658381344759|Extreme risk
43980465121744|1645213158344|POS|false|1651759279352|High risk
8796093032913|1593282260353|IPv4|false|1666442153155|High risk
48378511632850|1655760158755|MAC|false|1667395485228|Low risk
39582418610643|1639298657771|PHONE|false|1643385027717|Moderate risk
30786325588436|1626202066575|IPv6|false|1636784810126|Extreme risk
61572651166165|1669744519836|IPv6|false|1671196351051|Low risk
13194139544022|1598189692470|RFID|false|1603189887219|Severe risk
21990232566231|1612518087886|ATM|false|1612676300203|Very high risk
57174604655064|1666028265491|IPv6|false|1668556652742|High risk
10713|1581246254012|PHONE|false|1638794366337|Very high risk
48378511632858|1651807576200|RFID|false|1668911186107|Very high risk
21990232566235|1615597550377|IPv6|false|1636584307493|Critical risk
30786325588444|1626810374086|QRCode|false|1642304917740|Low risk
48378511632861|1650361130470|PHONE|false|1653331080031|Significant risk
26388279077342|1620134390736|IPv6|true|1666310905472|Low risk
35184372099551|1635009364178|QRCode|false|1666536357524|Minimal risk
8796093032928|1592887043771|POS|false|1660749307457|High risk
17592186055137|1608185048255|POS|false|1611341748943|Severe risk
57174604655074|1663727309991|PHONE|false|1672272257515|High risk
43980465121763|1646557304333|MAC|false|1666742359261|Severe risk
10724|1582175728674|ATM|false|1588684542055|Critical risk
48378511632869|1651177828836|ATM|true|1653847973062|Extreme risk
26388279077350|1618996104510|WIFI|false|1640794508046|Extreme risk
8796093032935|1593098149572|QRCode|false|1638667117546|Significant risk
35184372099560|1636218504673|MAC|false|1671676783377|Extreme risk
43980465121769|1646808320381|IPv6|true|1669452220100|High risk
8796093032938|1592628408617|ATM|false|1596527914134|Low risk
21990232566251|1616093801704|MAC|false|1646763159837|Moderate risk
4398046521836|1587899483474|IPv6|false|1623212691641|Critical risk
35184372099565|1632675937528|PHONE|false|1644184998546|Moderate risk
52776558143982|1658268154144|PHONE|false|1669979825749|Minimal risk
10735|1582967467254|PHONE|false|1597289014466|Severe risk
48378511632880|1652821622827|QRCode|false|1669296445323|Very high risk
8796093032945|1594139090797|IPv6|false|1651233001086|Extreme risk
39582418610674|1638540191952|RFID|false|1672508679034|Very high risk
43980465121779|1647791117842|IPv4|false|1648447601856|Minimal risk
26388279077364|1620264243100|ATM|false|1668833328222|Minimal risk
13194139544053|1599047131174|WIFI|true|1662455938068|High risk
43980465121782|1646740169518|PHONE|false|1651920355588|High risk
26388279077367|1617226007764|IPv4|false|1656545565689|High risk
52776558143992|1657889020213|RFID|false|1659709067495|Extreme risk
43980465121785|1647120163014|QRCode|false|1668630237779|Extreme risk
21990232566266|1614233035008|MAC|false|1655249746153|Minimal risk
17592186055163|1607366246488|RFID|false|1639831082556|Extreme risk
17592186055164|1610402872769|IPv4|false|1654444350010|Critical risk
35184372099581|1631402523262|NFC|false|1656432803322|High risk
4398046521854|1585544779076|IPv4|false|1609198315219|Critical risk
8796093032959|1594177981662|MAC|false|1609238044668|Severe risk
48378511632896|1650432689554|PHONE|false|1669482325549|Critical risk
35184372099585|1632865838603|NFC|false|1633245238184|Minimal risk
30786325588482|1623629145467|ATM|false|1630783336280|Low risk
35184372099587|1635380458853|IPv6|false|1647520286002|Very high risk
48378511632900|1651013085133|MAC|false|1664537695831|High risk
52776558144005|1660739774711|NFC|false|1664733729510|Low risk
26388279077382|1622700252078|IPv6|false|1634228954815|Moderate risk
10759|1582137961455|ATM|false|1630447136977|Minimal risk
52776558144008|1662435624182|NFC|false|1663348081402|High risk
13194139544073|1603584385962|MAC|false|1670364074257|Severe risk
4398046521866|1588373638425|RFID|false|1656121687663|Very high risk
13194139544075|1599177989698|WIFI|false|1626034484050|Low risk
13194139544076|1600626307637|POS|false|1643958813559|Critical risk
43980465121805|1645378497559|NFC|false|1671884963752|Significant risk
35184372099598|1635874587754|ATM|false|1645481509104|Very high risk
13194139544079|1597982611645|MAC|false|1639305351285|Significant risk
39582418610704|1640005278544|IPv4|false|1671905826304|Extreme risk
10769|1579233571705|NFC|false|1597480199810|High risk
10770|1580446619126|PHONE|true|1626976241214|Low risk
39582418610707|1637954374874|PHONE|true|1657624144973|Very high risk
43980465121812|1646778708106|IPv6|false|1671355162069|Extreme risk
17592186055189|1610220683948|QRCode|false|1639784835122|Low risk
13194139544086|1602880548250|IPv4|false|1644764573874|Very high risk
13194139544087|1597915186362|WIFI|false|1622376203494|Significant risk
39582418610712|1640727952750|NFC|false|1641808928578|Extreme risk
52776558144025|1658949152574|IPv4|false|1670838854412|Significant risk
30786325588506|1628066543949|IPv6|false|1638318984403|Extreme risk
39582418610715|1642587922739|POS|false|1645390970225|Significant risk
30786325588508|1625329907479|IPv6|true|1633766683185|Severe risk
8796093032989|1597032841517|MAC|false|1610780457056|Extreme risk
10782|1581030345285|PHONE|false|1606327407368|Very high risk
57174604655135|1664537140707|ATM|false|1671821535218|Severe risk
30786325588512|1624069597800|IPv6|false|1638382776980|High risk
52776558144033|1662683023285|ATM|false|1666141521382|Low risk
10786|1579696803602|RFID|false|1637687450230|Very high risk
17592186055203|1607400602303|POS|false|1635123611519|Extreme risk
48378511632932|1651568463754|QRCode|false|1665276808959|Severe risk
13194139544101|1598620139287|QRCode|false|1634365116770|Low risk
48378511632934|1655262676690|RFID|false|1670305883473|Extreme risk
39582418610727|1640439502099|PHONE|false|1658214726121|Severe risk
48378511632936|1650452549718|RFID|false|1667267685606|Low risk
57174604655145|1666132538664|QRCode|false|1669209874800|Minimal risk
35184372099626|1634640988194|IPv4|false|1641278894562|Low risk
8796093033003|1595078694725|NFC|false|1616822676663|Low risk
30786325588524|1623613614417|NFC|false|1628517471336|Critical risk
57174604655149|1668130859971|ATM|false|1671644908986|Very high risk
61572651166254|1670462009351|MAC|false|1672397874584|Low risk
52776558144047|1660171547058|MAC|false|1670031895418|Low risk
30786325588528|1623812080047|RFID|false|1643557495186|Extreme risk
8796093033009|1596106483616|QRCode|false|1642882870524|Critical risk
21990232566322|1615637157681|IPv6|false|1633631066848|Extreme risk
8796093033011|1594767459241|ATM|false|1618978993490|Very high risk
35184372099636|1632933221418|MAC|false|1666141826363|Low risk
52776558144053|1660847874773|ATM|false|1664011489419|Critical risk
30786325588534|1628702001192|WIFI|false|1668316322427|High risk
43980465121847|1647119447348|QRCode|false|1649863741478|Critical risk
30786325588536|1629998271660|RFID|false|1650942667376|Extreme risk
10809|1580839605752|MAC|false|1592840315706|Very high risk
30786325588538|1627866209103|IPv6|false|1669797850465|Significant risk
61572651166267|1671722148180|POS|false|1672438199620|High risk
43980465121852|1647389757253|MAC|false|1651138341221|Critical risk
17592186055229|1604607810519|POS|false|1654179527871|Very high risk
57174604655166|1667236194718|ATM|false|1670580455090|Minimal risk
48378511632959|1653277223160|MAC|false|1671160425109|Significant risk
10816|1579702322131|IPv4|false|1590766681511|Critical risk
43980465121857|1648526015967|NFC|false|1667591772908|Extreme risk
52776558144066|1658965442243|PHONE|false|1659595917944|Very high risk
13194139544131|1599544052464|QRCode|false|1632717172612|Significant risk
13194139544132|1602037486820|WIFI|false|1621748203578|Very high risk
35184372099653|1635385454102|MAC|false|1663504447041|Extreme risk
13194139544134|1598371026056|IPv4|false|1666412501103|Significant risk
30786325588551|1629261855252|POS|false|1642674194862|High risk
35184372099656|1634397565999|NFC|false|1639868773684|Moderate risk
57174604655177|1663680948513|MAC|true|1666336987875|High risk
10826|1580782421463|POS|false|1630870020638|High risk
48378511632971|1651758277701|IPv4|false|1657753093005|Low risk
35184372099660|1636151519584|IPv4|false|1669136941019|Critical risk
8796093033037|1594587237978|IPv6|false|1667657498090|Low risk
30786325588558|1625834719409|QRCode|false|1654863746628|High risk
13194139544143|1602958109965|PHONE|false|1637578012694|Critical risk
13194139544144|1603155125930|NFC|false|1668164164128|Moderate risk
52776558144081|1657058768225|IPv4|false|1669504924424|Extreme risk
21990232566354|1616861847361|ATM|false|1639643824123|Minimal risk
21990232566355|1613137971040|IPv6|false|1647834718022|Moderate risk
61572651166292|1670476618278|POS|false|1670678358982|Moderate risk
39582418610773|1639298563700|QRCode|false|1660264629975|Low risk
21990232566358|1614681098880|QRCode|false|1628813462413|Moderate risk
52776558144087|1659047328325|RFID|false|1660857683647|High risk
8796093033048|1593726877749|WIFI|false|1643699977110|High risk
8796093033049|1592195966526|QRCode|false|1619578370183|Moderate risk
52776558144090|1658832502826|PHONE|false|1668382679419|Moderate risk
30786325588571|1628766867171|POS|false|1638755119946|Minimal risk
30786325588572|1625634109946|NFC|false|1629339393207|Extreme risk
39582418610781|1642016014973|WIFI|false|1667718883479|High risk
26388279077470|1618327467104|ATM|false|1622555022355|Critical risk
17592186055263|1608820115501|QRCode|false|1670159225904|Very high risk
4398046521952|1584936447119|PHONE|false|1655199969292|Very high risk
30786325588577|1623903782374|RFID|false|1640973624195|Severe risk
30786325588578|1626311025941|PHONE|false|1634684954573|Critical risk
26388279077475|1619814485638|IPv6|false|1658267219133|Extreme risk
26388279077476|1617716341083|PHONE|false|1636945716097|Very high risk
35184372099685|1630705996769|POS|false|1631776766307|Minimal risk
48378511632998|1655279225696|IPv4|false|1660398893252|Severe risk
4398046521959|1589068010771|WIFI|false|1603949449711|Significant risk
4398046521960|1588257332009|PHONE|false|1648121157747|High risk
48378511633001|1655043222938|PHONE|false|1668713384862|Critical risk
4398046521962|1584919960922|MAC|false|1633356210761|Extreme risk
17592186055275|1605641451348|POS|false|1611613803142|Moderate risk
4398046521964|1585466229058|IPv4|false|1669587565764|High risk
52776558144109|1661234476669|IPv4|false|1671417516574|Critical risk
8796093033070|1592599541085|QRCode|false|1640173323031|Very high risk
35184372099695|1632913239685|WIFI|false|1665527234629|Low risk
30786325588592|1628076435559|NFC|false|1655744494721|Very high risk
10865|1578337508163|NFC|false|1621307901031|Low risk
8796093033074|1591718421889|IPv4|false|1628786135627|Extreme risk
13194139544179|1602444455655|PHONE|false|1646737213862|Critical risk
30786325588596|1626306572014|IPv4|false|1626692002751|Moderate risk
26388279077493|1621162943111|NFC|false|1653085627031|Very high risk
39582418610806|1638078369543|POS|false|1646381882635|Moderate risk
8796093033079|1593413261735|WIFI|false|1662185751133|Very high risk
43980465121912|1646064533837|ATM|false|1666925402833|Minimal risk
30786325588601|1625068306259|PHONE|false|1657215288956|Very high risk
39582418610810|1639794834061|NFC|false|1667577882930|High risk
8796093033083|1591517557405|QRCode|false|1596573639898|Very high risk
8796093033084|1596019840507|IPv4|false|1640149203130|Low risk
10877|1582273661636|POS|false|1660021075179|Moderate risk
13194139544190|1599368717480|ATM|false|1647245628715|Extreme risk
8796093033087|1593423197596|ATM|false|1663157260494|Minimal risk
43980465121920|1648137572254|WIFI|false|1649632680425|Very high risk
13194139544193|1603314811791|IPv6|false|1621881963045|Minimal risk
30786325588610|1623972900588|RFID|false|1642284078839|Low risk
13194139544195|1600408115217|IPv6|false|1620050739264|Critical risk
10884|1580773536371|IPv4|false|1656938510069|Moderate risk
39582418610821|1638361768513|RFID|false|1661405795192|High risk
39582418610822|1637362858558|PHONE|false|1668207112480|Extreme risk
4398046521991|1589068037241|WIFI|false|1623197644659|Critical risk
10888|1583916660812|NFC|false|1612020295075|Severe risk
26388279077513|1619844391766|POS|false|1646664302989|Severe risk
48378511633034|1652033050436|PHONE|false|1669320476794|Critical risk
4398046521995|1585141658153|PHONE|false|1643146490971|Low risk
48378511633036|1654250232886|ATM|false|1670453207831|Very high risk
17592186055309|1608921241212|QRCode|false|1620824068775|Extreme risk
10894|1583090799922|POS|false|1631809378211|Critical risk
8796093033103|1593376547563|RFID|false|1632597408655|Very high risk
17592186055312|1608601124747|QRCode|false|1614891830397|Moderate risk
13194139544209|1600550691620|POS|false|1649157693328|Moderate risk
30786325588626|1629109285190|QRCode|false|1668702922882|Minimal risk
10899|1582918785338|NFC|false|1583738077570|Very high risk
30786325588628|1628980579630|ATM|false|1656510208678|Very high risk
10901|1581191911197|RFID|false|1624154577493|Extreme risk
8796093033110|1592760888786|PHONE|false|1610792436883|Severe risk
57174604655255|1668247953310|IPv6|false|1672347496132|Severe risk
13194139544216|1601648850395|PHONE|false|1613185428098|Very high risk
4398046522009|1588034303224|IPv4|false|1599543633958|High risk
26388279077530|1623343726067|RFID|false|1652771582214|Moderate risk
4398046522011|1586722417915|QRCode|true|1596883409727|Significant risk
30786325588636|1629345589610|WIFI|false|1661335389684|Very high risk
35184372099741|1635264963466|IPv6|false|1641467549863|Low risk
35184372099742|1636349680563|NFC|false|1645084780399|Critical risk
57174604655263|1668845710651|PHONE|false|1670018490849|Severe risk
4398046522016|1586469477914|POS|false|1660420743309|Low risk
13194139544225|1598985088905|RFID|false|1615113513941|High risk
17592186055330|1609028372640|IPv4|false|1625643558667|Low risk
52776558144163|1658585664968|ATM|false|1670182812965|Severe risk
8796093033124|1591250494181|PHONE|false|1627868962729|Moderate risk
10917|1582672462184|WIFI|false|1646037668860|High risk
13194139544230|1600069736524|MAC|false|1623598706856|Moderate risk
13194139544231|1600435866237|PHONE|false|1640310191096|Minimal risk
8796093033128|1594094296909|MAC|false|1634013000412|Critical risk
43980465121961|1646892475624|QRCode|false|1654537880921|Minimal risk
57174604655274|1669191534354|WIFI|false|1669489649592|Minimal risk
8796093033131|1590917044438|PHONE|true|1599666233892|Moderate risk
17592186055340|1604922064291|WIFI|false|1666037905720|Extreme risk
57174604655277|1667254384248|QRCode|false|1668260027971|Extreme risk
30786325588654|1628746491217|ATM|false|1661210281960|Low risk
61572651166383|1672167497793|RFID|false|1672176970494|Significant risk
26388279077552|1620737183194|QRCode|false|1631875327067|Significant risk
21990232566449|1612339598479|WIFI|false|1661169003444|Significant risk
4398046522034|1585288883738|QRCode|false|1612667434103|Significant risk
30786325588659|1626924531251|RFID|false|1637209719189|Low risk
35184372099764|1631956529414|POS|false|1635957406567|Critical risk
13194139544245|1602383054260|NFC|false|1622755143824|Significant risk
13194139544246|1600253651264|ATM|false|1652774403945|Low risk
30786325588663|1629438346745|ATM|false|1641305230046|High risk
8796093033144|1595279246143|IPv4|false|1655511038067|Very high risk
21990232566457|1613754815418|NFC|false|1623591983873|Minimal risk
17592186055354|1606164593085|WIFI|false|1649325404094|Critical risk
17592186055355|1608299939096|IPv6|false|1632490693108|Minimal risk
21990232566460|1613473135576|QRCode|true|1657779614448|Minimal risk
8796093033149|1592128907196|WIFI|false|1649243276919|Minimal risk
10942|1583356658037|WIFI|false|1615068800073|Extreme risk
26388279077567|1621605533968|RFID|false|1648860287111|Critical risk
10944|1580466702980|IPv6|false|1640437185712|Minimal risk
52776558144193|1661279678710|PHONE|true|1669681492984|Moderate risk
57174604655298|1666790478818|QRCode|false|1670760125559|Very high risk
30786325588675|1623662742667|ATM|false|1631109200440|Very high risk
4398046522052|1589486114051|MAC|false|1640907370970|High risk
26388279077573|1621461844733|IPv6|false|1625807142594|Critical risk
48378511633094|1650294475097|QRCode|false|1654981676237|Critical risk
10951|1582588457183|IPv6|false|1595178734891|Severe risk
13194139544264|1603035482644|RFID|false|1608628198826|Low risk
10953|1578057264585|NFC|false|1620826604460|Low risk
48378511633098|1653851037180|MAC|false|1658511609730|Critical risk
57174604655307|1667966437615|QRCode|false|1671217365676|Significant risk
52776558144204|1662670085884|QRCode|false|1663665710710|Minimal risk
57174604655309|1668780920700|QRCode|false|1670161704885|Significant risk
26388279077582|1617074859018|NFC|false|1642485743138|Low risk
26388279077583|1617859781539|IPv4|false|1629144109441|Critical risk
57174604655312|1667982448041|QRCode|false|1672109087053|Critical risk
30786325588689|1628751967046|RFID|false|1651634515430|Severe risk
43980465122002|1645834290539|PHONE|false|1669404939565|Moderate risk
35184372099795|1634520131632|MAC|false|1658915512439|Very high risk
57174604655316|1663367675949|IPv4|false|1664569243275|Low risk
35184372099797|1635268213843|WIFI|true|1637239123144|Significant risk
8796093033174|1592214938493|PHONE|false|1608018059954|Low risk
48378511633111|1653746014139|NFC|false|1658191241516|Low risk
4398046522072|1588932732976|WIFI|false|1644029376849|Critical risk
57174604655321|1667342257971|ATM|false|1670218546544|Very high risk
43980465122010|1647128310298|MAC|false|1649579929912|Minimal risk
52776558144219|1659230073075|RFID|false|1669538105588|Very high risk
30786325588700|1627388765244|IPv4|false|1659265863281|Very high risk
17592186055389|1608430032545|WIFI|false|1660083003597|Significant risk
4398046522078|1586889480802|PHONE|false|1603446612480|Critical risk
52776558144223|1658853563481|PHONE|false|1666212654597|Low risk
21990232566496|1615947922803|ATM|false|1665889460998|Extreme risk
52776558144225|1658704690595|MAC|false|1671903441607|Very high risk
4398046522082|1590324161800|PHONE|false|1668647963263|High risk
30786325588707|1629312214085|WIFI|true|1650802799732|Moderate risk
57174604655332|1665075752980|ATM|false|1669328079557|Very high risk
4398046522085|1585751731571|RFID|false|1615729713371|Extreme risk
4398046522086|1588037871251|POS|false|1619083961647|Severe risk
8796093033191|1593138576676|NFC|false|1641055499176|Minimal risk
43980465122024|1646183744730|PHONE|false|1669523686694|Severe risk
26388279077609|1622766688689|ATM|false|1636131649485|Minimal risk
43980465122026|1647044333708|IPv4|false|1649154975153|Critical risk
30786325588715|1627926913910|POS|true|1641377003871|Minimal risk
26388279077612|1622976257884|QRCode|false|1666094557085|Critical risk
17592186055405|1607259611386|ATM|false|1649547727048|Moderate risk
30786325588718|1625766571251|MAC|false|1655620983106|Severe risk
4398046522095|1589534087170|NFC|false|1659859882351|Severe risk
48378511633136|1655893973547|ATM|false|1661163481712|Very high risk
35184372099825|1630427975250|IPv6|true|1634415419820|Very high risk
4398046522098|1585567768308|ATM|false|1614754957557|Low risk
17592186055411|1606167675840|RFID|false|1646985101249|Critical risk
30786325588724|1625999218303|ATM|false|1664420055664|Moderate risk
52776558144245|1659652264086|RFID|false|1670099969954|Severe risk
10998|1579446103932|IPv6|false|1672380830671|Severe risk
57174604655351|1665694314329|WIFI|false|1668020963228|Low risk
52776558144248|1660008488559|IPv6|false|1663187058985|Critical risk
48378511633145|1651874571024|NFC|false|1663115764424|Moderate risk
35184372099834|1630277794028|POS|false|1653658760218|Extreme risk
30786325588731|1627730218544|MAC|false|1635212153750|Severe risk
11004|1581383053655|ATM|false|1647195086254|High risk
4398046522109|1590586811785|PHONE|false|1603804233453|Significant risk
30786325588734|1626908096972|NFC|false|1669095225688|High risk
21990232566527|1612811275114|IPv6|false|1639086996136|Low risk
21990232566528|1612463723290|WIFI|false|1656596040678|Low risk
48378511633153|1649749259714|WIFI|false|1660020776039|Severe risk
26388279077634|1619968851919|QRCode|false|1631072955084|Moderate risk
8796093033219|1593207384385|QRCode|false|1626260345272|Critical risk
35184372099844|1631948598146|POS|false|1663149950056|Critical risk
11013|1579462349998|QRCode|false|1619504822227|Severe risk
21990232566534|1613378274588|RFID|false|1642623592288|Critical risk
39582418610951|1637437976748|NFC|false|1653551104674|Extreme risk
4398046522120|1589443054312|RFID|false|1664053990906|Significant risk
61572651166473|1670455198701|QRCode|false|1672093252381|Critical risk
35184372099850|1630246322336|QRCode|false|1668746985767|Significant risk
43980465122059|1647294583372|MAC|false|1667773695048|Critical risk
8796093033228|1592618315163|IPv6|false|1643031349485|Severe risk
48378511633165|1651439724426|PHONE|false|1653344183011|High risk
26388279077646|1617619696605|QRCode|false|1662364951944|Very high risk
17592186055439|1609788482144|POS|false|1657978235631|Significant risk
11024|1579719818054|NFC|false|1594992168875|Severe risk
21990232566545|1615848609492|IPv4|false|1616201773896|Critical risk
52776558144274|1661957752744|WIFI|false|1672130185039|High risk
48378511633171|1655032074634|IPv6|false|1670681231081|Low risk
8796093033236|1594410481386|PHONE|false|1647473764892|Moderate risk
4398046522133|1585942292268|MAC|false|1601062280935|Extreme risk
52776558144278|1660491737261|RFID|false|1668113782965|Critical risk
30786325588759|1625073178379|MAC|false|1671317732588|Severe risk
48378511633176|1650385233497|WIFI|false|1653358839227|Minimal risk
35184372099865|1632277207714|PHONE|false|1641441163641|Critical risk
26388279077658|1619654573813|NFC|false|1648738915380|Significant risk
52776558144283|1660576789019|QRCode|false|1666910450541|Critical risk
39582418610972|1638459441270|QRCode|false|1647479654196|Low risk
43980465122077|1647612008489|IPv4|false|1651782282081|Critical risk
48378511633182|1649719136240|RFID|false|1655137918904|Extreme risk
4398046522143|1589297918126|IPv4|false|1595630660647|Very high risk
61572651166496|1670112369699|NFC|false|1670410556948|Low risk
21990232566561|1615540320250|IPv6|false|1646301298636|Severe risk
8796093033250|1596729832270|IPv4|false|1612846126418|Significant risk
57174604655395|1667282764347|PHONE|false|1671321697913|Moderate risk
57174604655396|1668757047039|RFID|false|1670882990816|Very high risk
48378511633189|1655842334027|IPv4|false|1669106694379|Very high risk
39582418610982|1636700565901|WIFI|false|1637253474365|Significant risk
35184372099879|1636488560788|IPv4|false|1662814847095|Severe risk
8796093033256|1594974418427|RFID|false|1635162961064|Minimal risk
57174604655401|1668324137340|NFC|false|1671730243963|Extreme risk
48378511633194|1655301407206|QRCode|true|1666140172105|Extreme risk
52776558144299|1658291755484|NFC|false|1660065048036|Minimal risk
26388279077676|1618012744637|NFC|false|1661362881020|Extreme risk
21990232566573|1614347026618|IPv6|false|1660886532002|Minimal risk
35184372099886|1632610271893|IPv4|false|1643744964892|Moderate risk
17592186055471|1609588781129|MAC|false|1611825748358|High risk
39582418610992|1641010003080|NFC|false|1652758687381|Extreme risk
11057|1582563243727|NFC|false|1649804553187|Low risk
39582418610994|1638305420646|IPv6|false|1670854431186|Critical risk
57174604655411|1664176239277|PHONE|false|1666397411872|Severe risk
52776558144308|1662258673681|QRCode|false|1671175669138|Extreme risk
48378511633205|1653622362758|RFID|true|1654221512966|Extreme risk
11062|1580441452997|MAC|false|1601016892239|Moderate risk
43980465122103|1648728679916|MAC|false|1659853735010|Critical risk
8796093033272|1596707398982|QRCode|false|1666668272809|Very high risk
17592186055481|1609406695709|QRCode|false|1620056506504|Moderate risk
61572651166522|1669632567665|WIFI|false|1670113945497|Severe risk
21990232566587|1613156385676|NFC|false|1638219642753|Severe risk
26388279077692|1617778005895|PHONE|false|1658585387174|High risk
26388279077693|1619582676153|RFID|false|1642488689655|Severe risk
30786325588798|1629841692935|NFC|false|1635451114167|Minimal risk
13194139544383|1598292873532|RFID|false|1662695898760|Low risk
11072|1582473989897|POS|false|1667563175691|Low risk
8796093033281|1594948581845|ATM|false|1646475907271|Severe risk
48378511633218|1654453625348|RFID|false|1658657089114|Very high risk
61572651166531|1670030055290|WIFI|false|1672515244337|Low risk
52776558144324|1657218069593|NFC|false|1658590127628|Very high risk
21990232566597|1612266682866|ATM|false|1657731808597|Very high risk
48378511633222|1654237127620|IPv4|false|1657616844401|Severe risk
17592186055495|1607915968150|QRCode|false|1648361856832|Moderate risk
57174604655432|1663722043595|RFID|false|1664918465472|Low risk
43980465122121|1643998115100|IPv6|false|1647787986330|High risk
26388279077706|1619246866572|IPv4|false|1671087870605|Severe risk
21990232566603|1615657322060|PHONE|false|1624334491957|Extreme risk
26388279077708|1621314553134|NFC|false|1671675689259|Very high risk
11085|1582576138490|ATM|false|1590309645860|Moderate risk
30786325588814|1624858886700|NFC|false|1648660221183|Low risk
8796093033295|1591486928589|QRCode|false|1628259780657|Minimal risk
35184372099920|1630345902393|PHONE|false|1669852241792|Low risk
30786325588817|1626785214660|RFID|false|1667358733370|Minimal risk
30786325588818|1629798475307|QRCode|false|1671039654925|High risk
35184372099923|1630290646883|QRCode|false|1649259041163|High risk
30786325588820|1623907477778|WIFI|false|1661635119154|Significant risk
26388279077717|1622374705313|RFID|false|1648660831608|High risk
39582418611030|1639126851241|WIFI|false|1647290696341|Extreme risk
4398046522199|1587859815681|IPv4|false|1620855267205|Severe risk
21990232566616|1616178507495|IPv4|false|1643105795214|Severe risk
13194139544409|1601891020255|MAC|false|1621998439584|Very high risk
52776558144346|1658925459088|IPv6|false|1671428256602|Moderate risk
52776558144347|1659523381835|QRCode|false|1668527534588|Moderate risk
48378511633244|1652800032139|PHONE|false|1659897717975|Very high risk
61572651166557|1671422110589|PHONE|false|1672054260592|Moderate risk
48378511633246|1655546691094|PHONE|false|1671875454329|Low risk
4398046522207|1586949235455|WIFI|false|1667038713466|Extreme risk
17592186055520|1604245546683|IPv4|false|1643433940673|Significant risk
48378511633249|1653979299335|POS|false|1655797784519|Moderate risk
17592186055522|1609955351806|NFC|false|1627284223520|Significant risk
11107|1584106111773|WIFI|false|1639467693044|High risk
4398046522212|1585766601717|ATM|false|1622567457687|Minimal risk
52776558144357|1660957940928|WIFI|false|1661918822109|Significant risk
11110|1579116025906|QRCode|false|1620542491687|Critical risk
4398046522215|1586533543606|ATM|false|1626615688788|Critical risk
11112|1580390715286|NFC|false|1666797910202|Severe risk
52776558144361|1657160585006|QRCode|false|1658285022873|Significant risk
35184372099946|1630976230000|MAC|false|1632099994082|Significant risk
13194139544427|1597721924964|PHONE|false|1610425999281|Minimal risk
43980465122156|1644273855373|PHONE|false|1658112872864|High risk
26388279077741|1622312533442|IPv4|false|1666207147994|Critical risk
17592186055534|1607354051452|ATM|false|1658905673709|Moderate risk
30786325588847|1627124164790|WIFI|false|1640875363224|Low risk
52776558144368|1659464811698|MAC|false|1660070998900|Low risk
8796093033329|1593188994481|MAC|false|1624098550505|Extreme risk
43980465122162|1647516912512|IPv6|false|1671682994910|Moderate risk
48378511633267|1652318927275|POS|false|1657202432431|High risk
30786325588852|1626653218682|RFID|false|1662098753560|Critical risk
8796093033333|1596679276915|WIFI|false|1617169341631|Low risk
35184372099958|1634409701355|IPv6|true|1653655755180|Moderate risk
61572651166583|1670627276566|RFID|false|1670828525214|Severe risk
30786325588856|1626639352448|WIFI|true|1641767433998|Critical risk
52776558144377|1656949197697|RFID|false|1672155340427|Low risk
26388279077754|1621739670215|RFID|false|1667545276247|Moderate risk
13194139544443|1600409489452|RFID|false|1631854814886|Minimal risk
39582418611068|1642078996743|NFC|false|1647555600425|Extreme risk
4398046522237|1584633839376|MAC|false|1605090860517|Significant risk
52776558144382|1659292272457|IPv4|false|1668985705241|Critical risk
8796093033343|1590975388595|IPv6|false|1629075311700|Extreme risk
35184372099968|1632744610465|ATM|false|1657014466251|Critical risk
8796093033345|1594753456943|POS|false|1663874247811|Significant risk
17592186055554|1607846923440|WIFI|false|1642271476426|Minimal risk
17592186055555|1604142530045|MAC|false|1609206908158|Extreme risk
13194139544452|1598104902499|MAC|false|1671574004270|High risk
17592186055557|1608270576780|RFID|false|1663647356534|Critical risk
57174604655494|1664249178976|QRCode|false|1664465161335|Critical risk
57174604655495|1663274315601|POS|false|1671232181747|High risk
39582418611080|1639651970682|NFC|false|1671482465561|Severe risk
4398046522249|1585474219137|IPv4|false|1603924611190|Moderate risk
43980465122186|1644021054504|WIFI|false|1672239635387|Very high risk
43980465122187|1647073541128|MAC|false|1657151708359|Severe risk
39582418611084|1642294034070|IPv6|false|1672498764504|Moderate risk
13194139544461|1603722486445|QRCode|false|1628963628345|Low risk
35184372099982|1630960377121|ATM|false|1640698721351|Moderate risk
8796093033359|1594324610501|QRCode|false|1620019744376|Significant risk
8796093033360|1591336522889|RFID|false|1628708822775|Minimal risk
13194139544465|1600630566766|IPv6|false|1613817900329|Significant risk
39582418611090|1639584395346|IPv4|false|1649140175602|Minimal risk
52776558144403|1659673833270|WIFI|false|1671440276989|Severe risk
21990232566676|1615597439530|RFID|false|1629382367004|Moderate risk
39582418611093|1643059750775|PHONE|false|1667770658217|Extreme risk
30786325588886|1628337317524|RFID|false|1645087949360|Very high risk
48378511633303|1653325417585|IPv4|false|1664377139845|Extreme risk
52776558144408|1658486164072|QRCode|false|1663594082900|Moderate risk
13194139544473|1600801247949|WIFI|false|1637086397558|Extreme risk
30786325588890|1629128933887|ATM|false|1636566719992|Low risk
21990232566683|1615322934427|ATM|false|1627052043391|Extreme risk
61572651166620|1670669140155|RFID|false|1671589243132|High risk
4398046522269|1587819591896|PHONE|false|1621765996641|Critical risk
43980465122206|1645304759421|IPv6|false|1662783579332|Minimal risk
30786325588895|1625606983233|RFID|false|1640932005092|Low risk
43980465122208|1644113936516|ATM|false|1668974967271|Low risk
35184372100001|1635106534487|ATM|false|1636953631696|Significant risk
48378511633314|1652706006886|IPv4|false|1654001295123|Minimal risk
39582418611107|1640062411447|IPv6|false|1660682279892|Moderate risk
8796093033380|1591953542794|RFID|false|1607741977178|Minimal risk
57174604655525|1667453753976|IPv6|false|1670386637306|Moderate risk
26388279077798|1623172535673|IPv4|false|1663491676638|Critical risk
57174604655527|1669018966414|ATM|false|1669478413035|Very high risk
8796093033384|1596830276030|PHONE|false|1629952510303|Extreme risk
8796093033385|1597035679858|IPv6|false|1627400287354|Critical risk
4398046522282|1586478298214|IPv4|false|1602433494479|Extreme risk
35184372100011|1634896645335|ATM|false|1666084846545|Moderate risk
4398046522284|1586246725798|PHONE|false|1633793325004|Critical risk
26388279077805|1617183072479|ATM|false|1670055204539|Extreme risk
13194139544494|1597711545411|ATM|false|1660839999684|Extreme risk
13194139544495|1600723235120|NFC|false|1671190824113|Extreme risk
35184372100016|1630246295849|NFC|false|1635550228132|Very high risk
43980465122225|1644597405561|PHONE|false|1671896747627|Critical risk
48378511633330|1650687636425|WIFI|false|1671929554940|High risk
39582418611123|1637598812729|QRCode|false|1667666932630|Critical risk
48378511633332|1654442677665|MAC|false|1670017258617|Low risk
26388279077813|1620391871821|IPv4|false|1644984126787|Significant risk
13194139544502|1600638724800|MAC|false|1621333801569|Very high risk
17592186055607|1605032645136|IPv6|false|1632456540257|Moderate risk
26388279077816|1622095985525|PHONE|false|1660212479249|Moderate risk
57174604655545|1665001371545|QRCode|false|1669752234063|Minimal risk
13194139544506|1599328075969|MAC|true|1627527795655|Low risk
26388279077819|1617905236501|ATM|false|1643274904826|Very high risk
13194139544508|1602958034221|RFID|false|1630683351358|Very high risk
13194139544509|1601066073961|PHONE|false|1666558816710|Low risk
52776558144446|1656750039514|WIFI|false|1670580330581|Extreme risk
13194139544511|1600252500707|QRCode|false|1666914536475|Severe risk
4398046522304|1585033238361|NFC|false|1642724058468|Significant risk
8796093033409|1596750485221|QRCode|false|1596853526479|Extreme risk
39582418611138|1638390597559|PHONE|false|1664821919061|High risk
13194139544515|1601625945926|IPv6|false|1656053385891|High risk
13194139544516|1599031173008|NFC|false|1626107328805|Severe risk
4398046522309|1590588505064|WIFI|false|1629280537982|High risk
57174604655558|1668447847320|IPv4|false|1670311230158|Low risk
39582418611143|1639652612531|NFC|false|1672387747144|Very high risk
35184372100040|1630845201517|RFID|false|1642646897508|Moderate risk
17592186055625|1604865599868|PHONE|false|1606462826925|Critical risk
17592186055626|1609305695806|PHONE|false|1629977637668|High risk
26388279077835|1622456994523|PHONE|false|1638864162806|Severe risk
4398046522316|1587960388858|RFID|false|1652059104841|Moderate risk
48378511633357|1655630522993|PHONE|false|1662050422123|Significant risk
57174604655566|1665943287764|PHONE|false|1672446187238|Moderate risk
11215|1578817833611|ATM|false|1663690385532|Critical risk
17592186055632|1609829843294|PHONE|false|1613003118032|Significant risk
13194139544529|1602109640703|ATM|false|1625220526123|High risk
30786325588946|1626491766351|POS|false|1641387953648|Critical risk
8796093033427|1592119989420|IPv6|false|1631073226998|Severe risk
17592186055636|1607101041060|RFID|false|1615393385561|Minimal risk
13194139544533|1602051854873|NFC|false|1606270728349|Moderate risk
13194139544534|1599366445243|IPv4|false|1630867967982|Extreme risk
11223|1579602577805|NFC|false|1593987678599|Low risk
57174604655576|1667092055011|ATM|false|1667943171913|Minimal risk
26388279077849|1621334325631|IPv4|false|1645922643798|High risk
17592186055642|1605232385306|QRCode|false|1651660906038|Severe risk
11227|1581905582451|NFC|false|1609182737400|Low risk
43980465122268|1646116769983|MAC|false|1662946916112|Critical risk
39582418611165|1640338145615|PHONE|false|1649066124532|Significant risk
61572651166686|1671884131870|IPv4|false|1672306284377|Severe risk
35184372100063|1635590040406|PHONE|false|1647405763392|Significant risk
57174604655584|1666882167152|RFID|false|1668128329782|Critical risk
35184372100065|1632219716858|NFC|false|1642968628797|Low risk
4398046522338|1590416006632|WIFI|false|1638668651819|Severe risk
21990232566755|1611955180379|IPv4|false|1649003518421|Low risk
26388279077860|1620541498284|IPv4|false|1666089117893|Low risk
26388279077861|1623392113006|WIFI|false|1630275610529|Moderate risk
4398046522342|1585155646989|IPv6|false|1646119392971|Critical risk
39582418611175|1641934375507|RFID|false|1656897428036|Low risk
30786325588968|1626327993684|IPv6|false|1671499811424|Severe risk
8796093033449|1597321754142|NFC|false|1633968351098|Low risk
13194139544554|1600735534286|WIFI|false|1602802579639|Minimal risk
11243|1583399195518|WIFI|false|1667757426095|Low risk
61572651166700|1670604884198|RFID|false|1671122761875|Minimal risk
17592186055661|1604665416580|POS|true|1614282875338|Significant risk
39582418611182|1637461560475|QRCode|false|1639360127256|Significant risk
52776558144495|1662249799570|PHONE|false|1669233889829|Low risk
35184372100080|1630503494805|NFC|false|1648496295070|Moderate risk
39582418611185|1639072443247|IPv6|false|1671145273837|Minimal risk
26388279077874|1620506909591|POS|true|1659701972746|Extreme risk
35184372100083|1633366127304|NFC|false|1647177180718|High risk
13194139544564|1600531578032|POS|false|1610316922608|Moderate risk
52776558144501|1658877542244|MAC|false|1663852976103|Extreme risk
35184372100086|1631128668901|IPv6|false|1662841381457|Critical risk
8796093033463|1595412037149|WIFI|false|1663154155863|Minimal risk
26388279077880|1618338774128|IPv6|false|1625160044342|Minimal risk
43980465122297|1644884597491|RFID|false|1663841093727|Extreme risk
39582418611194|1637384188277|WIFI|false|1667551349693|Very high risk
17592186055675|1606745599633|IPv4|false|1631818673647|Low risk
21990232566780|1611502123261|IPv6|false|1653817975991|Moderate risk
11261|1582684792236|MAC|false|1640274746411|Low risk
26388279077886|1618571770995|RFID|false|1646221477416|Low risk
43980465122303|1646782490185|QRCode|false|1662399504495|Significant risk
39582418611200|1641938480109|MAC|false|1658125653624|Moderate risk
48378511633409|1649769053190|IPv4|false|1659104007898|Severe risk
43980465122306|1647922221563|IPv6|false|1670456973200|Extreme risk
11267|1581871600045|IPv4|false|1650675486477|Very high risk
11268|1581028254048|IPv6|false|1631153037746|Critical risk
4398046522373|1589808076015|IPv4|false|1621057558400|High risk
30786325588998|1627255423478|IPv4|false|1627860452185|Severe risk
26388279077895|1623040563048|PHONE|true|1630041116439|Severe risk
21990232566792|1615744552424|ATM|false|1649221910758|High risk
21990232566793|1613408235035|NFC|false|1671979063751|Low risk
61572651166730|1671306024896|POS|false|1672003618121|Critical risk
26388279077899|1623189888624|WIFI|false|1648659124587|Minimal risk
52776558144524|1657444045400|IPv4|false|1664780965595|Moderate risk
35184372100109|1635109041789|WIFI|false|1641233552032|High risk
13194139544590|1599411517354|ATM|false|1626885554677|Significant risk
39582418611215|1638814505689|PHONE|false|1665872960384|Severe risk
11280|1584235179559|IPv4|false|1584755172883|Very high risk
13194139544593|1599663590088|IPv4|false|1623263580484|High risk
43980465122322|1645850766342|IPv4|false|1668452781285|Very high risk
17592186055699|1609090223398|IPv4|false|1646381387421|Moderate risk
52776558144532|1659001655791|WIFI|false|1667291178665|High risk
57174604655637|1665803188516|ATM|false|1669109860900|Significant risk
61572651166742|1669689423729|NFC|false|1670382916479|Severe risk
39582418611223|1638782606387|MAC|false|1670412763167|Low risk
57174604655640|1666637482223|RFID|false|1671457852482|Minimal risk
8796093033497|1590974378421|IPv4|false|1653081787107|Very high risk
11290|1580021829341|NFC|false|1642710887238|Very high risk
30786325589019|1627980128471|MAC|true|1635060720432|Minimal risk
26388279077916|1620148330453|PHONE|false|1626976450433|Low risk
26388279077917|1617979498803|IPv6|false|1627432934045|Significant risk
13194139544606|1601867372545|PHONE|false|1663206342075|Significant risk
21990232566815|1613227097137|QRCode|false|1643201745773|Minimal risk
26388279077920|1618360216374|ATM|false|1632758622182|Minimal risk
21990232566817|1614194922865|IPv6|false|1627727790689|Extreme risk
8796093033506|1595842888146|QRCode|false|1622680971280|Low risk
52776558144547|1660156893323|QRCode|false|1663546513447|Minimal risk
4398046522404|1589986984720|ATM|false|1616621028597|Moderate risk
17592186055717|1610074493911|NFC|false|1627690926059|Significant risk
39582418611238|1638425791409|QRCode|false|1653813934948|Significant risk
52776558144551|1662559037753|RFID|false|1666603717606|Very high risk
11304|1582331205506|QRCode|false|1590623844175|Very high risk
43980465122345|1647063829166|ATM|false|1660371666213|Extreme risk
26388279077930|1620927881010|POS|false|1667575949140|Low risk
48378511633451|1654068114651|MAC|false|1662900997231|Significant risk
48378511633452|1652428257484|IPv6|false|1663120930787|Extreme risk
61572651166765|1672289380038|MAC|false|1672458995836|Moderate risk
39582418611246|1642876081314|ATM|false|1654524190690|Significant risk
52776558144559|1658172476117|IPv6|false|1671632876113|Critical risk
48378511633456|1649932999529|POS|false|1665967502334|Low risk
48378511633457|1650421852916|NFC|false|1659923166538|Very high risk
43980465122354|1645379173590|MAC|false|1664118820524|High risk
21990232566835|1614114264294|QRCode|false|1644130568386|High risk
43980465122356|1646105137915|MAC|false|1651049632793|Critical risk
17592186055733|1605639825900|MAC|false|1646827536544|Severe risk
8796093033526|1593547957152|QRCode|false|1616239145697|High risk
8796093033527|1596381417656|POS|false|1599867974300|Moderate risk
52776558144568|1662679842383|WIFI|false|1671693775531|Significant risk
26388279077945|1621496742196|QRCode|false|1658988799886|Very high risk
4398046522426|1589579835002|PHONE|false|1638265239747|High risk
30786325589051|1624903608001|PHONE|false|1640816373645|Minimal risk
13194139544636|1600905267519|NFC|false|1613943094552|Very high risk
4398046522429|1588001434406|IPv6|false|1632167828987|Moderate risk
4398046522430|1587103216382|WIFI|false|1654944726751|Very high risk
4398046522431|1587895454231|MAC|false|1608203857819|Significant risk
57174604655680|1667814281676|NFC|false|1668139748361|Moderate risk
4398046522433|1587246928769|RFID|false|1605175202572|Extreme risk
48378511633474|1651775088669|RFID|false|1664508614476|Moderate risk
57174604655683|1665848946569|RFID|false|1672290019661|High risk
52776558144580|1658984017143|ATM|false|1661065092581|Severe risk
21990232566853|1611438830841|RFID|true|1648024216648|Very high risk
21990232566854|1616994272957|WIFI|false|1658156484477|Low risk
4398046522439|1585296387620|QRCode|true|1614366969649|Very high risk
57174604655688|1665481686278|POS|false|1671986477723|High risk
61572651166793|1669818387583|PHONE|false|1670137901835|Critical risk
52776558144586|1660651693572|ATM|false|1671667335075|Minimal risk
52776558144587|1661835694984|PHONE|false|1672189370923|High risk
13194139544652|1597516631830|IPv6|false|1632181499451|Minimal risk
43980465122381|1646555873368|RFID|false|1659665427519|Severe risk
17592186055758|1605148130434|IPv6|false|1610208699542|Low risk
39582418611279|1637512554931|ATM|false|1651420866504|Low risk
11344|1581480197405|IPv6|false|1628324083650|High risk
26388279077969|1622287357893|PHONE|false|1667482487120|Minimal risk
11346|1580184698972|ATM|false|1621128656086|Low risk
61572651166803|1671198011269|PHONE|false|1671933342631|Extreme risk
17592186055764|1609231755133|NFC|false|1667676091329|Significant risk
21990232566869|1612446052535|IPv6|false|1669764015079|Severe risk
26388279077974|1620663709506|WIFI|false|1647751012315|Low risk
4398046522455|1590073121284|MAC|false|1637468584091|Extreme risk
57174604655704|1665701999558|NFC|false|1671252619015|Very high risk
30786325589081|1623895216827|IPv4|false|1625070704534|Extreme risk
43980465122394|1644613099293|ATM|false|1660378262808|High risk
52776558144603|1662441236357|IPv6|false|1668092106425|Very high risk
57174604655708|1664499822260|ATM|false|1669269580926|Severe risk
11357|1580217415935|RFID|false|1638962278247|Significant risk
11358|1580123215879|POS|false|1586845254038|Moderate risk
35184372100191|1635652657679|PHONE|false|1659542832444|High risk
43980465122400|1646167410778|IPv4|false|1647001837497|High risk
13194139544673|1602324220579|IPv4|false|1615865993739|Extreme risk
57174604655714|1666717909148|WIFI|false|1671142922916|Very high risk
4398046522467|1585849791279|PHONE|false|1663833926841|Significant risk
35184372100196|1631837828715|WIFI|false|1638374947927|Minimal risk
26388279077989|1620101507984|PHONE|false|1636967707286|Critical risk
39582418611302|1641679868660|MAC|false|1661786131758|Critical risk
39582418611303|1639397116652|RFID|false|1656029550677|Extreme risk
35184372100200|1632252501847|MAC|false|1664228361158|Minimal risk
11369|1582428410405|WIFI|false|1615068104553|Very high risk
39582418611306|1642998504051|ATM|false|1672123233433|Minimal risk
26388279077995|1617543606364|IPv6|false|1625595330347|Minimal risk
21990232566892|1611227975816|MAC|false|1656233086351|Significant risk
11373|1578079008055|MAC|false|1599647726950|Low risk
8796093033582|1593231460380|PHONE|false|1640050964230|Severe risk
39582418611311|1637832694719|QRCode|false|1668546529691|Moderate risk
30786325589104|1629248546015|WIFI|false|1653828944897|Moderate risk
17592186055793|1607342772496|IPv6|false|1626350427411|Moderate risk
35184372100210|1636463194071|MAC|false|1642531658068|Extreme risk
30786325589107|1624970174436|MAC|false|1642298554618|Significant risk
11380|1579543680690|NFC|false|1588649244306|Significant risk
52776558144629|1659794791503|IPv4|false|1672385843601|Extreme risk
35184372100214|1630522085023|NFC|false|1662484204366|Moderate risk
11383|1577890261051|ATM|false|1587624984515|Minimal risk
57174604655736|1663562768670|QRCode|false|1664051263524|Minimal risk
13194139544697|1600760959498|IPv6|false|1641774088105|Severe risk
8796093033594|1592866658332|IPv4|false|1614124169478|Low risk
11387|1577936155614|IPv6|false|1615945512245|High risk
43980465122428|1649021268358|WIFI|false|1665802800729|High risk
13194139544701|1598293484821|IPv4|false|1657098543290|Critical risk
39582418611326|1641801498861|MAC|false|1656767136211|Minimal risk
17592186055807|1605861298513|NFC|false|1642226625822|Severe risk
17592186055808|1606017147208|ATM|false|1635834380905|Minimal risk
52776558144641|1657539870493|MAC|false|1662644845581|Moderate risk
11394|1580511821021|ATM|false|1638483910513|Extreme risk
26388279078019|1622735206643|POS|false|1631995636008|Significant risk
21990232566916|1611946032808|POS|false|1614013600663|High risk
13194139544709|1603361052869|IPv4|false|1640742021931|Minimal risk
35184372100230|1631620432804|WIFI|false|1656010462886|Very high risk
4398046522503|1588331609015|POS|false|1604491502163|High risk
13194139544712|1603569117129|IPv4|false|1655359676799|Very high risk
57174604655753|1663658209230|POS|false|1664969050222|Minimal risk
39582418611338|1641685583406|QRCode|false|1661501866626|Very high risk
13194139544715|1602240750377|RFID|false|1657372574446|Low risk
8796093033612|1593310175498|RFID|false|1666330023438|Moderate risk
4398046522509|1590629083075|IPv6|false|1598289822832|Very high risk
11406|1584071369757|POS|false|1603822792208|Minimal risk
13194139544719|1601033515889|POS|false|1635669158067|Very high risk
8796093033616|1591397308488|MAC|false|1636908882874|Extreme risk
35184372100241|1632284072957|IPv4|false|1659118803447|Extreme risk
13194139544722|1603804387574|POS|false|1665807941277|High risk
30786325589139|1627699585860|ATM|false|1639064631282|Significant risk
4398046522516|1585014508884|IPv4|false|1605005559124|Minimal risk
48378511633557|1651491282658|NFC|false|1671300923501|Significant risk
43980465122454|1646206633034|RFID|false|1652312012888|Significant risk
39582418611351|1641538052634|ATM|false|1648305382377|Extreme risk
13194139544728|1600578603321|NFC|true|1601696437701|Low risk
17592186055833|1609631533264|IPv4|false|1623464425552|Moderate risk
13194139544730|1600796658159|RFID|false|1630506336987|Critical risk
39582418611355|1638554225683|ATM|false|1657042201789|Minimal risk
35184372100252|1636024245416|IPv4|false|1666428448967|Moderate risk
35184372100253|1635057692603|WIFI|false|1668131286877|Extreme risk
39582418611358|1642151371969|MAC|false|1653244518366|Low risk
8796093033631|1591519830536|RFID|false|1619248421759|Extreme risk
57174604655776|1664730021933|PHONE|false|1671065579553|Very high risk
39582418611361|1637764456367|NFC|false|1648840267303|Minimal risk
21990232566946|1616868450490|IPv4|false|1646872152679|Minimal risk
13194139544739|1603377071667|NFC|false|1671292249108|Extreme risk
48378511633572|1655730747607|POS|false|1667292193591|Severe risk
26388279078053|1619516101253|ATM|false|1648134859867|Minimal risk
13194139544742|1603545653391|POS|false|1637297461887|Very high risk
30786325589159|1625751300598|MAC|false|1663762725496|Extreme risk
57174604655784|1667772919497|POS|false|1670071451530|Minimal risk
26388279078057|1622318691070|QRCode|false|1656302110152|Critical risk
17592186055850|1608081798693|NFC|false|1652250910407|Low risk
61572651166891|1671313134588|IPv4|false|1671428836781|Severe risk
21990232566956|1610638363128|IPv6|true|1652784265551|Low risk
57174604655789|1664945385953|ATM|false|1671004690519|Extreme risk
21990232566958|1616625224651|IPv4|false|1647041424796|Very high risk
11439|1584157494538|IPv6|false|1663411442889|Significant risk
8796093033648|1593345021328|IPv4|false|1621115278895|Minimal risk
39582418611377|1639648124751|ATM|false|1652987097189|Significant risk
13194139544754|1602877653384|WIFI|false|1671385750120|Moderate risk
17592186055859|1607101575830|WIFI|false|1659699307093|Severe risk
8796093033652|1592447424084|WIFI|false|1620587375535|High risk
35184372100277|1630659045163|IPv6|false|1651495707696|Extreme risk
11446|1582589619654|MAC|false|1588227801097|Minimal risk
35184372100279|1634711952523|WIFI|false|1656308078615|Minimal risk
26388279078072|1618420976140|PHONE|false|1663778997628|Critical risk
35184372100281|1631768885515|RFID|false|1645831194052|Very high risk
4398046522554|1585126534232|IPv4|false|1622722134500|Critical risk
21990232566971|1612557595739|PHONE|false|1627517105230|Minimal risk
39582418611388|1638055726654|ATM|false|1664810319126|Severe risk
11453|1579747660027|ATM|false|1668105743236|Minimal risk
17592186055870|1606274312186|IPv4|false|1631079843663|Significant risk
48378511633599|1654519344262|RFID|false|1670817918159|Minimal risk
21990232566976|1612070123913|IPv6|false|1615828739214|Low risk
39582418611393|1639120822627|POS|false|1663834449269|Extreme risk
48378511633602|1649824360921|MAC|false|1655268997055|Very high risk
39582418611395|1642266558557|PHONE|false|1665639389755|Moderate risk
4398046522564|1584451970947|ATM|false|1598886492546|High risk
21990232566981|1612663354192|WIFI|false|1621538691580|Moderate risk
57174604655814|1668540418361|IPv6|false|1671946454656|Minimal risk
17592186055879|1609518266451|POS|false|1646029393127|Low risk
21990232566984|1612536203544|NFC|false|1665440108254|Low risk
52776558144713|1661562131343|QRCode|false|1669434032979|Significant risk
26388279078090|1619502995555|PHONE|false|1640418923470|Critical risk
43980465122507|1647802244143|WIFI|false|1668006001632|Very high risk
43980465122508|1643925900546|WIFI|false|1671561042962|Critical risk
17592186055885|1605167771811|POS|false|1651050967559|Minimal risk
30786325589198|1628829047509|QRCode|false|1665006952250|High risk
39582418611407|1638524130934|NFC|false|1670225598386|Low risk
52776558144720|1659887670798|RFID|false|1670410874974|Severe risk
4398046522577|1587408249330|NFC|false|1610910790024|Critical risk
17592186055890|1605764184729|PHONE|false|1647630063698|Moderate risk
17592186055891|1610067542443|POS|false|1658745789499|Critical risk
52776558144724|1662555784209|POS|false|1668050303434|High risk
35184372100309|1633721857325|RFID|false|1663930328797|Extreme risk
4398046522582|1586362602638|PHONE|false|1587230871220|Low risk
21990232566999|1612644038573|ATM|false|1623059030352|Minimal risk
52776558144728|1657826543962|WIFI|false|1666888506700|Low risk
48378511633625|1653999712681|IPv4|false|1667599946256|Critical risk
21990232567002|1615020787031|RFID|false|1633917050071|Minimal risk
57174604655835|1663445481651|QRCode|false|1664043641833|Critical risk
8796093033692|1593938798237|IPv6|false|1652361183459|Low risk
26388279078109|1622403767552|POS|false|1671712373768|Very high risk
21990232567006|1610510526264|NFC|false|1645545523977|Low risk
57174604655839|1669268341212|WIFI|false|1671458722253|Severe risk
11488|1583139675250|IPv6|false|1590309864836|Severe risk
48378511633633|1654291666933|RFID|false|1669908623703|Very high risk
35184372100322|1635506818664|POS|false|1639814672846|Severe risk
13194139544803|1597483695423|ATM|false|1664000997434|Severe risk
61572651166948|1671944158321|IPv4|false|1672403673673|Minimal risk
17592186055909|1609946760877|QRCode|false|1630990746184|Very high risk
11494|1579009797679|QRCode|false|1595431424507|Very high risk
43980465122535|1645129981761|MAC|false|1657211071545|Significant risk
30786325589224|1627394740667|WIFI|false|1665824409466|Extreme risk
11497|1578268148630|IPv6|false|1588548595056|Extreme risk
11498|1583014574006|QRCode|false|1587690999108|Low risk
13194139544811|1602257820783|POS|false|1640732051509|Moderate risk
39582418611436|1642192143166|IPv6|false|1657221818451|Low risk
8796093033709|1597108231460|RFID|false|1606714547080|Significant risk
13194139544814|1602320879560|ATM|false|1653107207747|Critical risk
26388279078127|1617844326805|RFID|false|1631400050100|Minimal risk
8796093033712|1595073661182|RFID|false|1599799364368|Significant risk
57174604655857|1666937812379|NFC|false|1671135689565|Severe risk
39582418611442|1642823567209|NFC|false|1665066509936|Extreme risk
13194139544819|1601901738463|POS|false|1620838805871|Severe risk
48378511633652|1655245287626|IPv4|false|1667976001840|Low risk
52776558144757|1662753732543|PHONE|false|1668283447386|Very high risk
39582418611446|1642185405183|NFC|false|1655606693764|Severe risk
26388279078135|1622462186690|MAC|false|1670274742957|High risk
48378511633656|1652147334525|POS|false|1669048909744|Severe risk
4398046522617|1584840646454|ATM|false|1647597461560|Very high risk
11514|1580377156610|PHONE|false|1658831857270|Extreme risk
52776558144763|1657963740940|PHONE|false|1669401412961|Minimal risk
61572651166972|1671813237555|IPv4|false|1672100664483|Significant risk
39582418611453|1640297515158|IPv6|false|1670373256686|High risk
17592186055934|1607568730253|NFC|true|1650687415736|Severe risk
57174604655871|1663463118441|POS|false|1663602163861|High risk
26388279078144|1618660408095|QRCode|false|1642254582264|Very high risk
52776558144769|1660278311677|IPv4|false|1666434835870|High risk
8796093033730|1594101176157|IPv6|false|1643952888058|Extreme risk
8796093033731|1591978944846|NFC|false|1613731197051|Moderate risk
48378511633668|1651527197015|MAC|false|1663078758449|Critical risk
52776558144773|1658397087700|ATM|false|1659318757976|Minimal risk
30786325589254|1625039213077|NFC|false|1649405966596|High risk
48378511633671|1651179308587|POS|false|1656623090911|Critical risk
17592186055944|1609537956065|MAC|false|1632721239465|Significant risk
4398046522633|1590602475559|ATM|false|1632814967223|Extreme risk
30786325589258|1625768456099|POS|false|1658825596356|Moderate risk
13194139544843|1598709032337|WIFI|false|1622700699882|Significant risk
13194139544844|1600903829717|IPv6|false|1634349856671|Low risk
48378511633677|1653863273966|QRCode|false|1658250774680|Severe risk
35184372100366|1636143356293|POS|false|1642401669865|Critical risk
11535|1578174758758|RFID|false|1610037772185|Severe risk
43980465122576|1643307594696|WIFI|true|1661550925412|Low risk
13194139544849|1597703387017|MAC|false|1640596803027|Minimal risk
48378511633682|1654456359258|QRCode|false|1655203269335|Minimal risk
57174604655891|1668009235962|POS|false|1668365063240|Very high risk
26388279078164|1621430550277|NFC|false|1655783704166|Low risk
4398046522645|1586808085731|IPv6|false|1653227680727|Minimal risk
11542|1581286294315|IPv6|false|1633309310273|Moderate risk
21990232567063|1611917235153|QRCode|false|1645787543180|Low risk
48378511633688|1649880115180|ATM|false|1650492977377|Moderate risk
57174604655897|1667769020610|PHONE|false|1670344829543|Significant risk
39582418611482|1641347593260|IPv6|false|1668042507027|Significant risk
35184372100379|1634120848083|ATM|false|1659122690049|Moderate risk
43980465122588|1648905680559|ATM|false|1654080253005|Very high risk
43980465122589|1649671910731|MAC|false|1650059834916|High risk
48378511633694|1654107133618|PHONE|false|1665509230339|Severe risk
21990232567071|1614365326605|PHONE|false|1664429124116|Significant risk
30786325589280|1627706140498|POS|false|1645373799504|High risk
35184372100385|1635138675829|IPv6|false|1645876148888|Severe risk
21990232567074|1615491839857|MAC|false|1618197783012|Significant risk
21990232567075|1611584381398|IPv4|false|1642405640286|Significant risk
39582418611492|1640478979176|RFID|false|1666365865329|Moderate risk
8796093033765|1596056303197|ATM|false|1625573881752|Moderate risk
52776558144806|1660540220850|ATM|false|1664743277283|Severe risk
21990232567079|1611348863183|IPv6|false|1624560014232|Critical risk
30786325589288|1629605503266|IPv6|false|1663489293765|Critical risk
11561|1579444544142|WIFI|false|1619534206917|Minimal risk
52776558144810|1656764070884|IPv6|false|1659679929988|Critical risk
48378511633707|1653698052439|NFC|false|1662408694551|Severe risk
57174604655916|1663790039885|QRCode|false|1668374456720|Minimal risk
48378511633709|1653266298279|ATM|false|1667206484996|Severe risk
57174604655918|1665342295982|RFID|false|1669488175442|Moderate risk
35184372100399|1633379453453|PHONE|false|1663578649078|Very high risk
52776558144816|1659017247511|PHONE|false|1662581739785|Severe risk
48378511633713|1650130732880|POS|false|1663077537542|Extreme risk
48378511633714|1650623467310|RFID|false|1657182019637|Significant risk
61572651167027|1671091102597|WIFI|false|1671645409819|Very high risk
48378511633716|1650358884577|NFC|false|1656000191841|Very high risk
35184372100405|1635086926909|IPv4|false|1641802650663|Very high risk
4398046522678|1587207756801|RFID|false|1666443566970|Critical risk
43980465122615|1645866971879|WIFI|false|1656496354627|Severe risk
11576|1582091767589|PHONE|false|1651289910197|Significant risk
8796093033785|1592445650887|MAC|false|1593382276807|Low risk
52776558144826|1659894442651|ATM|false|1671946812521|Severe risk
30786325589307|1630016667360|WIFI|false|1664724137821|Extreme risk
39582418611516|1640695002157|RFID|false|1642884168401|Moderate risk
26388279078205|1618294636222|ATM|false|1631754611882|High risk
8796093033790|1593821595495|RFID|false|1624751900939|Low risk
43980465122623|1647530759430|PHONE|false|1661166293474|Critical risk
52776558144832|1658192146967|POS|false|1660220312055|High risk
13194139544897|1598398852785|PHONE|false|1601055612072|Significant risk
17592186056002|1604493655465|POS|false|1627275288209|Significant risk
13194139544899|1600170465275|MAC|false|1606153952382|Very high risk
57174604655940|1667765576651|IPv6|false|1668424485323|Moderate risk
17592186056005|1604330740776|RFID|true|1658038871267|Low risk
57174604655942|1668180275252|POS|false|1671252588882|High risk
52776558144839|1660690196387|POS|true|1666980882296|High risk
57174604655944|1663602231953|ATM|false|1667300842830|Low risk
4398046522697|1584515848896|MAC|false|1622808573860|Low risk
21990232567114|1615143715728|PHONE|false|1635448993570|Low risk
30786325589323|1624292829313|NFC|false|1654709429339|Significant risk
4398046522700|1585469984752|ATM|false|1670190797320|Critical risk
4398046522701|1588402366627|IPv4|false|1596449519489|Low risk
11598|1582016456115|NFC|false|1602015915255|Critical risk
43980465122639|1644876164547|PHONE|false|1663782490145|Minimal risk
30786325589328|1625715739081|POS|false|1660711251411|Low risk
17592186056017|1608867572731|IPv6|false|1656944168135|Severe risk
17592186056018|1609955911437|PHONE|false|1672183069879|Severe risk
8796093033811|1594873981070|IPv6|false|1643154332144|Extreme risk
43980465122644|1645913270188|POS|false|1646977162093|Very high risk
4398046522709|1588062014220|NFC|false|1620458392907|Very high risk
4398046522710|1588893064133|IPv4|false|1597953149959|Moderate risk
11607|1578267302278|RFID|false|1668561940061|Moderate risk
26388279078232|1621684665610|IPv4|false|1661763825239|Moderate risk
26388279078233|1618193609561|IPv6|false|1637841229410|Low risk
13194139544922|1601964208731|QRCode|false|1629952283980|Low risk
35184372100443|1631039230278|QRCode|false|1633216841746|Moderate risk
26388279078236|1622724088491|PHONE|false|1625563664260|Minimal risk
4398046522717|1585768028274|RFID|false|1605012052398|Significant risk
21990232567134|1616457022207|MAC|false|1616876704115|Critical risk
8796093033823|1596350926591|WIFI|false|1667649662358|High risk
26388279078240|1622871737846|IPv6|true|1637953322143|Critical risk
11617|1580443888563|ATM|false|1624939726190|Very high risk
26388279078242|1617923268100|NFC|false|1640542693263|Significant risk
11619|1578476414872|POS|false|1664806865533|Extreme risk
17592186056036|1604222620406|PHONE|false|1639600770611|Severe risk
43980465122661|1647685084360|ATM|false|1667449411581|Significant risk
4398046522726|1590430919045|WIFI|false|1630506632127|Critical risk
30786325589351|1627410163059|ATM|false|1643124090352|Critical risk
35184372100456|1632569982951|PHONE|false|1644244306840|Very high risk
52776558144873|1661321130065|POS|false|1669148058844|Critical risk
43980465122666|1647467149034|POS|false|1663379075171|Severe risk
8796093033835|1593245471841|MAC|false|1608313610120|Severe risk
39582418611564|1638170372204|PHONE|false|1646601072297|Extreme risk
48378511633773|1652407781076|WIFI|false|1653372304211|Significant risk
57174604655982|1664124122626|ATM|false|1672006987551|Moderate risk
13194139544943|1597917148574|RFID|false|1636254929514|Low risk
35184372100464|1630570913102|IPv6|false|1672193482259|Moderate risk
48378511633777|1653607965190|POS|false|1664382042139|Minimal risk
8796093033842|1591927012518|WIFI|false|1600011449893|Severe risk
30786325589363|1627430064699|NFC|false|1655869347051|High risk
13194139544948|1600060930797|MAC|false|1601866781844|Moderate risk
13194139544949|1602074445404|IPv4|false|1605350955550|Low risk
30786325589366|1624390460437|PHONE|false|1659855834912|Very high risk
13194139544951|1600086625932|IPv4|false|1624859184806|Minimal risk
26388279078264|1619391645058|POS|false|1644125153389|Extreme risk
39582418611577|1637873797564|ATM|false|1651228185294|Minimal risk
4398046522746|1584557336747|IPv6|false|1603528659570|Moderate risk
35184372100475|1635429511940|NFC|false|1661622012573|Extreme risk
39582418611580|1638946013800|PHONE|false|1659774358285|Extreme risk
26388279078269|1618123847906|WIFI|false|1626367332216|Severe risk
17592186056062|1609465124225|NFC|false|1662222723094|Critical risk
30786325589375|1626906619899|WIFI|false|1663016668666|Critical risk
26388279078272|1617172833401|MAC|true|1654978776271|Low risk
21990232567169|1615582147657|ATM|false|1627852252171|Very high risk
52776558144898|1657177713865|WIFI|false|1666167617726|Very high risk
8796093033859|1597225382535|PHONE|false|1606728720702|Very high risk
4398046522756|1589882273248|IPv6|false|1649361717567|Very high risk
13194139544965|1599870736051|MAC|false|1659519123786|Moderate risk
52776558144902|1657761539141|IPv4|false|1659256711365|Extreme risk
39582418611591|1639969298936|MAC|false|1670279990138|Severe risk
48378511633800|1655321739825|ATM|false|1660189925888|Minimal risk
57174604656009|1667068744501|NFC|false|1671082637548|Critical risk
43980465122698|1645798946619|RFID|false|1666267323155|Very high risk
21990232567179|1614963412000|NFC|false|1659605379270|Very high risk
43980465122700|1648228386785|WIFI|false|1663216683175|High risk
4398046522765|1589388057635|IPv4|false|1600407278457|Moderate risk
17592186056078|1607547281136|POS|false|1609373675365|Low risk
26388279078287|1622765931309|ATM|false|1672265248958|Minimal risk
11664|1578565108962|ATM|false|1619340556461|Moderate risk
48378511633809|1653785479231|ATM|false|1663656575477|Moderate risk
4398046522770|1588614958576|RFID|false|1602725217434|Minimal risk
17592186056083|1605309860648|PHONE|false|1609007185029|Severe risk
17592186056084|1605892308424|POS|false|1650719070962|Extreme risk
39582418611605|1637191824218|MAC|false|1649767947064|Severe risk
52776558144918|1660064533806|WIFI|false|1668913029395|Extreme risk
11671|1579866613624|POS|false|1587277648408|Significant risk
17592186056088|1605082983700|POS|true|1637095247200|High risk
8796093033881|1591155719769|WIFI|false|1657789240715|High risk
52776558144922|1662388386734|MAC|false|1668559003386|Significant risk
43980465122715|1648825397888|IPv6|false|1670332729802|Critical risk
48378511633820|1654966216227|IPv4|false|1670148977581|Low risk
8796093033885|1596702864664|IPv4|false|1608503872451|Low risk
61572651167134|1669668598871|PHONE|false|1670100560090|Low risk
48378511633823|1655467899585|POS|false|1661922285542|Moderate risk
13194139544992|1597847335437|ATM|false|1616996357898|Extreme risk
57174604656033|1664088898994|IPv6|false|1671372998076|Minimal risk
11682|1579180979323|RFID|false|1600884911344|Significant risk
26388279078307|1619218833484|POS|false|1621412562156|Extreme risk
35184372100516|1632724201487|RFID|false|1671211006612|Significant risk
11685|1583216595427|MAC|false|1606339835072|Very high risk
17592186056102|1604173960678|WIFI|false|1624890641136|Very high risk
26388279078311|1621521003487|IPv4|true|1625927778579|Severe risk
52776558144936|1661988614694|IPv6|false|1665847642083|Critical risk
39582418611625|1638431041126|MAC|false|1652394193442|Moderate risk
52776558144938|1661719092316|IPv4|false|1670510621434|Extreme risk
11691|1579848588809|RFID|false|1591688755358|Extreme risk
57174604656044|1666073060044|WIFI|false|1667181935882|Minimal risk
11693|1584119903523|POS|false|1643180749380|Moderate risk
57174604656046|1665106185728|WIFI|false|1668306340054|Minimal risk
52776558144943|1660770095640|POS|false|1665379041432|Very high risk
8796093033904|1593189336347|NFC|false|1644991367659|Moderate risk
26388279078321|1623272771846|IPv4|false|1672124354714|Critical risk
4398046522802|1589527784187|WIFI|false|1643627895844|Low risk
26388279078323|1617681380313|PHONE|false|1671768876618|High risk
17592186056116|1610250439492|WIFI|false|1622229962543|Severe risk
57174604656053|1666294237096|ATM|true|1670979895998|Very high risk
26388279078326|1622869982333|ATM|false|1656312950924|Low risk
52776558144951|1658983779076|RFID|false|1661376795500|Significant risk
48378511633848|1649886178784|RFID|true|1666575515121|Minimal risk
26388279078329|1617378664867|ATM|false|1670826006187|High risk
39582418611642|1638219803127|IPv6|false|1658001741177|Significant risk
17592186056123|1607784868232|IPv4|false|1609634165519|Minimal risk
30786325589436|1624347068335|POS|false|1631882069505|Significant risk
13194139545021|1598874415732|POS|false|1657301733171|Critical risk
8796093033918|1596960506324|POS|false|1665870758195|Significant risk
39582418611647|1641917261197|QRCode|false|1652136849327|Low risk
48378511633856|1653460507735|POS|false|1661540699648|Severe risk
48378511633857|1652617882491|IPv6|false|1663405710622|Significant risk
13194139545026|1599170588119|WIFI|false|1655864006058|Minimal risk
21990232567235|1614493319455|IPv6|false|1642658218448|Very high risk
17592186056132|1609877752589|QRCode|false|1662278400824|Critical risk
57174604656069|1668732632145|PHONE|false|1671912312824|Minimal risk
21990232567238|1610909807593|WIFI|false|1630051218728|Very high risk
52776558144967|1660273901944|QRCode|true|1670598278313|Very high risk
13194139545032|1599406828759|POS|false|1614078302087|Low risk
30786325589449|1624811940986|IPv4|false|1633949554886|Severe risk
4398046522826|1586451943529|POS|false|1623963601418|Severe risk
61572651167179|1670476617120|WIFI|false|1670840978048|Very high risk
26388279078348|1618241852507|IPv6|false|1619299125584|Critical risk
52776558144973|1660316390565|RFID|false|1671316632472|Very high risk
35184372100558|1631276342183|RFID|false|1637104817811|Critical risk
30786325589455|1627579645812|RFID|false|1672231813211|Significant risk
4398046522832|1588561457270|POS|false|1608953588598|Moderate risk
35184372100561|1630588361838|ATM|false|1641326187647|Low risk
61572651167186|1670101943174|POS|false|1671274795487|High risk
8796093033939|1592504508908|ATM|false|1661168755032|Moderate risk
57174604656084|1663505928428|IPv4|false|1664110703715|Significant risk
30786325589461|1623750634388|IPv4|false|1667559013139|High risk
43980465122774|1645687803087|ATM|false|1665951336362|Severe risk
39582418611671|1639557455274|ATM|false|1653204784765|Minimal risk
52776558144984|1657284913627|PHONE|false|1666459356100|Very high risk
57174604656089|1663920075714|QRCode|false|1669034412667|High risk
48378511633882|1654424501656|IPv4|false|1669159933816|Moderate risk
21990232567259|1611065972256|ATM|false|1635149403745|Moderate risk
11740|1578586056438|POS|false|1669177635681|Significant risk
39582418611677|1639568797835|QRCode|false|1667598591885|Extreme risk
39582418611678|1642704440336|IPv6|false|1667021633716|Significant risk
26388279078367|1622763214121|IPv4|false|1661640048290|High risk
35184372100576|1635693148374|ATM|false|1654252021816|Low risk
35184372100577|1632980888667|ATM|false|1654632202512|High risk
4398046522850|1586130569630|IPv6|false|1660285382637|Critical risk
4398046522851|1584456448444|IPv6|false|1610062493797|Moderate risk
61572651167204|1671275330372|POS|false|1671792838843|Minimal risk
13194139545061|1599887063120|IPv4|false|1615460984004|High risk
57174604656102|1664026690359|QRCode|false|1665359706550|Critical risk
43980465122791|1645972624629|WIFI|false|1655878185488|Significant risk
52776558145000|1660178277654|WIFI|false|1671723841503|Significant risk
39582418611689|1639982500717|RFID|false|1661456868263|Extreme risk
21990232567274|1612224011249|IPv6|false|1636153474200|Severe risk
17592186056171|1610422369450|QRCode|false|1633849698247|Severe risk
43980465122796|1645931621905|ATM|false|1666142282161|High risk
61572651167213|1670732128932|MAC|false|1671478846225|Very high risk
48378511633902|1649772676043|MAC|false|1669780933757|Low risk
13194139545071|1600038988956|POS|false|1661533275097|Extreme risk
26388279078384|1622773148691|IPv4|false|1669272109308|Severe risk
39582418611697|1638082605373|MAC|false|1667508547961|Very high risk
35184372100594|1630402485888|POS|false|1668141750489|Severe risk
57174604656115|1663934172566|IPv6|false|1669036289018|Critical risk
30786325589492|1624839120206|NFC|false|1664523142343|Very high risk
52776558145013|1661851990785|NFC|false|1671580111251|Severe risk
11766|1578779856029|NFC|false|1629795623538|Minimal risk
30786325589495|1627058569734|RFID|false|1668105993721|Minimal risk
48378511633912|1651363640078|POS|false|1657302219734|Very high risk
8796093033977|1591709525677|IPv4|false|1594298200626|Severe risk
61572651167226|1671889231196|RFID|false|1672430700605|Critical risk
17592186056187|1606413999141|NFC|false|1621406418488|Extreme risk
43980465122812|1646073154646|RFID|false|1671168522286|Extreme risk
30786325589501|1625872031291|NFC|false|1643418177377|Very high risk
61572651167230|1672003506345|IPv4|false|1672312442053|Severe risk
11775|1578438657642|MAC|false|1643652627286|Minimal risk
57174604656128|1666566963818|RFID|false|1669442556975|Low risk
4398046522881|1585823330136|ATM|false|1611504147491|Significant risk
21990232567298|1612925237831|IPv6|false|1662103584649|High risk
17592186056195|1609696461876|IPv6|false|1614075504730|Severe risk
30786325589508|1625340970540|RFID|true|1657810607328|Significant risk
11781|1581695525834|QRCode|false|1657058879151|Moderate risk
13194139545094|1598508763024|IPv6|false|1620454970356|Low risk
8796093033991|1592912992271|QRCode|false|1606958402935|Extreme risk
4398046522888|1588460705624|PHONE|false|1610703785230|Significant risk
39582418611721|1637390100358|ATM|false|1646445878127|High risk
11786|1580962529137|MAC|true|1610858787409|Significant risk
39582418611723|1641258344060|MAC|false|1650196047598|Low risk
21990232567308|1614973600209|NFC|false|1626419083292|Minimal risk
8796093033997|1595025246887|IPv4|false|1656740221837|High risk
30786325589518|1624391317973|POS|false|1624824753796|High risk
43980465122831|1647974907090|PHONE|false|1666555168551|High risk
21990232567312|1612049688072|WIFI|false|1670553135884|High risk
43980465122833|1648880466240|POS|false|1652005587634|Minimal risk
17592186056210|1604440832615|ATM|false|1638730445712|Critical risk
21990232567315|1616453126967|POS|false|1672491055687|Very high risk
43980465122836|1648751085942|PHONE|false|1651215939573|Minimal risk
11797|1578668497148|MAC|false|1656342122219|Minimal risk
52776558145046|1661249846637|MAC|false|1664922077583|Severe risk
48378511633943|1654953621528|PHONE|false|1670506230603|High risk
21990232567320|1615253747228|NFC|false|1645734370656|Significant risk
4398046522905|1588499488279|POS|false|1637469462771|Very high risk
35184372100634|1635452355727|POS|false|1650507654810|Extreme risk
57174604656155|1669188647630|MAC|false|1672126247635|Severe risk
26388279078428|1621249800670|IPv6|false|1636754660337|Very high risk
26388279078429|1619377442745|WIFI|false|1670860179164|Very high risk
11806|1580670094316|PHONE|false|1628351676567|Very high risk
17592186056223|1608356048894|POS|false|1640856105699|Severe risk
30786325589536|1627705143353|WIFI|false|1628050230826|Minimal risk
30786325589537|1626751020513|IPv6|false|1650451171999|Minimal risk
11810|1583162562050|IPv6|false|1618363686234|Minimal risk
39582418611747|1637382217764|PHONE|false|1645640747854|Significant risk
11812|1579379717994|PHONE|false|1600054917190|Moderate risk
11813|1578373450576|QRCode|false|1578399350303|Minimal risk
39582418611750|1639522921533|NFC|false|1654826421064|High risk
17592186056231|1607853176284|NFC|false|1640260713879|Very high risk
26388279078440|1619236294162|RFID|false|1658944827588|Significant risk
13194139545129|1603835614586|QRCode|false|1624311698652|Extreme risk
4398046522922|1587694835656|POS|false|1650058697111|Severe risk
30786325589547|1629338643264|RFID|true|1646621741389|Critical risk
8796093034028|1596425972439|POS|false|1620394498192|Very high risk
61572651167277|1671904158177|PHONE|false|1672242723742|Moderate risk
13194139545134|1600468966878|ATM|false|1651513532137|Critical risk
8796093034031|1594963735119|QRCode|false|1634385497147|Extreme risk
39582418611760|1636749723750|WIFI|false|1662208107125|Minimal risk
8796093034033|1593414701987|POS|false|1598483160613|Minimal risk
48378511633970|1651527747330|POS|false|1664598735539|Severe risk
11827|1583705519512|WIFI|false|1620288012500|Severe risk
48378511633972|1653609784855|PHONE|false|1669820400307|Extreme risk
8796093034037|1595301925871|IPv6|false|1620946544577|Minimal risk
17592186056246|1606373091938|QRCode|true|1643346576083|High risk
26388279078455|1617105450209|PHONE|false|1660588683040|Moderate risk
39582418611768|1637336541757|RFID|false|1658346721599|Significant risk
52776558145081|1658865729773|RFID|false|1660724474145|Critical risk
57174604656186|1663015230993|MAC|false|1663939554315|Severe risk
39582418611771|1641804018626|NFC|false|1650019613912|Minimal risk
13194139545148|1599079867748|NFC|false|1624281488522|Critical risk
43980465122877|1648738831334|POS|false|1656149174958|Minimal risk
39582418611774|1641174860379|NFC|false|1649929157565|Severe risk
48378511633983|1656164188087|NFC|false|1672307481786|Low risk
26388279078464|1620210538115|NFC|false|1653698274500|Low risk
57174604656193|1667964146612|NFC|false|1671150023143|High risk
39582418611778|1639286347962|POS|false|1659904850812|Critical risk
61572651167299|1671114353050|ATM|true|1671497491158|Low risk
52776558145092|1656696591790|NFC|false|1657302522627|Very high risk
11845|1581606045743|NFC|false|1606222451225|Low risk
39582418611782|1641626955827|WIFI|false|1665643025213|Severe risk
13194139545159|1597515279141|WIFI|false|1599205484414|Moderate risk
39582418611784|1642060222779|RFID|false|1652677614696|Severe risk
11849|1582129777237|PHONE|false|1601828933548|Significant risk
52776558145098|1660677343858|PHONE|false|1663942828927|Significant risk
21990232567371|1616672550678|NFC|false|1630009544575|Minimal risk
21990232567372|1613284844531|IPv6|false|1641393151059|Low risk
17592186056269|1608003942482|IPv4|false|1621812258834|Low risk
13194139545166|1601849467505|PHONE|false|1629185690495|Minimal risk
48378511633999|1655021729312|QRCode|false|1661536186899|Very high risk
17592186056272|1608177852738|IPv6|false|1642945263463|Severe risk
26388279078481|1618410225009|POS|false|1635729360653|Significant risk
48378511634002|1655383114626|QRCode|false|1669903755095|Low risk
35184372100691|1634671273007|PHONE|false|1657109272105|High risk
57174604656212|1666119444925|POS|false|1672234047513|Low risk
39582418611797|1641701206478|MAC|false|1664176519061|Low risk
17592186056278|1604487908071|RFID|false|1646080558216|Significant risk
13194139545175|1602625219179|PHONE|true|1638311560975|Severe risk
17592186056280|1607647818755|POS|false|1632407993917|Severe risk
21990232567385|1611353256913|ATM|false|1614545424432|Moderate risk
8796093034074|1595466374477|MAC|false|1615119143597|High risk
43980465122907|1649091770039|POS|false|1663000246125|Moderate risk
8796093034076|1591555838333|NFC|false|1620115629086|Moderate risk
39582418611805|1640591649305|ATM|false|1671245614304|Significant risk
39582418611806|1641242089084|RFID|false|1670628092875|High risk
39582418611807|1637456188573|POS|false|1649398746490|Severe risk
8796093034080|1595967833410|NFC|false|1622492142728|Severe risk
61572651167329|1671731248059|ATM|false|1672346925955|Moderate risk
43980465122914|1647398004813|QRCode|false|1649770052487|Extreme risk
17592186056291|1605672468884|MAC|false|1622491050011|High risk
39582418611812|1642694771613|QRCode|false|1666018194765|Significant risk
26388279078501|1618408659503|QRCode|false|1619023243233|Moderate risk
11878|1582678543226|PHONE|false|1591436353483|Extreme risk
52776558145127|1662621313703|IPv4|false|1670255567536|Significant risk
26388279078504|1619510047055|ATM|false|1634051461836|High risk
26388279078505|1622728774414|NFC|false|1626881268048|Severe risk
48378511634026|1654586918581|NFC|false|1659175784697|Extreme risk
39582418611819|1637916500360|RFID|false|1661272518145|Critical risk
13194139545196|1600257627082|ATM|false|1665125153396|Low risk
17592186056301|1609629923392|WIFI|false|1664327260258|Significant risk
4398046522990|1586218394028|IPv6|false|1616845937451|Severe risk
11887|1577858648827|RFID|false|1656963609959|Moderate risk
26388279078512|1621931590396|RFID|false|1670086768106|High risk
39582418611825|1641986885159|PHONE|false|1659799437728|Low risk
30786325589618|1625696918410|IPv6|false|1666699938984|High risk
57174604656243|1667597259826|NFC|false|1671908665180|Minimal risk
26388279078516|1621297139665|QRCode|false|1668552581169|Moderate risk
21990232567413|1613095600163|MAC|false|1623003421689|Extreme risk
43980465122934|1645061371387|WIFI|false|1665343409898|Critical risk
8796093034103|1591537181088|QRCode|false|1592131955726|Low risk
13194139545208|1600816844189|POS|false|1664892512007|Critical risk
39582418611833|1637462317288|WIFI|false|1647700062367|Minimal risk
21990232567418|1611917642759|WIFI|false|1617878299562|Moderate risk
8796093034107|1595699507267|WIFI|false|1618574011197|Very high risk
39582418611836|1641350592249|IPv6|false|1662196345020|Very high risk
52776558145149|1658230981586|IPv4|false|1663608244292|Critical risk
48378511634046|1655923479983|NFC|false|1660517611486|Very high risk
8796093034111|1591151051494|PHONE|false|1638627958615|Low risk
11904|1580785719981|NFC|false|1603616884451|Very high risk
43980465122945|1643453580320|POS|false|1645149427647|Very high risk
48378511634050|1652695927113|PHONE|false|1660469849303|Severe risk
48378511634051|1653602299322|WIFI|false|1665261937482|Low risk
13194139545220|1601591370498|QRCode|false|1610140328835|Severe risk
8796093034117|1593271961561|NFC|false|1614425170932|Severe risk
17592186056326|1607945812526|PHONE|false|1648845524003|Extreme risk
57174604656263|1663353174424|NFC|false|1666150634246|Critical risk
48378511634056|1650531077055|RFID|false|1650726985908|Moderate risk
57174604656265|1664349005488|IPv4|false|1667169208214|Minimal risk
39582418611850|1640857855406|NFC|false|1653589610253|Extreme risk
48378511634059|1655734056173|IPv6|false|1664446838652|Significant risk
61572651167372|1671293199687|WIFI|false|1671756322046|Significant risk
39582418611853|1638981232626|WIFI|false|1662541561817|Low risk
21990232567438|1613500018466|QRCode|false|1657371453093|Minimal risk
21990232567439|1616998530538|PHONE|false|1649978758681|Moderate risk
61572651167376|1672061148927|POS|false|1672503435550|Minimal risk
8796093034129|1595296649884|POS|false|1604356866049|High risk
43980465122962|1644586205429|IPv6|false|1660961384147|Significant risk
21990232567443|1611685270787|NFC|false|1645367628216|Severe risk
52776558145172|1659594961021|ATM|false|1672332728768|High risk
48378511634069|1650101483146|WIFI|false|1652590020088|Very high risk
26388279078550|1619983908120|IPv4|false|1636573768534|Minimal risk
43980465122967|1647589063325|RFID|false|1649025119366|Extreme risk
26388279078552|1619818117965|IPv4|false|1668596658183|Low risk
4398046523033|1588586360501|MAC|false|1655422154179|Minimal risk
39582418611866|1637586803607|IPv4|false|1641565035292|Low risk
35184372100763|1634106750037|NFC|false|1644445057492|Moderate risk
11932|1580365159916|PHONE|false|1582614760973|High risk
8796093034141|1595796708769|WIFI|false|1612417173205|Low risk
21990232567454|1612318317641|WIFI|false|1631425137183|Minimal risk
57174604656287|1665160039369|MAC|false|1666270406016|Extreme risk
39582418611872|1637129478322|QRCode|false|1659117634176|Extreme risk
43980465122977|1648403106304|POS|false|1659768358277|Very high risk
13194139545250|1601033263986|IPv6|false|1656348545658|Severe risk
52776558145187|1659143690247|WIFI|false|1661605395373|Moderate risk
57174604656292|1664557200850|IPv4|false|1667744668701|High risk
30786325589669|1627452719643|IPv4|false|1666000599185|Very high risk
30786325589670|1624419521147|RFID|false|1662791544357|Critical risk
52776558145191|1660735808917|POS|false|1662428529833|Minimal risk
11944|1583983353259|MAC|false|1640226396124|Moderate risk
30786325589673|1627644264204|IPv4|false|1665389294147|Significant risk
52776558145194|1658831643039|WIFI|false|1670763973966|Significant risk
21990232567467|1614523887273|MAC|false|1634933066645|Critical risk
48378511634092|1653230496804|POS|false|1657659156196|Very high risk
39582418611885|1640991995774|POS|false|1671367254379|Extreme risk
52776558145198|1659150279459|IPv6|false|1668132572907|Moderate risk
30786325589679|1627686061388|IPv6|false|1663073762677|Significant risk
11952|1578291619051|ATM|false|1636929630576|High risk
8796093034161|1593139966371|QRCode|false|1639513359690|Critical risk
43980465122994|1647336875958|POS|false|1656404977094|Critical risk
48378511634099|1652453598485|POS|false|1663330132164|Moderate risk
8796093034164|1595446192618|PHONE|false|1621246531230|Severe risk
4398046523061|1590253110628|POS|false|1595905805798|High risk
39582418611894|1639926251960|POS|false|1650375594295|Severe risk
52776558145207|1661264035521|RFID|true|1665018798233|Low risk
43980465123000|1647479961333|MAC|false|1672278926727|Critical risk
13194139545273|1602345216631|NFC|false|1610482965878|Minimal risk
30786325589690|1627603321105|IPv6|false|1658785860772|Low risk
21990232567483|1614676109483|MAC|false|1632139385967|Extreme risk
57174604656316|1664199719680|MAC|false|1665375825564|Extreme risk
48378511634109|1653687488790|PHONE|false|1670036560800|Minimal risk
35184372100798|1635522449047|IPv6|false|1640303221567|Severe risk
48378511634111|1652254651452|RFID|false|1667727849584|Low risk
52776558145216|1661138345005|QRCode|false|1662686370059|Extreme risk
52776558145217|1662745260098|RFID|false|1671949911940|Minimal risk
48378511634114|1652315704388|PHONE|false|1655063753351|Minimal risk
57174604656323|1666859368772|IPv6|false|1669290472957|Low risk
48378511634116|1652141361974|PHONE|false|1663245691202|Significant risk
57174604656325|1664382974913|IPv4|true|1670213651796|Moderate risk
11974|1581659634054|ATM|false|1610224735250|Low risk
30786325589703|1624138802563|PHONE|false|1645352715091|Extreme risk
13194139545288|1602806217213|IPv4|false|1630124751618|Significant risk
30786325589705|1627250908857|NFC|false|1629737186049|Extreme risk
4398046523082|1585274752848|PHONE|false|1630036892620|Significant risk
21990232567499|1612515742537|QRCode|false|1649058433002|Extreme risk
4398046523084|1590064678443|PHONE|false|1634618802708|Minimal risk
17592186056397|1604457304273|MAC|false|1612617600814|Severe risk
39582418611918|1640512172559|PHONE|false|1661850900441|Moderate risk
17592186056399|1608882548280|IPv4|false|1640675821998|Significant risk
13194139545296|1599779529448|NFC|false|1607124980739|Minimal risk
48378511634129|1654783746629|ATM|false|1656746581795|Significant risk
17592186056402|1605596640974|RFID|false|1649665268703|Extreme risk
30786325589715|1628522602636|NFC|false|1639756531642|Critical risk
39582418611924|1640512287597|RFID|false|1661873492690|Severe risk
11989|1579539795212|IPv6|false|1631769791758|Minimal risk
21990232567510|1616814838669|POS|false|1620305348295|Minimal risk
4398046523095|1589938285879|ATM|false|1647568065940|Moderate risk
30786325589720|1626972280649|MAC|false|1649951740113|Significant risk
21990232567513|1616259070814|RFID|false|1632701218980|Severe risk
4398046523098|1590404514326|ATM|false|1592455846262|Extreme risk
13194139545307|1601016459924|WIFI|false|1658541235899|Moderate risk
26388279078620|1620493351742|IPv4|false|1650033459592|Minimal risk
17592186056413|1606621137555|MAC|false|1621860301646|Very high risk
52776558145246|1660695654336|QRCode|false|1670947584287|Severe risk
8796093034207|1591246605083|IPv4|false|1635245864929|Significant risk
12000|1582094090647|POS|false|1614815471532|Low risk
39582418611937|1637624122344|QRCode|false|1641728281729|Moderate risk
57174604656354|1665323234458|POS|false|1666842710305|High risk
52776558145251|1661687728518|ATM|true|1672500694870|Critical risk
57174604656356|1667313408212|PHONE|false|1668429063826|Extreme risk
57174604656357|1666919207868|QRCode|false|1669770389418|Significant risk
4398046523110|1586926690322|PHONE|false|1636148102709|Moderate risk
35184372100839|1635923543729|PHONE|false|1668952569933|Critical risk
13194139545320|1600829289585|QRCode|false|1635467483073|Critical risk
39582418611945|1639340244102|IPv4|false|1659861556617|Significant risk
8796093034218|1595736406186|PHONE|false|1625241060941|Significant risk
30786325589739|1624068021111|PHONE|false|1668226637270|High risk
17592186056428|1608026098386|PHONE|false|1646747971475|Significant risk
43980465123053|1646832784922|QRCode|false|1653723311895|Critical risk
48378511634158|1656233511242|IPv6|false|1661657706649|High risk
17592186056431|1606074708067|PHONE|true|1637897437769|Minimal risk
48378511634160|1652127034781|RFID|false|1664284017662|Severe risk
39582418611953|1637841735983|WIFI|false|1658880299570|Significant risk
39582418611954|1639547214963|IPv4|false|1667483375146|Extreme risk
4398046523123|1588406696941|IPv4|false|1652661128586|Minimal risk
35184372100852|1635493046798|NFC|false|1670884846902|Moderate risk
57174604656373|1665978284261|ATM|true|1668271356131|Low risk
30786325589750|1627535964359|POS|false|1635030127376|Severe risk
30786325589751|1627017796436|RFID|false|1661498227887|Significant risk
48378511634168|1655356751259|NFC|false|1659221059257|Moderate risk
52776558145273|1662651239594|PHONE|false|1672390547844|Severe risk
35184372100858|1634805348818|QRCode|false|1643247480178|Minimal risk
48378511634171|1651464523703|PHONE|false|1667406977854|Critical risk
21990232567548|1614825431959|RFID|false|1659347964763|Extreme risk
17592186056445|1610478992985|PHONE|false|1657740105813|Significant risk
39582418611966|1636969024898|RFID|true|1639188049823|Severe risk
35184372100863|1634286204690|IPv4|false|1648419270421|Critical risk
4398046523136|1585563195406|WIFI|true|1629967441315|Moderate risk
4398046523137|1586921201612|QRCode|false|1613689165235|Minimal risk
48378511634178|1653149531914|PHONE|false|1653464058419|Severe risk
21990232567555|1616752388430|ATM|false|1643563857591|Critical risk
61572651167492|1670540723075|POS|false|1670944556755|Moderate risk
43980465123077|1648876324343|MAC|false|1659789103743|Critical risk
57174604656390|1665209189808|RFID|false|1667000685922|Low risk
43980465123079|1646292003438|WIFI|false|1672155620398|Moderate risk
30786325589768|1624895441513|MAC|false|1631488423423|Severe risk
57174604656393|1666316494658|POS|false|1666727359565|Extreme risk
17592186056458|1607941551936|QRCode|true|1640858825072|Low risk
30786325589771|1624416551778|WIFI|false|1655672489982|Severe risk
21990232567564|1614944091109|WIFI|false|1651582557437|Severe risk
43980465123085|1649235782446|MAC|false|1667693702298|Critical risk
4398046523150|1586497506614|IPv6|false|1609752959771|Extreme risk
39582418611983|1637757026855|WIFI|false|1642820113949|Significant risk
4398046523152|1589708085724|MAC|false|1656853324147|Moderate risk
57174604656401|1669300498856|WIFI|false|1670371702213|Severe risk
4398046523154|1585583680856|WIFI|false|1609148587079|Severe risk
21990232567571|1613424710902|ATM|false|1624364293772|Extreme risk
35184372100884|1631331981784|QRCode|false|1651136018629|Minimal risk
17592186056469|1606247534791|PHONE|false|1666275556099|Critical risk
39582418611990|1638452766694|IPv4|false|1665795500691|Extreme risk
39582418611991|1637193524327|ATM|false|1660660538858|Extreme risk
35184372100888|1632644189021|RFID|true|1669805842856|Low risk
26388279078681|1619058141971|IPv6|false|1664898222103|Moderate risk
52776558145306|1661964200215|POS|false|1669641020165|Significant risk
30786325589787|1624240030971|PHONE|false|1668617089303|Very high risk
35184372100892|1630485797773|POS|false|1650668873394|Critical risk
21990232567581|1612407897750|ATM|false|1657583050413|Very high risk
52776558145310|1660331540453|ATM|true|1662475874445|Very high risk
48378511634207|1653751113970|ATM|false|1663333932965|Severe risk
13194139545376|1602657427655|QRCode|false|1632978567253|Significant risk
17592186056481|1603993402013|IPv6|false|1651225428385|Low risk
13194139545378|1599454129749|IPv4|false|1640104931597|Critical risk
52776558145315|1659539790046|PHONE|false|1665189208555|Significant risk
43980465123108|1646705900777|ATM|true|1649221728639|Very high risk
35184372100901|1635540824935|MAC|false|1652992563131|High risk
39582418612006|1637618959021|ATM|false|1641768753729|Critical risk
35184372100903|1630586708346|ATM|true|1643327175964|Extreme risk
12072|1583102174783|RFID|false|1665539631843|Severe risk
39582418612009|1641105169484|PHONE|false|1667564138799|Low risk
13194139545386|1601107035943|RFID|false|1665087695427|Extreme risk
43980465123115|1643402568442|QRCode|false|1667220624943|Moderate risk
8796093034284|1591450736473|MAC|false|1654169760741|Extreme risk
12077|1577980929710|NFC|true|1604175639861|Moderate risk
57174604656430|1663870948887|NFC|false|1665979525312|Minimal risk
43980465123119|1645587740828|PHONE|false|1667740991329|High risk
17592186056496|1606362604992|POS|false|1643218132154|High risk
48378511634225|1653274978096|PHONE|false|1667007208181|Critical risk
30786325589810|1629305862374|MAC|false|1654415004206|Minimal risk
57174604656435|1664283878804|WIFI|false|1667009749626|Critical risk
39582418612020|1641845706429|MAC|false|1645186210938|Minimal risk
39582418612021|1642941087304|ATM|false|1646980662209|Very high risk
35184372100918|1632373406457|WIFI|false|1639096216897|Moderate risk
52776558145335|1657008562234|IPv6|false|1659572474039|Minimal risk
8796093034296|1597386322190|IPv4|false|1624627263390|Critical risk
43980465123129|1645173680693|ATM|false|1650559839736|Very high risk
43980465123130|1649188635138|POS|false|1670797324263|Significant risk
57174604656443|1669135310876|QRCode|false|1670115785129|Critical risk
30786325589820|1629473718722|ATM|false|1641132810474|Significant risk
39582418612029|1636845369669|POS|false|1667795769417|Very high risk
52776558145342|1656718239401|RFID|false|1662762232181|Minimal risk
35184372100927|1630363936887|QRCode|false|1650109375019|Extreme risk
12096|1580523207484|IPv4|false|1660645692273|Minimal risk
26388279078721|1618001405283|MAC|false|1656451437108|Minimal risk
12098|1582471391582|IPv4|false|1651934953515|Very high risk
13194139545411|1598889549968|WIFI|false|1646805196137|Extreme risk
17592186056516|1606308908375|ATM|true|1617995823507|Severe risk
43980465123141|1647857584655|NFC|false|1659010557077|Moderate risk
8796093034310|1591626530030|MAC|false|1610212808426|Significant risk
12103|1580875521121|ATM|false|1609536593348|Critical risk
39582418612040|1639577393881|IPv4|false|1649188063497|Extreme risk
39582418612041|1639198255937|PHONE|false|1657619313443|Very high risk
12106|1580153786330|RFID|false|1653435460044|Significant risk
48378511634251|1653485485967|QRCode|false|1655284967082|Significant risk
26388279078732|1621775044524|IPv6|false|1634579820580|Moderate risk
39582418612045|1640400526758|NFC|false|1661863045990|Moderate risk
43980465123150|1647409969449|IPv4|false|1662496522183|Very high risk
52776558145359|1657607216010|QRCode|false|1660955921771|Very high risk
26388279078736|1618125865127|IPv6|false|1652154095348|Extreme risk
48378511634257|1654687282877|POS|false|1662062063514|Moderate risk
35184372100946|1636461708012|PHONE|false|1647535705078|Very high risk
39582418612051|1640726199411|QRCode|false|1659830464546|Low risk
17592186056532|1609415696411|POS|false|1661184193256|Extreme risk
13194139545429|1600993839970|MAC|false|1626724661282|Very high risk
57174604656470|1664498432530|PHONE|false|1666248074154|Minimal risk
52776558145367|1661543728823|MAC|false|1671511307470|High risk
21990232567640|1612469174940|MAC|false|1636398748580|Very high risk
13194139545433|1601828814009|IPv4|true|1658699239101|Severe risk
12122|1578637181157|IPv4|false|1584113488139|Minimal risk
17592186056539|1606545656284|IPv4|false|1659976134691|Low risk
39582418612060|1642476080012|POS|false|1654879460356|Very high risk
26388279078749|1621746382331|QRCode|true|1669321422585|Very high risk
52776558145374|1656938395187|IPv6|false|1666598231758|Low risk
8796093034335|1591511394789|ATM|false|1600014277207|Minimal risk
4398046523232|1587115795957|RFID|false|1667780501132|Minimal risk
43980465123169|1647383641920|IPv4|false|1667654113456|High risk
39582418612066|1638609891581|ATM|false|1663649986657|High risk
21990232567651|1611991247957|IPv6|false|1652835590728|Moderate risk
17592186056548|1610342876477|IPv4|false|1645534687332|Very high risk
21990232567653|1615595817411|IPv6|false|1668515584064|Significant risk
26388279078758|1617414911271|WIFI|false|1628581697553|Moderate risk
21990232567655|1615904405657|POS|false|1629315608959|Very high risk
8796093034344|1591290379818|IPv4|false|1624598198833|Minimal risk
39582418612073|1640900976192|IPv6|false|1655870125406|Extreme risk
52776558145386|1658286980808|ATM|false|1661273097658|Minimal risk
61572651167595|1670818067906|POS|false|1671122486650|Significant risk
57174604656492|1664127520899|MAC|false|1671631133090|Severe risk
21990232567661|1612088910323|NFC|false|1653382729462|Severe risk
35184372100974|1630244230094|IPv6|false|1670092196655|Very high risk
8796093034351|1596352318503|WIFI|false|1611611162647|Minimal risk
21990232567664|1616575452531|PHONE|false|1667405799728|Minimal risk
43980465123185|1643758258602|IPv6|false|1662357495596|Very high risk
43980465123186|1643897058448|WIFI|false|1663517599055|Significant risk
48378511634291|1654237228479|PHONE|false|1656629651685|Significant risk
12148|1583742475862|NFC|false|1626989351078|Critical risk
26388279078773|1617587221759|POS|false|1646438995636|Minimal risk
52776558145398|1657958559922|RFID|false|1667427256897|Significant risk
39582418612087|1638859934130|POS|false|1672077429652|Significant risk
12152|1579885632896|PHONE|false|1625988234419|Moderate risk
30786325589881|1629977527791|MAC|false|1635033899696|Moderate risk
12154|1579083506985|IPv6|false|1611146513292|High risk
48378511634299|1655894898745|WIFI|true|1661375966560|Significant risk
13194139545468|1598435957964|MAC|false|1669323882504|Very high risk
52776558145405|1657261331960|POS|false|1672285084986|Severe risk
26388279078782|1621805294418|PHONE|false|1666505212161|Severe risk
57174604656511|1667931489770|WIFI|false|1667943445339|Extreme risk
48378511634304|1655563859319|PHONE|false|1670988704497|Low risk
13194139545473|1603531862684|PHONE|false|1628860343989|Critical risk
48378511634306|1649725383457|WIFI|true|1652472383407|Minimal risk
30786325589891|1629333198454|IPv4|false|1654372600406|Very high risk
30786325589892|1629454664909|RFID|true|1657090389522|Very high risk
13194139545477|1598271866247|NFC|false|1664740139235|Minimal risk
52776558145414|1662601371396|PHONE|false|1671165039746|Severe risk
39582418612103|1641251815212|NFC|false|1648920472702|Significant risk
8796093034376|1594257968538|RFID|false|1610098300574|Severe risk
13194139545481|1601335375046|POS|false|1622832198004|Significant risk
8796093034378|1595083419995|ATM|false|1647119504268|Very high risk
8796093034379|1595912010099|IPv4|false|1624003312785|High risk
30786325589900|1628841549505|POS|false|1664320198460|Significant risk
17592186056589|1608236436392|IPv4|false|1638726349210|Moderate risk
39582418612110|1639807482979|NFC|false|1641153161270|Critical risk
12175|1584116387903|POS|false|1647767198209|Very high risk
57174604656528|1667074260077|RFID|false|1671285523523|Very high risk
39582418612113|1642950257171|ATM|false|1665031536708|Severe risk
21990232567698|1616623829820|POS|false|1657537916918|Extreme risk
52776558145427|1661567634922|IPv6|false|1663609623745|Critical risk
39582418612116|1640190181806|QRCode|false|1669369730130|Minimal risk
57174604656533|1664700777208|PHONE|false|1670098693757|Critical risk
13194139545494|1601803648160|WIFI|false|1611070702931|Extreme risk
8796093034391|1593419759415|ATM|false|1652873958752|Minimal risk
43980465123224|1647348021718|ATM|false|1656925293201|Extreme risk
21990232567705|1617023613635|POS|false|1650253437711|Moderate risk
26388279078810|1617882195969|WIFI|false|1638022585182|Minimal risk
12187|1577929789437|WIFI|false|1654300622465|Critical risk
48378511634332|1651266784539|MAC|false|1652897739366|Significant risk
4398046523293|1585226822979|QRCode|false|1630220057321|Moderate risk
61572651167646|1669717209693|QRCode|false|1671857628380|Critical risk
17592186056607|1605907892369|WIFI|false|1611146736014|Moderate risk
48378511634336|1652207651903|POS|false|1655211305922|Significant risk
8796093034401|1591612323142|RFID|false|1663254964202|Moderate risk
35184372101026|1632844981101|RFID|false|1667314291903|Critical risk
8796093034403|1595574429502|ATM|false|1671378834155|Significant risk
21990232567716|1616167838607|PHONE|false|1654650218786|Very high risk
48378511634341|1650967965712|POS|false|1670416283702|Significant risk
13194139545510|1600021605137|PHONE|false|1606558904403|Moderate risk
13194139545511|1601323051276|WIFI|false|1663860529624|High risk
4398046523304|1587702721209|QRCode|false|1644305004937|Severe risk
39582418612137|1638811886922|IPv4|false|1644369006069|Low risk
4398046523306|1589279710960|POS|false|1609203893914|Minimal risk
43980465123243|1646143509102|MAC|false|1656572495537|Moderate risk
61572651167660|1669577160036|PHONE|false|1670724774674|Minimal risk
43980465123245|1647609841955|QRCode|false|1660996847324|Low risk
39582418612142|1640519364796|NFC|false|1640831464195|Significant risk
17592186056623|1609022013887|ATM|false|1616272436287|Severe risk
43980465123248|1646603843377|ATM|false|1664156310547|Significant risk
21990232567729|1613500327344|NFC|false|1671612529238|Moderate risk
17592186056626|1607339374785|IPv4|false|1644427230194|Critical risk
8796093034419|1595400392620|RFID|false|1657736923426|Severe risk
35184372101044|1632415951507|QRCode|false|1634716458705|Significant risk
57174604656565|1663503726142|MAC|false|1670176273229|Low risk
12214|1583276472969|POS|false|1653110442362|Extreme risk
57174604656567|1667877030309|POS|false|1671852299155|Moderate risk
8796093034424|1596935883215|IPv4|false|1669742740961|Very high risk
35184372101049|1633765045919|WIFI|false|1647387743037|Severe risk
8796093034426|1595385718525|POS|false|1651733761322|Critical risk
39582418612155|1639881569194|IPv4|false|1665101672583|Severe risk
12220|1583296134779|IPv4|false|1642208072019|Critical risk
57174604656573|1663968429935|PHONE|false|1664456009107|High risk
57174604656574|1665051171376|RFID|false|1666882368181|Significant risk
30786325589951|1628859509871|ATM|false|1648505593384|Critical risk
39582418612160|1641782783866|WIFI|false|1654659474416|Low risk
57174604656577|1666894147407|NFC|false|1669275938612|High risk
12226|1580092931103|WIFI|false|1595805258907|Significant risk
52776558145475|1659395847919|ATM|false|1663696973158|Very high risk
13194139545540|1600779246688|IPv4|false|1656424981013|Minimal risk
26388279078853|1619130218687|NFC|false|1641227549733|Severe risk
13194139545542|1603270709400|MAC|false|1667634486114|Severe risk
52776558145479|1660323855235|NFC|false|1669172274490|Very high risk
8796093034440|1594134306162|NFC|false|1628286314892|Extreme risk
12233|1584013715919|IPv4|false|1661096053884|High risk
12234|1580123634187|POS|false|1650925235733|Significant risk
12235|1580905246497|IPv6|false|1628093412275|High risk
43980465123276|1645948811368|MAC|false|1658675464201|Severe risk
26388279078861|1618983839564|MAC|true|1665777898152|Low risk
48378511634382|1654835146139|PHONE|false|1667583779361|Severe risk
8796093034447|1593545013157|RFID|false|1638115565917|Very high risk
57174604656592|1668132212682|IPv6|false|1668367438424|Significant risk
48378511634385|1649710171600|POS|false|1664216978293|Very high risk
48378511634386|1655536276381|WIFI|false|1672522144115|Low risk
21990232567763|1613385941526|QRCode|false|1655313179937|Critical risk
35184372101076|1631533687612|NFC|false|1659048441193|Critical risk
26388279078869|1622420153381|ATM|false|1640712094556|Critical risk
48378511634390|1654371301134|QRCode|false|1670882067811|Severe risk
30786325589975|1625679190319|NFC|false|1651526887060|Extreme risk
12248|1583138956049|IPv6|true|1631747617961|Minimal risk
39582418612185|1637456753561|WIFI|false|1637936458266|Extreme risk
48378511634394|1652423810563|IPv4|false|1670913911090|Extreme risk
21990232567771|1615718745927|QRCode|false|1617539718326|Minimal risk
48378511634396|1652799092034|QRCode|false|1655744112011|Extreme risk
43980465123293|1646972285178|POS|false|1670981779926|Significant risk
4398046523358|1587785548186|IPv4|false|1652056017837|Significant risk
26388279078879|1618104460601|IPv4|false|1647861099504|High risk
21990232567776|1613416799155|WIFI|false|1634275239691|Critical risk
21990232567777|1614751311976|NFC|false|1631912476466|Extreme risk
17592186056674|1606373185629|MAC|false|1649344737126|Moderate risk
30786325589987|1629469825978|QRCode|false|1645886122222|Minimal risk
26388279078884|1621540389169|ATM|false|1670794093768|Very high risk
26388279078885|1619900979218|POS|false|1641159823621|Severe risk
13194139545574|1598973766766|NFC|false|1668284284103|Extreme risk
43980465123303|1649352369354|WIFI|false|1657437668596|Critical risk
57174604656616|1664326867069|RFID|false|1669090150722|Low risk
8796093034473|1594493210566|ATM|false|1627008796542|Significant risk
21990232567786|1614037523594|IPv4|false|1638274107369|Low risk
48378511634411|1654931150969|QRCode|false|1669507243570|Moderate risk
48378511634412|1651465156951|ATM|false|1670069452621|Moderate risk
48378511634413|1650023874143|NFC|false|1659095554938|Extreme risk
30786325589998|1623885934853|MAC|false|1646930337828|Moderate risk
12271|1581406406732|POS|false|1658044206549|High risk
12272|1581711194096|WIFI|false|1619880709354|Significant risk
30786325590001|1628743327333|IPv4|true|1641762108568|Extreme risk
21990232567794|1615591304143|ATM|false|1634531350897|Very high risk
21990232567795|1613295774529|POS|false|1638016000083|Significant risk
35184372101108|1631396234925|IPv6|false|1671206762041|Severe risk
17592186056693|1609478971994|NFC|false|1627451066743|Minimal risk
30786325590006|1627371667117|IPv4|false|1671742434900|Low risk
4398046523383|1588370478915|RFID|false|1610142681165|Low risk
57174604656632|1663546532796|NFC|false|1665663487757|Low risk
61572651167737|1672018994955|NFC|false|1672470237780|Moderate risk
43980465123322|1649206845219|ATM|false|1659926223023|Minimal risk
17592186056699|1609267068171|WIFI|true|1649067549519|Severe risk
57174604656636|1666011627646|MAC|false|1670127411831|High risk
4398046523389|1589729445731|WIFI|false|1617434794523|Extreme risk
39582418612222|1642713018261|WIFI|false|1656358465053|Severe risk
39582418612223|1643019257039|IPv6|false|1657114275499|Significant risk
17592186056704|1609076955241|IPv4|false|1621793462050|Extreme risk
17592186056705|1606587818640|IPv6|false|1608333433940|Extreme risk
43980465123330|1647253582697|PHONE|false|1667967591237|Extreme risk
4398046523395|1590436170110|IPv6|false|1592809225765|Low risk
12292|1583817999569|ATM|false|1642669414160|Critical risk
13194139545605|1600180821583|IPv6|false|1614906441323|Minimal risk
8796093034502|1594979610997|WIFI|false|1658327871161|Severe risk
12295|1578803122094|ATM|false|1622460061312|Very high risk
52776558145544|1656581198524|ATM|false|1667377207246|Extreme risk
52776558145545|1656509033296|IPv6|false|1668392069238|High risk
57174604656650|1666788837025|PHONE|false|1669177647218|Severe risk
17592186056715|1606712383321|POS|false|1664013016902|High risk
26388279078924|1618198433148|IPv6|false|1621534089037|Very high risk
43980465123341|1647592906968|RFID|false|1663089031302|Moderate risk
61572651167758|1670570027516|IPv6|false|1672369489861|Severe risk
57174604656655|1664054784896|IPv4|false|1666546097846|Severe risk
35184372101136|1635580213715|NFC|false|1663602409139|High risk
39582418612241|1641651149811|MAC|false|1655720866311|Extreme risk
61572651167762|1671388801620|POS|false|1671912978302|Severe risk
30786325590035|1624099206332|IPv6|false|1656776099914|Extreme risk
52776558145556|1656328760356|NFC|false|1667756865403|Moderate risk
48378511634453|1653643109473|MAC|false|1667209630575|Very high risk
48378511634454|1651616950033|ATM|false|1669832990403|Minimal risk
52776558145559|1660235902913|ATM|false|1664521707916|Extreme risk
39582418612248|1637293655464|QRCode|false|1660276157686|Very high risk
26388279078937|1618447333259|IPv4|false|1634004226128|Significant risk
21990232567834|1614846811989|ATM|false|1631831965391|Critical risk
61572651167771|1669975901808|PHONE|false|1670105057107|Severe risk
4398046523420|1587927978170|POS|false|1603148430295|Critical risk
39582418612253|1638615470379|IPv4|false|1656992289861|Severe risk
35184372101150|1634771947634|PHONE|false|1664007970454|Critical risk
52776558145567|1662621966712|ATM|false|1668993702367|Extreme risk
8796093034528|1591608391909|WIFI|false|1658652412330|Low risk
43980465123361|1648409263509|RFID|false|1660956361875|Critical risk
48378511634466|1653995614117|NFC|false|1668447679383|Low risk
8796093034531|1595607692771|WIFI|true|1617278239167|Minimal risk
21990232567844|1616400220799|IPv4|false|1632902945893|High risk
12325|1581224912540|RFID|false|1636053520731|Significant risk
48378511634470|1653450602781|MAC|false|1657699888893|Very high risk
17592186056743|1606278195443|NFC|false|1630783711536|Significant risk
17592186056744|1607826929040|PHONE|false|1614975072364|Low risk
12329|1584008944371|NFC|false|1648862125889|Severe risk
12330|1584028735558|IPv4|false|1591673047478|Severe risk
52776558145579|1659169306312|RFID|false|1665111087471|Significant risk
17592186056748|1607988216863|ATM|false|1614352691556|Extreme risk
26388279078957|1619286992932|WIFI|false|1646690109930|Significant risk
30786325590062|1628762696563|MAC|false|1638218025101|Moderate risk
43980465123375|1646739093665|IPv6|false|1649074150315|Critical risk
43980465123376|1645833268008|RFID|false|1649374285975|Extreme risk
8796093034545|1595822779972|PHONE|false|1619097137036|High risk
43980465123378|1643590460128|PHONE|false|1648656242996|Moderate risk
48378511634483|1652547345490|MAC|false|1654144505388|Severe risk
17592186056756|1608452521941|RFID|false|1637530605528|Extreme risk
61572651167797|1669812273103|MAC|false|1670107320506|High risk
12342|1582915342514|POS|false|1611761742939|Critical risk
61572651167799|1671313216683|RFID|false|1671563384239|High risk
57174604656696|1664736078913|RFID|false|1671298679614|Moderate risk
35184372101177|1631757013444|IPv4|false|1641407459883|Moderate risk
48378511634490|1652385489160|ATM|false|1660973767572|High risk
26388279078971|1621747001495|IPv4|false|1656541677970|High risk
17592186056764|1608605214473|QRCode|false|1637092713032|Moderate risk
48378511634493|1654054799946|RFID|false|1663732222824|High risk
13194139545662|1599078562004|PHONE|false|1614474481425|Low risk
30786325590079|1629606603069|NFC|false|1655356764368|Significant risk
26388279078976|1620529104642|POS|false|1670861648595|High risk
26388279078977|1621234420503|WIFI|false|1647973867313|High risk
26388279078978|1622869009300|IPv6|false|1631212722386|Minimal risk
57174604656707|1667432595951|IPv6|false|1670237433666|High risk
13194139545668|1599226770122|IPv6|false|1614172257583|High risk
39582418612293|1642829793800|PHONE|false|1648412832275|Minimal risk
13194139545670|1603542812877|NFC|false|1666854871635|Moderate risk
43980465123399|1649394405297|ATM|false|1663520774016|Minimal risk
48378511634504|1654926284643|IPv6|false|1666161846667|Moderate risk
17592186056777|1609452565002|IPv4|false|1639650034224|Minimal risk
21990232567882|1613670657534|ATM|false|1618757661895|Extreme risk
48378511634507|1650109064734|QRCode|false|1665863431530|Very high risk
48378511634508|1653846817406|MAC|false|1671055554632|Very high risk
39582418612301|1639866844065|RFID|false|1663352368735|Extreme risk
39582418612302|1637837966457|QRCode|false|1654092713279|Minimal risk
4398046523471|1590504601850|ATM|true|1648396266833|Minimal risk
17592186056784|1610175501608|IPv4|false|1645344702211|Very high risk
13194139545681|1598663915387|ATM|false|1658304420308|High risk
43980465123410|1646300285802|PHONE|false|1666233082785|Extreme risk
43980465123411|1648125079517|IPv6|false|1672168418943|High risk
21990232567892|1612154248083|MAC|false|1619619552813|High risk
8796093034581|1596888125557|POS|false|1604299769541|Severe risk
17592186056790|1607657629797|IPv6|false|1652604070453|Critical risk
17592186056791|1606939292828|QRCode|false|1641419278707|Low risk
4398046523480|1585077245904|NFC|false|1626381197957|Critical risk
48378511634521|1654656936881|WIFI|true|1659655957313|Very high risk
12378|1583413013776|IPv4|false|1654983921692|Extreme risk
12379|1578297692324|IPv4|false|1628397016900|Extreme risk
57174604656732|1664975021071|POS|false|1668729291432|High risk
21990232567901|1614913920981|PHONE|false|1654822631818|Severe risk
13194139545694|1602383121683|MAC|false|1628918981405|Minimal risk
26388279079007|1618051087077|NFC|false|1627632970218|Very high risk
12384|1578026528232|RFID|false|1645142213623|Severe risk
30786325590113|1629263615314|IPv6|false|1642217583580|Significant risk
43980465123426|1648139901074|WIFI|false|1656926841616|High risk
35184372101219|1632241639523|WIFI|false|1638861364259|Critical risk
52776558145636|1661736729865|RFID|false|1670506745059|Very high risk
43980465123429|1647110550747|IPv6|false|1671592194757|High risk
30786325590118|1630009388684|WIFI|false|1634454632264|Moderate risk
4398046523495|1590430475134|NFC|false|1665908392339|Moderate risk
13194139545704|1600873872564|POS|false|1615007477021|Minimal risk
12393|1577891766221|PHONE|false|1651373459409|Critical risk
35184372101226|1636220891510|ATM|false|1670189837611|Moderate risk
17592186056811|1606772754544|MAC|false|1638285741671|Moderate risk
30786325590124|1625038240479|RFID|false|1661220087114|Minimal risk
48378511634541|1651974220210|IPv6|false|1671129647843|High risk
30786325590126|1624531180355|RFID|false|1642700494469|High risk
26388279079023|1620307278355|MAC|false|1654829800033|Very high risk
4398046523504|1587798178400|ATM|false|1600634641754|Moderate risk
17592186056817|1607393997102|IPv4|false|1609061819505|Minimal risk
35184372101234|1631070382528|PHONE|false|1664196589066|Very high risk
4398046523507|1586371032111|PHONE|false|1641617172860|Minimal risk
30786325590132|1624673910096|IPv4|false|1660285280858|Critical risk
48378511634549|1654207470726|POS|false|1667965159944|Minimal risk
52776558145654|1659577367759|NFC|false|1671664544402|Critical risk
4398046523511|1587498094628|QRCode|false|1661485947437|Low risk
12408|1583390472391|MAC|false|1607014610572|Low risk
26388279079033|1617758032041|POS|false|1653178544386|Critical risk
52776558145658|1657998470296|ATM|false|1664629630238|Critical risk
30786325590139|1629948037725|MAC|false|1636620747123|Severe risk
43980465123452|1649189871580|IPv4|false|1670443082250|Severe risk
57174604656765|1667790550971|WIFI|false|1672277257256|Minimal risk
57174604656766|1662894099713|IPv6|false|1665807949547|Severe risk
8796093034623|1596021230339|IPv4|false|1659794584431|Low risk
12416|1581488503810|RFID|false|1604686701677|Moderate risk
21990232567937|1614165489852|NFC|false|1648766445908|Minimal risk
26388279079042|1619955005966|POS|false|1668351521840|Very high risk
39582418612355|1641529719812|QRCode|false|1646015432163|Significant risk
57174604656772|1663251506025|RFID|false|1663398045360|Severe risk
43980465123461|1648812389975|POS|false|1652972583623|Significant risk
48378511634566|1654450331038|MAC|false|1655118587277|Moderate risk
13194139545735|1599342208641|MAC|false|1627631477521|Extreme risk
39582418612360|1641002851190|QRCode|false|1671418192579|Critical risk
4398046523529|1585140631287|NFC|false|1662424853174|Low risk
48378511634570|1649809952399|MAC|false|1667399259882|High risk
4398046523531|1586500999414|ATM|false|1661773767379|High risk
4398046523532|1589302766627|IPv4|false|1662296947560|Moderate risk
57174604656781|1669299489007|IPv4|false|1671151677945|Very high risk
52776558145678|1660724784044|WIFI|false|1662762683546|Moderate risk
52776558145679|1662107369817|POS|false|1667461365818|Very high risk
13194139545744|1602927262841|NFC|false|1633848013709|Low risk
61572651167889|1670683371432|NFC|false|1671930143395|Severe risk
26388279079058|1617441125342|POS|false|1631761331976|Low risk
61572651167891|1670565564486|QRCode|false|1671731638354|Very high risk
39582418612372|1638532495104|POS|false|1655241604395|High risk
12437|1580010611672|IPv6|false|1582488794865|Critical risk
26388279079062|1617739847190|MAC|false|1662400745148|Severe risk
4398046523543|1587759061534|WIFI|false|1627206031371|Critical risk
48378511634584|1650287504937|RFID|false|1665416115642|Critical risk
57174604656793|1663455234017|MAC|false|1669137322058|Low risk
12442|1583794848563|MAC|false|1662641736583|Severe risk
43980465123483|1648776016186|IPv4|false|1670223700580|Severe risk
39582418612380|1640642798880|ATM|false|1644250800244|Significant risk
35184372101277|1631810006969|RFID|false|1670695114727|Critical risk
13194139545758|1599081553291|MAC|false|1669239275695|Minimal risk
13194139545759|1600625908677|PHONE|false|1621090546787|Critical risk
52776558145696|1662152658930|NFC|false|1671557104472|Moderate risk
48378511634593|1655898189610|POS|false|1669221483506|Extreme risk
17592186056866|1608760200607|IPv6|false|1627974868392|Very high risk
12451|1580578242878|ATM|false|1601033541845|Low risk
43980465123492|1643975414042|NFC|false|1667960214986|Very high risk
57174604656805|1666435015763|ATM|false|1669030771777|Moderate risk
8796093034662|1592485475599|QRCode|false|1662636528264|Critical risk
30786325590183|1628201666916|RFID|false|1667567355336|Significant risk
13194139545768|1597754308815|POS|false|1647647574483|High risk
13194139545769|1597980642444|POS|false|1637351196899|Moderate risk
21990232567978|1616036756552|IPv4|true|1637310539789|Moderate risk
35184372101291|1635767531855|PHONE|false|1639039249340|Very high risk
35184372101292|1630588730043|IPv6|false|1652030057319|High risk
30786325590189|1624645214459|QRCode|false|1658000697372|Low risk
4398046523566|1587352490483|NFC|false|1652888259352|Minimal risk
12463|1582414172970|IPv4|false|1591051121939|Minimal risk
57174604656816|1666739986105|IPv4|false|1667108449120|Minimal risk
30786325590193|1625797674688|WIFI|false|1670078393659|Significant risk
57174604656818|1663071732776|IPv6|false|1670807237925|Very high risk
17592186056883|1610148326249|NFC|true|1630489510493|Extreme risk
26388279079092|1623550189163|IPv6|false|1670930633266|Significant risk
13194139545781|1598082547043|ATM|false|1635673657325|Very high risk
26388279079094|1622899083823|ATM|false|1643539830448|Moderate risk
48378511634615|1653361072444|RFID|false|1658262542332|High risk
35184372101304|1633427113762|POS|false|1666694518717|Very high risk
35184372101305|1635927860161|POS|false|1643044488733|Significant risk
52776558145722|1662094435997|MAC|true|1669519802204|Severe risk
8796093034683|1590918303971|ATM|false|1619209860009|Severe risk
8796093034684|1593494375506|POS|false|1670267846800|Severe risk
57174604656829|1663427988689|MAC|false|1669762484227|Minimal risk
52776558145726|1659709302590|RFID|true|1660419232387|High risk
48378511634623|1652662631851|PHONE|false|1659702384354|Minimal risk
52776558145728|1656818176717|ATM|false|1661855590061|Minimal risk
35184372101313|1634343338689|RFID|false|1650645056928|Low risk
21990232568002|1610531891427|NFC|false|1659749614464|Severe risk
39582418612419|1637083898150|RFID|false|1640983168002|Extreme risk
39582418612420|1636809049403|MAC|false|1649103959486|High risk
57174604656837|1666419402678|IPv6|true|1666510547566|Severe risk
35184372101318|1634601054831|RFID|false|1664880355457|Significant risk
8796093034695|1592170743205|NFC|false|1653410105102|Minimal risk
13194139545800|1599536235704|PHONE|false|1609796593906|High risk
57174604656841|1666205846861|ATM|false|1667187762773|Very high risk
21990232568010|1613569597183|ATM|false|1637956041289|Critical risk
12491|1583497557774|POS|false|1628209032759|Critical risk
8796093034700|1595763482204|RFID|false|1604466966101|Very high risk
26388279079117|1620440919032|ATM|false|1628282693067|Critical risk
17592186056910|1608921067269|RFID|false|1621545817201|Moderate risk
35184372101327|1635587611579|WIFI|false|1635747966800|Significant risk
35184372101328|1633566232344|QRCode|true|1655983694442|Extreme risk
61572651167953|1671665404140|IPv4|false|1672167728154|Minimal risk
57174604656850|1668155646610|ATM|false|1670036514350|Moderate risk
30786325590227|1627308637678|IPv4|false|1634536580363|Very high risk
4398046523604|1587232545219|RFID|false|1649246732532|Very high risk
17592186056917|1608874121268|WIFI|false|1631609164493|Extreme risk
52776558145750|1659973183310|PHONE|false|1670627819446|Severe risk
57174604656855|1667498027669|WIFI|false|1668529648705|Critical risk
8796093034712|1596780453691|MAC|false|1654926034208|Significant risk
35184372101337|1636451981849|WIFI|false|1668796362565|Severe risk
12506|1580197776261|RFID|false|1629430152493|Extreme risk
35184372101339|1633155834204|QRCode|false|1633412891113|Extreme risk
21990232568028|1616039684516|POS|false|1651797864480|High risk
26388279079133|1619185340780|QRCode|false|1632048682606|Severe risk
52776558145758|1662430301477|IPv4|false|1663548847732|Minimal risk
13194139545823|1600242327727|NFC|false|1607151960996|Minimal risk
8796093034720|1596703179476|IPv4|false|1596977067173|Minimal risk
61572651167969|1672168803887|MAC|false|1672447578354|Low risk
13194139545826|1599765195999|ATM|false|1652748082100|Extreme risk
52776558145763|1662433835234|QRCode|false|1662651055430|Critical risk
13194139545828|1597530664241|IPv6|false|1655616641612|Very high risk
57174604656869|1665702567113|RFID|false|1669402496343|High risk
13194139545830|1603725885735|NFC|false|1627714206388|Significant risk
57174604656871|1668842737993|MAC|false|1671557219400|Low risk
43980465123560|1646923297914|QRCode|false|1650485176719|Moderate risk
4398046523625|1590175229975|MAC|false|1626418526665|Critical risk
39582418612458|1636643118748|WIFI|false|1671283360894|Extreme risk
21990232568043|1615614938307|QRCode|false|1616189242188|High risk
26388279079148|1622553181258|QRCode|false|1662675327522|Critical risk
35184372101357|1634765070097|PHONE|false|1672131762960|Critical risk
4398046523630|1585984103298|RFID|false|1609297418681|Significant risk
17592186056943|1609091806686|WIFI|false|1630621642833|Low risk
43980465123568|1648929902719|ATM|true|1663359086117|Critical risk
39582418612465|1639897494984|PHONE|false|1645437870536|Significant risk
12530|1582287099281|RFID|false|1596851798959|Moderate risk
8796093034739|1593361475174|RFID|false|1624663707219|Moderate risk
52776558145780|1658830257066|ATM|false|1659623689635|Moderate risk
35184372101365|1635324020261|RFID|false|1656602051267|Severe risk
39582418612470|1637665312205|WIFI|false|1646148036524|Low risk
21990232568055|1614750021374|IPv6|false|1663759392348|Significant risk
35184372101368|1635403648026|IPv4|false|1661898579201|Low risk
48378511634681|1655442399416|IPv6|false|1672102621367|Critical risk
8796093034746|1594816256518|IPv6|false|1602296123414|High risk
61572651167995|1670312187347|QRCode|false|1670979860896|Significant risk
21990232568060|1610888099177|IPv4|false|1648964910827|Extreme risk
12541|1578469242277|RFID|true|1653046739577|High risk
61572651167998|1671166015629|ATM|false|1672138373778|Moderate risk
43980465123583|1648948511280|ATM|false|1652563704454|Minimal risk
43980465123584|1646503695727|RFID|false|1647982951482|High risk
48378511634689|1654421074660|QRCode|false|1670090336600|Severe risk
17592186056962|1606135710615|RFID|false|1667432594163|Extreme risk
13194139545859|1598292842490|NFC|false|1631212184341|Moderate risk
39582418612484|1642734341464|POS|false|1671537488758|Low risk
57174604656901|1668557154699|NFC|false|1671548469204|Significant risk
52776558145798|1662202741006|NFC|false|1662722804571|Minimal risk
12551|1579619134445|WIFI|false|1589172498483|Very high risk
12552|1581307818522|PHONE|false|1617381330111|Critical risk
48378511634697|1653677101894|MAC|false|1654405996547|High risk
17592186056970|1606617693077|ATM|false|1625293791730|Low risk
39582418612491|1642235764953|NFC|false|1660593734195|Moderate risk
43980465123596|1649517759191|POS|false|1651469346585|High risk
30786325590285|1629818245566|MAC|false|1635567748246|Very high risk
12558|1582316581417|ATM|false|1626565872268|Severe risk
13194139545871|1602227059895|ATM|false|1651021339147|Critical risk
12560|1579625496716|POS|false|1602131238251|Moderate risk
21990232568081|1615202090602|IPv4|false|1657712869064|Moderate risk
35184372101394|1635001297156|IPv6|false|1644772926834|Minimal risk
17592186056979|1609213026025|WIFI|false|1654160253140|Significant risk
30786325590292|1628906139291|IPv4|false|1629240296839|Minimal risk
30786325590293|1629493536435|MAC|false|1647900651822|Significant risk
4398046523670|1586452687636|IPv4|false|1670800705005|Very high risk
4398046523671|1584504917203|QRCode|false|1592721836600|Very high risk
26388279079192|1619189560075|WIFI|false|1669785445226|High risk
17592186056985|1606945821672|IPv6|false|1656154630091|Low risk
48378511634714|1655871478095|WIFI|false|1666951305723|Very high risk
8796093034779|1593880762277|WIFI|false|1653348256507|Very high risk
13194139545884|1601677451715|WIFI|false|1612867204347|Critical risk
35184372101405|1632392766757|NFC|false|1671307174624|Critical risk
48378511634718|1655520998190|IPv6|false|1656847451062|Moderate risk
4398046523679|1589948456777|POS|false|1621212437519|Severe risk
8796093034784|1593654238874|IPv6|false|1607465255128|Severe risk
30786325590305|1624040847671|ATM|true|1657136948379|Extreme risk
30786325590306|1625446089516|RFID|false|1643685252648|Very high risk
39582418612515|1642780914667|QRCode|false|1647391112063|Very high risk
43980465123620|1648580973474|WIFI|false|1672526408983|Moderate risk
30786325590309|1627104599853|QRCode|false|1656153282162|Low risk
26388279079206|1622017317717|ATM|false|1635137662081|Significant risk
13194139545895|1599259169970|IPv6|false|1610137718034|Severe risk
43980465123624|1645390747921|RFID|false|1670632180072|Significant risk
12585|1581273464398|RFID|false|1635439328672|Low risk
8796093034794|1596601193045|POS|false|1657680194181|High risk
35184372101419|1635479532239|PHONE|false|1643400549485|Severe risk
21990232568108|1612560294979|IPv6|false|1661533075731|Critical risk
4398046523693|1589375518219|ATM|false|1613131900703|Critical risk
12590|1583513465538|QRCode|false|1604702929346|Extreme risk
13194139545903|1597508215854|IPv4|true|1627033474171|Moderate risk
13194139545904|1603801085355|IPv4|false|1644964308172|Moderate risk
35184372101425|1632528925873|IPv6|false|1655180945375|Low risk
39582418612530|1643044190065|MAC|false|1657282850433|Very high risk
52776558145843|1662555888669|MAC|false|1670558021301|Extreme risk
43980465123636|1648908500527|POS|false|1664560963200|Low risk
4398046523701|1586958143949|POS|false|1605524388210|Severe risk
8796093034806|1596165940518|IPv6|false|1608997852268|Extreme risk
17592186057015|1608664724246|IPv4|false|1626110281504|Minimal risk
26388279079224|1623153972094|PHONE|false|1654920531066|Low risk
61572651168057|1670890834495|ATM|false|1671302465829|High risk
8796093034810|1595606627507|PHONE|false|1646670329451|Severe risk
8796093034811|1594325542072|IPv4|false|1630651633419|Low risk
17592186057020|1609989813710|POS|false|1659374935241|Critical risk
13194139545917|1601653673902|IPv6|false|1625898315711|Severe risk
43980465123646|1647343058714|IPv4|false|1668677794043|Very high risk
52776558145855|1661582781598|QRCode|false|1669170273064|Low risk
8796093034816|1592289181997|NFC|false|1663987532659|Minimal risk
35184372101441|1632885787700|RFID|false|1655164893275|Low risk
43980465123650|1648940621643|RFID|false|1655269973694|Moderate risk
4398046523715|1588074830767|WIFI|false|1630186195277|Very high risk
35184372101444|1630778025713|WIFI|false|1634935660264|Minimal risk
21990232568133|1614890711078|PHONE|false|1660329811929|Moderate risk
17592186057030|1604422423286|POS|false|1623012305254|Low risk
13194139545927|1600520616599|NFC|false|1660145326575|Significant risk
43980465123656|1646930235877|QRCode|false|1662563464188|Significant risk
13194139545929|1602594783928|NFC|false|1671745605399|Low risk
17592186057034|1606272366589|POS|false|1633584077988|Severe risk
21990232568139|1612176313559|NFC|false|1658724383018|Low risk
57174604656972|1665109996578|WIFI|true|1668250203016|Critical risk
12621|1579912417803|RFID|false|1587466972264|High risk
26388279079246|1618039462712|PHONE|false|1627574866610|Minimal risk
30786325590351|1623883054718|ATM|false|1671774861046|High risk
8796093034832|1593687687564|IPv6|false|1652420477454|Moderate risk
4398046523729|1587276092499|QRCode|false|1606699831131|Moderate risk
57174604656978|1667037448221|IPv6|false|1670708830005|Significant risk
8796093034835|1592821022524|IPv6|false|1615823629985|Critical risk
30786325590356|1628696517052|POS|false|1658330761963|Critical risk
4398046523733|1590178277122|IPv6|false|1608250886302|Significant risk
4398046523734|1587853293242|POS|false|1619973055435|Low risk
26388279079255|1617719967721|PHONE|false|1642211386817|High risk
30786325590360|1623840149049|MAC|false|1627005921619|Extreme risk
26388279079257|1617373082462|QRCode|false|1622490700129|Very high risk
30786325590362|1625454659121|WIFI|false|1652007255752|High risk
35184372101467|1634805882726|RFID|false|1664698785034|Significant risk
48378511634780|1650635269781|RFID|false|1654864840125|Minimal risk
35184372101469|1630316368956|IPv4|false|1639610015594|High risk
39582418612574|1636873846585|NFC|false|1641275575350|Extreme risk
35184372101471|1635435014884|RFID|false|1642964560745|Very high risk
17592186057056|1605156130177|MAC|true|1610857181611|Minimal risk
21990232568161|1616426908670|QRCode|false|1667465445293|Very high risk
26388279079266|1621599004923|MAC|false|1624315265868|Minimal risk
13194139545955|1602099336506|PHONE|false|1665535654774|Very high risk
12644|1580066528784|RFID|false|1653254044798|Significant risk
43980465123685|1645357242499|IPv6|false|1671946923135|Extreme risk
4398046523750|1586902942049|QRCode|false|1645336069796|Low risk
39582418612583|1637584551842|IPv4|false|1661790559199|Very high risk
52776558145896|1661274215229|IPv6|false|1672103817781|Low risk
43980465123689|1646420371994|RFID|false|1668736337898|Low risk
43980465123690|1644461013908|WIFI|false|1671139990597|Very high risk
39582418612587|1640247535953|ATM|false|1658415428375|High risk
57174604657004|1664423564904|NFC|false|1667365379187|Significant risk
43980465123693|1646015723124|PHONE|false|1659581346008|Moderate risk
26388279079278|1617869205302|ATM|false|1668159684023|Severe risk
52776558145903|1659541048277|POS|false|1672192692272|Significant risk
52776558145904|1658335042682|ATM|false|1669670572484|Significant risk
39582418612593|1642642421611|RFID|false|1670749386608|Critical risk
48378511634802|1650178638101|PHONE|false|1662794622028|Minimal risk
43980465123699|1647969741899|QRCode|false|1668798199605|Very high risk
17592186057076|1604683210979|ATM|false|1607844238435|Low risk
8796093034869|1591460507795|NFC|false|1666531188712|Severe risk
12662|1582790334875|PHONE|false|1639202632918|Significant risk
17592186057079|1609886471294|NFC|true|1669513697687|Extreme risk
13194139545976|1598174628138|ATM|false|1598989664252|Critical risk
61572651168121|1669724436734|MAC|true|1671434581031|Significant risk
30786325590394|1625552865469|IPv4|false|1626601766121|Very high risk
21990232568187|1611435676816|WIFI|false|1632089392410|Minimal risk
48378511634812|1655914890222|RFID|true|1660634469954|Critical risk
57174604657021|1666934686524|PHONE|false|1670785955370|Significant risk
4398046523774|1587267422077|QRCode|false|1652944898761|Severe risk
35184372101503|1630573970774|QRCode|false|1654228449851|Low risk
30786325590400|1626758101635|WIFI|false|1659041322377|Critical risk
61572651168129|1670896152191|PHONE|false|1671124692758|Low risk
21990232568194|1613492518083|QRCode|false|1614649234021|Minimal risk
21990232568195|1613475903127|RFID|false|1651373301173|Minimal risk
17592186057092|1605464837062|RFID|false|1625877848824|Low risk
17592186057093|1608681468577|NFC|false|1610650469883|High risk
39582418612614|1636675212052|IPv4|false|1671931726786|High risk
17592186057095|1606209735546|MAC|false|1610623796987|Critical risk
26388279079304|1621233767595|IPv6|false|1632797500600|Extreme risk
13194139545993|1600070757462|QRCode|true|1623460503640|Low risk
43980465123722|1646012962184|IPv4|false|1672147994082|Critical risk
4398046523787|1584677155244|WIFI|false|1655180011187|Moderate risk
30786325590412|1628504184989|MAC|false|1665641969033|Significant risk
35184372101517|1634773419212|NFC|false|1656550939592|Severe risk
4398046523790|1586884220821|ATM|false|1669660882902|Severe risk
48378511634831|1653090150301|RFID|false|1669013900592|Low risk
57174604657040|1668382584722|PHONE|false|1669645907067|Minimal risk
26388279079313|1619015056852|IPv6|false|1625214902285|Minimal risk
43980465123730|1648781394431|PHONE|false|1670221421063|Low risk
43980465123731|1644543279225|NFC|false|1661834242640|Severe risk
52776558145940|1658180018913|IPv4|false|1660281774832|Very high risk
13194139546005|1598369904702|IPv6|false|1636346443113|High risk
21990232568214|1616385796734|MAC|false|1650381298718|Minimal risk
48378511634839|1654526928464|PHONE|false|1658228962241|Low risk
43980465123736|1645996584677|WIFI|false|1659095067825|Critical risk
8796093034905|1592062177396|WIFI|false|1610678324304|Moderate risk
8796093034906|1594263849331|PHONE|false|1615246887471|Minimal risk
35184372101531|1631910535870|IPv4|false|1637589144734|Very high risk
21990232568220|1612946108216|NFC|true|1645942350089|Critical risk
35184372101533|1632209063434|ATM|false|1668150805283|Significant risk
52776558145950|1662171227777|ATM|false|1672048715368|Minimal risk
30786325590431|1625748133290|QRCode|false|1653538640913|High risk
43980465123744|1646086097940|MAC|false|1667082528493|Critical risk
8796093034913|1596552353770|ATM|false|1662376320006|Very high risk
35184372101538|1636036198464|IPv6|false|1670130850865|Very high risk
57174604657059|1667089120437|QRCode|false|1671862697106|Severe risk
30786325590436|1627714018697|ATM|false|1637726201682|Very high risk
21990232568229|1611066962003|RFID|false|1666779387006|Critical risk
13194139546022|1599693602210|RFID|false|1631007134775|Low risk
4398046523815|1590421385682|RFID|false|1629296242928|High risk
8796093034920|1593490904959|QRCode|false|1646301483267|Extreme risk
8796093034921|1592473662018|NFC|false|1594939879765|Minimal risk
13194139546026|1601717440662|WIFI|false|1659736299995|Very high risk
35184372101547|1634711630111|NFC|false|1652387387119|Extreme risk
43980465123756|1648527687852|POS|false|1667445794659|Severe risk
21990232568237|1612004685879|MAC|false|1624152612246|Severe risk
13194139546030|1603554716221|QRCode|false|1662274546206|Moderate risk
57174604657071|1663101563254|ATM|false|1664667507216|Low risk
52776558145968|1656753625448|WIFI|false|1670270260921|Moderate risk
39582418612657|1638057823582|RFID|false|1644306776966|Minimal risk
21990232568242|1613017196768|QRCode|true|1656083833971|Extreme risk
57174604657075|1666496366982|IPv4|true|1671559882209|Extreme risk
57174604657076|1668026175086|ATM|false|1672530224194|Severe risk
13194139546037|1598732834113|QRCode|false|1640173693094|Very high risk
12726|1581066529704|ATM|false|1595304223854|High risk
35184372101559|1635162871482|IPv6|false|1663466579621|Extreme risk
57174604657080|1662788811037|WIFI|false|1669366144046|Minimal risk
13194139546041|1599705363454|ATM|false|1608232221868|Moderate risk
43980465123770|1647898107452|IPv6|false|1666155860366|Severe risk
48378511634875|1654947761796|RFID|false|1657301905745|Significant risk
30786325590460|1629967297406|POS|false|1658090378439|Severe risk
17592186057149|1610317313361|IPv4|false|1645910213889|High risk
30786325590462|1624731071639|QRCode|false|1669452095269|High risk
52776558145983|1658114414752|ATM|true|1660130585043|Severe risk
35184372101568|1633025275979|MAC|false|1661376100690|Severe risk
13194139546049|1600953629122|RFID|false|1625731482731|High risk
61572651168194|1671303411719|ATM|false|1671309041335|Minimal risk
39582418612675|1640465856333|ATM|false|1669570916601|High risk
57174604657092|1664563217751|ATM|false|1667700405785|Very high risk
12741|1580152762062|NFC|false|1585252780404|Severe risk
57174604657094|1665580285571|MAC|false|1666569009269|Low risk
57174604657095|1664707148857|PHONE|false|1667159850718|High risk
17592186057160|1605207943135|QRCode|false|1614847065319|Very high risk
39582418612681|1638042777399|QRCode|false|1651056064209|Low risk
26388279079370|1617213653260|RFID|false|1658789775019|Very high risk
30786325590475|1623706300752|MAC|true|1642261185895|Low risk
35184372101580|1635553525422|WIFI|false|1637426401939|Low risk
39582418612685|1639302668291|POS|false|1652292802310|Severe risk
52776558145998|1657906139964|QRCode|false|1666300190616|Low risk
39582418612687|1642550512412|QRCode|false|1652728915542|Significant risk
12752|1580162318062|RFID|false|1669722835204|High risk
48378511634897|1654140415363|ATM|false|1666024428554|Moderate risk
57174604657106|1664802750663|POS|false|1672156272421|Significant risk
48378511634899|1651371610094|QRCode|false|1667287463691|Extreme risk
48378511634900|1655058080716|NFC|false|1669228650416|Critical risk
17592186057173|1604007711441|RFID|false|1606758233540|Moderate risk
52776558146006|1661002474872|MAC|false|1661145884867|High risk
12759|1584326657550|ATM|false|1636367070859|Very high risk
17592186057176|1604248687463|POS|false|1607778172497|Severe risk
4398046523865|1588765608831|RFID|false|1591431971713|Extreme risk
57174604657114|1665332599102|QRCode|false|1672384552156|Low risk
30786325590491|1626871924306|NFC|false|1666257996840|Moderate risk
43980465123804|1647538337118|MAC|false|1654309335610|Significant risk
4398046523869|1590447004635|MAC|false|1660700209680|Critical risk
4398046523870|1585991293470|RFID|false|1596396090505|Moderate risk
57174604657119|1666862952654|POS|false|1667934952720|High risk
39582418612704|1643129130153|NFC|false|1662797318197|Very high risk
17592186057185|1605487336842|ATM|false|1616947893358|Significant risk
35184372101602|1630319640210|NFC|false|1633629524776|Severe risk
43980465123811|1646688843488|IPv6|false|1664773590219|High risk
57174604657124|1666256632208|IPv4|false|1666718581005|Critical risk
48378511634917|1651651360280|MAC|false|1651957816310|Minimal risk
35184372101606|1630507015764|MAC|false|1649935043597|Critical risk
30786325590503|1625192282452|ATM|false|1662587571802|Moderate risk
4398046523880|1589004872771|IPv4|true|1664070813790|Significant risk
4398046523881|1588313331682|WIFI|false|1590572694377|Critical risk
21990232568298|1616793355763|RFID|false|1649844992573|High risk
13194139546091|1603672559430|WIFI|false|1640986674906|Low risk
52776558146028|1659075752871|PHONE|false|1670940967706|Critical risk
61572651168237|1669445247893|WIFI|false|1671450980111|Significant risk
17592186057198|1606853769848|IPv4|false|1624284250861|Low risk
30786325590511|1625708228803|PHONE|false|1629530072741|High risk
61572651168240|1672460640984|NFC|false|1672474801476|High risk
61572651168241|1672301958225|ATM|false|1672398255259|Very high risk
39582418612722|1641805750833|IPv6|false|1648563419792|Severe risk
57174604657139|1663008258685|IPv4|false|1670078589538|Low risk
12788|1582085880788|IPv6|false|1649292485732|Severe risk
26388279079413|1621634987069|POS|false|1648061290896|Low risk
48378511634934|1654172438730|WIFI|false|1668458555703|Critical risk
57174604657143|1663309435621|PHONE|false|1669500597597|Moderate risk
4398046523896|1585143960310|IPv6|false|1662774591792|Minimal risk
26388279079417|1620438657298|RFID|false|1645336197062|Extreme risk
26388279079418|1619163719208|PHONE|false|1659578604304|Moderate risk
39582418612731|1641874033055|POS|false|1655126234904|Extreme risk
43980465123836|1646886801926|ATM|false|1650703083905|Low risk
21990232568317|1610779029923|MAC|false|1628529271403|Critical risk
39582418612734|1640635745870|PHONE|false|1651657535171|Severe risk
43980465123839|1644598661735|IPv4|false|1651184425116|Critical risk
52776558146048|1661984066470|IPv6|false|1666342379380|Minimal risk
26388279079425|1617212066840|QRCode|false|1628812359309|Low risk
26388279079426|1619113039297|RFID|false|1624137065836|Severe risk
17592186057219|1608734246632|POS|false|1650610968129|Very high risk
52776558146052|1658777297984|IPv6|false|1663424223262|Low risk
35184372101637|1632716262442|IPv6|false|1643006416293|Significant risk
17592186057222|1604166498154|ATM|false|1642493547036|Very high risk
8796093035015|1596738024425|PHONE|false|1603259977549|Very high risk
35184372101640|1635693539164|IPv4|false|1659186261429|Significant risk
12809|1580723279921|PHONE|false|1641733304886|Minimal risk
39582418612746|1639043434785|IPv4|false|1653361674360|Extreme risk
8796093035019|1591249025607|POS|false|1649459584513|Minimal risk
43980465123852|1646386802833|ATM|false|1663250712795|Low risk
48378511634957|1654868223553|ATM|false|1666108735721|Critical risk
30786325590542|1626682878600|POS|false|1631590407507|Minimal risk
48378511634959|1654624316975|IPv6|false|1664322633774|High risk
4398046523920|1590631766476|IPv6|false|1633420967040|Moderate risk
21990232568337|1611110587982|MAC|false|1634426245008|Extreme risk
21990232568338|1612068263031|PHONE|false|1669331328003|Moderate risk
26388279079443|1619758188238|NFC|false|1658569814783|Critical risk
48378511634964|1651015638362|ATM|false|1671366701865|High risk
48378511634965|1651060724065|QRCode|false|1665002307446|High risk
43980465123862|1643825072976|QRCode|false|1648293569026|Critical risk
8796093035031|1597416326253|IPv6|false|1654247644638|High risk
26388279079448|1623064519216|WIFI|false|1667755798179|Significant risk
61572651168281|1671414359179|IPv4|false|1671497825709|Severe risk
43980465123866|1646450684544|NFC|false|1658750752387|Very high risk
48378511634971|1652472314360|IPv6|false|1666938711928|Moderate risk
13194139546140|1597844523344|IPv4|false|1635052278542|Very high risk
39582418612765|1642061584736|RFID|false|1645628254260|Very high risk
26388279079454|1621096767064|IPv6|false|1643132106099|Severe risk
26388279079455|1623007628735|ATM|false|1667282101124|Extreme risk
52776558146080|1662636371333|IPv6|false|1665462483038|Critical risk
48378511634977|1650901199486|IPv4|false|1668230814099|Extreme risk
52776558146082|1660272226446|WIFI|false|1669842022801|Minimal risk
21990232568355|1615038045718|IPv6|false|1651670294927|Severe risk
30786325590564|1626681253531|MAC|false|1660198387034|High risk
30786325590565|1625315974947|NFC|false|1639240948053|Moderate risk
17592186057254|1604084572635|QRCode|false|1624118297953|Moderate risk
26388279079463|1622075166281|PHONE|true|1662018891955|Significant risk
17592186057256|1607824619614|NFC|false|1661376311581|Critical risk
52776558146089|1658818464086|IPv4|false|1658836359410|Critical risk
4398046523946|1587995668731|ATM|false|1640877619152|Very high risk
26388279079467|1621429525665|WIFI|false|1634755391258|Moderate risk
12844|1579086854332|WIFI|false|1652172853274|Minimal risk
4398046523949|1585117681790|QRCode|false|1591769562673|High risk
43980465123886|1647564111118|ATM|false|1660039121567|Severe risk
35184372101679|1634588328761|WIFI|false|1654119240350|Extreme risk
57174604657200|1667733838079|MAC|false|1672264725033|Minimal risk
52776558146097|1662668633547|ATM|false|1664504879475|High risk
48378511634994|1654748500621|ATM|false|1666496360847|Minimal risk
21990232568371|1614541870230|PHONE|false|1663402672100|High risk
12852|1582006710639|IPv4|false|1657552043926|Minimal risk
17592186057269|1608739364957|PHONE|true|1665124685839|Severe risk
48378511634998|1651975044785|QRCode|false|1660807934675|Very high risk
48378511634999|1650005590521|MAC|false|1659906519077|High risk
8796093035064|1595236564747|POS|false|1610947993326|Minimal risk
8796093035065|1597349046986|WIFI|false|1611506031647|High risk
61572651168314|1669660489236|MAC|false|1671903334048|Critical risk
12859|1582424184041|ATM|false|1657910404657|Severe risk
26388279079484|1619846571636|QRCode|false|1648975823273|Extreme risk
4398046523965|1589552139240|MAC|false|1658963950148|High risk
35184372101694|1632892956902|QRCode|false|1670876235010|Low risk
4398046523967|1587502670816|POS|false|1652343872342|Moderate risk
8796093035072|1591998389160|IPv4|false|1627279690971|Critical risk
12865|1580065698977|PHONE|false|1598211645503|Minimal risk
30786325590594|1627566455157|MAC|false|1654917907075|Severe risk
35184372101699|1635875199672|PHONE|false|1644273162561|Moderate risk
17592186057284|1608994116086|POS|false|1619845630133|Significant risk
35184372101701|1631643174587|RFID|false|1632293971932|High risk
43980465123910|1647077978435|IPv4|false|1654851083790|High risk
48378511635015|1653388839098|IPv4|false|1664492444559|Significant risk
30786325590600|1629157785600|MAC|false|1640417914166|Low risk
17592186057289|1605520195939|RFID|false|1607428265003|Critical risk
61572651168330|1670810922989|POS|false|1670993323455|Critical risk
35184372101707|1635575861687|POS|false|1643391718997|Low risk
26388279079500|1618572410526|MAC|false|1620150114539|Low risk
39582418612813|1642670374391|RFID|false|1670241727687|Low risk
57174604657230|1663992063475|NFC|false|1668110990770|Significant risk
8796093035087|1592042547282|ATM|false|1667043312421|Minimal risk
35184372101712|1632768552633|ATM|false|1648091305573|Low risk
35184372101713|1634652982250|WIFI|false|1648031978058|Critical risk
57174604657234|1664536194458|PHONE|false|1669118684832|Low risk
8796093035091|1595717150180|PHONE|false|1615430662914|Extreme risk
26388279079508|1620801925390|MAC|true|1652752836070|High risk
48378511635029|1655587710154|IPv6|false|1663259276323|Significant risk
13194139546198|1600656013080|IPv4|false|1614915298135|Very high risk
35184372101719|1631619014813|POS|false|1650218661126|Severe risk
13194139546200|1597787994745|WIFI|false|1632654204753|Very high risk
8796093035097|1593483504358|PHONE|false|1657627730039|Moderate risk
17592186057306|1609452902946|NFC|false|1640608620267|Low risk
48378511635035|1652700626259|IPv6|true|1669126151131|High risk
13194139546204|1598437429497|ATM|true|1629390862578|Critical risk
13194139546205|1602716224514|POS|false|1670105536206|Critical risk
57174604657246|1666696550400|ATM|false|1668686470509|Moderate risk
17592186057311|1604931322559|POS|false|1641371353950|Significant risk
57174604657248|1665011505991|IPv6|false|1667542468000|High risk
12897|1579816868963|NFC|false|1603014674241|Significant risk
12898|1583016980780|MAC|false|1671484174659|Critical risk
39582418612835|1642190028851|WIFI|false|1650294899637|Critical risk
30786325590628|1629392465324|MAC|false|1633763604578|Significant risk
52776558146149|1656669481492|QRCode|false|1661353109362|High risk
12902|1580302539030|NFC|false|1616589889970|Critical risk
52776558146151|1662271271686|RFID|false|1663653516709|Critical risk
48378511635048|1650861494947|WIFI|false|1669465508236|Minimal risk
48378511635049|1652316028965|POS|false|1662884250358|Severe risk
30786325590634|1628109705958|WIFI|false|1665849748258|Critical risk
12907|1582492991887|NFC|false|1637854126084|Very high risk
8796093035116|1592337679630|ATM|false|1663112113735|High risk
30786325590637|1624872496392|IPv6|false|1661657707654|Minimal risk
8796093035118|1595425455217|PHONE|false|1626384494767|Extreme risk
61572651168367|1672085152946|MAC|false|1672352000128|Extreme risk
30786325590640|1626888921491|RFID|false|1663177169993|Significant risk
39582418612849|1641750652574|POS|false|1659096203655|Very high risk
48378511635058|1653213571579|POS|false|1661081086461|Moderate risk
39582418612851|1639788018986|MAC|false|1652795055887|High risk
12916|1581148949261|IPv4|false|1588071115641|High risk
13194139546229|1601168496717|MAC|false|1642984327601|Low risk
12918|1580930405149|POS|false|1613420641806|Severe risk
39582418612855|1637285076213|WIFI|false|1645341038815|Significant risk
57174604657272|1665826564215|WIFI|false|1668366646143|Low risk
39582418612857|1637296148056|IPv4|true|1661735335630|Significant risk
26388279079546|1621139028482|PHONE|false|1657308542878|Critical risk
8796093035131|1594801367060|IPv4|false|1644182713672|Extreme risk
12924|1583005968924|RFID|false|1597269421906|High risk
48378511635069|1651044589548|PHONE|false|1652906410218|Critical risk
21990232568446|1612851991623|MAC|false|1618421041825|Significant risk
8796093035135|1596179809201|IPv6|false|1625502501709|Severe risk
39582418612864|1640844308054|POS|false|1656939698211|Minimal risk
43980465123969|1646458743790|IPv4|false|1655981931012|High risk
57174604657282|1664170045037|MAC|false|1670218195795|Minimal risk
48378511635075|1653405789382|WIFI|false|1664966597585|Significant risk
48378511635076|1650058804789|ATM|false|1670206330827|Low risk
43980465123973|1644985039494|IPv4|false|1668056184947|Low risk
13194139546246|1598835727652|IPv6|true|1606640229178|Severe risk
12935|1583959382958|POS|false|1612840182944|Moderate risk
17592186057352|1609552754716|WIFI|false|1656296665101|Very high risk
13194139546249|1602319333493|RFID|false|1658576920791|High risk
13194139546250|1597781160701|RFID|true|1647197465731|Minimal risk
39582418612875|1637872204327|RFID|false|1641726789819|Critical risk
39582418612876|1640282337845|RFID|false|1650413781990|Very high risk
26388279079565|1620579250300|PHONE|true|1647389647781|Severe risk
43980465123982|1644072902017|WIFI|false|1667685133706|Critical risk
8796093035151|1591480602512|ATM|true|1606346374508|Significant risk
35184372101776|1633475854659|POS|false|1654047551091|High risk
4398046524049|1589740784167|IPv4|false|1609342229628|Minimal risk
13194139546258|1601417931429|QRCode|false|1634894801812|High risk
4398046524051|1584926191674|POS|false|1611767495024|Extreme risk
21990232568468|1615394474781|RFID|false|1649075371516|Severe risk
52776558146197|1657269167605|IPv6|false|1672335758510|Moderate risk
61572651168406|1672100789393|MAC|false|1672237583033|Critical risk
61572651168407|1671162919536|MAC|false|1672096292816|High risk
21990232568472|1611886075197|WIFI|false|1631156156898|Significant risk
26388279079577|1617690600425|NFC|false|1657207773021|Severe risk
8796093035162|1597258280942|ATM|false|1610770336708|Extreme risk
8796093035163|1592242848279|MAC|false|1616749771769|Significant risk
39582418612892|1640027621376|RFID|false|1644796258882|Extreme risk
8796093035165|1597015991031|POS|false|1607132415691|Low risk
12958|1583651313574|POS|false|1617956054069|Very high risk
17592186057375|1605922611755|QRCode|false|1641592017698|Critical risk
39582418612896|1637874771727|IPv4|false|1656491507958|Critical risk
21990232568481|1614226054712|POS|false|1654038827951|Very high risk
21990232568482|1616265845362|QRCode|false|1656085680833|Critical risk
26388279079587|1619519052086|POS|false|1626583731536|Severe risk
43980465124004|1643904549079|ATM|false|1658602851596|Significant risk
35184372101797|1630700488372|NFC|false|1642269097731|Significant risk
48378511635110|1650600051494|IPv6|false|1663813709412|Significant risk
57174604657319|1664023545028|PHONE|false|1669453231985|Significant risk
17592186057384|1609010498547|POS|true|1642752458333|Minimal risk
4398046524073|1586807276383|MAC|false|1649046649858|Extreme risk
12970|1582049624512|WIFI|false|1598544825569|Moderate risk
8796093035179|1595158286764|IPv6|false|1654557217585|Moderate risk
48378511635116|1653665718044|WIFI|false|1667587256331|Significant risk
57174604657325|1668829636058|WIFI|false|1669800052390|High risk
35184372101806|1634713894327|PHONE|false|1662498528744|Minimal risk
35184372101807|1630454002852|POS|false|1649804694583|Significant risk
8796093035184|1594749135409|NFC|false|1669334168535|Severe risk
35184372101809|1630194197169|IPv4|false|1644874471643|High risk
26388279079602|1618161015385|ATM|false|1671544438724|Low risk
35184372101811|1635110280863|PHONE|false|1646109867872|Extreme risk
4398046524084|1588335979504|WIFI|false|1623530613344|Minimal risk
17592186057397|1605349452564|WIFI|false|1642808688679|Severe risk
8796093035190|1595206051236|IPv4|false|1635004848948|Moderate risk
12983|1578943134707|IPv4|false|1605335270993|Critical risk
43980465124024|1645601341591|ATM|false|1653322416676|Significant risk
12985|1582551262212|QRCode|false|1631553967630|Extreme risk
39582418612922|1640772968607|PHONE|false|1640826808013|Extreme risk
35184372101819|1635915000376|POS|false|1652270398501|Moderate risk
35184372101820|1635285756752|POS|false|1659213653351|Minimal risk
61572651168445|1671511158104|ATM|false|1672456310841|Critical risk
8796093035198|1596422307139|QRCode|true|1660225539597|Significant risk
26388279079615|1622573657893|PHONE|false|1631213816671|High risk
43980465124032|1646624431273|IPv6|false|1654768474956|Critical risk
57174604657345|1669167809141|NFC|false|1670936953815|Significant risk
12994|1579108313069|PHONE|false|1661075224022|Minimal risk
21990232568515|1610950864827|PHONE|false|1614337206602|Severe risk
8796093035204|1595772193036|IPv6|false|1626126347852|Very high risk
30786325590725|1626939336447|POS|false|1650834166609|Extreme risk
26388279079622|1622515219339|ATM|false|1660537714652|Low risk
13194139546311|1597702757949|RFID|false|1660985657655|Moderate risk
48378511635144|1652090568599|QRCode|false|1670654155172|Critical risk
21990232568521|1614405189796|MAC|false|1670168918888|Significant risk
13194139546314|1601075612804|WIFI|false|1612126319024|Severe risk
17592186057419|1605811909540|ATM|false|1616571778473|High risk
4398046524108|1589984171988|IPv4|false|1608578368935|Moderate risk
35184372101837|1630583613156|POS|false|1651106818518|Minimal risk
17592186057422|1609220570733|IPv4|false|1666095701949|Very high risk
52776558146255|1659576690717|IPv4|false|1669845675586|Low risk
43980465124048|1646746393839|WIFI|false|1656222141467|Significant risk
8796093035217|1597208173056|RFID|false|1634032518713|Low risk
48378511635154|1650549987916|RFID|false|1664714893093|Significant risk
52776558146259|1662216970566|POS|false|1670810222552|Moderate risk
21990232568532|1611079916536|PHONE|false|1625049989612|Critical risk
13194139546325|1597467335258|IPv4|false|1625183909299|High risk
26388279079638|1621218370810|ATM|false|1626934078967|Significant risk
57174604657367|1666782938728|PHONE|true|1668750695475|Minimal risk
8796093035224|1596640771272|IPv6|false|1604231372101|Critical risk
35184372101849|1631194891385|PHONE|false|1650377965994|High risk
21990232568538|1614992460088|POS|false|1640926186162|Moderate risk
52776558146267|1660666824098|WIFI|true|1671798231155|Severe risk
17592186057436|1607933058496|QRCode|false|1649484505576|Low risk
43980465124061|1647178777216|ATM|true|1671418526253|Significant risk
52776558146270|1659067903093|IPv6|false|1666634247304|Low risk
21990232568543|1611299882127|MAC|false|1643858559325|Critical risk
35184372101856|1634532555395|QRCode|false|1654739856649|Critical risk
48378511635169|1655677257563|RFID|false|1657224992114|Extreme risk
57174604657378|1666581289045|POS|false|1669022666716|High risk
48378511635171|1653293940608|WIFI|false|1661008558375|Very high risk
26388279079652|1622005486935|NFC|false|1653618613345|High risk
35184372101861|1633698342003|ATM|false|1648009850626|Significant risk
43980465124070|1645018320826|QRCode|true|1659588456774|Moderate risk
4398046524135|1586801437500|POS|false|1667415945233|Extreme risk
4398046524136|1585703079493|POS|false|1622834851179|Significant risk
26388279079657|1617416550183|RFID|false|1643228027274|Severe risk
4398046524138|1586147196309|IPv6|false|1666645160423|Minimal risk
26388279079659|1617523994723|NFC|false|1656673789812|Minimal risk
26388279079660|1622133254080|PHONE|false|1671063811103|High risk
48378511635181|1652299284251|RFID|false|1661615986665|Very high risk
8796093035246|1592503491673|ATM|false|1639363831706|Moderate risk
21990232568559|1610741395921|IPv4|false|1665029291080|High risk
26388279079664|1620420479371|IPv4|false|1622919061127|Minimal risk
17592186057457|1604147634425|IPv6|false|1617655008643|Moderate risk
8796093035250|1595959605403|IPv6|false|1632184699804|Critical risk
57174604657395|1668118594595|MAC|false|1671234474895|High risk
48378511635188|1651629478616|IPv6|false|1669784178489|Severe risk
48378511635189|1655157037682|PHONE|true|1670601508460|High risk
17592186057462|1609025789699|IPv4|false|1672187290185|Severe risk
39582418612983|1639415731197|IPv6|false|1658511753996|Extreme risk
13048|1581728535853|IPv6|false|1655940608326|Extreme risk
39582418612985|1641106975244|POS|false|1658501992060|Moderate risk
57174604657402|1664114968746|QRCode|false|1665329904438|Severe risk
21990232568571|1610871159790|IPv6|false|1665538038981|Critical risk
13194139546364|1600060097638|NFC|true|1670418110269|Critical risk
43980465124093|1645279861811|PHONE|false|1656794293304|Critical risk
8796093035262|1595195938930|IPv4|false|1630377936853|Moderate risk
57174604657407|1665402808922|POS|false|1667308258338|Significant risk
13056|1579709519916|MAC|false|1619719839219|Extreme risk
39582418612993|1637722684783|PHONE|false|1651430337099|Low risk
57174604657410|1664532691338|IPv4|false|1665945957473|Severe risk
4398046524163|1585733426266|IPv6|false|1655443678247|High risk
39582418612996|1640221212026|WIFI|false|1650894719019|Very high risk
61572651168517|1669381480943|MAC|false|1670400231784|High risk
52776558146310|1662702400427|RFID|false|1668022289358|Very high risk
26388279079687|1621066175107|POS|false|1636909084096|Minimal risk
39582418613000|1637629800951|IPv6|false|1657714886644|Severe risk
21990232568585|1616520950573|WIFI|false|1632196161810|High risk
13066|1580628168748|IPv4|false|1602932041889|Significant risk
8796093035275|1593658894061|WIFI|false|1614533526009|High risk
43980465124108|1648382696987|QRCode|false|1648594633165|Moderate risk
21990232568589|1611545265026|MAC|false|1665469296268|Extreme risk
57174604657422|1666214217728|NFC|true|1669140331033|Low risk
8796093035279|1593033430276|WIFI|false|1651486998544|Significant risk
17592186057488|1608048843478|PHONE|true|1652364181265|Critical risk
26388279079697|1622421512434|POS|false|1648145303126|Moderate risk
30786325590802|1627266798008|MAC|false|1666581155995|Low risk
17592186057491|1607593505430|PHONE|false|1633531482877|Minimal risk
39582418613012|1642617979479|RFID|false|1654772084502|Low risk
57174604657429|1665452588001|WIFI|false|1668649970582|Severe risk
13078|1582198794963|IPv4|false|1582469975581|Very high risk
43980465124119|1645211088259|QRCode|true|1669789020125|Low risk
48378511635224|1653701943625|PHONE|false|1661761159357|Very high risk
4398046524185|1586518105709|PHONE|false|1590266014489|Critical risk
26388279079706|1621110112078|RFID|true|1642990269360|Significant risk
30786325590811|1624357461298|NFC|true|1664560730996|Very high risk
17592186057500|1604631902954|WIFI|false|1646246298189|Moderate risk
39582418613021|1640484120960|NFC|false|1657158135064|Very high risk
48378511635230|1650477737337|ATM|false|1666912816312|Minimal risk
21990232568607|1613207327702|ATM|false|1617328342464|Significant risk
26388279079712|1623058187856|POS|false|1662638735047|Very high risk
35184372101921|1631502163432|IPv4|false|1650135824168|Very high risk
17592186057506|1604581901431|IPv6|false|1634409795188|Low risk
17592186057507|1606002077166|MAC|false|1640196995527|Very high risk
35184372101924|1630920957839|MAC|true|1644735360376|Significant risk
35184372101925|1636618724682|MAC|false|1662698903474|High risk
8796093035302|1596795033186|POS|false|1669684246637|Critical risk
35184372101927|1635485720693|WIFI|false|1641216618176|Severe risk
48378511635240|1651293530918|WIFI|false|1652959719401|Moderate risk
30786325590825|1625062476039|QRCode|false|1648112896520|Minimal risk
4398046524202|1585802224733|POS|false|1603460297367|High risk
52776558146347|1661676763054|POS|false|1671712255915|Moderate risk
13100|1583580176336|IPv4|false|1599404529105|Low risk
30786325590829|1627925058649|MAC|false|1664726321111|Low risk
8796093035310|1592649485452|RFID|false|1654093172064|Minimal risk
48378511635247|1653497852891|WIFI|false|1671403117805|Significant risk
17592186057520|1606372500194|IPv6|false|1671605689906|Moderate risk
48378511635249|1652099124471|PHONE|false|1668460516971|Minimal risk
8796093035314|1594814839195|ATM|false|1668074743947|Significant risk
21990232568627|1613687657551|PHONE|false|1657788955144|Minimal risk
21990232568628|1612715825691|ATM|false|1636457284160|Moderate risk
4398046524213|1589973794382|IPv6|false|1671249254857|Low risk
57174604657462|1666569695065|RFID|false|1669007088113|Very high risk
39582418613047|1640409130123|NFC|false|1655787755545|Severe risk
57174604657464|1663631225551|IPv6|false|1670627997526|Critical risk
8796093035321|1596570759193|POS|false|1668774413492|Moderate risk
61572651168570|1670302308135|PHONE|false|1672530949242|Low risk
61572651168571|1671851781505|IPv6|false|1672000563322|Extreme risk
35184372101948|1631792548415|NFC|false|1644569615638|Low risk
48378511635261|1652200749505|WIFI|false|1672013172183|Extreme risk
17592186057534|1607569887844|NFC|false|1658579032231|Significant risk
8796093035327|1595568065380|WIFI|false|1636099060894|Significant risk
13120|1581208081406|IPv4|false|1601309996095|Moderate risk
43980465124161|1645855145927|NFC|false|1665763759276|Significant risk
17592186057538|1604045529707|IPv4|false|1658985017331|Severe risk
17592186057539|1607981836480|NFC|false|1651723564080|Minimal risk
39582418613060|1638693289965|ATM|false|1640482530572|Low risk
4398046524229|1590536019799|WIFI|false|1597648692693|Low risk
30786325590854|1626004895169|IPv4|false|1654067890558|Severe risk
8796093035335|1596570156008|PHONE|false|1610613574676|High risk
61572651168584|1669922670435|PHONE|false|1671132622006|High risk
61572651168585|1671706080926|RFID|false|1672115909394|Minimal risk
26388279079754|1619779538015|POS|false|1650453220820|Moderate risk
26388279079755|1622368735389|QRCode|false|1629275467892|Moderate risk
13132|1579334296928|PHONE|false|1610839724455|Moderate risk
48378511635277|1650731037624|WIFI|false|1669589236039|Moderate risk
13194139546446|1598661772267|ATM|false|1652674598162|Moderate risk
52776558146383|1656274651351|RFID|false|1658263851659|Critical risk
52776558146384|1656880620831|POS|false|1665184115148|High risk
35184372101969|1632116950762|IPv4|false|1665066399233|Extreme risk
4398046524242|1588383919842|RFID|false|1596266233249|Low risk
13139|1583888974200|WIFI|false|1658178989509|Minimal risk
48378511635284|1652322291661|WIFI|false|1660746129301|Critical risk
13194139546453|1602991430466|PHONE|false|1671122609978|Low risk
13142|1578013582019|WIFI|false|1639383294940|Low risk
30786325590871|1629278094554|WIFI|false|1630841592063|Significant risk
26388279079768|1620084896208|NFC|false|1661763982144|Extreme risk
52776558146393|1658382061312|IPv6|false|1671917601299|High risk
21990232568666|1613211731376|QRCode|false|1662073664509|Extreme risk
13194139546459|1598867930004|MAC|false|1604677890654|Critical risk
17592186057564|1609454512767|RFID|false|1635622976944|Very high risk
13149|1580805187522|WIFI|false|1656667330342|Low risk
30786325590878|1629208810481|PHONE|false|1633337029658|Very high risk
30786325590879|1625410959242|RFID|false|1636723030864|Minimal risk
26388279079776|1619455954250|IPv4|false|1649342110145|Minimal risk
48378511635297|1651653238430|IPv6|false|1670176406934|Minimal risk
35184372101986|1634842398206|PHONE|false|1650451838054|Minimal risk
4398046524259|1584617403528|WIFI|false|1659353977857|Critical risk
17592186057572|1607700735123|RFID|false|1651023661641|Severe risk
48378511635301|1651921253931|PHONE|false|1666060145372|Significant risk
39582418613094|1638792345552|IPv6|false|1648004845451|Minimal risk
21990232568679|1612303671121|PHONE|false|1644018103637|Critical risk
13194139546472|1597445398877|WIFI|false|1662694410347|Very high risk
52776558146409|1657378765023|MAC|false|1665694284612|Significant risk
21990232568682|1610688133041|PHONE|false|1629630008456|Severe risk
26388279079787|1619098500538|ATM|false|1620446280569|Severe risk
17592186057580|1605010363783|IPv4|false|1661436541094|Moderate risk
39582418613101|1638438413306|QRCode|false|1655993910967|High risk
57174604657518|1668133085694|WIFI|false|1669170200857|Moderate risk
52776558146415|1658879511949|PHONE|false|1668386041515|Moderate risk
35184372102000|1630991090962|PHONE|false|1668998991478|Critical risk
52776558146417|1658242205696|IPv4|false|1658541006296|Minimal risk
61572651168626|1670585733983|QRCode|false|1672203285357|Moderate risk
39582418613107|1642224930006|IPv4|false|1646408794715|Very high risk
26388279079796|1618847697832|ATM|false|1663993999072|Very high risk
4398046524277|1590305198621|MAC|false|1649439589054|High risk
43980465124214|1649013320718|IPv6|true|1656253267593|Extreme risk
43980465124215|1643862313556|PHONE|false|1655338194624|Critical risk
13194139546488|1598596743311|NFC|true|1660719108197|High risk
30786325590905|1627863373100|IPv6|false|1651968818623|Extreme risk
13178|1578484894272|POS|false|1601186917150|High risk
57174604657531|1664744264990|IPv4|false|1664847798481|Significant risk
8796093035388|1591644867680|PHONE|false|1668217225943|High risk
35184372102013|1635705911168|PHONE|false|1653111210361|Severe risk
17592186057598|1609868538131|MAC|false|1651094376238|Severe risk
43980465124223|1644420438651|POS|false|1649710507754|Minimal risk
26388279079808|1622658371293|ATM|false|1659481141227|Extreme risk
61572651168641|1669558959645|POS|false|1671282087789|Moderate risk
13194139546498|1600155306789|PHONE|false|1630233303062|High risk
13187|1581031419408|NFC|false|1651466779345|Critical risk
26388279079812|1619617951053|ATM|false|1646587906774|Minimal risk
52776558146437|1659980640367|RFID|false|1665311849564|Very high risk
52776558146438|1656257596366|PHONE|false|1662563053410|Severe risk
8796093035399|1592298934226|NFC|true|1665230696949|Very high risk
39582418613128|1640612649536|NFC|false|1643832512465|Low risk
21990232568713|1614661941615|PHONE|false|1641100176139|Significant risk
13194139546506|1597622058266|IPv4|false|1615138166650|Moderate risk
13194139546507|1599690273248|IPv4|true|1670067641835|Significant risk
26388279079820|1620566157764|RFID|false|1631984054762|Significant risk
57174604657549|1667178407174|RFID|false|1671862387260|Very high risk
21990232568718|1615677528952|WIFI|false|1658168501687|Critical risk
43980465124239|1649297395930|MAC|false|1669206835189|Very high risk
17592186057616|1607071095968|MAC|false|1614479923487|High risk
52776558146449|1656543620780|RFID|false|1659061432518|Minimal risk
35184372102034|1633931638112|WIFI|false|1666842290476|High risk
13203|1583395318449|PHONE|false|1664379472713|High risk
26388279079828|1623224380750|ATM|false|1666167502572|Very high risk
26388279079829|1618739310475|MAC|false|1658933103438|Low risk
17592186057622|1606232517439|QRCode|false|1629163709322|Minimal risk
48378511635351|1652709393222|IPv6|false|1658810581189|Severe risk
13208|1580111987950|ATM|true|1624244240555|Moderate risk
39582418613145|1642991057840|IPv4|false|1653417633078|Critical risk
26388279079834|1619166029264|IPv6|false|1639084958839|Very high risk
4398046524315|1590243657281|NFC|true|1622291092844|Significant risk
21990232568732|1611747445092|WIFI|false|1670601250313|Severe risk
48378511635357|1650751987208|POS|false|1671335068518|Low risk
8796093035422|1592730489363|ATM|false|1629559860717|Moderate risk
13194139546527|1603400192994|IPv4|false|1626957848496|Extreme risk
35184372102048|1631436281694|RFID|false|1659785547818|Significant risk
8796093035425|1597374939483|RFID|false|1657882106331|Critical risk
30786325590946|1624155216599|ATM|false|1655130364139|Very high risk
61572651168675|1671313230400|IPv4|false|1671773639730|Severe risk
4398046524324|1587077099596|WIFI|true|1648473374534|Extreme risk
17592186057637|1606323884649|NFC|false|1667374672168|Low risk
21990232568742|1615841689644|MAC|false|1662558865658|Significant risk
8796093035431|1594485875902|PHONE|false|1601442548538|Moderate risk
39582418613160|1638461877095|ATM|false|1670680648344|High risk
21990232568745|1612079817183|IPv6|false|1649564847581|High risk
61572651168682|1671179966877|NFC|false|1671393971616|Moderate risk
48378511635371|1654239976085|QRCode|false|1662113237518|Critical risk
13228|1583672503101|QRCode|false|1602100084233|Minimal risk
4398046524333|1589413035162|QRCode|false|1634847663673|Significant risk
52776558146478|1657489479607|NFC|false|1664663713833|Very high risk
4398046524335|1590832917485|RFID|true|1657455594688|Critical risk
17592186057648|1608270494245|QRCode|false|1614762859912|Low risk
43980465124273|1648702208203|RFID|false|1650087298067|High risk
35184372102066|1633824036214|RFID|false|1647983285840|High risk
57174604657587|1666300232371|MAC|false|1671538561682|Significant risk
8796093035444|1593147271961|POS|false|1657719516087|Moderate risk
61572651168693|1671756462163|NFC|false|1672217249862|Extreme risk
43980465124278|1644427691530|RFID|false|1660840385371|Severe risk
4398046524343|1587965375597|QRCode|false|1626458710626|Extreme risk
8796093035448|1597190270586|PHONE|false|1624619018929|Minimal risk
21990232568761|1613806862342|QRCode|false|1664033233672|Severe risk
26388279079866|1617725254142|QRCode|false|1659005931132|Significant risk
26388279079867|1617409470209|NFC|false|1661544304543|Severe risk
48378511635388|1654113014777|NFC|false|1657037571903|Severe risk
48378511635389|1654341468801|POS|false|1662586716646|Minimal risk
39582418613182|1642160441611|MAC|false|1651106009985|Extreme risk
52776558146495|1661001954093|RFID|false|1667034493344|Critical risk
39582418613184|1639192395063|WIFI|false|1660640350167|Low risk
30786325590977|1629233074321|WIFI|false|1640712441399|Severe risk
17592186057666|1607843821173|IPv4|false|1644425192977|Critical risk
13251|1580203665835|IPv6|false|1588473499990|Moderate risk
35184372102084|1633647622934|QRCode|false|1639432212366|Significant risk
26388279079877|1619150964227|IPv6|false|1665279023307|Moderate risk
48378511635398|1652173072110|NFC|false|1652770690908|Low risk
30786325590983|1627307655380|POS|false|1651205893543|Low risk
43980465124296|1646481649437|POS|false|1665455332058|Extreme risk
4398046524361|1587366967221|MAC|false|1610935937099|Severe risk
48378511635402|1653594086577|PHONE|false|1655021876099|Critical risk
26388279079883|1619044806803|IPv6|false|1622348636138|Moderate risk
61572651168716|1669896256418|IPv6|false|1672267678204|Extreme risk
57174604657613|1663227476815|IPv6|false|1670603893992|Significant risk
4398046524366|1585449360109|POS|false|1655227025211|Low risk
4398046524367|1585328715051|IPv6|false|1610617037917|Significant risk
43980465124304|1648111986526|NFC|false|1665897549252|Critical risk
52776558146513|1662218045908|NFC|false|1669608217760|High risk
21990232568786|1614194155296|POS|true|1653093612361|Severe risk
35184372102099|1632048037787|PHONE|false|1670630629807|Minimal risk
26388279079892|1617543268787|POS|false|1651002169230|Low risk
13194139546581|1598134207095|PHONE|false|1654141172589|Significant risk
35184372102102|1630146061550|QRCode|false|1648523854878|Very high risk
4398046524375|1585532329107|NFC|false|1655183703404|Moderate risk
26388279079896|1619799020460|WIFI|false|1643247216286|Severe risk
4398046524377|1588341485885|POS|false|1604395026401|Low risk
8796093035482|1593537949060|QRCode|false|1610637368168|Low risk
17592186057691|1604512732823|RFID|false|1657187608769|High risk
43980465124316|1649343056624|MAC|false|1664606022999|Moderate risk
21990232568797|1610953757783|MAC|false|1621268711154|Significant risk
43980465124318|1645164710356|WIFI|true|1666764694454|Low risk
43980465124319|1648572662029|QRCode|false|1661292695224|Moderate risk
13194139546592|1602190953790|PHONE|false|1644623772130|Low risk
52776558146529|1656818910855|RFID|false|1657994369515|Moderate risk
52776558146530|1660819317897|PHONE|false|1666814861427|Critical risk
48378511635427|1654175019132|WIFI|false|1659923853355|Significant risk
43980465124324|1645240023014|IPv4|true|1659461179296|Moderate risk
8796093035493|1592334902817|IPv6|false|1640661327512|Significant risk
43980465124326|1644032570206|QRCode|true|1654716368375|Minimal risk
57174604657639|1664979037045|RFID|false|1667393456631|Extreme risk
13194139546600|1597505807364|RFID|false|1606677139945|High risk
13289|1583187113819|IPv4|true|1584001323070|Significant risk
48378511635434|1654782398195|POS|false|1667104392224|Critical risk
48378511635435|1651150418773|IPv4|false|1651381752872|Significant risk
57174604657644|1664307269316|RFID|false|1666353489201|Significant risk
8796093035501|1595491253267|POS|false|1668680052125|High risk
61572651168750|1669402221382|POS|false|1672317557357|Extreme risk
4398046524399|1586585428606|WIFI|false|1607576000490|Minimal risk
17592186057712|1610366101082|PHONE|false|1662646225930|Very high risk
57174604657649|1664290644680|NFC|false|1669272869212|Minimal risk
17592186057714|1609063011375|WIFI|false|1670233033090|Minimal risk
39582418613235|1639524946641|PHONE|false|1663855199984|Very high risk
48378511635444|1651853419571|POS|false|1664423087474|Critical risk
48378511635445|1652481333326|MAC|false|1670446516778|Critical risk
48378511635446|1654818506377|WIFI|false|1670372587575|Low risk
4398046524407|1586038716778|NFC|false|1596037025570|Minimal risk
48378511635448|1654169235236|QRCode|false|1661257487008|Low risk
57174604657657|1668739757974|PHONE|false|1669946779154|Critical risk
48378511635450|1655260138144|QRCode|false|1655902550069|Severe risk
52776558146555|1659783316246|RFID|false|1669092776125|Severe risk
4398046524412|1587941540322|IPv4|false|1601314864813|Minimal risk
52776558146557|1659827582819|IPv6|false|1663072037564|Moderate risk
17592186057726|1609991923013|ATM|false|1654762136115|Significant risk
13194139546623|1600313646853|POS|false|1635937785703|Very high risk
52776558146560|1662699905716|WIFI|false|1663682080463|Low risk
39582418613249|1641213621818|ATM|false|1663278691829|Critical risk
17592186057730|1609771793941|POS|false|1615668552055|Significant risk
13315|1583519017913|QRCode|false|1603282226965|Very high risk
13194139546628|1602738428627|PHONE|false|1660355942413|Low risk
8796093035525|1595733347941|ATM|false|1596003196040|Minimal risk
39582418613254|1637241564072|QRCode|false|1664200899948|Moderate risk
8796093035527|1591723972937|IPv4|false|1621112411978|Very high risk
43980465124360|1649142040172|NFC|false|1654019367298|Low risk
30786325591049|1627747890893|ATM|false|1650064106955|Critical risk
17592186057738|1610436007587|NFC|false|1622908216955|Very high risk
8796093035531|1595544497526|POS|false|1635433874608|Low risk
17592186057740|1607786173879|WIFI|false|1657696054219|Low risk
8796093035533|1597275394284|NFC|false|1603947985250|Extreme risk
8796093035534|1594527509834|POS|false|1659517262285|Minimal risk
21990232568847|1610927271669|WIFI|false|1664951195579|Minimal risk
30786325591056|1626071756693|RFID|false|1656408075348|Moderate risk
21990232568849|1614067331109|MAC|false|1628060497523|Extreme risk
8796093035538|1594303999816|MAC|false|1629701550243|Minimal risk
21990232568851|1614833394139|IPv6|false|1646736101828|Critical risk
30786325591060|1625766281050|IPv4|false|1653985234883|Significant risk
39582418613269|1639011838438|POS|false|1650958776079|High risk
57174604657686|1664582149232|ATM|false|1670184245364|High risk
26388279079959|1622344163381|ATM|true|1661836132535|Critical risk
13336|1581241649709|ATM|false|1605095430278|Severe risk
57174604657689|1666976215036|WIFI|false|1669156963784|Critical risk
13194139546650|1598099854514|IPv4|false|1621639943517|Extreme risk
52776558146587|1662481908997|IPv6|false|1664371041009|Minimal risk
52776558146588|1657640298347|MAC|false|1661249245550|High risk
26388279079965|1619757377913|NFC|false|1628631681719|Low risk
17592186057758|1609630788936|ATM|false|1642730589016|Severe risk
43980465124383|1644252603582|POS|false|1658059419545|Extreme risk
39582418613280|1638251491270|PHONE|false|1644644554605|Critical risk
30786325591073|1629631979251|NFC|false|1637037103530|Very high risk
57174604657698|1666984987133|IPv4|false|1672087339060|Critical risk
17592186057763|1610162798688|PHONE|false|1658451411912|Significant risk
48378511635492|1654223579761|MAC|false|1672077067900|Moderate risk
43980465124389|1646312936117|IPv6|false|1660622802367|Very high risk
30786325591078|1628362967517|PHONE|false|1649911051463|Minimal risk
39582418613287|1643158765843|QRCode|false|1666538941108|Moderate risk
17592186057768|1607930074298|MAC|false|1658702643125|Critical risk
39582418613289|1639089228118|IPv6|false|1656787877525|Low risk
13194139546666|1601335320718|RFID|false|1620590092384|Severe risk
17592186057771|1607051123541|NFC|false|1655974887224|Minimal risk
21990232568876|1614756144544|QRCode|false|1644495695777|High risk
57174604657709|1663749624002|POS|false|1671870175721|Significant risk
13194139546670|1600353643181|IPv4|false|1628721200726|Moderate risk
8796093035567|1592663612124|NFC|false|1661449022844|Low risk
26388279079984|1621980849968|PHONE|false|1640606444534|Critical risk
35184372102193|1633259613969|IPv4|false|1633289635508|High risk
43980465124402|1647162253564|WIFI|false|1663434549348|Very high risk
57174604657715|1666042415033|PHONE|false|1667822613795|High risk
61572651168820|1669319312768|NFC|false|1669657274309|Moderate risk
8796093035573|1594102899145|MAC|false|1660529973529|Critical risk
4398046524470|1587248535010|NFC|false|1671304536455|Low risk
52776558146615|1657245848340|PHONE|false|1670515582954|Critical risk
4398046524472|1586952913330|QRCode|false|1628427726510|High risk
35184372102201|1636493876065|RFID|false|1650640562420|Critical risk
52776558146618|1661094922598|ATM|false|1668173001715|Low risk
52776558146619|1659895186998|WIFI|false|1662744017789|Minimal risk
43980465124412|1646842799296|RFID|false|1671971135326|Moderate risk
48378511635517|1653896048565|MAC|false|1657188866425|Extreme risk
48378511635518|1654287082484|MAC|false|1656986956517|Critical risk
35184372102207|1632805961910|PHONE|true|1648948049293|Moderate risk
61572651168832|1670909205569|POS|false|1672022248832|Significant risk
17592186057793|1606445126693|MAC|false|1638659442872|Critical risk
17592186057794|1607401272591|MAC|false|1642728558109|Moderate risk
13379|1581187283318|QRCode|false|1671019657077|Significant risk
39582418613316|1642702989747|MAC|false|1663860564625|Low risk
13194139546693|1597641685210|POS|false|1647810920848|Critical risk
48378511635526|1656158990005|POS|false|1661602904339|Extreme risk
39582418613319|1640321652500|PHONE|false|1661700578080|High risk
17592186057800|1608200634086|QRCode|false|1668043640020|Severe risk
39582418613321|1637128522512|POS|false|1645815709936|Significant risk
30786325591114|1628173424731|POS|false|1642820556446|Severe risk
52776558146635|1659565965015|RFID|false|1670809911206|Very high risk
26388279080012|1619893885726|QRCode|false|1634444761208|Low risk
35184372102221|1635308334320|IPv4|false|1671809698231|Moderate risk
48378511635534|1654863793688|WIFI|false|1669707414876|High risk
39582418613327|1642001739285|PHONE|false|1667454588332|Extreme risk
48378511635536|1650231620430|MAC|false|1651433962089|High risk
35184372102225|1632266767882|RFID|false|1640277536120|Minimal risk
48378511635538|1655975625723|ATM|false|1671323254910|Minimal risk
61572651168851|1669362011788|NFC|false|1669947736252|High risk
17592186057812|1605118639392|IPv4|true|1663772704061|Low risk
39582418613333|1640276853945|RFID|false|1654316860224|Critical risk
61572651168854|1672334192436|RFID|false|1672493650292|Low risk
35184372102231|1634247263712|PHONE|false|1648857478297|Significant risk
57174604657752|1669251372317|NFC|false|1672517497341|Very high risk
61572651168857|1669961408736|MAC|false|1669967400540|Low risk
13194139546714|1603565129502|QRCode|true|1663044923849|High risk
30786325591131|1625143795244|IPv4|false|1633992731092|Moderate risk
13194139546716|1602768725811|IPv4|false|1655568687291|Low risk
35184372102237|1632509760865|WIFI|false|1638823122997|Critical risk
4398046524510|1587534210905|IPv4|false|1589954215220|Significant risk
43980465124447|1649264470385|IPv4|false|1650778796642|Critical risk
57174604657760|1669181176375|IPv4|false|1671490354858|Low risk
48378511635553|1651960158799|RFID|false|1658957773342|High risk
13410|1579165032778|RFID|true|1640604292516|High risk
35184372102243|1635823957230|RFID|false|1651946798768|Minimal risk
17592186057828|1604458737371|RFID|false|1655293788713|Minimal risk
26388279080037|1621221349040|QRCode|false|1640538319253|Extreme risk
35184372102246|1632639328617|QRCode|false|1669926944322|Severe risk
57174604657767|1667791981508|PHONE|false|1671831634988|Significant risk
13416|1583580821252|IPv6|false|1655082240214|Moderate risk
13194139546729|1600601813196|NFC|false|1647628083260|Low risk
13194139546730|1599441851040|IPv6|false|1604702773430|Moderate risk
43980465124459|1647131438533|PHONE|false|1656952337761|Critical risk
26388279080044|1621986204274|ATM|false|1625278562558|Minimal risk
52776558146669|1661147748765|ATM|false|1672490237184|Very high risk
13194139546734|1599219253410|IPv4|false|1629559792352|Low risk
57174604657775|1663772448242|QRCode|false|1664944367885|Minimal risk
13424|1578834830075|NFC|false|1650056389479|Low risk
26388279080049|1622833803230|ATM|false|1642293668795|High risk
26388279080050|1621735672478|POS|false|1643016137907|Low risk
35184372102259|1636546340030|NFC|false|1640962546158|Critical risk
13194139546740|1600565224665|QRCode|false|1649484633999|Critical risk
13429|1579773577656|PHONE|false|1650935173027|Very high risk
30786325591158|1623737623388|IPv4|false|1636556328344|Minimal risk
43980465124471|1646694996509|IPv4|false|1669175798344|Very high risk
39582418613368|1642258430956|IPv6|false|1663290861762|Critical risk
30786325591161|1626009517039|QRCode|false|1660465291097|Low risk
17592186057850|1604431602387|PHONE|false|1635345090590|Significant risk
26388279080059|1617441521341|POS|false|1652702575412|Very high risk
52776558146684|1661022544387|NFC|false|1665446957789|Low risk
48378511635581|1655739098475|QRCode|false|1666317982944|Minimal risk
57174604657790|1668998192463|WIFI|false|1670512498534|Very high risk
8796093035647|1591008358352|QRCode|false|1637733189283|Extreme risk
30786325591168|1625856743834|IPv6|false|1639863674749|Extreme risk
48378511635585|1651401294243|RFID|false|1652390384965|Severe risk
21990232568962|1612118027904|WIFI|false|1645836757232|Moderate risk
4398046524547|1590403635294|ATM|false|1596780621516|Severe risk
30786325591172|1628208024078|QRCode|false|1636600492268|Critical risk
61572651168901|1669855006211|RFID|false|1670055522852|Moderate risk
61572651168902|1671254934978|IPv4|false|1671751069002|Extreme risk
39582418613383|1639150173252|IPv4|false|1647910105026|Significant risk
21990232568968|1614422691883|WIFI|false|1655988458752|Very high risk
35184372102281|1631761760736|ATM|false|1647248511647|Low risk
30786325591178|1627073165570|MAC|false|1636846144753|Critical risk
13194139546763|1603379892671|PHONE|false|1654247256337|Moderate risk
57174604657804|1667376973810|PHONE|false|1671598726694|Very high risk
43980465124493|1644878313527|IPv6|false|1661218880557|Low risk
13194139546766|1600239608261|PHONE|false|1620674914817|Minimal risk
52776558146703|1662690004815|POS|false|1670494036113|High risk
52776558146704|1658083139043|QRCode|false|1671003820376|Very high risk
13457|1580911036414|IPv4|false|1668058782818|Extreme risk
17592186057874|1604544609571|IPv4|false|1605571782142|Critical risk
35184372102291|1632498473188|ATM|false|1667605060064|High risk
21990232568980|1612727458411|NFC|false|1634815516899|High risk
43980465124501|1648129247840|NFC|false|1661314406710|Moderate risk
48378511635606|1649977869993|QRCode|false|1664898222066|High risk
52776558146711|1657117108546|WIFI|false|1660178014649|Severe risk
39582418613400|1637575538649|ATM|false|1641984351117|Critical risk
39582418613401|1637196109513|IPv4|false|1649238500614|Moderate risk
61572651168922|1670099383364|NFC|false|1671747993341|Low risk
4398046524571|1587250466587|MAC|false|1637212584416|Moderate risk
21990232568988|1614752488236|WIFI|false|1639179949364|Low risk
48378511635613|1653089853843|NFC|true|1653871371241|Low risk
57174604657822|1665605834907|POS|false|1672302098937|Minimal risk
30786325591199|1628645725069|WIFI|false|1670102747072|High risk
13472|1580739030678|QRCode|false|1638948845673|Very high risk
8796093035681|1595731050390|RFID|false|1652626532105|Minimal risk
26388279080098|1623440385026|RFID|false|1664119004316|Low risk
13475|1578006043568|POS|false|1597078965504|Severe risk
43980465124516|1643242966798|QRCode|false|1648368211414|Minimal risk
30786325591205|1627549033760|MAC|false|1658232289754|Extreme risk
4398046524582|1586515783934|NFC|false|1595348621027|Extreme risk
43980465124519|1643666516860|PHONE|true|1650483574310|Very high risk
35184372102312|1636044632372|POS|false|1651698835136|Minimal risk
61572651168937|1671277212732|QRCode|false|1672120290834|Moderate risk
4398046524586|1588201931140|POS|false|1631927325275|High risk
52776558146731|1660567176425|NFC|true|1661753902262|Moderate risk
57174604657836|1667698924824|RFID|false|1669493505923|Moderate risk
52776558146733|1660754660613|IPv6|false|1662790895336|Severe risk
4398046524590|1584918123716|PHONE|false|1647432136938|Minimal risk
13194139546799|1598813726367|PHONE|false|1655880211677|Very high risk
8796093035696|1595523677413|ATM|true|1660366979131|Minimal risk
26388279080113|1617270481634|PHONE|false|1666049251588|Extreme risk
13194139546802|1599051507218|WIFI|false|1652474054879|Moderate risk
26388279080115|1621854387242|ATM|false|1664036006263|Severe risk
21990232569012|1614442522728|POS|false|1620572659849|Minimal risk
4398046524597|1586929525696|PHONE|false|1606442059002|Very high risk
43980465124534|1644218691957|IPv6|false|1645146598266|Moderate risk
26388279080119|1619012699717|IPv6|false|1651438188698|High risk
4398046524600|1587626360387|RFID|false|1622765900998|Minimal risk
13194139546809|1600006672065|ATM|false|1627611580639|Critical risk
35184372102330|1634180001934|WIFI|true|1646993295499|Critical risk
13499|1583887425870|MAC|false|1664969639920|Severe risk
43980465124540|1643815924976|NFC|false|1666219074281|Significant risk
61572651168957|1669458197179|IPv4|false|1670378148208|Moderate risk
61572651168958|1671005701602|IPv4|false|1671636316444|Critical risk
43980465124543|1647186102363|ATM|false|1671604984127|Minimal risk
17592186057920|1607051118427|RFID|false|1611323677485|Low risk
26388279080129|1622061818317|QRCode|false|1663214939290|Extreme risk
35184372102338|1636353953637|QRCode|false|1647222068824|Low risk
61572651168963|1670144597171|ATM|false|1671939753083|Severe risk
17592186057924|1610021554437|POS|false|1658855537179|Significant risk
61572651168965|1672477476941|NFC|false|1672529641523|Critical risk
43980465124550|1648309462351|IPv6|false|1670229847708|Significant risk
48378511635655|1653802722365|WIFI|false|1658195377133|Minimal risk
43980465124552|1644118327247|IPv4|false|1664709690164|Severe risk
21990232569033|1615583990924|ATM|false|1653056197466|Extreme risk
52776558146762|1657543287127|IPv4|false|1658211206628|Severe risk
48378511635659|1653502223517|NFC|false|1663026397055|Minimal risk
26388279080140|1620056609720|WIFI|false|1654992603960|Significant risk
35184372102349|1636023985478|IPv4|false|1639753145502|Very high risk
43980465124558|1645554715348|MAC|false|1658786798858|Moderate risk
43980465124559|1645460758756|MAC|false|1657929029885|High risk
43980465124560|1643186622993|QRCode|false|1667824256279|Minimal risk
13194139546833|1603629400690|WIFI|false|1665000808066|Extreme risk
26388279080146|1622950850109|PHONE|false|1635592840742|Significant risk
26388279080147|1623323724652|NFC|false|1665905915552|Significant risk
48378511635668|1654702562770|RFID|false|1671015145827|Extreme risk
35184372102357|1634124337297|PHONE|false|1636134749127|Significant risk
26388279080150|1618993537186|POS|false|1664258274703|Very high risk
26388279080151|1622315091376|NFC|false|1622647501991|Low risk
4398046524632|1584922148982|RFID|false|1623981046662|Significant risk
35184372102361|1635472248196|ATM|false|1641485434857|Very high risk
48378511635674|1654359652003|IPv4|false|1665716823242|Severe risk
17592186057947|1608026255213|WIFI|false|1615469135542|Very high risk
43980465124572|1647202335968|WIFI|false|1661192074689|Very high risk
17592186057949|1606663045793|RFID|false|1644131589839|Significant risk
26388279080158|1622941094939|NFC|false|1659313891324|Minimal risk
52776558146783|1657831638798|QRCode|false|1662202054375|Extreme risk
35184372102368|1632127025359|ATM|false|1661320335434|Low risk
17592186057953|1604269036781|IPv4|false|1646310927711|Low risk
43980465124578|1643721699710|IPv4|true|1650906612671|Severe risk
21990232569059|1616819168619|NFC|false|1662917244101|Low risk
39582418613476|1639737837177|ATM|false|1645588059621|Extreme risk
26388279080165|1621981627814|NFC|false|1630532957428|Significant risk
48378511635686|1655394131447|QRCode|false|1662262839914|Low risk
35184372102375|1635164716959|QRCode|false|1663704432243|Very high risk
39582418613480|1639646142869|PHONE|false|1646452133931|Minimal risk
43980465124585|1647298054659|NFC|false|1668667176210|High risk
35184372102378|1632417923840|MAC|false|1659319232470|Critical risk
13194139546859|1599399814477|IPv4|false|1609167538071|Extreme risk
52776558146796|1661494179503|NFC|false|1663950323694|Significant risk
30786325591277|1625114427825|RFID|false|1629884396705|Low risk
21990232569070|1616312912664|IPv6|false|1649139401365|Low risk
26388279080175|1618542847975|PHONE|false|1639901940844|Minimal risk
30786325591280|1625210576641|POS|false|1629742982137|Low risk
13553|1580002706756|POS|false|1644483138572|High risk
39582418613490|1639765918924|POS|false|1666407864370|Low risk
13194139546867|1603620979813|NFC|false|1637340571286|Moderate risk
52776558146804|1658631273400|IPv4|false|1665060722631|Critical risk
43980465124597|1644128236838|RFID|true|1650053773867|Significant risk
8796093035766|1596437729701|NFC|false|1671960751058|Moderate risk
4398046524663|1589056598773|NFC|false|1634373657680|Minimal risk
13194139546872|1602139924709|QRCode|false|1623841032921|Moderate risk
30786325591289|1626517012524|IPv4|true|1665265000533|Critical risk
8796093035770|1596608166430|ATM|false|1618906782003|Moderate risk
13563|1582568259430|IPv4|true|1603521480731|Low risk
39582418613500|1640768288946|IPv6|false|1644358156467|Moderate risk
48378511635709|1651512847895|WIFI|true|1657744035691|Very high risk
13194139546878|1601851828815|NFC|false|1628853810496|Minimal risk
57174604657919|1665275472916|ATM|false|1671531746298|High risk
52776558146816|1660553877771|ATM|false|1663398759960|Minimal risk
26388279080193|1619527575004|ATM|false|1639781261133|Extreme risk
4398046524674|1590015064805|IPv4|false|1659890173376|Low risk
48378511635715|1651880863582|IPv4|false|1661269136037|Minimal risk
57174604657924|1664093694960|QRCode|false|1664372530339|Extreme risk
30786325591301|1626964798552|QRCode|false|1663764891823|Very high risk
39582418613510|1642369907824|WIFI|false|1659818996094|Significant risk
4398046524679|1585434599271|RFID|false|1633530537314|Very high risk
13194139546888|1597612097371|RFID|false|1624947253859|Minimal risk
39582418613513|1642358284474|POS|false|1669112823802|Moderate risk
17592186057994|1607172260063|QRCode|false|1662880144699|Severe risk
35184372102411|1633240563063|IPv4|false|1670422386192|Low risk
13580|1578970365054|PHONE|false|1658895243760|High risk
35184372102413|1634025035820|IPv6|false|1669200649709|Severe risk
26388279080206|1620394452922|QRCode|false|1624000052014|High risk
52776558146831|1660603913575|PHONE|false|1663843096251|Severe risk
13194139546896|1598946333703|ATM|false|1611021028225|Extreme risk
26388279080209|1617562512064|WIFI|false|1650946093379|Very high risk
13194139546898|1600000167968|ATM|false|1614851353190|Extreme risk
4398046524691|1584459070749|POS|false|1606492837635|Significant risk
30786325591316|1629911665028|IPv4|false|1633312020887|Critical risk
48378511635733|1652010387178|RFID|false|1658952069564|Severe risk
21990232569110|1616888625442|PHONE|false|1618105631382|High risk
48378511635735|1655567710916|PHONE|false|1662114999476|Extreme risk
21990232569112|1614651848251|WIFI|false|1670826501642|Critical risk
35184372102425|1631229044663|ATM|false|1664709380120|Extreme risk
13594|1579394390521|WIFI|false|1580469289862|High risk
35184372102427|1631269357565|NFC|false|1634424815411|Moderate risk
17592186058012|1610479616642|NFC|false|1638717351093|Extreme risk
8796093035805|1591213155455|RFID|false|1632090988985|Severe risk
4398046524702|1584983200046|PHONE|false|1659161161526|Critical risk
48378511635743|1653368101184|ATM|false|1661737621301|Severe risk
39582418613536|1642210085834|POS|false|1664684647378|Very high risk
4398046524705|1586272093227|NFC|false|1624299581152|Extreme risk
52776558146850|1661038155179|IPv6|false|1670914683555|Very high risk
26388279080227|1617571201216|ATM|false|1651090352739|Severe risk
13194139546916|1602216213388|MAC|false|1613551182284|Low risk
52776558146853|1658933499330|IPv4|false|1670073595115|Severe risk
57174604657958|1663379840617|IPv4|false|1669476020688|Critical risk
8796093035815|1596976234917|POS|false|1670796537466|Extreme risk
43980465124648|1648695238010|POS|false|1669708039039|Severe risk
39582418613545|1642481251912|POS|false|1659555177472|Very high risk
30786325591338|1629633818140|WIFI|false|1656922399251|Minimal risk
4398046524715|1588026884695|MAC|false|1628059570357|Moderate risk
57174604657964|1668728640415|ATM|true|1671130501629|High risk
52776558146861|1657778153249|PHONE|false|1661032223377|Critical risk
13194139546926|1599249041439|IPv4|false|1620920013051|Minimal risk
26388279080239|1622809625245|IPv6|false|1631219589769|Very high risk
8796093035824|1592790260047|NFC|false|1637827149000|High risk
17592186058033|1610476922504|NFC|false|1630956587021|Critical risk
13194139546930|1600656591876|ATM|false|1611261068574|High risk
13619|1583827708336|RFID|false|1616812963441|Very high risk
8796093035828|1592804243916|QRCode|false|1596236801913|Moderate risk
17592186058037|1609108537901|POS|false|1625143351550|Low risk
13622|1581770605121|MAC|false|1637879551946|Significant risk
35184372102455|1631405855246|QRCode|false|1663818139086|Significant risk
48378511635768|1652033793985|IPv4|false|1656532490039|Moderate risk
52776558146873|1656943903452|NFC|false|1661968701825|Moderate risk
8796093035834|1594631162929|WIFI|false|1595860845626|Critical risk
26388279080251|1623485652905|PHONE|false|1656713912600|Severe risk
13628|1578715984486|WIFI|false|1651991386716|Significant risk
57174604657981|1667558191773|IPv6|false|1669133304349|Very high risk
13194139546942|1602946165790|ATM|false|1633891080030|Very high risk
8796093035839|1594457360400|MAC|false|1635526656612|Extreme risk
43980465124672|1648060315555|POS|false|1650780423649|Moderate risk
4398046524737|1588691833264|POS|false|1643030341566|Significant risk
48378511635778|1650381503012|IPv6|false|1663657955965|Very high risk
30786325591363|1627845284980|IPv4|false|1649689491524|Minimal risk
43980465124676|1645943061375|MAC|false|1657421312346|Extreme risk
4398046524741|1588878608100|NFC|false|1663132167078|Significant risk
13194139546950|1599484479126|IPv4|false|1616853955450|Severe risk
52776558146887|1659031214300|MAC|false|1669035550454|Severe risk
26388279080264|1621795811812|POS|false|1631629038824|Minimal risk
8796093035849|1593734398164|RFID|false|1600009951484|Critical risk
57174604657994|1665323389524|NFC|false|1671969165748|Minimal risk
39582418613579|1640350976524|MAC|false|1669979091612|Critical risk
35184372102476|1630758611820|QRCode|false|1634909708890|Very high risk
43980465124685|1646850987258|MAC|false|1667319368749|Extreme risk
26388279080270|1623012933418|RFID|true|1638170062951|Low risk
17592186058063|1606943382585|QRCode|false|1610001274451|High risk
48378511635792|1651774474078|IPv6|false|1665410781736|Critical risk
52776558146897|1659588804362|IPv6|false|1660134923465|Critical risk
8796093035858|1594958709591|ATM|false|1660788997429|Minimal risk
13651|1580945378584|POS|false|1640645446332|Significant risk
48378511635796|1652533182960|MAC|false|1654572626470|Minimal risk
21990232569173|1615788593856|WIFI|false|1667280425188|Critical risk
8796093035862|1593625634966|IPv6|false|1619995997015|Very high risk
26388279080279|1618290582431|WIFI|false|1639141372673|Moderate risk
4398046524760|1589164330686|ATM|false|1659535558553|Significant risk
43980465124697|1647390601536|POS|false|1656836398457|Significant risk
30786325591386|1625765881381|PHONE|false|1672406389424|Critical risk
8796093035867|1594842225929|NFC|true|1672346820708|Minimal risk
13194139546972|1599554675577|POS|false|1624673759428|Extreme risk
48378511635805|1655602439163|MAC|false|1668513760772|High risk
35184372102494|1635867926953|NFC|false|1649104513596|Critical risk
61572651169119|1671790801994|NFC|false|1672143455661|Minimal risk
8796093035872|1596152075219|PHONE|true|1631934654128|Very high risk
52776558146913|1656732576936|WIFI|false|1658022529878|Significant risk
13666|1580576654808|ATM|false|1592088726290|Critical risk
26388279080291|1619035776618|MAC|true|1620490092889|Low risk
26388279080292|1621837462107|MAC|false|1668452033077|Minimal risk
57174604658021|1668607752010|ATM|false|1668786316636|High risk
48378511635814|1652570857721|NFC|false|1663949637086|Severe risk
13671|1578282837584|WIFI|false|1653629682145|Extreme risk
48378511635816|1651873446453|PHONE|false|1658103411230|Significant risk
13673|1582254804593|RFID|false|1628476105377|Low risk
4398046524778|1585340824676|WIFI|false|1670458373069|Minimal risk
48378511635819|1653914783752|WIFI|false|1663131534707|Very high risk
57174604658028|1664902180275|MAC|false|1670562138065|Low risk
8796093035885|1591975180692|RFID|false|1666482157472|Significant risk
52776558146926|1656454709065|POS|false|1664568864174|Minimal risk
13679|1584131882515|IPv6|false|1626492954095|Extreme risk
26388279080304|1622747412186|MAC|true|1660611809077|Significant risk
30786325591409|1627518558457|POS|false|1659371007073|High risk
13194139546994|1599217134600|IPv4|false|1660060143023|Severe risk
13194139546995|1599579315382|ATM|false|1643836824022|Very high risk
17592186058100|1605874099872|WIFI|false|1623053880151|Extreme risk
17592186058101|1609711395346|QRCode|false|1648953677587|Severe risk
52776558146934|1656956654634|WIFI|false|1665866028996|Critical risk
21990232569207|1611073934578|ATM|false|1656817487649|Very high risk
30786325591416|1623858088472|POS|false|1627276135106|Significant risk
4398046524793|1588205585949|PHONE|false|1659278914139|Low risk
13194139547002|1600155885694|MAC|false|1617410439815|Moderate risk
26388279080315|1623409089512|RFID|false|1666967556510|Extreme risk
4398046524796|1588339156262|IPv4|true|1633731869661|Extreme risk
61572651169149|1670505002993|IPv6|false|1672117179236|Minimal risk
30786325591422|1627910483737|MAC|false|1670218276698|Minimal risk
13695|1578647665260|ATM|false|1657418470636|Extreme risk
57174604658048|1664146676769|POS|false|1671902654768|Significant risk
57174604658049|1664466638742|IPv4|false|1672395553359|Low risk
4398046524802|1590369133326|RFID|false|1647146774834|Extreme risk
4398046524803|1587051273327|QRCode|false|1644421865532|Very high risk
17592186058116|1607903968579|ATM|false|1627881360158|Low risk
21990232569221|1615335277885|PHONE|false|1645277285319|Low risk
35184372102534|1631907859944|ATM|false|1642007483378|Minimal risk
4398046524807|1585954484487|POS|false|1632402939504|Extreme risk
13704|1580431724428|POS|false|1656650448014|Moderate risk
26388279080329|1620169573489|ATM|false|1652300170216|Low risk
48378511635850|1651396395087|PHONE|false|1655494283216|Significant risk
4398046524811|1588361987458|POS|false|1671756031006|Critical risk
13194139547020|1602050922830|RFID|false|1651335433730|Minimal risk
35184372102541|1632609997480|PHONE|false|1634763728221|Minimal risk
35184372102542|1632677842015|PHONE|false|1655671701513|Significant risk
17592186058127|1605410696925|RFID|false|1648917129391|Severe risk
30786325591440|1626088805832|NFC|false|1650637805690|Extreme risk
57174604658065|1664384500281|QRCode|false|1669632134188|Critical risk
39582418613650|1639286546920|QRCode|false|1639390496573|High risk
30786325591443|1625650275020|MAC|false|1666314316787|Extreme risk
26388279080340|1617053828671|PHONE|false|1660955182602|Critical risk
43980465124757|1645939487369|NFC|false|1661040793887|Low risk
8796093035926|1592133341486|IPv6|false|1657648928188|High risk
8796093035927|1595856426491|PHONE|false|1609167964226|High risk
39582418613656|1641839941616|PHONE|false|1649355062303|Severe risk
35184372102553|1636120306343|POS|false|1667053303556|Very high risk
43980465124762|1649200625626|NFC|false|1649206507695|Moderate risk
35184372102555|1634856378347|WIFI|false|1645817972083|Very high risk
43980465124764|1648393257586|PHONE|false|1654254283538|Critical risk
61572651169181|1672325991602|PHONE|false|1672446642072|High risk
26388279080350|1620157231047|IPv6|false|1634148411479|Very high risk
39582418613663|1640338050949|NFC|false|1672053836797|Low risk
4398046524832|1589191017305|PHONE|false|1637560204901|Extreme risk
35184372102561|1630914030645|POS|false|1670488174336|Severe risk
52776558146978|1656276222456|IPv4|false|1663550598948|Moderate risk
52776558146979|1658859483856|POS|false|1664301476345|High risk
30786325591460|1627033843729|MAC|false|1651951184085|Significant risk
21990232569253|1613833828705|ATM|false|1663651774505|Significant risk
4398046524838|1590096802716|IPv4|true|1592113690381|Extreme risk
39582418613671|1642859998542|WIFI|false|1648568651450|Extreme risk
21990232569256|1610703550528|ATM|false|1630910474513|Extreme risk
43980465124777|1644578599305|IPv6|false|1666808048258|Extreme risk
17592186058154|1604099776825|RFID|false|1611750027298|Moderate risk
43980465124779|1647700367392|IPv6|false|1663112126586|Minimal risk
57174604658092|1668821865743|POS|false|1671540606092|High risk
26388279080365|1620922685794|POS|false|1657716391323|Critical risk
43980465124782|1645191287855|PHONE|false|1663181259629|Very high risk
52776558146991|1657185850677|WIFI|false|1666090213889|Critical risk
17592186058160|1604154260393|RFID|false|1643059391479|Significant risk
26388279080369|1620864030615|MAC|false|1638477390620|Very high risk
30786325591474|1626001876733|POS|false|1672308665610|Critical risk
43980465124787|1643205309647|POS|false|1667403574968|Significant risk
8796093035956|1591602201392|IPv4|false|1635466590676|Minimal risk
35184372102581|1632551107562|PHONE|false|1651145544397|Significant risk
35184372102582|1635832292146|WIFI|false|1639806076074|Severe risk
61572651169207|1671776617417|NFC|false|1672354690693|High risk
43980465124792|1647031174788|POS|false|1666690431625|Low risk
17592186058169|1608961594863|WIFI|false|1634719623396|Extreme risk
35184372102586|1634592247413|MAC|false|1640694453074|Very high risk
17592186058171|1610060716137|RFID|false|1654454596976|Moderate risk
57174604658108|1663853747217|IPv4|false|1667369526374|Minimal risk
52776558147005|1657357290929|PHONE|false|1658344544718|Critical risk
26388279080382|1623089917558|IPv4|false|1666700106756|Severe risk
8796093035967|1592515698034|WIFI|false|1670088471767|Very high risk
13194139547072|1601267753872|MAC|false|1656064330350|Significant risk
57174604658113|1665759632865|MAC|false|1668345328230|Extreme risk
26388279080386|1621901538321|QRCode|false|1641729677908|Minimal risk
26388279080387|1619477600731|QRCode|false|1671825896209|Moderate risk
43980465124804|1648207229623|NFC|false|1666413279181|Very high risk
39582418613701|1637760319025|WIFI|false|1644486542452|Severe risk
35184372102598|1630446005375|MAC|false|1669186683834|Critical risk
26388279080391|1620377246316|MAC|false|1648538524903|Low risk
52776558147016|1660788539415|WIFI|false|1670726312152|Significant risk
35184372102601|1634905340235|RFID|true|1649384580918|High risk
57174604658122|1668810621734|PHONE|false|1671307195785|Moderate risk
13194139547083|1600148186274|NFC|false|1607357357612|Critical risk
57174604658124|1666102065044|IPv4|false|1668941432785|Severe risk
52776558147021|1656386464143|RFID|false|1667215465288|Significant risk
8796093035982|1595487239144|MAC|false|1653413837252|Low risk
35184372102607|1635063394312|IPv6|false|1658922201409|Significant risk
48378511635920|1650948628723|ATM|false|1657786735557|Significant risk
26388279080401|1621261207901|PHONE|false|1648221192608|Severe risk
35184372102610|1633065671442|POS|false|1661613584248|Low risk
13194139547091|1599369748133|RFID|false|1637900122584|Significant risk
21990232569300|1615515816048|WIFI|false|1640344493474|Critical risk
52776558147029|1658094139225|IPv4|false|1666503033858|Very high risk
43980465124822|1644734794538|PHONE|false|1666738405709|Critical risk
30786325591511|1628307880307|MAC|false|1659498118965|Minimal risk
43980465124824|1647342869400|IPv4|false|1654694086205|Severe risk
35184372102617|1635658435087|IPv6|false|1646076067094|Extreme risk
43980465124826|1645183752452|QRCode|false|1647988402694|Minimal risk
30786325591515|1626996394436|IPv4|false|1668361036694|Severe risk
13788|1579037305959|ATM|false|1662254850828|Critical risk
4398046524893|1589043740905|IPv6|false|1646817003152|High risk
17592186058206|1607433637601|ATM|false|1666284785331|Significant risk
48378511635935|1655829962240|QRCode|false|1666596977576|High risk
13792|1581025477198|PHONE|false|1631991315589|Extreme risk
48378511635937|1654660781956|IPv4|false|1657595081654|Very high risk
30786325591522|1629700806391|POS|false|1653988090297|Severe risk
13194139547107|1598969079888|IPv4|false|1638549785215|Low risk
21990232569316|1611368922647|RFID|false|1632426184313|High risk
43980465124837|1646905106515|ATM|false|1671856501000|Low risk
43980465124838|1643324568940|ATM|false|1660498964009|Moderate risk
13194139547111|1599789708019|MAC|false|1658814152079|Low risk
8796093036008|1592713579571|MAC|false|1651331332954|Minimal risk
52776558147049|1659226802852|IPv6|false|1660988041196|Low risk
8796093036010|1596580334626|PHONE|false|1651998709973|Very high risk
39582418613739|1636764556113|ATM|false|1671724778870|High risk
8796093036012|1591682767703|WIFI|false|1650468963278|Severe risk
13194139547117|1602413682417|MAC|false|1626777487232|Moderate risk
26388279080430|1621847723107|IPv6|false|1642133919625|High risk
30786325591535|1625435777108|POS|false|1637349744311|Minimal risk
17592186058224|1607917783649|QRCode|true|1618024490986|Critical risk
26388279080433|1618609536502|MAC|false|1644656268873|Critical risk
35184372102642|1630442674362|WIFI|false|1639713024386|High risk
13811|1582361561771|IPv4|true|1656270050188|Moderate risk
52776558147060|1660540211990|POS|false|1663685126263|Critical risk
4398046524917|1585158508432|NFC|false|1667986394409|Severe risk
43980465124854|1648619804509|POS|true|1660085835497|High risk
4398046524919|1587867191197|POS|false|1656979466563|Significant risk
52776558147064|1658837267720|RFID|false|1660561710090|Critical risk
13194139547129|1598895146835|RFID|false|1609765358715|Minimal risk
57174604658170|1665281188774|PHONE|false|1671442841254|High risk
39582418613755|1642216941960|IPv6|false|1668504958929|Minimal risk
17592186058236|1606786701794|ATM|false|1644010128779|Very high risk
39582418613757|1636661105136|PHONE|false|1654928681421|Significant risk
21990232569342|1613369786701|NFC|false|1630241226027|Severe risk
43980465124863|1645668983636|IPv6|false|1646363251930|Minimal risk
52776558147072|1661698485776|ATM|false|1667003857276|Very high risk
35184372102657|1631089235243|POS|false|1656773222092|Moderate risk
30786325591554|1629477233293|NFC|false|1651620389503|Very high risk
43980465124867|1646781203719|MAC|false|1653105613105|Extreme risk
57174604658180|1665366553284|IPv4|false|1668881036778|Very high risk
26388279080453|1618725975144|IPv4|false|1656272273263|Critical risk
35184372102662|1634356145856|MAC|false|1669208210092|Minimal risk
30786325591559|1627135240246|NFC|false|1666864391414|Moderate risk
48378511635976|1654555811704|QRCode|false|1667149091727|High risk
52776558147081|1660193911578|ATM|false|1672099072488|Significant risk
26388279080458|1622655442366|RFID|false|1663829294360|Low risk
43980465124875|1643948620396|IPv4|false|1650297863985|High risk
30786325591564|1623706402784|MAC|false|1648607770678|Minimal risk
57174604658189|1668301015742|MAC|false|1670312830320|Significant risk
17592186058254|1604880754540|ATM|false|1645578787288|Severe risk
39582418613775|1642575426142|IPv6|true|1670351781557|High risk
35184372102672|1630357997880|ATM|false|1663811567309|Moderate risk
35184372102673|1636309124257|NFC|false|1658770922555|Moderate risk
26388279080466|1620205598121|ATM|false|1657319592254|Significant risk
43980465124883|1644401750077|NFC|false|1665457889132|Very high risk
8796093036052|1597208851275|IPv4|false|1650394294472|Minimal risk
21990232569365|1614566150458|NFC|false|1662396560313|High risk
61572651169302|1669575317155|POS|false|1670442735739|Significant risk
35184372102679|1630459089304|PHONE|false|1645921577098|High risk
39582418613784|1638868355701|QRCode|false|1670885979949|Moderate risk
39582418613785|1643076550175|IPv4|false|1670755469146|High risk
43980465124890|1645387011843|IPv6|false|1657794977064|Very high risk
13851|1580093508368|QRCode|false|1672355073546|Severe risk
17592186058268|1608240964276|IPv6|false|1649875070719|Critical risk
4398046524957|1585418052235|IPv4|false|1621925236503|Severe risk
13194139547166|1599339449933|RFID|false|1625867170126|Low risk
26388279080479|1620686867279|IPv6|false|1667581846725|Low risk
30786325591584|1623672965951|WIFI|false|1652429630632|Severe risk
13194139547169|1603680349732|MAC|false|1651619769725|Very high risk
57174604658210|1668105680393|WIFI|false|1672402641260|Severe risk
21990232569379|1613839475529|MAC|false|1638252050534|Low risk
61572651169316|1672007156359|POS|false|1672383803741|High risk
13194139547173|1603555697543|IPv4|false|1608061637819|High risk
13194139547174|1602814319971|QRCode|false|1663641597531|High risk
4398046524967|1586422863063|IPv4|false|1643468667304|High risk
26388279080488|1620517608917|POS|false|1627015831254|Significant risk
43980465124905|1643403079914|PHONE|false|1672284156274|Moderate risk
43980465124906|1649460977416|QRCode|false|1653817249650|Minimal risk
35184372102699|1635945125339|IPv6|false|1637868593908|Low risk
48378511636012|1654315148958|RFID|false|1666987674668|Significant risk
8796093036077|1594432219170|IPv6|false|1595295753624|Minimal risk
43980465124910|1643674132796|QRCode|false|1671952067268|Significant risk
13871|1578790717235|PHONE|false|1621949847263|High risk
39582418613808|1641166110155|QRCode|false|1668646212816|Moderate risk
48378511636017|1654659868619|NFC|false|1659762986312|Very high risk
17592186058290|1606665704067|WIFI|false|1667902917263|High risk
43980465124915|1648298301553|RFID|false|1653138796579|Very high risk
17592186058292|1610333290499|RFID|false|1649028352262|Moderate risk
39582418613813|1642207376556|RFID|false|1655445126777|Critical risk
52776558147126|1659577746977|QRCode|true|1664020581937|Critical risk
35184372102711|1631382060054|RFID|false|1636416192306|Critical risk
35184372102712|1632284833439|RFID|false|1662048575963|High risk
57174604658233|1664328348110|MAC|false|1668438918410|Low risk
8796093036090|1596617069685|NFC|false|1645660889737|Extreme risk
35184372102715|1635115634273|IPv6|false|1657512359987|Critical risk
35184372102716|1632611960689|IPv6|false|1643981909641|High risk
8796093036093|1595953327625|RFID|false|1651199605369|Extreme risk
13194139547198|1598603572278|WIFI|false|1646780750724|Moderate risk
17592186058303|1608060454340|RFID|false|1654036070650|Low risk
39582418613824|1638448362476|POS|false|1658823592573|Minimal risk
8796093036097|1596644655713|PHONE|false|1627747992256|Significant risk
35184372102722|1634764049017|QRCode|false|1665799823842|Severe risk
30786325591619|1626481976227|POS|false|1660524127644|High risk
4398046524996|1586036951524|ATM|false|1658673024818|Critical risk
21990232569413|1614094425950|RFID|false|1632519348796|Significant risk
35184372102726|1633080381209|PHONE|false|1658387301163|Low risk
57174604658247|1664689522040|ATM|false|1671310706954|Critical risk
52776558147144|1659174341715|ATM|false|1667424818326|Low risk
17592186058313|1605358189076|RFID|false|1656254306017|High risk
4398046525002|1589590246209|QRCode|false|1589993282534|Extreme risk
39582418613835|1642857197136|MAC|false|1643501824283|Minimal risk
17592186058316|1604528306606|RFID|false|1631047453636|Extreme risk
52776558147149|1660348120831|MAC|false|1663935859652|Critical risk
17592186058318|1608678795397|IPv4|false|1621697485458|Severe risk
48378511636047|1651727553303|RFID|false|1660984441087|Significant risk
52776558147152|1660512912912|IPv4|false|1670960622838|Moderate risk
21990232569425|1615762626213|NFC|false|1663229463775|Very high risk
4398046525010|1590176969314|QRCode|false|1648808448477|Critical risk
21990232569427|1611175787250|IPv4|false|1660095789966|High risk
8796093036116|1596528547345|IPv4|false|1639492237775|Minimal risk
4398046525013|1586494860840|WIFI|false|1667148652551|Extreme risk
48378511636054|1651133702734|QRCode|false|1660919189632|Minimal risk
8796093036119|1596080508581|IPv4|false|1645083602254|Minimal risk
52776558147160|1657223488830|PHONE|false|1671642938559|Low risk
13913|1581726295524|IPv6|false|1623231615132|Minimal risk
21990232569434|1614096775673|PHONE|false|1654630425188|Low risk
48378511636059|1650921623032|PHONE|false|1663031849704|Extreme risk
30786325591644|1628384969742|POS|false|1646288270872|Severe risk
52776558147165|1661784925700|POS|false|1671460020049|Significant risk
21990232569438|1615393539218|PHONE|false|1666333507468|Severe risk
35184372102751|1636502902039|RFID|false|1659526485951|High risk
21990232569440|1615856352247|POS|false|1643175950116|Extreme risk
26388279080545|1619158633557|WIFI|false|1647838558885|Significant risk
13194139547234|1598004639211|MAC|false|1620286772708|High risk
39582418613859|1637123351021|QRCode|false|1665797511507|Moderate risk
61572651169380|1669405907153|QRCode|false|1669709864232|Extreme risk
35184372102757|1633270051051|POS|false|1665665402420|Minimal risk
35184372102758|1630997097792|PHONE|false|1670407240230|Very high risk
17592186058343|1609703273225|NFC|false|1657338243327|Extreme risk
21990232569448|1615590964525|WIFI|false|1662787573946|Significant risk
13929|1579800569815|ATM|false|1649421788899|High risk
39582418613866|1637773810581|IPv4|false|1669984269906|Significant risk
26388279080555|1622332715336|QRCode|false|1639881487642|High risk
57174604658284|1668098875917|ATM|false|1669717081337|Low risk
35184372102765|1633213380151|QRCode|false|1651387500521|Very high risk
57174604658286|1665209810085|POS|false|1670009730247|Low risk
43980465124975|1644317337415|MAC|false|1644439617924|High risk
8796093036144|1591023714908|WIFI|false|1605243566486|Very high risk
39582418613873|1641482794026|QRCode|false|1671114701394|Severe risk
4398046525042|1584613869673|RFID|false|1655172835661|Severe risk
13194139547251|1598406519411|QRCode|false|1601995361781|Critical risk
30786325591668|1627050492882|ATM|false|1652913178697|Moderate risk
43980465124981|1644796813416|PHONE|true|1662532736728|High risk
43980465124982|1647512157012|RFID|false|1651683745331|High risk
39582418613879|1639892733586|WIFI|false|1667054970099|Moderate risk
21990232569464|1614576182846|IPv6|false|1668041242537|High risk
35184372102777|1632198986814|QRCode|false|1646141934306|Severe risk
39582418613882|1639947678846|ATM|false|1658515156725|Very high risk
52776558147195|1659335322754|RFID|false|1663657881212|Moderate risk
48378511636092|1651664859837|IPv6|false|1668471451126|Severe risk
52776558147197|1658599273619|RFID|false|1667791142662|Severe risk
39582418613886|1639429739333|RFID|false|1650597251021|Severe risk
13194139547263|1603562054062|MAC|false|1671774513456|Extreme risk
21990232569472|1616591822625|POS|false|1626272517858|Low risk
52776558147201|1658429089438|ATM|false|1666307772385|Moderate risk
13194139547266|1598332744139|NFC|false|1630419775071|Very high risk
52776558147203|1661453175288|IPv4|false|1671385186334|Low risk
8796093036164|1592873128589|IPv6|false|1638339641220|Severe risk
43980465124997|1645772192215|QRCode|false|1671437670847|Significant risk
48378511636102|1652062490209|RFID|false|1666065445727|Very high risk
26388279080583|1621144852933|IPv4|false|1651182830441|Severe risk
39582418613896|1642833779990|NFC|false|1657914575212|Low risk
21990232569481|1613018160590|QRCode|false|1622222467762|Low risk
26388279080586|1619578055437|IPv4|false|1663952816349|Low risk
13963|1584313087966|QRCode|false|1628970579183|Severe risk
35184372102796|1632099735343|ATM|false|1663450453369|Critical risk
35184372102797|1633844880299|RFID|false|1638006459808|Moderate risk
4398046525070|1589593739008|MAC|false|1618595491783|Minimal risk
4398046525071|1588814546214|QRCode|false|1654292452615|Minimal risk
8796093036176|1594798925361|PHONE|false|1633880288225|Minimal risk
21990232569489|1612226679677|IPv4|false|1625238285516|Extreme risk
52776558147218|1658522747411|IPv6|false|1671686438318|Extreme risk
39582418613907|1641215334452|IPv6|false|1664351504472|Extreme risk
13972|1582057210346|QRCode|false|1597590757572|Extreme risk
30786325591701|1626599749628|NFC|false|1648846902446|Severe risk
35184372102806|1631344624609|QRCode|false|1669814055355|High risk
21990232569495|1612694905774|IPv4|false|1657880440007|High risk
13194139547288|1599908008372|WIFI|false|1646616054976|Minimal risk
43980465125017|1647465808600|NFC|false|1672475433084|Critical risk
30786325591706|1628725244452|MAC|true|1642964517320|Low risk
4398046525083|1590826897376|RFID|false|1599356703144|Minimal risk
30786325591708|1624723860646|POS|false|1648102034176|Critical risk
17592186058397|1606602799937|QRCode|false|1620450983029|Extreme risk
4398046525086|1589419354061|IPv4|false|1614791189733|Extreme risk
39582418613919|1640064418386|RFID|false|1666148069016|High risk
30786325591712|1625556645868|ATM|false|1652190351920|Very high risk
13194139547297|1601736722953|IPv6|false|1661863552093|Moderate risk
48378511636130|1653847602490|MAC|false|1667857256946|Low risk
52776558147235|1660530340555|IPv6|false|1672092544504|Severe risk
43980465125028|1644562626980|IPv6|false|1667755926589|Critical risk
13194139547301|1598565354216|PHONE|false|1610932990165|Very high risk
4398046525094|1590436412603|POS|false|1652311665551|Severe risk
48378511636135|1655658056372|NFC|false|1668718021734|Critical risk
30786325591720|1626128620555|PHONE|false|1663841175287|Significant risk
57174604658345|1668133901380|RFID|true|1671891551047|Very high risk
8796093036202|1594804565243|IPv6|false|1662073861417|Very high risk
43980465125035|1644761227028|WIFI|false|1646003081056|Extreme risk
39582418613932|1641599410523|QRCode|false|1645411742146|High risk
17592186058413|1605997687111|MAC|false|1618757978035|Severe risk
30786325591726|1624100020195|POS|false|1629046948562|High risk
26388279080623|1622258313556|IPv6|false|1631379884109|Moderate risk
39582418613936|1641858620096|MAC|false|1657104241588|Severe risk
26388279080625|1621641076257|RFID|false|1667761227587|Very high risk
26388279080626|1621169193472|NFC|false|1630318369188|High risk
14003|1583263566423|WIFI|false|1634892676160|High risk
52776558147252|1660793579682|MAC|false|1668993953028|Critical risk
35184372102837|1636066466710|POS|false|1664045995526|Very high risk
8796093036214|1596898938451|WIFI|false|1644996989807|Significant risk
13194139547319|1599468236774|QRCode|false|1648490618080|Very high risk
61572651169464|1670882677608|NFC|false|1671868897992|Low risk
4398046525113|1585675737943|IPv4|false|1600154205507|Significant risk
39582418613946|1641835824973|ATM|false|1664183200066|High risk
61572651169467|1671507998099|PHONE|false|1671828811783|Critical risk
8796093036220|1591694940681|POS|false|1612743810574|Severe risk
61572651169469|1672463903587|RFID|false|1672517994122|Minimal risk
52776558147262|1659005321008|IPv4|false|1672070449277|Low risk
43980465125055|1645983139811|MAC|false|1665105155557|High risk
35184372102848|1632960249698|IPv6|false|1663482021937|Low risk
48378511636161|1655625313429|NFC|false|1657697262624|Moderate risk
13194139547330|1600168197812|WIFI|false|1616582754925|Extreme risk
35184372102851|1635939816845|QRCode|false|1670341486524|Extreme risk
8796093036228|1594832694115|PHONE|false|1659659159414|Very high risk
57174604658373|1669158922414|QRCode|false|1670283307140|Very high risk
43980465125062|1649175920399|IPv6|false|1653555731806|Moderate risk
17592186058439|1607823310963|ATM|false|1654658780029|Severe risk
61572651169480|1672331023348|IPv6|false|1672505236828|Significant risk
43980465125065|1647762095390|IPv6|false|1664900867408|Low risk
35184372102858|1632313505104|ATM|false|1658123083029|Severe risk
30786325591755|1629591124329|PHONE|false|1658973673956|High risk
52776558147276|1662289853442|RFID|false|1667152158570|Extreme risk
52776558147277|1661574235182|ATM|false|1663824119128|Critical risk
48378511636174|1651046738092|NFC|false|1671443200389|Low risk
14031|1581524391930|IPv4|false|1659246029818|High risk
48378511636176|1650427130630|IPv6|false|1663772622021|Very high risk
13194139547345|1602736837531|RFID|false|1608995426499|Critical risk
4398046525138|1584508618761|IPv6|false|1625396056819|High risk
21990232569555|1613767423639|ATM|false|1619445417043|High risk
4398046525140|1589727845499|QRCode|false|1654877509412|Extreme risk
39582418613973|1641934825031|PHONE|false|1645327079270|High risk
17592186058454|1606026623039|PHONE|false|1625621942922|Significant risk
8796093036247|1592290159692|RFID|false|1619944954253|Significant risk
39582418613976|1638361494300|RFID|false|1672503091751|Extreme risk
21990232569561|1613247702819|POS|false|1637455529677|Minimal risk
4398046525146|1586849635730|NFC|false|1600003011584|Very high risk
21990232569563|1612773350683|ATM|false|1630936713095|High risk
26388279080668|1619161176751|MAC|false|1649271705594|Critical risk
30786325591773|1626762142974|WIFI|false|1650653980896|Extreme risk
43980465125086|1644750514536|IPv6|false|1655547171530|Severe risk
17592186058463|1607534777074|RFID|false|1613378300013|High risk
43980465125088|1644399403729|WIFI|false|1661335362858|Critical risk
48378511636193|1652431688249|ATM|false|1654883857342|Very high risk
21990232569570|1616893413046|QRCode|true|1644008364579|Critical risk
48378511636195|1653928642188|IPv4|false|1658438909612|Minimal risk
57174604658404|1668095676201|IPv6|false|1668510671616|Extreme risk
21990232569573|1610606724409|NFC|false|1633808149673|Severe risk
13194139547366|1603117050977|POS|false|1637502404581|Extreme risk
17592186058471|1609499247199|QRCode|true|1653913300270|Critical risk
14056|1581431601176|WIFI|false|1634748265815|Critical risk
30786325591785|1629727192274|NFC|false|1671228770448|Critical risk
17592186058474|1608520588076|IPv6|false|1660886400577|Low risk
43980465125099|1649215020627|PHONE|false|1664209923419|Significant risk
30786325591788|1629648616297|WIFI|false|1669346550410|Very high risk
8796093036269|1597257495969|ATM|false|1640839307331|Severe risk
26388279080686|1621607202918|NFC|false|1663212211616|Extreme risk
57174604658415|1663689138223|ATM|false|1667576218746|Very high risk
48378511636208|1650891201141|WIFI|false|1655113568612|Critical risk
39582418614001|1640546857725|POS|false|1670131029138|Low risk
13194139547378|1601886425789|MAC|false|1634562518581|Low risk
8796093036275|1593262757197|IPv6|false|1655745284221|Critical risk
48378511636212|1653555402310|QRCode|true|1656683716247|Very high risk
39582418614005|1639256514164|IPv6|false|1662165583240|Severe risk
14070|1583700669662|MAC|false|1588953628976|Minimal risk
52776558147319|1659471100147|IPv4|false|1667265472868|Minimal risk
39582418614008|1638731127740|QRCode|false|1645792163399|Severe risk
39582418614009|1642218165519|ATM|false|1648612496491|Severe risk
43980465125114|1643348139312|QRCode|false|1664356372398|Moderate risk
30786325591803|1623809514891|WIFI|false|1638860407236|Severe risk
30786325591804|1625724336468|IPv4|false|1652698035672|Minimal risk
48378511636221|1650832602833|MAC|false|1657569559000|Low risk
26388279080702|1623517122473|QRCode|false|1664453066397|Severe risk
48378511636223|1653866476092|IPv4|false|1660190848413|Extreme risk
26388279080704|1619917180855|WIFI|false|1637310095158|Moderate risk
21990232569601|1611516497168|WIFI|false|1645921238434|Significant risk
39582418614018|1641403017854|IPv4|false|1649299631766|Low risk
17592186058499|1609132280026|POS|false|1643542250361|Severe risk
43980465125124|1644423349406|IPv6|false|1646217350805|Significant risk
35184372102917|1635290608997|QRCode|true|1638617142539|Extreme risk
13194139547398|1600540596245|RFID|false|1620216314636|High risk
8796093036295|1595282681141|QRCode|true|1598173684404|Moderate risk
57174604658440|1667456620936|IPv4|false|1671008452194|Extreme risk
48378511636233|1652984154785|WIFI|false|1657014290797|High risk
13194139547402|1597734059774|PHONE|false|1659587442246|Extreme risk
48378511636235|1655125796276|NFC|false|1658982400014|Moderate risk
26388279080716|1621774622891|RFID|false|1637882022986|Severe risk
57174604658445|1665844957530|RFID|false|1668150965448|Very high risk
30786325591822|1629512519085|RFID|false|1648397451305|Minimal risk
8796093036303|1594956682895|NFC|false|1638024462986|Significant risk
8796093036304|1594654176849|ATM|false|1667947994944|Minimal risk
43980465125137|1645596836141|NFC|false|1651891361329|Extreme risk
21990232569618|1614494991948|POS|false|1650952322573|Very high risk
35184372102931|1634070645376|IPv4|false|1653628291789|Severe risk
57174604658452|1666599358968|IPv6|false|1670640202901|High risk
43980465125141|1645420634834|RFID|true|1664346286857|Critical risk
21990232569622|1610698913368|PHONE|false|1637701892795|Low risk
57174604658455|1664892858945|ATM|false|1665697886606|Critical risk
8796093036312|1593572185708|QRCode|false|1627250043128|High risk
43980465125145|1648817486648|PHONE|false|1657709808274|Critical risk
61572651169562|1670806599310|IPv4|true|1671973955457|Very high risk
43980465125147|1648583668260|MAC|true|1664246756748|Low risk
21990232569628|1614024649821|PHONE|false|1645890238839|Very high risk
48378511636253|1652173469921|WIFI|true|1657580949287|Critical risk
21990232569630|1611881216120|ATM|true|1630309987951|Very high risk
57174604658463|1663944747781|POS|false|1668961425640|Moderate risk
30786325591840|1626124340157|ATM|false|1657729955305|Minimal risk
52776558147361|1661307789803|WIFI|false|1665005231199|High risk
52776558147362|1658581836563|WIFI|false|1659233923107|Very high risk
14115|1580141012250|IPv6|false|1653186541420|Significant risk
8796093036324|1594630704221|PHONE|false|1657311170398|Moderate risk
26388279080741|1617878421232|RFID|false|1631860128144|Very high risk
57174604658470|1662789874140|ATM|false|1663376587298|Low risk
43980465125159|1649197384571|RFID|true|1661333214239|High risk
21990232569640|1614459776729|MAC|false|1620488071421|Minimal risk
26388279080745|1621906841287|NFC|false|1629067019409|Minimal risk
26388279080746|1623304459339|NFC|false|1667352772313|Very high risk
4398046525227|1588319322733|ATM|false|1641800220683|Low risk
14124|1582425550266|NFC|false|1600633289834|Very high risk
57174604658477|1666756998976|POS|false|1667033085231|Significant risk
30786325591854|1629650170901|PHONE|false|1652224735601|High risk
26388279080751|1622453306572|ATM|false|1624164090404|Extreme risk
52776558147376|1660135775804|QRCode|false|1665487443927|Moderate risk
26388279080753|1619216068940|NFC|false|1636140117459|High risk
21990232569650|1610893037625|POS|false|1643860069738|Moderate risk
57174604658483|1662798162855|IPv6|false|1663955378774|Moderate risk
61572651169588|1672383917551|MAC|false|1672469678599|Minimal risk
30786325591861|1625156472749|QRCode|false|1629221375878|Severe risk
61572651169590|1671794604651|PHONE|false|1672365042241|Extreme risk
14135|1579186971117|WIFI|false|1621887862217|Significant risk
39582418614072|1639945391995|NFC|false|1660208290760|Low risk
39582418614073|1636942314876|IPv6|false|1659828725772|Minimal risk
4398046525242|1587094276740|RFID|false|1590798570324|Low risk
57174604658491|1668144381767|MAC|false|1669089045147|Extreme risk
39582418614076|1642350983924|NFC|false|1653825815865|Severe risk
43980465125181|1645165601995|WIFI|false|1649838692372|Moderate risk
30786325591870|1627998527667|QRCode|false|1642397186126|Critical risk
48378511636287|1654673042003|NFC|false|1663569543951|High risk
35184372102976|1633216697461|IPv4|false|1636251793283|Extreme risk
17592186058561|1606240592072|QRCode|false|1666390124864|Critical risk
35184372102978|1635439927736|POS|false|1640493865735|Critical risk
39582418614083|1640573502956|ATM|false|1656017902508|Minimal risk
8796093036356|1597394901948|QRCode|false|1663619127532|Critical risk
43980465125189|1647677175027|PHONE|false|1672067784380|Significant risk
4398046525254|1586339713189|PHONE|false|1624626349390|High risk
26388279080775|1617501262548|RFID|false|1623240046543|Minimal risk
30786325591880|1628853164742|QRCode|false|1646025153685|Low risk
21990232569673|1613027581581|NFC|true|1671987238060|High risk
26388279080778|1621836806155|QRCode|false|1637286473583|Minimal risk
43980465125195|1646084856737|PHONE|false|1648653462779|Very high risk
35184372102988|1635895200796|IPv4|false|1638073576899|Very high risk
61572651169613|1670023659627|QRCode|false|1672295973348|Significant risk
48378511636302|1653808181823|POS|true|1657302078646|High risk
35184372102991|1635807419807|NFC|true|1651074991508|High risk
35184372102992|1635501459626|WIFI|false|1637307048620|Low risk
52776558147409|1658438603171|NFC|false|1658791717457|Critical risk
26388279080786|1620809803131|RFID|false|1644011733386|Minimal risk
61572651169619|1669373557350|IPv4|false|1670581378061|High risk
30786325591892|1625242949791|MAC|false|1627175439547|Extreme risk
30786325591893|1628598667145|POS|false|1651422381812|Extreme risk
21990232569686|1617009387127|IPv4|false|1672003596943|Low risk
30786325591895|1625197901995|IPv6|false|1646541306230|Extreme risk
39582418614104|1637407361461|QRCode|true|1662693539937|Minimal risk
30786325591897|1625301550235|ATM|false|1652686920697|Very high risk
14170|1581259397183|RFID|false|1626427278306|Severe risk
43980465125211|1647818391607|RFID|false|1650958838232|Very high risk
35184372103004|1630535816708|IPv6|false|1651432980314|Extreme risk
4398046525277|1587299318314|PHONE|false|1611355266325|Significant risk
4398046525278|1587755026554|IPv6|false|1672247677336|Significant risk
30786325591903|1624516517625|POS|false|1644766628853|Low risk
26388279080800|1619749307535|QRCode|false|1627111797053|Very high risk
48378511636321|1653702875923|ATM|false|1655324020135|Critical risk
57174604658530|1668795159871|NFC|false|1671563247926|High risk
13194139547491|1599129572436|WIFI|false|1612790292908|Significant risk
61572651169636|1669436666825|ATM|false|1671042170219|Minimal risk
52776558147429|1657715835983|NFC|false|1662166907280|Critical risk
30786325591910|1626094214844|RFID|false|1645550075192|Critical risk
8796093036391|1597416722856|WIFI|false|1659170347557|Very high risk
30786325591912|1626829464124|NFC|false|1657930008269|Low risk
39582418614121|1637283938958|PHONE|false|1670791503318|Critical risk
26388279080810|1620465174226|PHONE|false|1667808024003|Significant risk
30786325591915|1625525010857|POS|false|1632685980366|Minimal risk
57174604658540|1668009273239|NFC|false|1671454823253|Significant risk
30786325591917|1627612224049|QRCode|false|1637642176346|Moderate risk
61572651169646|1671315309331|NFC|false|1672034892706|Very high risk
39582418614127|1638124731911|POS|false|1661661841806|Low risk
48378511636336|1650787014465|WIFI|false|1652701890297|Critical risk
17592186058609|1605800427848|RFID|false|1610484445573|Severe risk
39582418614130|1637928424574|IPv4|false|1643233786103|Critical risk
13194139547507|1600977419545|ATM|false|1608821919433|Minimal risk
57174604658548|1663768575259|WIFI|false|1671956269497|Very high risk
57174604658549|1668942795199|PHONE|false|1671140892385|Extreme risk
26388279080822|1620011871337|WIFI|false|1649201661241|Severe risk
8796093036407|1594870205552|PHONE|false|1645063997747|Significant risk
43980465125240|1645643974032|IPv4|false|1646604002109|Critical risk
52776558147449|1658235921874|IPv6|false|1668267886378|Critical risk
8796093036410|1592432519691|POS|false|1632598898021|Critical risk
13194139547515|1602775372746|QRCode|false|1654390459503|Minimal risk
57174604658556|1662995813781|IPv6|false|1671635333010|Very high risk
26388279080829|1617852360862|ATM|false|1637839139852|Low risk
13194139547518|1603368690529|QRCode|false|1623784808060|High risk
17592186058623|1610189224226|WIFI|false|1655667227179|Moderate risk
17592186058624|1606389831125|IPv6|false|1634976295502|Moderate risk
43980465125249|1649544736475|NFC|false|1670147454812|Moderate risk
4398046525314|1588462981801|RFID|false|1628699244077|High risk
21990232569731|1615566184212|IPv6|false|1632836728396|Minimal risk
30786325591940|1624680848868|NFC|false|1624881467755|Minimal risk
43980465125253|1645668081988|ATM|false|1646301874904|Minimal risk
8796093036422|1592553340157|POS|false|1671761729502|Low risk
8796093036423|1597285061323|POS|true|1669747890188|Minimal risk
14216|1581790502694|QRCode|false|1641165926043|Severe risk
21990232569737|1615327903656|PHONE|true|1669818611341|Low risk
48378511636362|1653717657022|NFC|false|1670516164888|Severe risk
21990232569739|1616470921572|WIFI|false|1631015858058|Very high risk
8796093036428|1593655544007|MAC|false|1616589487728|High risk
61572651169677|1671289189093|MAC|false|1671349218813|Extreme risk
52776558147470|1662743599238|IPv6|false|1671537024260|Very high risk
61572651169679|1672470627186|NFC|false|1672486233056|Very high risk
17592186058640|1607975122445|IPv4|false|1616471781811|Low risk
61572651169681|1669754242801|ATM|false|1671416492164|Extreme risk
52776558147474|1661037308675|WIFI|false|1661335758024|High risk
52776558147475|1658425070304|ATM|false|1666228977758|Significant risk
48378511636372|1650378124386|NFC|true|1669724244272|High risk
30786325591957|1623774538452|RFID|true|1643145325796|Critical risk
26388279080854|1618551408901|IPv6|false|1657699891214|High risk
17592186058647|1610225304249|IPv6|false|1620729148188|Very high risk
57174604658584|1668222153285|NFC|false|1672352627311|Very high risk
48378511636377|1650822370401|NFC|true|1669430401592|Critical risk
57174604658586|1664653122977|PHONE|false|1670288331959|Critical risk
8796093036443|1592571924102|RFID|false|1658855317029|Severe risk
48378511636380|1652585205648|IPv6|false|1663558092973|Extreme risk
52776558147485|1657380675677|IPv6|false|1672249232035|Extreme risk
39582418614174|1642804085541|PHONE|false|1660715747535|Critical risk
61572651169695|1672320475685|PHONE|false|1672413944732|Severe risk
26388279080864|1618651113625|POS|false|1643462853352|Very high risk
57174604658593|1662982772332|WIFI|false|1670651565566|Extreme risk
30786325591970|1625758200514|IPv4|false|1628874808103|Very high risk
17592186058659|1609319804211|IPv6|false|1615497001916|High risk
26388279080868|1619951412462|POS|false|1637864552530|Critical risk
35184372103077|1634365495224|NFC|false|1666270843862|Low risk
14246|1582457878466|IPv4|false|1585413461150|High risk
13194139547559|1599172026326|IPv4|false|1635876113805|Minimal risk
21990232569768|1611366234291|NFC|false|1665714032176|Very high risk
52776558147497|1660591855627|ATM|false|1668578370556|High risk
17592186058666|1609360555257|ATM|false|1658940224790|Minimal risk
14251|1581738230398|IPv4|false|1638420844598|High risk
43980465125292|1647987640326|IPv6|true|1665206538228|Low risk
14253|1581906238346|WIFI|false|1589848597375|High risk
26388279080878|1622590178452|ATM|false|1643354173893|Extreme risk
14255|1582637335871|IPv4|false|1603162513572|Minimal risk
14256|1581689534869|NFC|false|1642511819302|Very high risk
43980465125297|1648341834933|WIFI|false|1648474455510|Significant risk
57174604658610|1664160706520|WIFI|false|1667188267837|High risk
57174604658611|1669278522844|PHONE|false|1669455613120|High risk
4398046525364|1586804325817|IPv6|false|1627895501711|Low risk
35184372103093|1633544466524|NFC|false|1635447123844|Significant risk
35184372103094|1630815068428|ATM|false|1631620682891|Very high risk
14263|1582290267828|ATM|false|1650762982089|Very high risk
17592186058680|1609404032686|WIFI|false|1665386430285|Severe risk
35184372103097|1636429606594|WIFI|false|1667331438766|High risk
52776558147514|1662508969381|QRCode|false|1668606679876|Significant risk
43980465125307|1644674725868|POS|false|1646111123862|Severe risk
8796093036476|1596289158226|NFC|false|1664956410303|Significant risk
13194139547581|1599049180419|IPv4|false|1600664470838|Significant risk
8796093036478|1591638137506|PHONE|false|1632771607362|Very high risk
26388279080895|1620711622714|WIFI|false|1625789744401|Extreme risk
14272|1578602961278|NFC|true|1664780584226|Very high risk
43980465125313|1648234053554|QRCode|false|1651849168359|Very high risk
4398046525378|1590559955075|ATM|false|1612841926263|Extreme risk
39582418614211|1638746385687|IPv6|false|1671270071614|Very high risk
4398046525380|1588007194267|PHONE|false|1600744431139|Extreme risk
48378511636421|1655984326296|MAC|false|1666672962916|High risk
8796093036486|1596775222074|WIFI|false|1626749014944|Moderate risk
43980465125319|1645146999176|RFID|false|1666185243509|Moderate risk
21990232569800|1614635322122|PHONE|false|1637912352631|Low risk
30786325592009|1628472940351|POS|false|1662278003233|Severe risk
57174604658634|1666082543855|IPv4|false|1670737602508|Significant risk
30786325592011|1623917462555|IPv6|false|1637669359522|Very high risk
52776558147532|1659664012341|WIFI|false|1664044752215|Low risk
17592186058701|1608081425401|NFC|false|1663879234482|Moderate risk
4398046525390|1585632615636|NFC|false|1587814094696|Severe risk
48378511636431|1649834323784|QRCode|false|1669146306876|Critical risk
14288|1580702055652|NFC|false|1669977689927|Severe risk
8796093036497|1596956054830|NFC|false|1597183407668|High risk
4398046525394|1590362889082|MAC|false|1668349056595|Extreme risk
26388279080915|1620964863600|MAC|false|1669340158461|Minimal risk
14292|1579787077195|IPv4|false|1664542978662|Severe risk
61572651169749|1671466805653|MAC|false|1672380551880|Minimal risk
26388279080918|1621986211792|POS|false|1670278051240|Extreme risk
39582418614231|1640644185406|QRCode|false|1643062881701|High risk
35184372103128|1633412340524|MAC|false|1649544771598|Extreme risk
52776558147545|1659169707149|WIFI|false|1663841784821|Critical risk
14298|1578615490356|POS|false|1612459849051|Significant risk
17592186058715|1606962931047|POS|false|1649945046149|High risk
57174604658652|1665201952174|NFC|false|1671031805577|Critical risk
26388279080925|1618330553464|QRCode|false|1645269239767|High risk
26388279080926|1622682708666|POS|false|1665203388289|Significant risk
21990232569823|1615516028565|PHONE|false|1664149387415|Critical risk
13194139547616|1599035112092|WIFI|false|1612358247351|Minimal risk
13194139547617|1603295698439|RFID|false|1661777655357|Minimal risk
4398046525410|1587160692332|PHONE|true|1596622188853|Critical risk
39582418614243|1641174146030|IPv6|false|1670685805663|Severe risk
39582418614244|1641195289695|WIFI|false|1667177702362|High risk
57174604658661|1665211468591|QRCode|false|1666557241496|Very high risk
48378511636454|1655830745522|MAC|false|1660168747768|Very high risk
57174604658663|1663152566379|IPv4|false|1666796028190|Severe risk
8796093036520|1595880101292|QRCode|true|1631782291392|High risk
35184372103145|1636135050651|NFC|false|1651257228486|High risk
26388279080938|1618519649144|RFID|false|1670412375604|Critical risk
21990232569835|1612977190453|IPv6|false|1638840769368|Significant risk
14316|1578787706979|IPv4|false|1607820588313|Severe risk
17592186058733|1604054740547|IPv4|false|1613407678077|Moderate risk
14318|1582263509026|RFID|false|1658859320645|Very high risk
43980465125359|1643247449860|RFID|false|1651505188394|Low risk
26388279080944|1617196303940|PHONE|false|1628939796998|Critical risk
57174604658673|1667526782437|QRCode|false|1672218709827|Low risk
48378511636466|1653309123093|ATM|false|1670520732161|Severe risk
43980465125363|1649401829210|NFC|false|1664627561173|Very high risk
39582418614260|1641050017703|ATM|false|1661709435672|Extreme risk
21990232569845|1610563813233|NFC|false|1638921762744|Minimal risk
14326|1583865469338|IPv6|false|1586473582077|Very high risk
39582418614263|1639694136508|IPv4|false|1647851630535|High risk
13194139547640|1600425368261|IPv4|false|1654888717992|Low risk
8796093036537|1595328872679|NFC|false|1669533482188|Low risk
14330|1580685553963|PHONE|false|1672159238968|Low risk
8796093036539|1592070531944|ATM|false|1627235957337|Moderate risk
48378511636476|1655317949885|IPv6|false|1664443020627|Severe risk
48378511636477|1654127992300|PHONE|false|1664615591383|Minimal risk
39582418614270|1642336770067|MAC|false|1642943143238|Minimal risk
48378511636479|1655759846501|POS|false|1670168765827|Critical risk
39582418614272|1638433015567|NFC|false|1640550060302|Significant risk
52776558147585|1657703653491|MAC|false|1662359491651|Low risk
26388279080962|1617455941545|POS|false|1633991778727|Very high risk
61572651169795|1670101929817|PHONE|false|1671309235317|Minimal risk
43980465125380|1646528431273|POS|false|1671149854342|Extreme risk
57174604658693|1665472840054|POS|false|1671475685608|Critical risk
48378511636486|1654029575324|ATM|false|1667791054437|Very high risk
13194139547655|1600630903552|POS|false|1632768683173|High risk
35184372103176|1633237564269|RFID|false|1659770294503|Moderate risk
52776558147593|1659040393342|ATM|true|1659532806166|Severe risk
43980465125386|1646369824995|RFID|false|1663145628008|Low risk
8796093036555|1595096018708|NFC|false|1596937600812|Low risk
48378511636492|1649742154869|PHONE|false|1653925662148|Very high risk
21990232569869|1611633287687|WIFI|false|1644793672196|Low risk
26388279080974|1617498652034|NFC|false|1626744447282|Critical risk
13194139547663|1598770952264|WIFI|false|1640793961736|High risk
17592186058768|1610316299669|RFID|false|1662369548161|Moderate risk
8796093036561|1592602918485|NFC|false|1621151001660|Moderate risk
26388279080978|1620861845855|NFC|false|1657115499602|Critical risk
61572651169811|1672519373977|ATM|false|1672521664602|High risk
17592186058772|1605645108012|RFID|false|1641232701659|Moderate risk
13194139547669|1598466958347|ATM|false|1620035615360|Significant risk
39582418614294|1638165308393|WIFI|false|1670709293805|Significant risk
35184372103191|1635568776560|POS|false|1660574395182|Minimal risk
52776558147608|1662578351945|IPv4|false|1667040716807|Severe risk
52776558147609|1661332611474|WIFI|false|1668776265488|Critical risk
17592186058778|1608800839771|NFC|false|1658057028126|Extreme risk
8796093036571|1593152738299|MAC|false|1668459149392|Very high risk
13194139547676|1598328981168|QRCode|false|1613099955172|Low risk
61572651169821|1671126804737|ATM|false|1672311771651|Moderate risk
21990232569886|1612861782855|QRCode|false|1641610660064|High risk
52776558147615|1659702793385|PHONE|false|1670885367786|Low risk
48378511636512|1653099205724|POS|false|1668630785328|Significant risk
21990232569889|1615798659619|NFC|true|1654603739244|Severe risk
4398046525474|1586585295028|IPv6|false|1668820991339|Critical risk
4398046525475|1587904800439|IPv6|false|1633197950657|Critical risk
14372|1581991150424|RFID|false|1663824247356|Extreme risk
61572651169829|1669446555427|RFID|false|1671962798309|Significant risk
21990232569894|1617029569947|WIFI|false|1659257403012|Moderate risk
14375|1581823734281|IPv4|false|1665342745081|Minimal risk
4398046525480|1586940729768|WIFI|false|1606973588861|Minimal risk
30786325592105|1624626670332|QRCode|false|1639633586208|Significant risk
8796093036586|1592070723664|QRCode|false|1656316871125|Critical risk
52776558147627|1657001753982|RFID|false|1665943155286|Severe risk
52776558147628|1660756527978|NFC|false|1672226947494|Very high risk
21990232569901|1613560464430|PHONE|false|1645144597485|Moderate risk
14382|1578964411895|RFID|false|1634559790719|Moderate risk
14383|1579774617927|ATM|false|1662572068431|Extreme risk
13194139547696|1597471832529|NFC|false|1611657398788|Moderate risk
21990232569905|1613523943818|QRCode|false|1662436489573|Very high risk
39582418614322|1637460841824|ATM|false|1658077575243|Significant risk
21990232569907|1615621256027|WIFI|false|1655077088456|Low risk
39582418614324|1642137199301|ATM|false|1672273129347|Low risk
13194139547701|1603642092785|POS|false|1627159516664|Minimal risk
8796093036598|1595311820471|NFC|true|1603430083091|Significant risk
30786325592119|1629130300162|NFC|false|1632746438798|Severe risk
48378511636536|1652611235619|WIFI|false|1658019208252|High risk
26388279081017|1619662912313|NFC|false|1641637596849|Minimal risk
52776558147642|1659217621167|PHONE|false|1670128364833|Moderate risk
8796093036603|1596797948715|IPv6|false|1669309986924|Moderate risk
39582418614332|1638540112349|IPv6|true|1648263942604|High risk
52776558147645|1661736369419|IPv4|false|1671427759132|Severe risk
21990232569918|1614247464401|NFC|false|1648762797603|Minimal risk
57174604658751|1663566919392|IPv6|false|1664596632706|Low risk
14400|1583559471664|IPv4|false|1611002414962|Moderate risk
52776558147649|1659998634222|IPv6|false|1662861299685|Extreme risk
21990232569922|1616330166555|WIFI|false|1647113029575|Critical risk
35184372103235|1634462799621|NFC|false|1660067568605|Moderate risk
35184372103236|1632436360777|NFC|false|1665815709795|Minimal risk
4398046525509|1588555294620|RFID|false|1619409801627|Critical risk
13194139547718|1603810290258|PHONE|false|1612379459701|Significant risk
21990232569927|1615273917557|POS|false|1635578540648|High risk
4398046525512|1588788820451|POS|false|1633972896424|Extreme risk
30786325592137|1624352248803|NFC|false|1645725546839|Very high risk
4398046525514|1587872679693|RFID|false|1640860889584|Low risk
30786325592139|1624595382235|PHONE|false|1637864921298|Extreme risk
39582418614348|1637560728651|WIFI|false|1649702408930|Low risk
8796093036621|1594641932668|RFID|false|1635032199243|Minimal risk
39582418614350|1642030701616|IPv6|true|1656836783377|Moderate risk
48378511636559|1650933359486|IPv4|false|1651993320808|Moderate risk
4398046525520|1590539842579|PHONE|false|1621793071177|Extreme risk
35184372103249|1633071501644|ATM|false|1633320262359|Extreme risk
48378511636562|1649761009657|QRCode|false|1651316845126|Minimal risk
52776558147667|1660420199828|IPv4|false|1664923046893|Severe risk
48378511636564|1650129413911|POS|false|1664414826258|Low risk
43980465125461|1648149026632|NFC|false|1650614680633|Significant risk
14422|1578558483430|POS|false|1608968589669|High risk
21990232569943|1616743224469|PHONE|false|1662319721463|High risk
35184372103256|1632522860493|ATM|false|1649989912499|Significant risk
26388279081049|1618253817643|WIFI|false|1619909920518|Very high risk
26388279081050|1618374131091|PHONE|false|1619594050466|Minimal risk
30786325592155|1624918932319|PHONE|false|1632191495078|Very high risk
43980465125468|1649375822784|PHONE|false|1661075191231|Minimal risk
61572651169885|1671705719274|QRCode|false|1671766109570|Severe risk
43980465125470|1645667968892|WIFI|false|1662624514135|Severe risk
57174604658783|1665161393591|RFID|false|1668079793528|High risk
43980465125472|1648725844002|RFID|false|1664877261039|Severe risk
52776558147681|1657328640914|POS|false|1658238380240|Significant risk
30786325592162|1624629989631|MAC|false|1628970614301|Severe risk
13194139547747|1599047332704|IPv6|false|1654757473835|Extreme risk
43980465125476|1646294734758|POS|false|1666003912809|Severe risk
26388279081061|1619604288357|MAC|false|1646580719901|Minimal risk
35184372103270|1632415577379|NFC|false|1668776586887|Significant risk
17592186058855|1609083821457|IPv4|false|1659077491568|Extreme risk
17592186058856|1608347035340|IPv6|false|1671207482996|High risk
14441|1581248543020|MAC|false|1640140887950|High risk
57174604658794|1664946871581|WIFI|false|1672439089668|Low risk
39582418614379|1637498247736|MAC|false|1648311475835|High risk
21990232569964|1613769955005|ATM|false|1618934512454|Very high risk
30786325592173|1626545188080|IPv6|false|1639241979599|Severe risk
52776558147694|1656979162155|WIFI|false|1666571757011|Low risk
8796093036655|1591647191166|NFC|false|1607539675742|High risk
43980465125488|1645128188513|NFC|false|1656522142661|Critical risk
26388279081073|1622821775913|POS|false|1669876526373|Very high risk
21990232569970|1613498949376|IPv6|false|1659348603479|Severe risk
57174604658803|1665497081647|NFC|false|1670105097017|Critical risk
30786325592180|1628406116478|MAC|false|1628624304573|Minimal risk
4398046525557|1590602701403|ATM|false|1655976451272|Minimal risk
35184372103286|1630135140915|QRCode|false|1665168997864|Very high risk
57174604658807|1664716758814|MAC|false|1667860042255|Significant risk
21990232569976|1613649131883|PHONE|false|1614939880133|Moderate risk
35184372103289|1633144602739|NFC|false|1645619017825|Extreme risk
8796093036666|1594043543633|ATM|false|1606961388232|Very high risk
21990232569979|1610928795251|PHONE|false|1617357443038|Very high risk
35184372103292|1631114976083|QRCode|false|1668052484803|Low risk
52776558147709|1660023915431|IPv6|true|1666393858199|Significant risk
39582418614398|1640000466865|QRCode|false|1643211139103|Minimal risk
4398046525567|1585875270130|ATM|false|1626593192194|Very high risk
26388279081088|1622094754842|RFID|false|1668427465006|High risk
30786325592193|1625957275135|QRCode|false|1629315106074|Critical risk
8796093036674|1591632775202|WIFI|false|1640489973529|Very high risk
30786325592195|1625685937335|QRCode|false|1655831815431|Very high risk
52776558147716|1657596076315|MAC|true|1672044189621|Low risk
21990232569989|1613454490070|RFID|false|1661410805065|Extreme risk
30786325592198|1629369729484|IPv4|true|1631125350532|Critical risk
13194139547783|1599236094351|POS|false|1667505855926|Significant risk
21990232569992|1610986326813|ATM|false|1672135301534|Severe risk
17592186058889|1604006782389|ATM|false|1666373274367|Significant risk
61572651169930|1670250312032|PHONE|false|1670666077580|Significant risk
21990232569995|1610940014088|PHONE|false|1637497968793|Significant risk
21990232569996|1614331683617|WIFI|false|1661864697248|Extreme risk
13194139547789|1597495146934|NFC|false|1644460391372|High risk
13194139547790|1601483329428|QRCode|false|1608509933572|Low risk
14479|1580078806430|IPv4|false|1657793766879|Low risk
61572651169936|1669429824745|QRCode|false|1671160564260|Significant risk
14481|1580699458756|WIFI|false|1642985744746|Very high risk
30786325592210|1629338730126|POS|false|1652714910807|High risk
48378511636627|1652072097008|IPv4|false|1663853435745|Extreme risk
8796093036692|1593277488239|MAC|false|1639812188248|Critical risk
8796093036693|1595668771982|IPv6|false|1662340875102|Minimal risk
30786325592214|1625153789213|QRCode|false|1647560358976|Critical risk
30786325592215|1628643181732|POS|false|1643670994419|Severe risk
4398046525592|1584497992153|RFID|false|1642313365259|Moderate risk
13194139547801|1597667345357|WIFI|false|1631546152261|Significant risk
17592186058906|1607299748943|ATM|false|1627657847298|Minimal risk
14491|1583673761621|ATM|false|1625485448773|Significant risk
52776558147740|1658827400143|IPv4|false|1660788076213|Minimal risk
57174604658845|1666577221496|MAC|false|1669137156370|Moderate risk
8796093036702|1596711705337|IPv4|false|1616293657499|Critical risk
35184372103327|1635121467467|RFID|false|1659550841441|Critical risk
43980465125536|1646729226324|MAC|false|1671385975678|Extreme risk
52776558147745|1657240221886|IPv6|false|1659268319688|Minimal risk
52776558147746|1660030488055|POS|false|1670119315999|Low risk
26388279081123|1621784663806|ATM|false|1632123876478|Very high risk
14500|1579414692579|WIFI|false|1647478825339|Minimal risk
13194139547813|1603702143914|WIFI|false|1638566659442|Extreme risk
8796093036710|1592156069076|RFID|false|1606810425616|Moderate risk
26388279081127|1622810437876|POS|false|1652335732082|High risk
43980465125544|1644902376540|QRCode|false|1655517848981|Low risk
17592186058921|1607183189744|POS|false|1607856814710|Moderate risk
4398046525610|1585842008926|ATM|false|1668495512987|Extreme risk
57174604658859|1668264259470|IPv6|false|1671744050868|Minimal risk
52776558147756|1662646237041|IPv4|false|1672089293366|Moderate risk
30786325592237|1628504113479|QRCode|false|1643112677264|Moderate risk
14510|1583290414371|ATM|false|1632093269261|Extreme risk
61572651169967|1669837540456|IPv4|true|1670038809123|Significant risk
35184372103344|1635528178846|MAC|false|1670973762613|Severe risk
17592186058929|1606899730974|NFC|false|1608103380484|High risk
30786325592242|1628919262518|QRCode|false|1659881417733|Critical risk
48378511636659|1650588744028|WIFI|false|1659781749512|Moderate risk
21990232570036|1615292110158|QRCode|false|1621937739271|High risk
4398046525621|1585594371996|ATM|false|1644445101267|Significant risk
4398046525622|1587965527770|MAC|false|1608265017072|Critical risk
48378511636663|1653965019759|IPv4|false|1657138478445|Low risk
52776558147768|1656952405296|IPv6|false|1664054224846|Significant risk
48378511636665|1650002508421|QRCode|false|1663902053110|Moderate risk
8796093036730|1592239920014|POS|false|1628599236094|Extreme risk
8796093036731|1590956346348|IPv4|false|1628154609683|Moderate risk
57174604658876|1664595261899|RFID|false|1666252696204|Extreme risk
30786325592253|1624702273946|IPv4|false|1657194629176|Severe risk
43980465125566|1643723799328|QRCode|false|1670553202997|Extreme risk
52776558147775|1656815943727|IPv4|false|1667625934690|Low risk
48378511636672|1653498636956|IPv6|false|1670259140573|Low risk
61572651169985|1672048644867|WIFI|false|1672301940213|Severe risk
8796093036738|1596207232036|IPv6|false|1601589935005|Moderate risk
39582418614467|1637368047278|PHONE|false|1658729971878|Severe risk
14532|1583849172928|RFID|false|1596052098815|Significant risk
13194139547845|1601476770059|POS|false|1661108170227|High risk
4398046525638|1585980328958|ATM|false|1656322558600|High risk
21990232570055|1614873992964|NFC|false|1635555423856|Very high risk
57174604658888|1667724968955|ATM|false|1671930415518|Critical risk
26388279081161|1617938554339|MAC|true|1658985077673|Extreme risk
4398046525642|1587789550623|ATM|false|1651736518947|Moderate risk
48378511636683|1650163632720|NFC|false|1653002469758|Critical risk
26388279081164|1621972168606|PHONE|false|1669604778619|Critical risk
52776558147789|1661025758982|RFID|false|1664074158069|Significant risk
14542|1582493476299|NFC|false|1627452907294|Minimal risk
57174604658895|1669114561187|WIFI|false|1669350328533|Extreme risk
30786325592272|1624987327925|NFC|false|1649809707422|Significant risk
30786325592273|1624706230185|POS|false|1655304275576|High risk
48378511636690|1652741681209|QRCode|false|1667107770007|Very high risk
57174604658899|1665665788761|QRCode|false|1669902336291|Significant risk
8796093036756|1595539926650|RFID|false|1602448103931|High risk
52776558147797|1662356493639|MAC|false|1667435957416|Significant risk
48378511636694|1653413558035|ATM|false|1671630023185|Significant risk
52776558147799|1658577416699|MAC|false|1669087299276|Significant risk
57174604658904|1667980520701|IPv6|false|1668909815930|Very high risk
43980465125593|1646852903323|RFID|false|1669183025141|Moderate risk
17592186058970|1608769502403|PHONE|false|1633237567889|High risk
43980465125595|1646732135409|IPv4|false|1660143661708|Minimal risk
26388279081180|1622185641016|ATM|false|1628867966368|Moderate risk
61572651170013|1670884868395|NFC|false|1671721699786|Severe risk
43980465125598|1649481596935|WIFI|false|1661951363285|Critical risk
35184372103391|1635863265353|PHONE|false|1667290287885|Very high risk
48378511636704|1655241700987|POS|false|1662960492816|Severe risk
14561|1579548759026|ATM|false|1639127181518|Very high risk
13194139547874|1600782615870|IPv4|false|1644993219880|Severe risk
17592186058979|1605131883178|IPv6|false|1661598638559|High risk
48378511636708|1653426162772|IPv4|false|1658816252878|Very high risk
13194139547877|1603301529180|IPv4|false|1649410407104|Minimal risk
61572651170022|1669513218794|WIFI|false|1671312722539|High risk
21990232570087|1613128503635|WIFI|false|1643497076902|Extreme risk
4398046525672|1586189765079|IPv6|false|1665688092636|Moderate risk
35184372103401|1632979410845|IPv6|false|1651976078906|Extreme risk
48378511636714|1655277276104|IPv4|false|1659776020761|Critical risk
8796093036779|1594532640817|IPv6|false|1661444190473|Extreme risk
30786325592300|1628671626408|WIFI|false|1659305831426|Extreme risk
35184372103405|1636449089830|ATM|false|1665852025280|Critical risk
8796093036782|1596254796618|MAC|false|1602919456694|Severe risk
21990232570095|1611658038162|MAC|false|1660946322321|Low risk
21990232570096|1614032566893|POS|false|1616150675107|Extreme risk
13194139547889|1598454634842|RFID|false|1627264889641|Very high risk
14578|1583563912299|RFID|false|1668299196766|Moderate risk
57174604658931|1664722846418|WIFI|false|1671720264752|Very high risk
35184372103412|1633795226592|ATM|false|1655119481766|Significant risk
17592186058997|1606539969268|RFID|false|1655112384468|Minimal risk
14582|1578287744560|IPv6|false|1603409371881|Minimal risk
8796093036791|1596659308892|NFC|false|1660265381177|Minimal risk
52776558147832|1657269055620|WIFI|false|1669347630363|Critical risk
43980465125625|1647735276146|PHONE|false|1654691601444|Moderate risk
17592186059002|1605588770434|RFID|false|1662388521263|Low risk
17592186059003|1607285746686|NFC|false|1629055478100|Critical risk
52776558147836|1660702298281|IPv6|false|1662389730207|Critical risk
30786325592317|1625882723638|WIFI|false|1654356225684|Minimal risk
21990232570110|1616248857447|IPv4|false|1639099490181|Minimal risk
52776558147839|1660149393043|WIFI|false|1664455333121|Minimal risk
8796093036800|1591131041082|IPv6|false|1657432602254|High risk
43980465125633|1649043797828|NFC|false|1670717440665|Moderate risk
30786325592322|1627718332033|WIFI|false|1671072360892|High risk
61572651170051|1672335995896|QRCode|false|1672426246336|Minimal risk
30786325592324|1629649740502|IPv6|false|1658026854199|Severe risk
26388279081221|1622627208458|QRCode|false|1637731577355|Low risk
48378511636742|1654917801917|MAC|false|1672297843252|Moderate risk
17592186059015|1607453492450|IPv6|false|1621441838946|Moderate risk
13194139547912|1603566880923|WIFI|false|1656463416906|Extreme risk
8796093036809|1593867208813|NFC|true|1659571734112|Minimal risk
14602|1582165648289|MAC|false|1594020019284|Moderate risk
61572651170059|1671827615545|MAC|false|1672468597204|Critical risk
13194139547916|1602185333172|POS|false|1626395102346|Critical risk
17592186059021|1604571630090|WIFI|false|1641998806101|Critical risk
26388279081230|1617814057122|IPv4|false|1669981468379|Minimal risk
4398046525711|1588561110286|RFID|false|1595979858691|Very high risk
52776558147856|1661182188368|RFID|false|1667274194153|Very high risk
4398046525713|1585781037316|MAC|false|1659757405728|High risk
52776558147858|1661024059444|IPv6|false|1669631627234|Severe risk
4398046525715|1590279553059|PHONE|false|1645456186483|Significant risk
57174604658964|1662778019039|NFC|false|1663887295036|Moderate risk
35184372103445|1630916230774|MAC|false|1647221038825|Significant risk
13194139547926|1602174396211|QRCode|false|1665336078063|High risk
48378511636759|1651483803650|NFC|false|1669604679388|Moderate risk
21990232570136|1610975066694|POS|false|1666150668747|High risk
57174604658969|1665390280127|IPv6|false|1667605548926|High risk
4398046525722|1585630621860|PHONE|false|1666036597943|Significant risk
39582418614555|1639246819386|ATM|false|1672181093734|Moderate risk
35184372103452|1633744664114|QRCode|false|1672213001299|Moderate risk
35184372103453|1635854660159|NFC|false|1650819852471|Significant risk
30786325592350|1623606025591|PHONE|false|1637534550468|Critical risk
26388279081247|1622124845461|RFID|false|1665766494799|Minimal risk
57174604658976|1668183364176|PHONE|false|1670583313362|Minimal risk
14625|1579768000617|POS|false|1585032427613|High risk
14626|1579347928916|IPv4|false|1639863234867|Extreme risk
17592186059043|1609426631822|MAC|false|1650706960571|High risk
57174604658980|1664001989148|QRCode|false|1671076570612|Very high risk
48378511636773|1650345388179|MAC|false|1664169998515|High risk
43980465125670|1649105672471|ATM|false|1651071468601|Severe risk
13194139547943|1602511844763|PHONE|false|1668222666649|Severe risk
43980465125672|1643819059196|NFC|false|1665630763001|Extreme risk
61572651170089|1670084295198|MAC|false|1671932832051|Moderate risk
14634|1580390633345|WIFI|false|1582453761715|Extreme risk
61572651170091|1670628297449|ATM|false|1671450950875|Very high risk
35184372103468|1630930765055|IPv6|false|1637728846196|Critical risk
57174604658989|1666357393140|IPv6|false|1667173944049|High risk
39582418614574|1639170107355|WIFI|false|1653187272805|Low risk
13194139547951|1603723470881|QRCode|false|1654722277512|Moderate risk
43980465125680|1645080858708|QRCode|false|1670702282895|Low risk
30786325592369|1624155110275|RFID|false|1632687640872|Low risk
13194139547954|1599521360669|NFC|false|1657337378441|Moderate risk
4398046525747|1585317147522|IPv4|false|1645503459877|Minimal risk
14644|1579561006473|IPv4|false|1602420681418|Extreme risk
39582418614581|1642585297521|MAC|false|1666457854241|Critical risk
30786325592374|1627480433616|WIFI|false|1632248474716|High risk
13194139547959|1599652553823|WIFI|false|1672012788309|Severe risk
17592186059064|1607928927480|ATM|false|1667476149001|Minimal risk
30786325592377|1629254844245|WIFI|false|1648268430683|Extreme risk
17592186059066|1605783136180|POS|false|1650133928202|Extreme risk
61572651170107|1669641189706|QRCode|false|1670964292339|Significant risk
52776558147900|1659184404848|MAC|false|1666516824240|Severe risk
17592186059069|1606136177580|RFID|false|1645221664492|Severe risk
17592186059070|1606232808947|WIFI|false|1617434033194|Extreme risk
17592186059071|1606922281650|POS|false|1639727232247|Minimal risk
4398046525760|1590110437672|WIFI|false|1662542471665|Very high risk
14657|1582936574947|WIFI|false|1620025930447|Extreme risk
26388279081282|1619774588998|POS|false|1627116415888|Extreme risk
52776558147907|1662748410398|RFID|false|1667268518671|Low risk
48378511636804|1650978771221|ATM|false|1657385190931|Minimal risk
39582418614597|1638975219981|POS|false|1652673662994|Severe risk
61572651170118|1671722730101|QRCode|false|1672320847975|Moderate risk
17592186059079|1609334574997|NFC|false|1617693574198|Extreme risk
48378511636808|1651683047011|IPv6|false|1670538963580|Very high risk
26388279081289|1618829478883|ATM|false|1658223625416|Very high risk
14666|1581315074708|QRCode|false|1658902938534|Severe risk
43980465125707|1643205803209|NFC|false|1669418329097|Significant risk
30786325592396|1624318722339|NFC|false|1663885117263|Minimal risk
52776558147917|1656285259295|IPv6|false|1663938796138|Severe risk
14670|1582741954902|IPv4|false|1664420854195|Severe risk
39582418614607|1642375340400|IPv4|false|1646543633699|Low risk
8796093036880|1594172988741|WIFI|false|1663173872718|Significant risk
39582418614609|1641086894588|PHONE|false|1645186941321|Critical risk
30786325592402|1623658786472|RFID|false|1655866203622|Moderate risk
14675|1579452832527|MAC|false|1666268275570|Very high risk
4398046525780|1590038955582|WIFI|false|1655445133629|Critical risk
57174604659029|1665124149125|PHONE|false|1669441075974|Very high risk
48378511636822|1654158376722|POS|false|1661960192118|Very high risk
26388279081303|1619419731295|POS|false|1643051713211|Moderate risk
21990232570200|1610733299273|ATM|false|1621779853738|Minimal risk
52776558147929|1656691356269|POS|false|1657463979247|Very high risk
21990232570202|1610896962949|MAC|false|1671070755639|Extreme risk
26388279081307|1617170849911|POS|false|1633538416159|Significant risk
39582418614620|1640977196418|IPv6|false|1661218502719|High risk
17592186059101|1605632626815|QRCode|false|1665232995403|Moderate risk
30786325592414|1628836348656|MAC|false|1643174930318|Moderate risk
39582418614623|1641286878148|IPv4|false|1667421985088|High risk
17592186059104|1609037261768|IPv4|false|1619499922881|Significant risk
8796093036897|1593581280422|MAC|false|1652292001719|Minimal risk
52776558147938|1659692903122|RFID|false|1660538133183|Very high risk
35184372103523|1631736319281|IPv6|false|1645243247887|Critical risk
35184372103524|1631743110955|NFC|false|1659868847494|Critical risk
17592186059109|1605218201212|WIFI|false|1668779442020|Extreme risk
14694|1580891752156|QRCode|false|1664767988086|Very high risk
52776558147943|1660579203144|IPv6|false|1662437256847|Very high risk
35184372103528|1632341366875|IPv4|false|1659529860655|Extreme risk
4398046525801|1588903216728|MAC|false|1615755087218|Critical risk
13194139548010|1602392067455|POS|false|1623749463682|Critical risk
30786325592427|1627820203237|ATM|false|1646910798909|Severe risk
48378511636844|1651304303298|NFC|false|1668845490609|Extreme risk
17592186059117|1605926143905|IPv6|false|1615372498961|Severe risk
35184372103534|1635480922170|WIFI|false|1658160974031|Minimal risk
57174604659055|1668580638072|WIFI|false|1672225668627|Severe risk
52776558147952|1661272111909|IPv4|false|1671407274970|Severe risk
61572651170161|1672090360761|RFID|false|1672279141573|High risk
35184372103538|1633471191705|RFID|false|1658676335981|Severe risk
52776558147955|1656342968603|WIFI|false|1668528140071|Extreme risk
35184372103540|1630127685327|QRCode|false|1662288532791|Significant risk
26388279081333|1621547895758|ATM|false|1667576997445|High risk
61572651170166|1669938508719|MAC|false|1671607330154|Extreme risk
17592186059127|1607579200847|IPv4|false|1608794983229|Significant risk
52776558147960|1659313313576|PHONE|false|1663562296874|Low risk
4398046525817|1590335232049|POS|false|1635489912827|Very high risk
61572651170170|1670243886448|POS|false|1672002057526|Significant risk
43980465125755|1647167540231|QRCode|false|1662498699307|High risk
57174604659068|1666897701223|NFC|true|1667697003240|Extreme risk
35184372103549|1632025186818|RFID|false|1637718359070|Significant risk
21990232570238|1616586597548|RFID|false|1650326342304|Extreme risk
48378511636863|1655569089524|WIFI|false|1661044108349|Minimal risk
21990232570240|1612311444954|WIFI|false|1653058818469|Low risk
39582418614657|1642392398779|WIFI|false|1645867341742|Extreme risk
26388279081346|1622439442317|MAC|false|1655546063883|High risk
14723|1579586077385|NFC|false|1660744080109|High risk
48378511636868|1653285754324|POS|false|1656105255045|Very high risk
52776558147973|1661492151059|RFID|false|1671114405828|Minimal risk
4398046525830|1590794973320|RFID|false|1614204096353|Moderate risk
52776558147975|1660072935850|POS|false|1665710488411|Minimal risk
26388279081352|1620073295107|ATM|false|1624271727418|Extreme risk
26388279081353|1622544780216|ATM|false|1666692777058|Low risk
57174604659082|1664029930210|POS|false|1669198674454|Extreme risk
14731|1584080496817|WIFI|true|1619927867540|High risk
39582418614668|1639750684055|IPv4|false|1648037950126|Significant risk
57174604659085|1663027379918|NFC|false|1663436789382|Severe risk
52776558147982|1659712433148|WIFI|false|1664903271274|Low risk
43980465125775|1646413758143|IPv6|false|1646414748799|Moderate risk
43980465125776|1648331858530|IPv4|false|1666557147229|Moderate risk
30786325592465|1628848597548|PHONE|false|1641673130420|Moderate risk
30786325592466|1624354307319|QRCode|false|1664959066609|Minimal risk
8796093036947|1592510231665|POS|false|1614512846120|Very high risk
57174604659092|1662886225723|ATM|false|1666092582779|Significant risk
21990232570261|1614416560093|QRCode|false|1667217534951|Very high risk
52776558147990|1658929054422|WIFI|false|1659468215270|Moderate risk
52776558147991|1656358098591|QRCode|false|1671047566624|Critical risk
21990232570264|1614668337976|IPv6|false|1616491918785|Moderate risk
13194139548057|1600754495038|ATM|false|1655437054913|Extreme risk
61572651170202|1669482606234|RFID|false|1670502762187|Low risk
13194139548059|1597970315697|PHONE|false|1615728612544|High risk
61572651170204|1672392950994|IPv6|false|1672436204343|High risk
4398046525853|1590039236029|NFC|false|1634325900533|Moderate risk
14750|1582697291557|IPv6|false|1668034493639|Low risk
52776558147999|1658779843140|MAC|false|1670912057845|Extreme risk
48378511636896|1653402182679|IPv4|false|1664403904997|Very high risk
4398046525857|1588373515618|NFC|false|1597725787064|Moderate risk
39582418614690|1639022538429|NFC|false|1654382969487|Severe risk
26388279081379|1620654112400|POS|false|1666695095736|Severe risk
48378511636900|1651259364694|QRCode|false|1672046801742|Low risk
13194139548069|1597666784202|MAC|false|1618895778883|Minimal risk
14758|1581903051465|QRCode|false|1591047256082|Moderate risk
35184372103591|1634807030923|ATM|false|1671778566564|Minimal risk
61572651170216|1670579439181|WIFI|true|1672448839219|Extreme risk
48378511636905|1654415036564|WIFI|false|1665351805508|Severe risk
35184372103594|1635436388686|RFID|false|1655201940767|High risk
35184372103595|1636061389000|IPv4|true|1646185037663|Very high risk
57174604659116|1667632886106|IPv4|false|1671061555069|Critical risk
48378511636909|1655493089512|PHONE|false|1660753282958|Minimal risk
57174604659118|1669289786417|NFC|false|1669359587092|Critical risk
4398046525871|1584809946459|ATM|false|1653016904719|Minimal risk
8796093036976|1596528929006|PHONE|false|1601219218568|Very high risk
52776558148017|1659218975504|ATM|false|1662916630660|Minimal risk
52776558148018|1657195309891|PHONE|false|1664327307408|Extreme risk
48378511636915|1650871596350|RFID|false|1651750963588|High risk
26388279081396|1620535005202|QRCode|false|1629328962643|Extreme risk
52776558148021|1661449041261|RFID|false|1666681799358|High risk
35184372103606|1633889957605|IPv4|false|1667041615407|Severe risk
17592186059191|1607040002298|RFID|false|1656284918669|Minimal risk
4398046525880|1589158157909|RFID|false|1668587348600|Moderate risk
14777|1581755747698|RFID|false|1631390544012|Extreme risk
8796093036986|1594464510980|MAC|false|1671773225766|Low risk
52776558148027|1662003918987|POS|false|1664754320537|Critical risk
13194139548092|1601581308834|PHONE|false|1629680051786|Severe risk
61572651170237|1672163935474|QRCode|false|1672233206300|High risk
8796093036990|1595597334190|RFID|false|1613615577978|Very high risk
48378511636927|1653236098976|WIFI|false|1668252644256|Low risk
48378511636928|1654223229329|NFC|false|1657190111517|Significant risk
35184372103617|1632725082720|NFC|true|1643409146837|Minimal risk
13194139548098|1603964852410|POS|false|1620762026858|Severe risk
39582418614723|1636836744305|WIFI|false|1659361898992|High risk
39582418614724|1640569476494|NFC|false|1658571192080|Critical risk
26388279081413|1622805686234|PHONE|false|1626512040039|Moderate risk
57174604659142|1665904857861|NFC|false|1667791032664|Very high risk
35184372103623|1631827183354|WIFI|false|1667791910369|Critical risk
8796093037000|1592896706966|IPv4|false|1636752961355|Low risk
30786325592521|1628947217479|QRCode|false|1661193279878|Critical risk
61572651170250|1672302738419|MAC|false|1672453831143|Severe risk
14795|1581538460799|WIFI|false|1640773570794|Critical risk
21990232570316|1615054358294|QRCode|false|1644442155928|High risk
30786325592525|1625982160305|RFID|false|1647813918270|High risk
57174604659150|1666560725684|ATM|false|1669369434576|Significant risk
17592186059215|1606089277412|RFID|false|1649492784518|Moderate risk
39582418614736|1642464475844|MAC|false|1647922759614|Significant risk
14801|1583967930656|QRCode|false|1612935930570|Significant risk
57174604659154|1662788191495|IPv4|false|1666899407631|Critical risk
13194139548115|1598746309833|IPv4|false|1665345232959|Extreme risk
48378511636948|1654230815746|POS|false|1670985713622|Significant risk
43980465125845|1644199504556|ATM|false|1648739959999|Severe risk
13194139548118|1597485850209|IPv6|false|1600789286490|Minimal risk
57174604659159|1668900113372|IPv4|false|1672291833157|Moderate risk
39582418614744|1642907547484|MAC|false|1668841691958|Significant risk
21990232570329|1611002147495|ATM|false|1653112312122|Extreme risk
43980465125850|1649324252672|POS|false|1671658153110|Moderate risk
61572651170267|1670114766320|RFID|false|1671701620851|Critical risk
8796093037020|1591925051382|POS|true|1628452111102|High risk
30786325592541|1626712592449|PHONE|false|1667961043659|Critical risk
14814|1580386958779|PHONE|false|1605692865347|Extreme risk
57174604659167|1667574433810|IPv4|false|1671184980607|High risk
17592186059232|1604601471955|WIFI|false|1630235353524|Moderate risk
30786325592545|1625374410362|WIFI|false|1661771851701|Very high risk
17592186059234|1607069158480|QRCode|false|1624104894792|Critical risk
4398046525923|1585789342420|PHONE|false|1615209244044|Low risk
43980465125860|1645555887334|IPv4|false|1659358009038|Moderate risk
21990232570341|1615471489437|ATM|false|1646233702816|Extreme risk
39582418614758|1637978038096|RFID|false|1665554113729|Significant risk
39582418614759|1638797489128|RFID|false|1653108164422|Critical risk
48378511636968|1651930884777|QRCode|false|1658263907581|Extreme risk
39582418614761|1641371302387|NFC|false|1645337887282|Minimal risk
35184372103658|1636523230426|WIFI|false|1668898335041|Extreme risk
48378511636971|1655924148201|POS|true|1666283891119|Significant risk
13194139548140|1597492352089|NFC|false|1615468828188|Moderate risk
35184372103661|1632624620514|POS|false|1667008407284|Moderate risk
13194139548142|1597702019139|PHONE|false|1650391990565|Low risk
52776558148079|1659376621358|QRCode|false|1669313721095|High risk
21990232570352|1613955869098|WIFI|false|1632914246522|Minimal risk
4398046525937|1588206531584|PHONE|false|1596661577177|Significant risk
43980465125874|1648700344045|RFID|false|1652163140564|Low risk
43980465125875|1643425471628|QRCode|false|1648410993423|Very high risk
48378511636980|1649960200953|PHONE|false|1672301320867|Minimal risk
52776558148085|1659184943279|IPv4|false|1665290679113|Extreme risk
26388279081462|1621907037432|RFID|false|1633292157354|Very high risk
39582418614775|1641398025052|WIFI|false|1645658447874|Extreme risk
13194139548152|1598578850532|IPv4|false|1611261676991|Minimal risk
14841|1582055383243|POS|false|1582455828303|Minimal risk
39582418614778|1640688723984|IPv6|false|1657437837988|Minimal risk
35184372103675|1630607709708|QRCode|false|1642511199880|Critical risk
21990232570364|1614410142849|IPv4|false|1640968411938|High risk
52776558148093|1659361445733|QRCode|true|1662101210662|Significant risk
26388279081470|1617439513653|IPv6|false|1624998363956|Moderate risk
30786325592575|1624049410217|ATM|false|1637084448045|Moderate risk
8796093037056|1596030308592|ATM|false|1637815733471|Significant risk
30786325592577|1626206426111|WIFI|false|1644550391091|Minimal risk
35184372103682|1631302508890|NFC|false|1657972313296|Critical risk
43980465125891|1643430320913|NFC|false|1672414460468|Critical risk
48378511636996|1653847623672|MAC|false|1654943659843|Extreme risk
30786325592581|1628731847494|POS|false|1638390852329|Extreme risk
4398046525958|1589065991697|NFC|false|1609316609206|Moderate risk
26388279081479|1622932433354|WIFI|false|1630649301801|Moderate risk
4398046525960|1590163610141|QRCode|false|1667905707923|Severe risk
30786325592585|1628939982256|ATM|false|1669692471730|Critical risk
14858|1581226440291|NFC|false|1602926053099|Low risk
21990232570379|1615378114484|POS|false|1636449727081|Moderate risk
57174604659212|1665161688749|IPv6|false|1667834285444|High risk
57174604659213|1668106010227|IPv6|false|1669401956779|Minimal risk
21990232570382|1615810836342|NFC|false|1646330800059|Severe risk
35184372103695|1636472823670|ATM|false|1670066640293|Severe risk
8796093037072|1596446072048|WIFI|false|1666947584177|Low risk
21990232570385|1610778062387|MAC|false|1643864563717|High risk
43980465125906|1645729528457|QRCode|false|1663519453160|Critical risk
8796093037075|1592221596821|NFC|true|1593006588488|Very high risk
26388279081492|1620356013410|NFC|false|1652153315633|Moderate risk
35184372103701|1635131162087|QRCode|false|1644116294289|Severe risk
57174604659222|1668080863417|POS|false|1672266618529|Moderate risk
14871|1580460098039|IPv4|false|1593525791639|Significant risk
39582418614808|1637373346493|RFID|false|1654191911062|Severe risk
26388279081497|1617646448986|POS|false|1659692037363|Low risk
21990232570394|1616586827534|NFC|false|1638533925202|High risk
30786325592603|1629095620736|IPv4|false|1632873876342|Minimal risk
21990232570396|1610871610827|RFID|false|1649836195833|Moderate risk
48378511637021|1653862835629|MAC|false|1666298391935|Critical risk
13194139548190|1601816026503|ATM|false|1649835005575|Extreme risk
17592186059295|1608283152987|MAC|false|1631963223573|High risk
8796093037088|1595013419882|RFID|false|1624163718851|Minimal risk
39582418614817|1637718456547|NFC|false|1662004130033|Extreme risk
48378511637026|1653131613139|ATM|false|1656058344812|Low risk
21990232570403|1612563495149|QRCode|false|1633852703728|Critical risk
8796093037092|1593891516709|RFID|false|1650724013117|Significant risk
52776558148133|1661283807736|ATM|false|1661387649124|Significant risk
8796093037094|1594884452106|IPv4|false|1650571344476|Critical risk
8796093037095|1593602451959|IPv4|false|1621257498238|Significant risk
52776558148136|1661615351969|NFC|false|1669832470282|Low risk
48378511637033|1653994646350|NFC|false|1666406534584|Significant risk
8796093037098|1596619447475|IPv6|false|1654858649101|Low risk
39582418614827|1642784831341|MAC|false|1671504611965|High risk
26388279081516|1620746543770|QRCode|false|1633662789201|Moderate risk
13194139548205|1602425358679|IPv4|false|1668943571544|Low risk
17592186059310|1610114516993|WIFI|false|1661269270431|Extreme risk
17592186059311|1606093885564|IPv4|false|1671753129282|Severe risk
61572651170352|1670837028510|IPv6|false|1671308884072|Minimal risk
17592186059313|1609568789061|RFID|false|1651708596442|Minimal risk
14898|1583340048416|IPv6|false|1666123000154|Low risk
43980465125939|1645996600815|WIFI|true|1648107061545|Moderate risk
43980465125940|1646715606284|IPv6|true|1648513088100|Moderate risk
39582418614837|1636753148014|QRCode|false|1654651621577|Extreme risk
26388279081526|1617945488576|NFC|false|1624790130576|Critical risk
35184372103735|1636185842106|PHONE|false|1668251199898|Significant risk
8796093037112|1592984630765|NFC|false|1643417866687|Very high risk
48378511637049|1654370418221|IPv6|false|1659597698252|High risk
14906|1582088859602|IPv6|false|1613399321718|Extreme risk
52776558148155|1657328156349|WIFI|false|1665725953767|Significant risk
48378511637052|1654992518215|ATM|false|1655785790873|Severe risk
43980465125949|1647459177178|IPv6|false|1657056410869|Minimal risk
4398046526014|1589214193087|QRCode|false|1617741410692|Low risk
8796093037119|1594522128705|QRCode|false|1617419626963|Significant risk
26388279081536|1618859745270|NFC|false|1629791017169|Moderate risk
43980465125953|1645431807935|IPv4|false|1657845203621|Very high risk
61572651170370|1671837416145|QRCode|false|1671887143713|Extreme risk
4398046526019|1586201275077|MAC|false|1604293311223|Significant risk
26388279081540|1620237580042|QRCode|false|1631105808510|High risk
39582418614853|1641640587973|POS|false|1656827245157|Severe risk
26388279081542|1617990451480|IPv6|false|1668416074130|Significant risk
8796093037127|1593918714883|ATM|false|1647159795041|Severe risk
17592186059336|1606205179789|POS|false|1617044587231|Very high risk
39582418614857|1642538548163|RFID|false|1655478144620|Moderate risk
4398046526026|1584811205103|QRCode|false|1667202448782|Critical risk
57174604659275|1667599944847|IPv4|false|1669988603064|Minimal risk
26388279081548|1618361016166|RFID|false|1638700517514|Low risk
26388279081549|1622798767516|IPv4|false|1650473192705|High risk
21990232570446|1611103548530|RFID|false|1663117195399|Severe risk
13194139548239|1598311732572|IPv4|false|1611638593749|Moderate risk
14928|1580302220872|WIFI|false|1616190127069|Critical risk
52776558148177|1661103545986|MAC|false|1669113685412|Low risk
52776558148178|1662244532941|QRCode|false|1666221712916|Very high risk
17592186059347|1606558573138|IPv4|false|1635315818130|Extreme risk
48378511637076|1655303798462|MAC|false|1659983791275|Extreme risk
30786325592661|1624042647470|RFID|false|1639474465429|Significant risk
21990232570454|1614480465864|RFID|false|1663226633191|Low risk
35184372103767|1630144683960|QRCode|false|1661674547971|High risk
8796093037144|1594947192581|RFID|false|1661771226725|Minimal risk
26388279081561|1619221219896|ATM|false|1663330828510|Minimal risk
26388279081562|1617397080098|MAC|false|1624786077643|Critical risk
48378511637083|1655082947563|NFC|false|1662361876699|Extreme risk
57174604659292|1663504545373|MAC|false|1667543073942|Extreme risk
57174604659293|1667109740782|QRCode|false|1671481867195|High risk
8796093037150|1597424540885|QRCode|false|1612334848053|Moderate risk
57174604659295|1668039515823|QRCode|false|1671278081066|Moderate risk
48378511637088|1651068862386|QRCode|false|1661634732657|Minimal risk
4398046526049|1587282531722|QRCode|false|1619311348877|Severe risk
57174604659298|1667808869707|IPv6|false|1669992720019|Significant risk
8796093037155|1592923025112|POS|false|1665632896586|Very high risk
57174604659300|1664942784860|RFID|false|1669170262426|Significant risk
30786325592677|1625380757909|WIFI|false|1651249745367|Significant risk
26388279081574|1622913707018|RFID|false|1649105096147|Low risk
26388279081575|1621297101178|IPv6|false|1627832538096|Severe risk
35184372103784|1636366544628|MAC|false|1656294706204|Low risk
26388279081577|1619955585831|NFC|false|1641946283672|Critical risk
30786325592682|1626475919980|RFID|false|1630133290882|Significant risk
52776558148203|1656314257293|MAC|false|1661485178083|Significant risk
48378511637100|1649850503748|RFID|false|1667745895204|High risk
48378511637101|1655598167614|ATM|false|1669055642579|Significant risk
48378511637102|1651171744066|WIFI|false|1651973119227|Severe risk
13194139548271|1602057387606|QRCode|false|1668788024953|Very high risk
48378511637104|1651800059530|WIFI|false|1654119295834|Very high risk
17592186059377|1610342898782|MAC|false|1629799348115|Very high risk
21990232570482|1614326499561|MAC|false|1661466144611|Critical risk
26388279081587|1622842548789|NFC|false|1656309538533|Minimal risk
8796093037172|1596107054143|NFC|false|1634406906773|Minimal risk
21990232570485|1614006942194|IPv6|false|1619130330103|Very high risk
57174604659318|1667855714571|QRCode|false|1669029855061|Critical risk
13194139548279|1603290342503|RFID|false|1611434247022|Moderate risk
13194139548280|1599325786185|NFC|false|1614166281663|Significant risk
30786325592697|1629800016168|MAC|false|1660207766744|Critical risk
39582418614906|1640832282878|ATM|false|1659891853700|Moderate risk
61572651170427|1670424761726|RFID|false|1671745469659|Low risk
17592186059388|1604534152878|NFC|false|1629233901545|Very high risk
4398046526077|1589391021894|QRCode|true|1652734699367|High risk
26388279081598|1620849010045|IPv4|false|1633340785807|Very high risk
17592186059391|1608350379299|NFC|false|1615018848082|Low risk
14976|1580389952665|WIFI|false|1633706879808|Severe risk
35184372103809|1630769001677|ATM|false|1631113095348|Low risk
4398046526082|1584510309962|IPv6|false|1635581469876|Severe risk
43980465126019|1644684644112|POS|false|1648886481729|Severe risk
14980|1580814829836|POS|false|1631789306419|Severe risk
39582418614917|1637293402572|WIFI|false|1644496297194|Significant risk
26388279081606|1620267186468|ATM|false|1659834459061|Significant risk
57174604659335|1666390170208|WIFI|false|1667569585373|Very high risk
43980465126024|1648143044714|QRCode|false|1655371943847|Very high risk
8796093037193|1591625075824|RFID|false|1646703658434|Severe risk
21990232570506|1613634824495|IPv6|false|1622468999302|Severe risk
39582418614923|1642508096674|RFID|false|1665585485361|Low risk
26388279081612|1622933078749|POS|false|1663933635831|Extreme risk
57174604659341|1664213311514|POS|false|1672163405474|Low risk
43980465126030|1648930016459|RFID|false|1668955794004|Very high risk
4398046526095|1586297754248|ATM|false|1664608607296|Very high risk
52776558148240|1657984048681|QRCode|false|1665490618149|High risk
8796093037201|1596403525857|WIFI|false|1614404086747|Extreme risk
8796093037202|1596041341830|PHONE|false|1624062664165|Low risk
35184372103827|1635043286986|PHONE|false|1647114021774|Severe risk
43980465126036|1645261257150|PHONE|false|1657707008365|Minimal risk
14997|1581998014269|MAC|false|1671416371317|Severe risk
57174604659350|1664031698718|MAC|false|1671392220400|Severe risk
30786325592727|1629993612924|ATM|false|1638539333955|High risk
17592186059416|1605939203775|POS|false|1619576949764|Severe risk
48378511637145|1650030772042|IPv6|false|1666144320213|High risk
57174604659354|1668965983342|MAC|false|1669252153485|Very high risk
57174604659355|1664860684883|IPv6|false|1669033316908|High risk
35184372103836|1634927967206|RFID|false|1651196873641|High risk
8796093037213|1592237120935|NFC|false|1651361765251|Low risk
57174604659358|1668693127622|IPv4|true|1672274621692|Significant risk
35184372103839|1632433245605|POS|true|1643855759506|Low risk
39582418614944|1637026385660|MAC|false|1660813967476|Minimal risk
26388279081633|1621523495616|PHONE|false|1670751481842|Critical risk
26388279081634|1618205625321|POS|false|1650043891691|Extreme risk
26388279081635|1618912941489|POS|false|1670285682332|Extreme risk
8796093037220|1592412722667|WIFI|false|1623240261821|Critical risk
35184372103845|1631891304435|ATM|false|1661348354841|Severe risk
39582418614950|1639836892333|PHONE|false|1648511263630|Critical risk
4398046526119|1586303936039|RFID|false|1611112781697|Very high risk
8796093037224|1592290609887|ATM|false|1599952080503|Extreme risk
35184372103849|1636598925594|MAC|false|1641171120593|Low risk
57174604659370|1663666753114|ATM|false|1670428135802|Low risk
8796093037227|1591190497825|ATM|false|1662188503804|Critical risk
48378511637164|1652403265221|IPv6|false|1653998226947|Moderate risk
8796093037229|1591809739410|MAC|false|1660904877261|High risk
13194139548334|1601276945672|NFC|false|1668540685482|Critical risk
39582418614959|1639580379225|POS|false|1642771415723|Minimal risk
8796093037232|1596674563760|ATM|true|1635257881483|Severe risk
48378511637169|1655008193252|POS|false|1656231378527|Minimal risk
4398046526130|1590380497438|PHONE|false|1668202015439|Low risk
13194139548339|1599976843209|IPv4|false|1635614018799|Very high risk
15028|1578903478531|ATM|false|1628215446384|Extreme risk
61572651170485|1670798539707|IPv4|false|1672025481582|Minimal risk
4398046526134|1586421997319|ATM|false|1587360574529|Low risk
48378511637175|1655748724318|IPv6|false|1656578403114|Critical risk
21990232570552|1615174454434|RFID|false|1664085755272|Moderate risk
39582418614969|1643021431016|ATM|false|1663549163863|Extreme risk
30786325592762|1626954176759|MAC|true|1628224345371|High risk
30786325592763|1626252093203|PHONE|false|1644990049951|Moderate risk
13194139548348|1598390954069|RFID|false|1598492081064|Severe risk
4398046526141|1588715309456|MAC|false|1623554878847|Low risk
39582418614974|1637442975119|PHONE|true|1672354049880|Low risk
43980465126079|1646514886546|WIFI|false|1655897982942|Low risk
26388279081664|1621486689605|RFID|false|1626143142934|Moderate risk
8796093037249|1597195760549|IPv6|false|1623555716322|Critical risk
4398046526146|1584412043105|WIFI|false|1628062454960|Critical risk
39582418614979|1637745613660|POS|false|1672281448386|Moderate risk
35184372103876|1634388152089|WIFI|false|1654369649047|Critical risk
57174604659397|1666986516014|RFID|false|1672344240823|Moderate risk
35184372103878|1632650825267|PHONE|false|1642041643587|Significant risk
57174604659399|1664349046405|PHONE|false|1667903905826|Minimal risk
4398046526152|1584970073652|MAC|false|1630406434505|Minimal risk
43980465126089|1646174813623|PHONE|false|1666694159976|Very high risk
17592186059466|1610048313573|RFID|false|1637638672422|Significant risk
57174604659403|1665589574020|IPv6|false|1669010568858|High risk
26388279081676|1617454213960|NFC|false|1650922608943|Critical risk
21990232570573|1611843556770|MAC|false|1672356286353|Minimal risk
17592186059470|1609754164831|PHONE|false|1648354138845|Very high risk
52776558148303|1659779843466|WIFI|false|1665537735141|Very high risk
39582418614992|1641754626410|QRCode|false|1663505354800|Moderate risk
30786325592785|1628692527025|ATM|false|1643820625095|Significant risk
4398046526162|1590064420906|RFID|false|1651273106709|Significant risk
43980465126099|1645421345839|QRCode|false|1666211737713|Significant risk
8796093037268|1591113367095|PHONE|false|1617218630967|Very high risk
57174604659413|1665826247116|NFC|false|1668654478981|Very high risk
57174604659414|1666535082069|MAC|false|1669917361314|Critical risk
39582418614999|1642636535774|IPv4|false|1668915339356|Minimal risk
17592186059480|1608474537781|IPv6|false|1656842641096|Minimal risk
48378511637209|1652904296718|WIFI|false|1661998801535|Severe risk
48378511637210|1656016730808|IPv6|false|1671096981127|Significant risk
21990232570587|1610705830410|QRCode|false|1612498950644|Moderate risk
4398046526172|1588936590695|MAC|false|1669344333472|Low risk
35184372103901|1631419220633|POS|false|1650758534743|Moderate risk
4398046526174|1585793377538|IPv6|false|1625175104125|Critical risk
52776558148319|1657861480854|NFC|false|1669544208654|Low risk
61572651170528|1672219526559|IPv6|false|1672463249577|Critical risk
52776558148321|1662149397936|POS|false|1666849348502|Low risk
35184372103906|1633749093943|RFID|false|1648405565451|Critical risk
26388279081699|1618695216625|PHONE|false|1621665149162|High risk
52776558148324|1660444461654|RFID|false|1671383549241|Minimal risk
30786325592805|1627467539875|MAC|false|1671368587736|Significant risk
4398046526182|1586110368985|RFID|false|1649760749094|Severe risk
15079|1583660759213|MAC|false|1599830241540|Minimal risk
57174604659432|1663335744182|IPv4|false|1670891087014|High risk
48378511637225|1654309357126|IPv4|false|1659282206090|Severe risk
48378511637226|1653100471132|PHONE|false|1655726361502|Severe risk
57174604659435|1665366891756|WIFI|false|1669989954784|Significant risk
8796093037292|1594923069312|MAC|false|1626641065188|Severe risk
43980465126125|1644694606674|ATM|false|1671907162952|Moderate risk
43980465126126|1646492131116|WIFI|false|1658146745138|Critical risk
35184372103919|1635684121051|PHONE|false|1656133688714|Critical risk
43980465126128|1644267284036|RFID|true|1660075146031|Moderate risk
57174604659441|1668851790207|QRCode|false|1671964256141|Critical risk
21990232570610|1615020365106|IPv6|false|1618692735923|Significant risk
4398046526195|1585270571729|WIFI|false|1616363014694|Severe risk
26388279081716|1620417707844|POS|false|1643582081165|Very high risk
35184372103925|1630344699291|QRCode|false|1630717454169|Minimal risk
21990232570614|1611345691138|ATM|false|1668668249351|Moderate risk
43980465126135|1643766896113|IPv6|false|1661525407461|Minimal risk
43980465126136|1647194217967|MAC|false|1661840893112|Low risk
30786325592825|1626266797964|IPv6|false|1668890636564|Extreme risk
8796093037306|1592340747425|POS|false|1620818390528|Very high risk
26388279081723|1618750177090|IPv4|false|1660494713803|Minimal risk
8796093037308|1591066638457|IPv4|false|1659838561596|High risk
15101|1582980407674|WIFI|false|1635993910011|Critical risk
48378511637246|1654472067398|NFC|false|1671376972524|Critical risk
39582418615039|1642076995894|ATM|false|1666127186195|Extreme risk
35184372103936|1636506269311|MAC|false|1638078619376|High risk
13194139548417|1601748628121|WIFI|false|1650767388095|Significant risk
57174604659458|1665739596298|POS|false|1671228781910|Extreme risk
17592186059523|1606541938897|POS|false|1663175485224|High risk
8796093037316|1597191626680|PHONE|false|1620992640548|Low risk
35184372103941|1635610896291|IPv6|false|1666318919177|Very high risk
57174604659462|1662795261416|RFID|false|1666008080778|Significant risk
13194139548423|1602463708105|ATM|false|1657555096840|High risk
52776558148360|1659491989780|RFID|false|1659524106482|Very high risk
26388279081737|1623538495631|ATM|false|1653959513691|Very high risk
21990232570634|1613992712011|MAC|false|1671342870537|High risk
30786325592843|1624838245891|IPv4|false|1628905950966|Significant risk
48378511637260|1653349156099|WIFI|true|1655857853513|Significant risk
48378511637261|1655528450964|POS|false|1658136629000|Extreme risk
30786325592846|1627912697001|RFID|false|1638757508369|Minimal risk
57174604659471|1668171369556|NFC|false|1670889056832|Low risk
17592186059536|1604130577013|POS|false|1653336698165|Moderate risk
30786325592849|1625128460123|ATM|false|1633411893019|Moderate risk
52776558148370|1658839350426|IPv4|false|1664637297722|Significant risk
8796093037331|1594693917899|MAC|false|1632330066349|Critical risk
43980465126164|1646912608979|ATM|false|1660502969461|Significant risk
26388279081749|1617403668104|IPv4|false|1646624698155|Significant risk
48378511637270|1653533407562|NFC|false|1659330413112|Very high risk
26388279081751|1617311419509|NFC|false|1656279530595|Low risk
21990232570648|1616351800847|RFID|false|1657386287711|Severe risk
35184372103961|1636033472509|PHONE|false|1652087831055|Extreme risk
17592186059546|1605990344765|POS|false|1639952901172|Significant risk
4398046526235|1589878837298|QRCode|true|1652274967686|Low risk
26388279081756|1617096522913|IPv6|false|1625781797370|Very high risk
52776558148381|1662503127966|IPv6|false|1670313545041|Critical risk
35184372103966|1630959864615|RFID|false|1639670289747|Low risk
26388279081759|1623463964078|IPv6|false|1666898149598|Moderate risk
13194139548448|1601359968768|NFC|false|1639539712757|Significant risk
52776558148385|1656651472066|ATM|false|1669507920557|Moderate risk
26388279081762|1618533820160|POS|false|1649076350874|High risk
48378511637283|1655427983249|WIFI|false|1656256749865|High risk
17592186059556|1605758028741|QRCode|false|1609290035488|Extreme risk
35184372103973|1632816698314|QRCode|false|1662935539315|Extreme risk
17592186059558|1605386970447|PHONE|false|1667594948777|Minimal risk
61572651170599|1669733488129|IPv4|false|1671514942512|Extreme risk
57174604659496|1666289796472|IPv4|false|1666998846312|Critical risk
35184372103977|1633349056566|QRCode|false|1641591421711|Extreme risk
35184372103978|1632836825526|MAC|false|1645208829429|Significant risk
15147|1582618433711|NFC|false|1595134003699|Moderate risk
61572651170604|1670705748536|WIFI|false|1670778588365|Critical risk
8796093037357|1597054337638|MAC|false|1638522088308|Minimal risk
17592186059566|1606799691727|RFID|false|1619004508668|Very high risk
35184372103983|1636282688301|NFC|false|1663308581868|Severe risk
8796093037360|1597359718944|MAC|false|1647436783085|Extreme risk
8796093037361|1594806199005|QRCode|false|1639129181242|Low risk
52776558148402|1658906748410|POS|false|1670569218008|Critical risk
15155|1583248383461|WIFI|false|1586372664001|Moderate risk
35184372103988|1634281669503|ATM|false|1653983712332|Low risk
8796093037365|1594841909753|QRCode|false|1668706170619|Low risk
39582418615094|1636812425278|RFID|false|1640054904918|Extreme risk
39582418615095|1642987474160|QRCode|false|1647436465168|High risk
48378511637304|1654915311510|WIFI|false|1660160649317|Extreme risk
48378511637305|1655549538460|MAC|false|1663834265651|Critical risk
35184372103994|1632462826806|QRCode|false|1660948003764|Critical risk
17592186059579|1610157301511|POS|false|1627636783764|Critical risk
15164|1584071111377|NFC|false|1670483662279|Minimal risk
8796093037373|1595256716291|PHONE|false|1662682011688|Minimal risk
15166|1579522845451|WIFI|false|1670619079470|Significant risk
4398046526271|1589669056803|POS|false|1659146671170|Moderate risk
8796093037376|1595848345678|MAC|false|1636224866102|Minimal risk
21990232570689|1616277329190|IPv4|false|1633597992318|High risk
8796093037378|1592918473682|QRCode|false|1639451948106|Significant risk
39582418615107|1639931136114|RFID|false|1655456493096|Critical risk
17592186059588|1609520633317|MAC|false|1661479846158|Low risk
43980465126213|1647878639890|POS|false|1659184366741|Low risk
4398046526278|1585681670009|PHONE|false|1663152466319|High risk
17592186059591|1606170226248|RFID|false|1668068069554|Significant risk
15176|1579852964056|WIFI|false|1655874911221|Significant risk
26388279081801|1618751939537|IPv4|false|1622033650310|Minimal risk
52776558148426|1659427079514|WIFI|false|1671619592049|Severe risk
52776558148427|1659022837830|PHONE|false|1669663880031|Extreme risk
43980465126220|1649277440932|QRCode|false|1654750237280|Significant risk
52776558148429|1660039981302|IPv4|false|1660294941069|Significant risk
17592186059598|1609265486196|IPv4|false|1625854353932|Critical risk
43980465126223|1644523712221|POS|false|1654958849068|Very high risk
35184372104016|1632268470219|IPv6|false|1655501941457|High risk
43980465126225|1643627827780|NFC|false|1671800358425|Critical risk
4398046526290|1584900844570|IPv6|false|1628305768141|Very high risk
35184372104019|1633302532140|MAC|false|1651156138183|Low risk
4398046526292|1590182159882|NFC|false|1603967476503|Low risk
15189|1583352337531|PHONE|false|1593541682870|Severe risk
39582418615126|1640045338093|IPv6|false|1662560757104|Moderate risk
8796093037399|1594049340268|QRCode|false|1658859839550|Minimal risk
57174604659544|1662818255218|IPv6|false|1665025828478|Severe risk
39582418615129|1640421267443|IPv6|false|1656872626744|Minimal risk
4398046526298|1585473666020|NFC|false|1616083229484|Extreme risk
61572651170651|1670030826887|IPv4|false|1671485516248|Severe risk
8796093037404|1593131675318|NFC|false|1656036084150|Minimal risk
4398046526301|1585235161216|PHONE|false|1615253586834|Moderate risk
39582418615134|1642668527341|IPv6|false|1670485937394|Severe risk
26388279081823|1619391055930|PHONE|false|1658212850173|Moderate risk
13194139548512|1601173546020|POS|false|1628507081148|Minimal risk
39582418615137|1640447341461|PHONE|false|1645175205451|Extreme risk
26388279081826|1621221666176|POS|false|1629147059133|Low risk
52776558148451|1657978338753|QRCode|false|1668403290579|Low risk
13194139548516|1603063953701|WIFI|false|1665945556724|High risk
21990232570725|1615455547650|MAC|false|1656576548626|Moderate risk
52776558148454|1656860806653|WIFI|false|1663199872748|High risk
8796093037415|1592928952189|QRCode|false|1641510257612|Minimal risk
21990232570728|1612721860166|PHONE|false|1625297790030|High risk
17592186059625|1606000885452|IPv6|false|1627935248495|Extreme risk
35184372104042|1630514791892|QRCode|false|1656182981723|Minimal risk
4398046526315|1588976185449|QRCode|false|1672446803927|High risk
15212|1580739134249|MAC|false|1591348696444|Critical risk
13194139548525|1600555935498|QRCode|false|1648222917864|Minimal risk
4398046526318|1590085585026|IPv4|false|1666822099273|Extreme risk
39582418615151|1641590167996|ATM|true|1643339865900|Very high risk
30786325592944|1624038511923|MAC|false|1645843762085|Critical risk
43980465126257|1644981308678|POS|false|1654662002001|Significant risk
43980465126258|1645659419909|PHONE|false|1656391347039|Very high risk
17592186059635|1609884486194|PHONE|false|1665746697638|Critical risk
48378511637364|1650304793171|MAC|false|1669584511909|Extreme risk
30786325592949|1628831997780|QRCode|false|1671024719685|Low risk
15222|1583392100786|NFC|false|1625309485762|High risk
4398046526327|1590508193772|POS|false|1592470695195|Extreme risk
4398046526328|1589204213987|RFID|false|1652720742894|Critical risk
35184372104057|1634029963773|IPv4|false|1636668262013|Critical risk
8796093037434|1593415070860|MAC|false|1595638597789|Significant risk
35184372104059|1635194813624|PHONE|false|1663639040971|Extreme risk
57174604659580|1664390081339|ATM|false|1669203168363|High risk
17592186059645|1606891073373|ATM|false|1628489408872|Low risk
15230|1582192437134|NFC|false|1584539725960|Minimal risk
48378511637375|1654984834074|RFID|false|1660811687319|Very high risk
4398046526336|1584425527788|ATM|false|1613074900617|Extreme risk
4398046526337|1589587977587|ATM|false|1646518868187|Low risk
43980465126274|1649280298273|IPv4|false|1657896832271|High risk
17592186059651|1605183275702|RFID|false|1661654957591|Very high risk
17592186059652|1606035044879|MAC|true|1641784759555|Low risk
8796093037445|1596994181015|POS|false|1616957210195|Critical risk
17592186059654|1608212891864|IPv4|false|1612092546340|Low risk
39582418615175|1642385182360|POS|false|1658030695893|Critical risk
13194139548552|1599643614205|QRCode|true|1661852267032|Critical risk
8796093037449|1593207251624|RFID|false|1598361201666|Minimal risk
61572651170698|1670756503967|QRCode|false|1672294030278|Severe risk
17592186059659|1604316539009|IPv4|false|1625558255333|Low risk
26388279081868|1618991800445|ATM|false|1624025715139|High risk
17592186059661|1606003968214|NFC|false|1637475487635|High risk
13194139548558|1601095582269|RFID|false|1603930473633|Minimal risk
35184372104079|1630933464399|WIFI|false|1649242352740|Very high risk
15248|1582351222924|POS|false|1625097122371|Critical risk
21990232570769|1616231312674|RFID|false|1630413366626|Severe risk
57174604659602|1667470331376|IPv4|false|1670635400270|Significant risk
43980465126291|1646453079763|ATM|false|1661877933204|Minimal risk
26388279081876|1617940697917|WIFI|false|1652573532233|Critical risk
17592186059669|1609016849013|MAC|false|1610596059356|Critical risk
21990232570774|1615687813138|POS|false|1670870440575|Critical risk
30786325592983|1623776081967|NFC|false|1636364207917|Extreme risk
43980465126296|1649650604004|IPv4|false|1652548098771|Low risk
21990232570777|1612636332689|PHONE|false|1624593527405|Extreme risk
8796093037466|1596627362077|POS|false|1666797609225|Severe risk
26388279081883|1619916376046|QRCode|true|1620087640940|Minimal risk
4398046526364|1590170954278|WIFI|true|1606946853351|Minimal risk
57174604659613|1667487273837|PHONE|false|1672106468773|High risk
61572651170718|1669619886747|PHONE|false|1669741005785|Significant risk
15263|1582822125373|POS|false|1647195361739|Severe risk
48378511637408|1650703435435|ATM|false|1659854001123|Extreme risk
17592186059681|1609635406282|MAC|false|1664617640793|Low risk
39582418615202|1636775421386|WIFI|false|1666580680442|Severe risk
30786325592995|1625107136769|IPv4|true|1645397252104|Low risk
39582418615204|1640672062496|ATM|false|1659373224329|Moderate risk
43980465126309|1646547990340|PHONE|false|1668405977110|Moderate risk
13194139548582|1601084058049|RFID|false|1653275590041|Critical risk
52776558148519|1660740487172|QRCode|false|1670746608333|Minimal risk
48378511637416|1652757477759|MAC|false|1654963508367|Critical risk
43980465126313|1644017190064|MAC|false|1650067851261|Moderate risk
48378511637418|1654474962570|RFID|false|1671827679593|Extreme risk
35184372104107|1635273664625|PHONE|false|1660115639981|Low risk
21990232570796|1613811061280|IPv6|false|1646981471002|Minimal risk
61572651170733|1669708639160|MAC|false|1670454395436|Low risk
17592186059694|1604484148530|IPv6|false|1672300087222|High risk
26388279081903|1620916656184|ATM|false|1646506813908|Significant risk
35184372104112|1633304254486|NFC|false|1658977867752|Moderate risk
17592186059697|1605252397151|IPv6|false|1647882626916|Critical risk
35184372104114|1632368472923|IPv6|false|1654663162644|High risk
21990232570803|1612704252082|WIFI|false|1645348165628|Low risk
57174604659636|1663554801277|MAC|false|1667191803006|High risk
35184372104117|1631956528690|POS|false|1636480678474|Significant risk
15286|1578550091612|PHONE|false|1617550511179|Severe risk
15287|1583761095241|MAC|false|1611653866009|Moderate risk
26388279081912|1620122058796|WIFI|false|1644209775034|Critical risk
39582418615225|1638241664457|POS|false|1640532896864|Minimal risk
35184372104122|1631204755031|PHONE|false|1649835024518|Critical risk
30786325593019|1626474322491|PHONE|false|1627742854657|Minimal risk
57174604659644|1664177057604|PHONE|false|1671629963861|Very high risk
26388279081917|1619649951828|POS|false|1655583708717|Very high risk
21990232570814|1611738947756|WIFI|false|1634205400486|Significant risk
26388279081919|1621409102253|POS|false|1628039622543|Moderate risk
48378511637440|1650744169014|NFC|false|1668733724153|Significant risk
17592186059713|1604280672693|MAC|false|1651588141367|Moderate risk
4398046526402|1586546821529|IPv6|false|1638134100205|High risk
35184372104131|1636248996310|WIFI|false|1667286289539|Low risk
39582418615236|1638312041923|ATM|false|1653502176210|Extreme risk
17592186059717|1605575096562|IPv4|false|1644544476219|High risk
13194139548614|1597475048739|PHONE|false|1647566137689|Severe risk
30786325593031|1628996072834|PHONE|true|1664090007987|Extreme risk
17592186059720|1609426606530|MAC|false|1653435447031|Extreme risk
30786325593033|1626184821881|ATM|true|1666427138454|Significant risk
43980465126346|1643343292667|POS|false|1648389273675|Extreme risk
61572651170763|1671953802279|PHONE|false|1672238623449|Moderate risk
21990232570828|1615113366060|PHONE|false|1621947015762|Very high risk
48378511637453|1652043270331|ATM|false|1668876517696|Very high risk
8796093037518|1593842802916|ATM|false|1608579462280|Very high risk
13194139548623|1598644028081|RFID|false|1599749279944|Low risk
8796093037520|1591529703827|QRCode|false|1646772309718|Very high risk
13194139548625|1600635783927|POS|false|1667289966462|Severe risk
61572651170770|1671939965135|POS|false|1672217783010|Moderate risk
43980465126355|1647689410004|WIFI|false|1657260256230|Minimal risk
30786325593044|1627616794159|WIFI|false|1652876787154|Extreme risk
17592186059733|1605913134462|IPv6|true|1627047251172|Minimal risk
35184372104150|1630492844216|RFID|false|1648415712282|Moderate risk
8796093037527|1593719341988|RFID|false|1637204420034|High risk
61572651170776|1669707802875|POS|false|1669708308871|Minimal risk
52776558148569|1656345004721|POS|false|1669763504997|Severe risk
57174604659674|1663002721184|MAC|false|1664251529550|High risk
4398046526427|1587050327097|WIFI|false|1655676924573|High risk
35184372104156|1635134665695|IPv6|false|1642322227703|Significant risk
52776558148573|1660456256615|POS|false|1666124237378|Severe risk
15326|1583083829165|MAC|false|1588221686851|Severe risk
8796093037535|1596844751136|IPv4|false|1603922062081|Significant risk
57174604659680|1664474166385|PHONE|false|1666862262997|Very high risk
15329|1583138065315|ATM|false|1659233872055|Critical risk
13194139548642|1597581195005|POS|true|1626233899433|Severe risk
39582418615267|1640264992861|ATM|false|1666039921088|Minimal risk
48378511637476|1653655476267|QRCode|false|1657010337392|Minimal risk
15333|1584270666974|RFID|false|1636824851929|High risk
57174604659686|1664561379513|IPv6|false|1671423557295|Moderate risk
26388279081959|1618211146565|IPv4|false|1647652494639|Extreme risk
39582418615272|1640076238399|NFC|false|1655808085842|Very high risk
39582418615273|1636679807813|IPv6|false|1664882953440|Low risk
4398046526442|1590187561853|IPv6|false|1615402177296|High risk
15339|1581331649067|MAC|false|1584845599071|Moderate risk
43980465126380|1643340559862|NFC|false|1643622750374|Severe risk
43980465126381|1649312723993|IPv4|false|1656667963433|Low risk
43980465126382|1644194886744|IPv6|false|1662460244331|Extreme risk
26388279081967|1622158660805|IPv4|true|1639656410729|Significant risk
13194139548656|1597624290851|POS|false|1601816191286|Moderate risk
48378511637489|1654958530573|MAC|false|1661167316977|High risk
21990232570866|1611327924045|POS|false|1634341692959|Severe risk
15347|1580274612043|PHONE|true|1628889008167|Extreme risk
15348|1578132919284|NFC|false|1645438090268|Severe risk
4398046526453|1590488797297|IPv4|false|1609366321825|High risk
57174604659702|1663686445710|QRCode|false|1663801813749|Severe risk
21990232570871|1611225328109|RFID|false|1639210976390|High risk
17592186059768|1607227822915|IPv4|false|1641298533493|Moderate risk
13194139548665|1601457126617|QRCode|false|1656383828106|Moderate risk
35184372104186|1634707779587|NFC|false|1662720818542|Critical risk
26388279081979|1618682500527|POS|false|1645708412545|High risk
15356|1578000542112|QRCode|false|1578351437710|Minimal risk
26388279081981|1623168261566|IPv6|false|1645112588329|Severe risk
61572651170814|1672287049885|ATM|false|1672312235948|Moderate risk
52776558148607|1662368845675|NFC|false|1670302788036|High risk
48378511637504|1655985173063|MAC|false|1671231154255|Very high risk
48378511637505|1654809498775|MAC|false|1667647490818|High risk
52776558148610|1657590717403|RFID|false|1672521390598|Extreme risk
15363|1580389096423|IPv6|false|1581537331710|Extreme risk
30786325593092|1629232491916|NFC|false|1669931730275|Significant risk
21990232570885|1614323289941|PHONE|false|1661886231749|Moderate risk
39582418615302|1640026330319|RFID|false|1661010629403|Very high risk
39582418615303|1639046103325|MAC|false|1650011569741|Moderate risk
43980465126408|1648678257714|WIFI|false|1662220228852|Very high risk
13194139548681|1598218927570|IPv4|false|1608035160156|High risk
35184372104202|1634629376246|QRCode|false|1651853616040|Critical risk
21990232570891|1610776734333|WIFI|false|1669595975982|Moderate risk
15372|1578212466215|ATM|false|1660115302338|Low risk
30786325593101|1628754579594|PHONE|true|1671128540482|Minimal risk
17592186059790|1606920543253|RFID|false|1670397840442|High risk
48378511637519|1652230414347|MAC|false|1660153469566|Very high risk
39582418615312|1642920328177|WIFI|true|1656436184011|Extreme risk
48378511637521|1652948702085|QRCode|false|1662568126547|High risk
15378|1578550228898|POS|false|1586052279455|Severe risk
17592186059795|1604300535829|RFID|false|1643068244548|Very high risk
35184372104212|1634296127150|RFID|true|1661685968009|Severe risk
13194139548693|1603260459194|NFC|false|1631516092557|Very high risk
8796093037590|1596641115992|PHONE|false|1657303955614|Severe risk
26388279082007|1620982328395|NFC|false|1643753808162|Severe risk
57174604659736|1666623050572|POS|false|1666721105095|Severe risk
26388279082009|1620982508883|WIFI|false|1656674033574|Significant risk
35184372104218|1631275257668|IPv6|false|1659910599921|Low risk
39582418615323|1639031776565|NFC|false|1662820661904|Severe risk
48378511637532|1652509712585|MAC|false|1671157030196|Severe risk
26388279082013|1618362141241|NFC|false|1637870456678|Low risk
35184372104222|1636188417206|PHONE|false|1672491795120|Minimal risk
26388279082015|1621167523170|RFID|false|1653216441687|Low risk
30786325593120|1625655618069|PHONE|false|1631576534384|Moderate risk
57174604659745|1664844891322|IPv6|false|1669064158842|Significant risk
43980465126434|1648654022819|RFID|false|1650476074871|Moderate risk
13194139548707|1602305084564|NFC|false|1626764968132|Severe risk
52776558148644|1657014620195|QRCode|false|1666596384751|Very high risk
17592186059813|1609428152790|MAC|false|1616246293920|Low risk
15398|1578622700048|RFID|false|1630816018933|Very high risk
17592186059815|1609673688909|PHONE|false|1671335447958|Critical risk
43980465126440|1643853385347|IPv4|true|1660215308789|Moderate risk
39582418615337|1637026456707|WIFI|false|1654267440068|Minimal risk
57174604659754|1664846832983|IPv6|false|1664944871133|High risk
4398046526507|1589531783868|WIFI|false|1599530720440|Severe risk
39582418615340|1639319457440|WIFI|false|1661594423060|Very high risk
48378511637549|1655380302578|IPv6|false|1671695337759|Significant risk
4398046526510|1585910484962|PHONE|false|1628346178406|Minimal risk
8796093037615|1597206298916|POS|false|1659557647521|Low risk
8796093037616|1591402305635|IPv4|false|1621112542240|Moderate risk
61572651170865|1671490555608|POS|false|1671589439291|High risk
8796093037618|1595852512833|MAC|false|1635181092071|Moderate risk
48378511637555|1651694458628|POS|false|1671134564832|Critical risk
30786325593140|1624421067624|NFC|false|1670738904966|Critical risk
39582418615349|1639477042779|WIFI|true|1642847824031|Critical risk
8796093037622|1595869487550|PHONE|false|1634744446715|Critical risk
52776558148663|1661917559681|ATM|true|1671472673881|Significant risk
21990232570936|1611519930125|ATM|false|1649995961096|High risk
52776558148665|1659914112908|RFID|false|1666466652535|Critical risk
8796093037626|1595568674954|NFC|false|1648127093563|High risk
57174604659771|1668682677906|PHONE|false|1672083340560|Moderate risk
13194139548732|1601313638348|NFC|false|1663671514672|Minimal risk
52776558148669|1657092547428|MAC|false|1658690757244|High risk
30786325593150|1624561594336|RFID|true|1649752368187|Extreme risk
13194139548735|1598574059917|QRCode|false|1611962863041|Critical risk
8796093037632|1596556792960|MAC|false|1666380875100|Extreme risk
21990232570945|1614931328564|IPv6|false|1664684537505|Moderate risk
52776558148674|1660613980615|PHONE|false|1672471497552|Significant risk
15427|1581136928756|POS|false|1583536090495|Minimal risk
13194139548740|1600839370796|POS|false|1653609357243|Severe risk
35184372104261|1633557008760|PHONE|false|1657068537857|Minimal risk
48378511637574|1654241800968|RFID|false|1662169122924|Severe risk
35184372104263|1631446987384|POS|false|1653837983010|Minimal risk
52776558148680|1660174932400|RFID|false|1662731238771|Extreme risk
35184372104265|1632018533978|IPv6|false|1636042618966|Severe risk
52776558148682|1660564311182|NFC|false|1671822908801|Very high risk
57174604659787|1668975107038|ATM|false|1671629052191|Low risk
52776558148684|1659361429575|PHONE|false|1671901091007|Extreme risk
57174604659789|1669018026236|MAC|false|1670991831263|Extreme risk
4398046526542|1585143775500|PHONE|false|1646292321057|Critical risk
57174604659791|1665617647650|WIFI|false|1669903510547|High risk
17592186059856|1604074658174|ATM|false|1668612770113|Minimal risk
17592186059857|1605748107171|PHONE|false|1616538942571|Significant risk
57174604659794|1668206721474|QRCode|false|1669535653657|Extreme risk
39582418615379|1641505429737|POS|false|1665310451270|Severe risk
26388279082068|1619802262133|MAC|false|1667341950860|Significant risk
26388279082069|1620735826908|PHONE|false|1632687112152|Significant risk
52776558148694|1658361987374|IPv6|false|1668097788537|Very high risk
8796093037655|1593867759987|NFC|false|1633670269747|Significant risk
52776558148696|1662662200596|IPv6|false|1671029195635|High risk
39582418615385|1637368153087|MAC|false|1644492065535|Minimal risk
35184372104282|1635839108803|NFC|false|1656500889145|High risk
4398046526555|1588951290753|RFID|false|1593725446292|Significant risk
13194139548764|1597513596885|POS|false|1663033984401|Significant risk
15453|1581813785538|RFID|true|1625392653514|High risk
13194139548766|1602792688044|MAC|false|1658195170564|Very high risk
13194139548767|1601610444099|NFC|false|1619281829561|Minimal risk
30786325593184|1624532615677|MAC|true|1643116939193|Significant risk
35184372104289|1632283850131|IPv4|false|1640455662738|Significant risk
57174604659810|1665288264053|NFC|false|1665969055232|Critical risk
26388279082083|1619056751429|IPv4|false|1627328942028|Low risk
8796093037668|1594758014020|WIFI|false|1642460673559|Critical risk
30786325593189|1624735358424|WIFI|false|1639574112040|Minimal risk
21990232570982|1612184019652|QRCode|false|1659482010951|Critical risk
30786325593191|1625380186305|NFC|false|1635416271961|Low risk
17592186059880|1608451802257|PHONE|false|1614192386723|Very high risk
39582418615401|1639910743150|ATM|false|1653006545911|Extreme risk
4398046526570|1586243842072|POS|false|1610010024225|Significant risk
57174604659819|1666140568740|PHONE|false|1670519311295|High risk
21990232570988|1612087580475|PHONE|false|1628645735070|Low risk
57174604659821|1663806519812|PHONE|false|1669258780824|Extreme risk
48378511637614|1653411196258|IPv4|false|1670768149900|Moderate risk
17592186059887|1606128098143|ATM|false|1655410455532|Very high risk
39582418615408|1640059141187|RFID|false|1644619758656|High risk
61572651170929|1671211908647|IPv6|false|1671538856533|Minimal risk
21990232570994|1611400102911|RFID|false|1649346924587|Critical risk
52776558148723|1657918644651|QRCode|false|1659153508196|Extreme risk
39582418615412|1639996270561|RFID|false|1666667607603|Severe risk
48378511637621|1651415629666|RFID|false|1664155559663|Extreme risk
8796093037686|1596513409346|ATM|false|1649775950830|Minimal risk
43980465126519|1645493562374|ATM|false|1666197906992|Moderate risk
48378511637624|1649822659867|WIFI|false|1670821564865|High risk
43980465126521|1646792477394|POS|false|1668368990256|Severe risk
13194139548794|1599322981651|ATM|false|1635414197729|High risk
4398046526587|1586227646836|QRCode|false|1655444103145|Low risk
13194139548796|1600757250326|PHONE|false|1614332813840|Very high risk
4398046526589|1589140989933|ATM|false|1610060056129|High risk
48378511637630|1650482007031|NFC|true|1662510002236|Low risk
61572651170943|1670368953252|IPv6|false|1670864728425|High risk
39582418615424|1642564224394|IPv6|false|1655896222826|Critical risk
15489|1583932218352|WIFI|false|1587327287710|Critical risk
8796093037698|1593131131993|ATM|false|1602574130725|Critical risk
26388279082115|1619622415829|IPv6|false|1646129919581|Severe risk
26388279082116|1618112947850|NFC|false|1659608082635|Significant risk
21990232571013|1615965227224|WIFI|false|1670192906527|Severe risk
57174604659846|1665519002238|MAC|false|1668197166159|Significant risk
48378511637639|1655163754973|QRCode|false|1663940967667|Significant risk
26388279082120|1623157042174|IPv4|false|1662171715206|Critical risk
4398046526601|1586444088113|IPv6|false|1651100138042|Significant risk
8796093037706|1592033278081|MAC|false|1663942054543|High risk
52776558148747|1661938356072|ATM|false|1662221243451|Moderate risk
8796093037708|1595743381206|ATM|false|1667831825472|Low risk
17592186059917|1607279573885|QRCode|false|1617529877805|Extreme risk
15502|1579240234566|IPv4|false|1594790134711|Moderate risk
15503|1580959964447|IPv6|false|1596938320896|Minimal risk
43980465126544|1644226607596|NFC|false|1646562395489|Moderate risk
13194139548817|1603697826486|POS|false|1606319822848|Very high risk
52776558148754|1661352971227|MAC|false|1663720300567|Minimal risk
15507|1583777025221|POS|false|1598077503573|Severe risk
57174604659860|1665860672614|NFC|false|1671664144452|Severe risk
35184372104341|1635922776207|IPv4|false|1650321105393|Severe risk
21990232571030|1614889489800|MAC|false|1669701340577|Significant risk
52776558148759|1660145867744|RFID|false|1670316064998|Extreme risk
17592186059928|1607804553141|RFID|false|1645036001016|Severe risk
21990232571033|1611682134209|PHONE|false|1614702562648|Moderate risk
21990232571034|1616457431682|NFC|true|1634446322688|Low risk
15515|1578353290254|ATM|false|1619262724205|Extreme risk
4398046526620|1589258422668|RFID|false|1643834563204|Severe risk
39582418615453|1639952093967|RFID|false|1653494561261|Minimal risk
26388279082142|1620858653102|POS|false|1656365323799|High risk
15519|1579595326447|RFID|false|1648390727734|Very high risk
21990232571040|1612891333607|QRCode|false|1662393419008|Very high risk
52776558148769|1661625292922|IPv6|true|1672215687017|Extreme risk
26388279082146|1622957601061|PHONE|false|1668694344928|Low risk
43980465126563|1643343892249|PHONE|false|1658289065543|Very high risk
52776558148772|1662455079495|IPv4|false|1667950753912|Minimal risk
13194139548837|1601043932071|WIFI|false|1607964320404|Very high risk
21990232571046|1615925817474|WIFI|false|1623253607885|Significant risk
21990232571047|1610992421644|PHONE|false|1653933458466|Very high risk
15528|1581280430511|QRCode|false|1594829574643|Moderate risk
43980465126569|1644145358465|NFC|false|1656719019737|Minimal risk
61572651170986|1670221680615|QRCode|false|1671431095054|Very high risk
15531|1581410965107|POS|false|1665964380771|Extreme risk
48378511637676|1650802354848|MAC|false|1671592926708|High risk
57174604659885|1667207162125|ATM|false|1668683368182|Minimal risk
48378511637678|1651132046823|NFC|false|1660544072102|Critical risk
39582418615471|1642578202373|MAC|false|1646792390297|Very high risk
57174604659888|1663807981052|MAC|false|1669767798854|Extreme risk
4398046526641|1587518610913|WIFI|false|1601252845914|Severe risk
8796093037746|1591999684486|WIFI|false|1653607379594|Extreme risk
17592186059955|1610025987470|IPv6|false|1621404737422|Very high risk
15540|1581572242476|WIFI|false|1613329407364|Severe risk
15541|1582471469762|ATM|false|1660116790855|Severe risk
4398046526646|1584945482032|IPv4|false|1616856989538|Critical risk
8796093037751|1596433022219|RFID|false|1634494016153|Low risk
39582418615480|1638561336358|NFC|false|1669302260736|Very high risk
30786325593273|1627829356420|NFC|false|1655402844536|Significant risk
30786325593274|1627130879616|QRCode|false|1637230781804|Extreme risk
21990232571067|1611616458780|ATM|true|1640429739800|Significant risk
30786325593276|1626101675930|IPv6|false|1638346036125|Extreme risk
48378511637693|1650718608849|ATM|false|1667128136588|Low risk
15550|1581423883056|WIFI|false|1589818669660|Critical risk
17592186059967|1605583942464|WIFI|true|1637927037062|Significant risk
17592186059968|1608112818809|IPv6|false|1630735225569|Moderate risk
57174604659905|1664687410160|IPv4|false|1666060084998|Minimal risk
39582418615490|1643091613932|NFC|false|1655315298249|Moderate risk
30786325593283|1624062435893|IPv4|false|1652401077784|Very high risk
39582418615492|1638051591753|ATM|false|1640669259650|Moderate risk
21990232571077|1613445263823|PHONE|false|1639584985985|Very high risk
17592186059974|1608011542686|WIFI|false|1618377780778|Severe risk
15559|1579927544035|MAC|false|1625889649589|High risk
8796093037768|1591798647375|POS|false|1658978073448|Critical risk
8796093037769|1592122723680|WIFI|false|1669529673409|Very high risk
26388279082186|1619451478549|POS|false|1620036674056|Significant risk
48378511637707|1649912371087|MAC|false|1665663071340|High risk
13194139548876|1601371448605|RFID|false|1619963280488|Low risk
17592186059981|1609860625965|PHONE|false|1632920807279|Minimal risk
39582418615502|1642278441728|IPv6|false|1642895222938|Very high risk
21990232571087|1612825606186|NFC|false|1648509570754|High risk
17592186059984|1609901235143|MAC|false|1642455431351|Significant risk
13194139548881|1597524275364|NFC|false|1616993691050|Critical risk
48378511637714|1656036825895|QRCode|false|1663727934222|Critical risk
35184372104403|1632499018222|RFID|false|1637951342423|Minimal risk
21990232571092|1613790723825|ATM|false|1627089947583|Low risk
43980465126613|1646454579935|IPv6|false|1655139165005|Severe risk
57174604659926|1669139929745|PHONE|false|1669554525003|Minimal risk
15575|1578989592055|PHONE|false|1636891749758|Moderate risk
17592186059992|1607601255485|PHONE|false|1646296183130|Low risk
57174604659929|1666386331778|IPv6|true|1668579516737|Extreme risk
8796093037786|1593468012784|QRCode|false|1640053784712|High risk
26388279082203|1618560059879|RFID|false|1637307053414|Severe risk
57174604659932|1665137285256|POS|false|1665178295802|Moderate risk
21990232571101|1613815598620|ATM|false|1649104385667|Critical risk
21990232571102|1615407292103|IPv4|true|1652036968395|Critical risk
21990232571103|1612247394090|POS|false|1633673151774|Low risk
35184372104416|1631877693042|ATM|false|1647521987282|Low risk
35184372104417|1632269954154|PHONE|false|1635831622815|Severe risk
4398046526690|1588437434787|IPv6|false|1652730811237|Extreme risk
15587|1582475365099|WIFI|false|1635273480484|High risk
4398046526692|1588150530904|POS|false|1619647300703|Severe risk
39582418615525|1639485457412|ATM|false|1655352739340|Severe risk
15590|1581581837399|MAC|false|1599694669006|Extreme risk
61572651171047|1671766687231|QRCode|false|1672504530936|Minimal risk
52776558148840|1656569452678|QRCode|false|1658902381621|High risk
26388279082217|1619950882461|IPv4|false|1645781183702|Significant risk
13194139548906|1600770662363|IPv4|false|1660175952192|Significant risk
39582418615531|1641933600385|POS|false|1645694298033|Moderate risk
15596|1583130806250|POS|false|1598723673256|Significant risk
39582418615533|1642367446942|PHONE|false|1657036263477|High risk
26388279082222|1618146042711|WIFI|false|1629032501074|Moderate risk
43980465126639|1648592361914|ATM|false|1671923999321|Severe risk
21990232571120|1610818363065|QRCode|false|1669731058289|High risk
26388279082225|1617065669213|IPv4|false|1633875405849|Minimal risk
48378511637746|1655456968391|POS|false|1669592346154|Severe risk
26388279082227|1619320857738|RFID|false|1670510749024|Minimal risk
52776558148852|1658163403785|IPv4|false|1671408473151|High risk
30786325593333|1629321603134|QRCode|false|1647227328187|Significant risk
39582418615542|1643000445081|PHONE|false|1661962999272|Critical risk
8796093037815|1594141136089|QRCode|false|1635990280959|Severe risk
26388279082232|1621620726160|IPv6|false|1638990683925|Very high risk
4398046526713|1584684776416|IPv4|false|1606968355782|Severe risk
39582418615546|1641593956854|MAC|false|1646710712812|Moderate risk
15611|1578240832966|RFID|false|1611768372866|Minimal risk
57174604659964|1664633012957|RFID|false|1672238518567|Minimal risk
43980465126653|1646810854072|IPv4|false|1669987964357|Low risk
43980465126654|1646896589164|RFID|false|1660151216732|Very high risk
15615|1581275657123|POS|false|1655685068459|Extreme risk
48378511637760|1652638473928|PHONE|false|1665017350425|Moderate risk
43980465126657|1647026932484|PHONE|true|1656127501045|Critical risk
21990232571138|1611835795725|QRCode|false|1663194147051|Extreme risk
15619|1579251230032|IPv6|false|1637573987662|Critical risk
39582418615556|1642835769552|ATM|false|1665564006855|Low risk
48378511637765|1649857169382|NFC|false|1656900366100|High risk
13194139548934|1599834711674|IPv4|false|1611770643533|Extreme risk
4398046526727|1584503600545|ATM|false|1646373086434|Severe risk
39582418615560|1638982656077|ATM|false|1642089807301|Extreme risk
39582418615561|1640119461841|RFID|false|1661517155918|High risk
15626|1581025740521|QRCode|false|1657630635026|Severe risk
57174604659979|1668712308455|IPv4|false|1668960505568|Minimal risk
43980465126668|1648003152229|QRCode|false|1651028509078|Critical risk
57174604659981|1668934817969|WIFI|false|1669025716405|Low risk
35184372104462|1631401280333|IPv6|false|1639159794899|Critical risk
13194139548943|1600132032050|IPv4|true|1611891765573|Critical risk
35184372104464|1631550753299|WIFI|false|1652340186294|Critical risk
8796093037841|1595548455094|QRCode|true|1607861579775|Moderate risk
43980465126674|1645560857919|RFID|false|1666157962086|Moderate risk
26388279082259|1623206662937|IPv6|false|1669719686923|Extreme risk
61572651171092|1671141687232|MAC|false|1671606631964|Significant risk
39582418615573|1637463048747|RFID|false|1654068893501|Minimal risk
52776558148886|1661279084186|IPv4|false|1670383647847|Extreme risk
4398046526743|1588020182763|IPv4|false|1667683563339|Moderate risk
15640|1582867303804|ATM|false|1630312416052|Minimal risk
35184372104473|1634201112963|PHONE|false|1666302063495|Very high risk
52776558148890|1658905654967|IPv4|false|1664846674826|Very high risk
17592186060059|1605467741646|QRCode|false|1663984785152|Significant risk
30786325593372|1629905085727|IPv4|false|1657588932368|High risk
8796093037853|1591955671259|POS|false|1630392743578|High risk
57174604659998|1668418565462|RFID|false|1671495272715|Severe risk
13194139548959|1597802478070|NFC|false|1634888702481|Moderate risk
52776558148896|1661078166577|IPv4|false|1661844087899|High risk
52776558148897|1662464156546|RFID|false|1662714389908|Low risk
21990232571170|1616232895743|POS|false|1669357294343|Moderate risk
8796093037859|1597124191613|PHONE|false|1602514216382|Minimal risk
26388279082276|1617777985338|QRCode|false|1647462387834|Minimal risk
48378511637797|1654837052954|POS|false|1668086673442|Extreme risk
35184372104486|1633061504666|IPv4|false|1634134977566|Moderate risk
21990232571175|1613877787660|NFC|false|1629688449722|Critical risk
35184372104488|1635062301380|IPv4|false|1660544198352|Significant risk
57174604660009|1665793377128|QRCode|false|1669541292757|Extreme risk
48378511637802|1652177925835|POS|false|1658395068287|Low risk
57174604660011|1663794356736|WIFI|false|1666235984786|Severe risk
15660|1581885556349|RFID|false|1636795780734|Severe risk
21990232571181|1612385229075|QRCode|false|1649962205800|Critical risk
30786325593390|1629897755420|QRCode|false|1641911132562|Critical risk
30786325593391|1624078336370|MAC|false|1660550156459|Critical risk
4398046526768|1590380167048|IPv6|false|1629536172035|Extreme risk
26388279082289|1619049479509|IPv4|false|1641107999463|Significant risk
26388279082290|1621004785779|RFID|false|1668124183470|Critical risk
30786325593395|1628045994972|IPv6|false|1643753828090|Severe risk
21990232571188|1611999270048|QRCode|false|1619334760013|Low risk
30786325593397|1628435608744|WIFI|false|1644323770347|Severe risk
30786325593398|1627365316069|IPv4|false|1648032320910|High risk
4398046526775|1588355807510|IPv4|false|1667205501697|Low risk
26388279082296|1619425854099|WIFI|false|1628899396324|Severe risk
57174604660025|1666473646183|ATM|false|1671412255169|High risk
15674|1577877635936|IPv4|false|1602922594327|Minimal risk
4398046526779|1590241939503|WIFI|false|1656723424285|Critical risk
4398046526780|1584928360924|QRCode|false|1637571899369|Minimal risk
4398046526781|1586293219065|WIFI|false|1635829490530|Low risk
21990232571198|1613416073354|IPv6|false|1613573372989|Critical risk
61572651171135|1670356536806|ATM|true|1670509885687|Critical risk
52776558148928|1656516434145|POS|false|1661015821906|Low risk
39582418615617|1638045202456|QRCode|false|1671810941280|Severe risk
57174604660034|1662772564791|MAC|false|1669590315130|Significant risk
35184372104515|1636050797974|ATM|false|1666217642016|Very high risk
15684|1583603244245|IPv6|true|1659974705543|Moderate risk
8796093037893|1593778132039|QRCode|false|1646765293264|High risk
48378511637830|1650104663540|ATM|false|1670696496730|Critical risk
13194139548999|1603320887017|POS|false|1663079603981|Minimal risk
21990232571208|1610687228725|NFC|false|1640573491625|Extreme risk
43980465126729|1644080411954|RFID|false|1671860871110|Critical risk
21990232571210|1616737708080|IPv4|false|1625954281260|Moderate risk
48378511637835|1649824182843|NFC|true|1661306055599|Low risk
13194139549004|1598304415763|IPv4|false|1628430668962|Moderate risk
57174604660045|1664671225274|NFC|false|1667286533097|Moderate risk
61572651171150|1672420413832|WIFI|false|1672451560668|Severe risk
4398046526799|1589108311948|WIFI|false|1633099337917|Significant risk
8796093037904|1593857714618|IPv4|false|1657801465170|Severe risk
35184372104529|1631134750853|IPv6|false|1648709346630|Critical risk
17592186060114|1604299162731|RFID|false|1619512242421|Moderate risk
17592186060115|1608549177511|IPv4|false|1631094178128|Low risk
13194139549012|1597912722590|POS|false|1614614313713|Extreme risk
43980465126741|1643721730450|PHONE|true|1654691131502|Very high risk
30786325593430|1628011005930|MAC|false|1632564935671|Low risk
52776558148951|1660548003435|NFC|false|1664176058476|Low risk
8796093037912|1592234342151|PHONE|false|1602042909350|Minimal risk
8796093037913|1593720533323|NFC|false|1668617047505|Critical risk
4398046526810|1588846992678|POS|false|1654182269170|Very high risk
26388279082331|1618425543288|RFID|false|1635409822369|Significant risk
52776558148956|1662314518607|PHONE|true|1664524750711|Critical risk
21990232571229|1613802118420|IPv4|false|1651759762951|Moderate risk
35184372104542|1631176201274|MAC|false|1657342321279|Extreme risk
57174604660063|1669180627923|IPv6|false|1670400429460|Extreme risk
52776558148960|1656989374388|ATM|false|1670712437674|Low risk
13194139549025|1603276604776|IPv6|false|1647621941302|Critical risk
43980465126754|1645006836645|IPv4|false|1653575080022|Low risk
39582418615651|1642651555623|PHONE|false|1667932469794|High risk
17592186060132|1606685560266|ATM|false|1665234828407|High risk
30786325593445|1627053375598|NFC|true|1655363685894|High risk
39582418615654|1638794714273|NFC|true|1655062874661|Severe risk
26388279082343|1622075841260|IPv4|false|1634563631839|Severe risk
35184372104552|1630651659689|MAC|false|1649603079297|High risk
8796093037929|1597055593034|RFID|false|1667460048348|Significant risk
39582418615658|1638511431184|MAC|false|1656458402667|Very high risk
48378511637867|1650231180992|MAC|false|1668034859203|Severe risk
35184372104556|1635328026009|NFC|false|1637563768031|Significant risk
21990232571245|1614119797241|RFID|false|1615075874867|Minimal risk
13194139549038|1599936932872|PHONE|false|1611747939512|Moderate risk
39582418615663|1641611901734|IPv6|false|1647714983540|Very high risk
30786325593456|1627290026501|QRCode|false|1638114589118|Critical risk
48378511637873|1650823017788|MAC|false|1665135341518|Minimal risk
57174604660082|1663286297692|IPv4|false|1670304438487|Critical risk
21990232571251|1613567293485|QRCode|false|1621371618818|Significant risk
17592186060148|1609243656600|NFC|false|1650306480656|Extreme risk
8796093037941|1591690799551|RFID|false|1633783167425|Minimal risk
35184372104566|1634173783313|MAC|false|1669467334462|Significant risk
13194139549047|1603332457989|POS|false|1608477936445|Significant risk
57174604660088|1667411589556|ATM|false|1669678970455|Significant risk
4398046526841|1589048164695|PHONE|false|1605093874902|Minimal risk
26388279082362|1618916756760|NFC|false|1646682979519|Minimal risk
52776558148987|1658528814939|MAC|false|1668941594469|Critical risk
43980465126780|1648797414409|IPv4|false|1668936992205|Critical risk
43980465126781|1649380023273|POS|false|1658393112795|Significant risk
30786325593470|1627876849033|ATM|false|1671101264426|High risk
57174604660095|1667002032555|POS|false|1670986349786|Minimal risk
39582418615680|1638308492339|WIFI|false|1648390139281|Extreme risk
48378511637889|1650772218128|PHONE|false|1670480615751|Minimal risk
43980465126786|1649640936243|WIFI|false|1672308085635|Severe risk
48378511637891|1652714903781|MAC|false|1670678151144|Low risk
17592186060164|1608307482232|WIFI|false|1623022611316|Critical risk
13194139549061|1599423275179|IPv4|false|1646801847067|Low risk
48378511637894|1650060835631|ATM|false|1660976659936|Significant risk
30786325593479|1625351274084|ATM|true|1669059492024|Moderate risk
39582418615688|1637927368647|POS|false|1671615653652|High risk
8796093037961|1597070365276|IPv6|false|1627812022880|Moderate risk
8796093037962|1591299860903|PHONE|false|1627459667428|Moderate risk
30786325593483|1624589671493|POS|false|1629906989324|Extreme risk
26388279082380|1623096756643|RFID|true|1651422811129|Very high risk
21990232571277|1616766352593|IPv6|false|1618057843744|Low risk
15758|1582772279832|RFID|false|1672157209064|Moderate risk
52776558149007|1658702320914|PHONE|false|1664133019669|Low risk
43980465126800|1647676629055|QRCode|false|1663213547374|High risk
35184372104593|1635445335271|PHONE|false|1644579781761|Very high risk
57174604660114|1668208562672|IPv6|true|1671646699502|Severe risk
4398046526867|1589002538434|ATM|false|1615038789576|High risk
8796093037972|1597272099503|RFID|false|1634514041463|Critical risk
26388279082389|1622400306518|IPv4|false|1668487941391|Minimal risk
17592186060182|1604311621902|NFC|false|1671261484445|Very high risk
21990232571287|1615062930003|WIFI|false|1634251647951|High risk
4398046526872|1586537064273|IPv6|false|1600022764046|Extreme risk
43980465126809|1647472330497|IPv6|false|1648890474691|Critical risk
8796093037978|1592088076127|PHONE|false|1656524475687|High risk
48378511637915|1650948531241|IPv6|true|1669485765961|Low risk
8796093037980|1596030476508|IPv4|true|1607143702210|Significant risk
39582418615709|1637111984989|PHONE|false|1638161330150|Moderate risk
4398046526878|1588862103472|QRCode|false|1660796685610|Low risk
39582418615711|1640615697616|IPv6|false|1660270776033|Significant risk
8796093037984|1591487681801|QRCode|false|1651272337945|Extreme risk
57174604660129|1668907997513|ATM|false|1670145797566|Moderate risk
15778|1583396634925|PHONE|false|1641594196907|Extreme risk
15779|1578597196138|QRCode|false|1637701716289|Low risk
30786325593508|1626271866883|QRCode|false|1651699963277|Significant risk
57174604660133|1663409815750|MAC|false|1667137686959|Moderate risk
15782|1581631836317|IPv4|false|1642840149729|Very high risk
21990232571303|1611621470270|QRCode|false|1646536255855|Minimal risk
35184372104616|1635377058702|MAC|false|1641945751014|High risk
61572651171241|1671040965837|NFC|false|1671573018029|Significant risk
52776558149034|1662297564127|QRCode|false|1671760957890|High risk
26388279082411|1617041280464|ATM|false|1624147918046|High risk
4398046526892|1585638031453|IPv4|false|1618923118591|Moderate risk
57174604660141|1665640684688|RFID|false|1666275199103|Extreme risk
48378511637934|1649818500516|IPv4|false|1652368692086|Critical risk
61572651171247|1671844039145|NFC|false|1672463146850|Significant risk
17592186060208|1605626521936|MAC|false|1646228862907|Moderate risk
48378511637937|1651261449280|MAC|false|1668255729382|Very high risk
39582418615730|1640616582050|WIFI|false|1644819101404|Minimal risk
13194139549107|1603169815132|NFC|false|1643509497837|Severe risk
21990232571316|1615603474715|MAC|false|1628766844587|Severe risk
15797|1579126626084|RFID|false|1634520595709|Moderate risk
21990232571318|1611351009795|IPv4|false|1656091168836|Moderate risk
52776558149047|1657945617187|ATM|false|1661800388510|Severe risk
57174604660152|1665103446859|NFC|false|1666207102940|Moderate risk
43980465126841|1644085009151|POS|false|1651345668195|Significant risk
26388279082426|1618371586120|IPv4|false|1639186045181|Low risk
26388279082427|1620879958079|MAC|false|1635766107188|Critical risk
13194139549116|1602808066270|ATM|false|1647409630505|Critical risk
4398046526909|1586906831211|ATM|false|1660480447157|Minimal risk
39582418615742|1640508010232|POS|false|1655716659864|High risk
61572651171263|1669613004096|MAC|false|1671135632336|Very high risk
13194139549120|1603843791675|MAC|false|1636915463813|Critical risk
57174604660161|1666316767687|IPv6|false|1670203687855|Critical risk
15810|1581104445526|NFC|false|1661163055785|Low risk
4398046526915|1588462670245|POS|false|1651465114233|Critical risk
30786325593540|1626715246653|IPv6|false|1649648807470|Extreme risk
13194139549125|1600622455356|ATM|false|1638104034302|Moderate risk
43980465126854|1648271528243|RFID|false|1669468614253|Moderate risk
21990232571335|1614211141950|POS|false|1655391322589|High risk
17592186060232|1607058133748|ATM|false|1639609236703|Significant risk
35184372104649|1633715998528|WIFI|false|1671301489314|Critical risk
48378511637962|1653444289961|IPv6|false|1657068274512|Significant risk
43980465126859|1644307710032|NFC|false|1654161646727|Low risk
61572651171276|1671660493507|NFC|false|1672164169778|Very high risk
48378511637965|1651892950255|POS|false|1662515842063|Severe risk
26388279082446|1620195684137|QRCode|false|1647675318241|Critical risk
48378511637967|1651293549027|ATM|false|1654627540778|Moderate risk
4398046526928|1585642748838|IPv4|false|1625670688345|Low risk
8796093038033|1594277766366|QRCode|false|1632000409578|High risk
48378511637970|1652478998218|IPv4|false|1665930618835|Significant risk
26388279082451|1622359886231|WIFI|false|1652525637955|Moderate risk
8796093038036|1596471573832|MAC|false|1613685179650|Extreme risk
17592186060245|1609902194252|IPv4|false|1635506168918|Very high risk
21990232571350|1614551130007|NFC|false|1656375611381|Critical risk
13194139549143|1603502342338|IPv4|false|1634612301985|Very high risk
39582418615768|1636671612586|MAC|false|1649427719046|Severe risk
17592186060249|1605283529190|MAC|false|1644005210598|Significant risk
39582418615770|1638405985086|RFID|false|1649970498504|Moderate risk
30786325593563|1625513632102|QRCode|false|1636556822568|Moderate risk
26388279082460|1620960457575|MAC|false|1651463168918|High risk
13194139549149|1600112746480|IPv4|false|1601716092039|Minimal risk
52776558149086|1662289948701|PHONE|false|1665771013841|Moderate risk
4398046526943|1590617752646|IPv4|false|1592326656160|High risk
4398046526944|1584993206747|PHONE|false|1614719483109|Low risk
43980465126881|1646584609828|PHONE|false|1652772623165|Minimal risk
4398046526946|1585219785373|RFID|false|1593426230172|Significant risk
52776558149091|1656947420097|WIFI|false|1666871566538|Minimal risk
30786325593572|1623678016143|NFC|false|1665854794757|Critical risk
4398046526949|1587173698067|IPv4|false|1600727311170|Very high risk
43980465126886|1644660508622|MAC|false|1654599318119|Critical risk
26388279082471|1621859413577|NFC|false|1653030488127|Critical risk
48378511637992|1652588875113|ATM|false|1662231285872|Extreme risk
17592186060265|1607478414217|MAC|false|1618046840917|Low risk
35184372104682|1632171532808|MAC|false|1639985749786|Significant risk
17592186060267|1607377120164|ATM|false|1634802019976|High risk
39582418615788|1640855393127|MAC|false|1652353748218|Significant risk
39582418615789|1638982047368|IPv4|false|1657312212945|Minimal risk
30786325593582|1626752949726|QRCode|false|1654103511626|Significant risk
13194139549167|1598296944812|WIFI|false|1671194567742|Moderate risk
8796093038064|1591302979867|NFC|false|1609529177848|Severe risk
13194139549169|1597599727797|IPv4|false|1622241454974|Significant risk
48378511638002|1654271446044|WIFI|false|1658719870198|High risk
8796093038067|1594159375239|POS|false|1605408280569|Moderate risk
30786325593588|1624187134821|PHONE|false|1649605836912|Extreme risk
57174604660213|1666393475780|MAC|false|1668283788017|Low risk
35184372104694|1633819230033|IPv6|false|1656695826009|High risk
8796093038071|1591096121546|RFID|false|1626298790518|Minimal risk
17592186060280|1603975994146|QRCode|false|1617912730959|Significant risk
30786325593593|1624895751244|QRCode|false|1625455122140|Low risk
52776558149114|1659916611750|MAC|false|1662318825044|Severe risk
35184372104699|1630211327205|POS|false|1648618927391|Severe risk
57174604660220|1663700010866|WIFI|false|1664384039650|Severe risk
35184372104701|1634723239105|RFID|false|1655526688735|Minimal risk
4398046526974|1585384415777|MAC|false|1640683894938|Very high risk
26388279082495|1622139726940|IPv4|false|1630726309326|Significant risk
4398046526976|1584688423186|QRCode|false|1621323813431|Significant risk
13194139549185|1601315223151|PHONE|false|1630372121662|Extreme risk
21990232571394|1611873553748|RFID|false|1615074808585|Severe risk
21990232571395|1612968981757|WIFI|false|1616914297127|Severe risk
35184372104708|1632959397789|IPv4|true|1670744742943|Critical risk
52776558149125|1657046670102|ATM|false|1670972411958|Critical risk
48378511638022|1652367525475|WIFI|false|1661215247233|Moderate risk
26388279082503|1617651786079|NFC|true|1647238127043|Significant risk
61572651171336|1671716222789|WIFI|false|1672415665059|Moderate risk
26388279082505|1618877078883|IPv4|false|1637663131700|High risk
52776558149130|1658878716970|PHONE|false|1664083732306|Critical risk
17592186060299|1605641698160|NFC|false|1653852079318|Very high risk
17592186060300|1604898748000|NFC|false|1657097516891|High risk
8796093038093|1592371193782|WIFI|false|1597758398357|High risk
26388279082510|1621604610321|WIFI|false|1670591035920|Extreme risk
52776558149135|1660961097224|RFID|false|1667589374035|Very high risk
39582418615824|1638196877337|POS|false|1640584714762|Critical risk
17592186060305|1610208188287|ATM|false|1660612202181|Extreme risk
21990232571410|1610822336144|PHONE|false|1653033010971|High risk
43980465126931|1649138717041|IPv6|false|1660608680368|Moderate risk
57174604660244|1664093610675|POS|true|1671526798625|Critical risk
8796093038101|1594618948944|MAC|false|1655378405020|High risk
57174604660246|1663616403060|PHONE|false|1666278384670|Low risk
48378511638039|1652575141226|IPv4|false|1662634277750|Low risk
8796093038104|1593287574348|ATM|false|1616143345240|Extreme risk
21990232571417|1614590041923|NFC|false|1622828446959|Extreme risk
39582418615834|1639070020115|WIFI|false|1649341640371|Moderate risk
13194139549211|1597744432671|POS|false|1625064768914|Critical risk
52776558149148|1658863348950|POS|false|1663408400870|High risk
15901|1578339919665|IPv6|false|1639537594754|Significant risk
26388279082526|1620249988825|IPv6|true|1658736557015|Low risk
8796093038111|1592685874316|ATM|true|1602002971156|Critical risk
52776558149152|1660856214516|POS|false|1662111355785|Minimal risk
26388279082529|1621562309461|RFID|false|1636842856582|Severe risk
52776558149154|1661818711109|RFID|false|1667243690784|Moderate risk
4398046527011|1589987092531|WIFI|false|1609636407164|Minimal risk
43980465126948|1649646020575|NFC|false|1656065351331|Very high risk
52776558149157|1662608290670|IPv6|false|1670788706135|Moderate risk
35184372104742|1634161653371|QRCode|false|1647242948674|Low risk
39582418615847|1641625719708|IPv6|true|1644473472168|Severe risk
39582418615848|1640723537258|IPv4|false|1667023386942|Critical risk
13194139549225|1597609550498|POS|false|1630305160177|Very high risk
35184372104746|1632777367496|RFID|true|1660722423043|Significant risk
21990232571435|1611848032727|RFID|false|1623344913912|Severe risk
48378511638060|1655794327627|QRCode|false|1666459248637|Very high risk
17592186060333|1606369090086|MAC|false|1639013902633|Significant risk
57174604660270|1662895153024|WIFI|false|1669534207911|Extreme risk
21990232571439|1610937625821|IPv4|false|1656605884241|Significant risk
4398046527024|1586453878852|POS|false|1665952120123|Low risk
52776558149169|1662270188017|POS|false|1668883662878|Extreme risk
52776558149170|1660832218772|WIFI|false|1662638911702|High risk
57174604660275|1663352953941|PHONE|false|1664070103602|Significant risk
13194139549236|1599279746902|IPv4|false|1601266774266|Very high risk
30786325593653|1628118269500|QRCode|false|1654113292007|Very high risk
21990232571446|1610536954003|IPv4|false|1647955421279|Extreme risk
43980465126967|1644673525624|MAC|false|1666083923153|High risk
17592186060344|1605922446711|POS|false|1626897568318|Moderate risk
43980465126969|1646125245216|WIFI|false|1666242286893|Very high risk
61572651171386|1669585347663|QRCode|false|1671165851048|High risk
13194139549243|1601205937294|POS|false|1651242597802|Low risk
17592186060348|1609910335984|MAC|false|1631230516286|Significant risk
30786325593661|1628892079874|IPv6|false|1639236470193|High risk
48378511638078|1655632307320|NFC|false|1655857039158|Moderate risk
21990232571455|1612961083960|POS|false|1670109531809|Very high risk
15936|1581920623341|POS|false|1612740597111|Significant risk
48378511638081|1654157943939|WIFI|true|1662618517299|Critical risk
48378511638082|1655050447377|MAC|false|1658005572591|Moderate risk
43980465126979|1647688482940|MAC|false|1648899115860|Minimal risk
43980465126980|1649314094869|MAC|false|1659472572326|Very high risk
39582418615877|1637573650207|IPv4|false|1667904958231|Minimal risk
26388279082566|1620164476577|RFID|false|1635547511578|Significant risk
8796093038151|1592966607366|IPv6|false|1667803117183|Minimal risk
30786325593672|1628428788485|NFC|false|1656545064677|Moderate risk
4398046527049|1588567256247|IPv4|false|1594912291274|Minimal risk
35184372104778|1634880884200|IPv4|false|1667881198237|Moderate risk
43980465126987|1644193092639|WIFI|true|1655937531062|Minimal risk
21990232571468|1612584629656|POS|false|1660817424964|Very high risk
4398046527053|1586478304395|RFID|false|1667219615009|Extreme risk
52776558149198|1657071412363|WIFI|false|1667991380620|Minimal risk
61572651171407|1669502075931|IPv4|true|1670724844923|Significant risk
52776558149200|1659805366632|RFID|false|1664154131530|Extreme risk
4398046527057|1585956930658|POS|false|1662118995640|Critical risk
39582418615890|1637205966384|IPv6|true|1662667690928|Minimal risk
13194139549267|1602071293946|NFC|false|1629801176113|Critical risk
61572651171412|1669743365001|MAC|false|1670333988662|Significant risk
15957|1579073458977|POS|false|1647342693173|High risk
35184372104790|1633338985653|MAC|false|1664584662799|Very high risk
15959|1583863328660|RFID|false|1622665008180|Low risk
13194139549272|1598729591929|QRCode|false|1619225749678|High risk
48378511638105|1654413464137|IPv4|false|1668198280657|Severe risk
30786325593690|1627352903662|QRCode|false|1631634942648|Moderate risk
15963|1581818387053|WIFI|false|1584178834119|Severe risk
8796093038172|1591207842694|PHONE|false|1646074500538|Low risk
52776558149213|1657391456267|POS|false|1668369922462|High risk
30786325593694|1628186647801|QRCode|true|1666763575308|Minimal risk
35184372104799|1635409751314|WIFI|false|1667539730921|Severe risk
8796093038176|1594437918149|POS|false|1600437215180|Low risk
52776558149217|1660492147697|QRCode|false|1666630953265|Moderate risk
15970|1578488759045|QRCode|false|1664513757318|Significant risk
17592186060387|1606734038017|QRCode|false|1646961197377|Critical risk
21990232571492|1612905187617|WIFI|false|1628911341335|High risk
21990232571493|1615477587559|NFC|false|1639075044817|Moderate risk
35184372104806|1633592655626|IPv4|false|1668427907064|Low risk
30786325593703|1624043748284|MAC|false|1659423854382|High risk
43980465127016|1646467521274|NFC|false|1656651353711|Severe risk
17592186060393|1608776665881|MAC|false|1620003835566|Severe risk
35184372104810|1631807121681|QRCode|false|1668456545918|Moderate risk
15979|1583316204343|QRCode|false|1669196212766|Low risk
43980465127020|1643985049515|ATM|false|1661060221870|Severe risk
26388279082605|1618278043262|PHONE|false|1652098518185|High risk
13194139549294|1598300349649|IPv6|false|1633016102066|Minimal risk
48378511638127|1652807495949|MAC|false|1659098764601|Severe risk
52776558149232|1662598842831|RFID|false|1668848924257|Severe risk
21990232571505|1612184953283|IPv4|true|1624019413670|Low risk
48378511638130|1652696948108|PHONE|false|1656223630119|Low risk
13194139549299|1603097096221|POS|false|1611345056600|Critical risk
17592186060404|1609507123715|IPv6|false|1670850826308|Very high risk
57174604660341|1662908466515|RFID|false|1669551696066|Low risk
48378511638134|1654398965420|PHONE|false|1666810938799|Extreme risk
30786325593719|1626102490852|RFID|false|1643935022739|Very high risk
15992|1582946664574|ATM|false|1663363898761|High risk
39582418615929|1637728430012|QRCode|false|1646592440022|Severe risk
8796093038202|1596281528196|POS|false|1649874233268|High risk
13194139549307|1603887472768|MAC|false|1657840643963|Extreme risk
61572651171452|1672292731707|POS|false|1672433211513|Minimal risk
35184372104829|1635999021058|WIFI|false|1638173199494|High risk
35184372104830|1631690893515|IPv6|false|1633292696032|High risk
17592186060415|1605597368257|IPv6|false|1634662283952|Severe risk
17592186060416|1604600382914|NFC|false|1608620757558|Minimal risk
17592186060417|1609577271977|IPv4|false|1614836497431|Moderate risk
52776558149250|1657334629460|ATM|false|1660794903855|Low risk
57174604660355|1664734780103|NFC|false|1664938973158|Severe risk
61572651171460|1669969995054|POS|false|1670646619044|Severe risk
52776558149253|1661208661881|MAC|false|1662863120324|Critical risk
39582418615942|1640174108344|PHONE|false|1663274243475|Very high risk
21990232571527|1611175922053|QRCode|false|1627152727806|Moderate risk
26388279082632|1617943833673|IPv4|false|1623333197926|High risk
26388279082633|1622708465417|POS|false|1655365624355|Critical risk
16010|1582032159814|ATM|false|1655730657588|High risk
16011|1581131017214|IPv6|false|1669192218095|Low risk
4398046527116|1588970054631|RFID|false|1633822875262|Extreme risk
13194139549325|1602425331424|QRCode|false|1640261211092|Significant risk
39582418615950|1642171621392|QRCode|false|1668633001113|Moderate risk
48378511638159|1655922007930|POS|false|1657241559155|Significant risk
39582418615952|1640901712270|IPv4|false|1647652948343|Significant risk
57174604660369|1665309309323|POS|false|1668782681000|Severe risk
57174604660370|1667586403139|PHONE|false|1668200653523|Extreme risk
17592186060435|1610289437139|RFID|false|1643100229927|Extreme risk
17592186060436|1606601497574|IPv6|false|1617722305797|Minimal risk
39582418615957|1642063153635|IPv6|false|1668949359437|High risk
48378511638166|1652395099489|POS|false|1668813670244|Severe risk
8796093038231|1596784423403|RFID|false|1668266917400|Minimal risk
48378511638168|1652034951919|QRCode|false|1658304604799|Extreme risk
13194139549337|1597504280588|PHONE|false|1669835345524|Moderate risk
48378511638170|1654958782583|IPv6|false|1672090736744|Moderate risk
52776558149275|1659957201178|IPv4|false|1666262207949|Critical risk
16028|1581725226302|PHONE|false|1614322223165|Moderate risk
21990232571549|1616293342300|NFC|true|1616539468292|Extreme risk
61572651171486|1671154518546|NFC|false|1671330052249|Extreme risk
39582418615967|1637265682578|PHONE|false|1648215085623|Low risk
21990232571552|1614440881663|POS|false|1661241547133|Very high risk
4398046527137|1589480361525|MAC|false|1591543702035|High risk
13194139549346|1603155798167|PHONE|false|1665762314972|Low risk
21990232571555|1615485442136|PHONE|false|1638359280731|Minimal risk
13194139549348|1602724922841|IPv4|false|1617913396485|Very high risk
39582418615973|1642133526287|WIFI|false|1646607520650|Severe risk
21990232571558|1615932179953|NFC|false|1624507154267|Critical risk
8796093038247|1596014568652|NFC|false|1666114912036|Severe risk
48378511638184|1653838150091|ATM|false|1672441220503|Extreme risk
35184372104873|1635954738245|QRCode|false|1652233088676|Minimal risk
52776558149290|1660512076004|ATM|false|1669123397632|High risk
39582418615979|1641081486094|MAC|false|1670707804307|Low risk
30786325593772|1626754570294|ATM|false|1640476546880|Minimal risk
61572651171501|1670884980610|WIFI|false|1671475504382|Significant risk
35184372104878|1634907357956|ATM|false|1651111007332|Moderate risk
30786325593775|1624207186996|RFID|false|1641079787492|Low risk
26388279082672|1620334648581|QRCode|true|1634200263952|High risk
30786325593777|1628434333540|PHONE|false|1656854013712|Minimal risk
43980465127090|1649202813092|POS|false|1655919017603|Significant risk
13194139549363|1598924699259|QRCode|false|1608389107637|High risk
16052|1582222164252|WIFI|false|1605001102458|Very high risk
13194139549365|1603245659607|MAC|false|1630287883876|High risk
13194139549366|1599886717198|IPv6|false|1670076916169|High risk
4398046527159|1585999586990|IPv4|true|1669653940869|Moderate risk
48378511638200|1654410359937|QRCode|false|1672140978486|Critical risk
8796093038265|1596502331445|MAC|false|1660728592389|Minimal risk
8796093038266|1592290311936|MAC|false|1596781769313|Moderate risk
8796093038267|1594333070601|WIFI|false|1611784243203|Low risk
30786325593788|1625643087983|ATM|false|1666515970290|Critical risk
35184372104893|1636518168390|MAC|false|1660963567544|Very high risk
30786325593790|1629989958168|NFC|false|1647358368266|Extreme risk
39582418615999|1642895086030|NFC|false|1644366960449|Very high risk
21990232571584|1613544637498|QRCode|false|1664187523549|Very high risk
52776558149313|1658345939503|NFC|false|1670086499261|Severe risk
4398046527170|1590145334842|RFID|false|1672034520022|Critical risk
17592186060483|1606982039873|POS|false|1614957392992|Severe risk
17592186060484|1604809453837|MAC|false|1613384058328|Severe risk
8796093038277|1591061308917|NFC|false|1611057356902|Moderate risk
39582418616006|1638643420570|NFC|false|1657051319152|Severe risk
4398046527175|1587739754719|PHONE|false|1616528374089|Low risk
8796093038280|1595533401824|PHONE|false|1602827250676|Significant risk
26388279082697|1623190931070|PHONE|false|1659950224049|Significant risk
48378511638218|1654728731912|POS|false|1655109634544|Low risk
13194139549387|1600849047136|IPv6|false|1665497451176|Moderate risk
43980465127116|1644727336229|QRCode|false|1670940384167|Minimal risk
4398046527181|1585194765752|RFID|false|1637037752210|Very high risk
21990232571598|1613189539736|ATM|false|1654153481790|Moderate risk
21990232571599|1611230826993|QRCode|false|1632891683594|High risk
48378511638224|1651661767771|WIFI|false|1663627977616|Extreme risk
35184372104913|1632398025689|QRCode|false|1659979792125|Significant risk
52776558149330|1660420481746|PHONE|false|1661644627174|Low risk
35184372104915|1635342929616|RFID|false|1656359784574|Extreme risk
30786325593812|1629893762648|PHONE|false|1664171433628|High risk
26388279082709|1622025591153|IPv6|false|1669365381153|High risk
21990232571606|1613956036022|NFC|false|1664995245547|Significant risk
26388279082711|1620526656802|IPv4|false|1626758821847|Very high risk
43980465127128|1647403185527|ATM|false|1670545091242|High risk
48378511638233|1651262656217|IPv4|false|1671840820935|Critical risk
8796093038298|1593756830645|POS|false|1633886089284|Low risk
26388279082715|1618445246953|WIFI|false|1631470400454|Moderate risk
39582418616028|1641406988750|QRCode|false|1655962408907|Critical risk
48378511638237|1652503600228|QRCode|false|1659369210943|Moderate risk
39582418616030|1639635178150|IPv6|false|1668125975895|Severe risk
48378511638239|1650801377341|MAC|false|1655836928891|Low risk
4398046527200|1589129010565|PHONE|false|1612576941821|Very high risk
30786325593825|1624397975798|MAC|false|1640213984733|Significant risk
43980465127138|1645249020634|NFC|true|1645741975635|Low risk
8796093038307|1597391452930|MAC|false|1625407507041|Low risk
43980465127140|1643301131759|MAC|false|1653465670485|Low risk
26388279082725|1619409577422|PHONE|false|1652072912249|Low risk
30786325593830|1624191361651|WIFI|false|1649192224120|Moderate risk
16103|1578318561341|RFID|false|1612150294935|Critical risk
26388279082728|1622653196644|MAC|false|1622778649368|Severe risk
57174604660457|1669200235722|IPv6|false|1670962992759|Moderate risk
21990232571626|1615436333711|RFID|false|1671122664275|Minimal risk
21990232571627|1612205389760|IPv6|false|1651911893100|Severe risk
61572651171564|1671696301636|IPv4|false|1671999876974|Critical risk
16109|1578820205784|ATM|false|1579786544111|Minimal risk
57174604660462|1664800166639|IPv4|false|1671740322789|Severe risk
4398046527215|1586881333305|WIFI|false|1639793526123|Moderate risk
8796093038320|1595971214824|PHONE|false|1646688279367|Extreme risk
21990232571633|1610874821843|IPv4|false|1611955175283|Low risk
8796093038322|1593054108102|POS|false|1634824598628|Significant risk
16115|1581490226583|QRCode|false|1650367740133|Minimal risk
30786325593844|1626057679539|ATM|false|1640352631349|Critical risk
39582418616053|1640489580055|ATM|false|1644021994343|Minimal risk
52776558149366|1657051542427|RFID|false|1660216136855|Critical risk
43980465127159|1643580500631|QRCode|false|1656251713634|High risk
26388279082744|1617336291933|ATM|false|1623022437845|Minimal risk
43980465127161|1648229260123|NFC|false|1663977699813|Severe risk
30786325593850|1625623082820|NFC|false|1646960824559|Low risk
26388279082747|1618858134473|QRCode|false|1621051390042|Critical risk
4398046527228|1584724289382|ATM|false|1587441326022|Low risk
4398046527229|1586955262313|POS|false|1624058888580|Critical risk
26388279082750|1620600259934|IPv6|false|1646074183852|Minimal risk
61572651171583|1672434152380|RFID|false|1672514264970|Critical risk
48378511638272|1654491269317|NFC|false|1661792554875|Significant risk
17592186060545|1607170662761|PHONE|false|1649614450483|Low risk
35184372104962|1630132717154|PHONE|false|1647150543599|Very high risk
8796093038339|1592249792067|POS|false|1665164318507|High risk
13194139549444|1601959326845|NFC|false|1672475957718|Minimal risk
57174604660485|1664655129202|POS|false|1669565336010|Critical risk
48378511638278|1654760287151|PHONE|false|1665431263852|Very high risk
16135|1581437043972|IPv6|false|1596573783556|Very high risk
48378511638280|1653546392970|RFID|false|1672034062052|Severe risk
52776558149385|1660099560041|IPv6|false|1663829077935|Significant risk
16138|1584137615282|MAC|false|1621106372957|Moderate risk
13194139549451|1602900428963|MAC|false|1632197448830|High risk
61572651171596|1671946783883|RFID|false|1671957266376|Moderate risk
21990232571661|1613378130688|ATM|false|1630457702703|Very high risk
26388279082766|1623546239202|POS|false|1668652167948|Minimal risk
43980465127183|1647933276515|IPv6|false|1671494510362|Moderate risk
8796093038352|1596390128093|MAC|false|1609251816374|High risk
39582418616081|1636707168882|PHONE|false|1637374217092|Significant risk
4398046527250|1587787762601|IPv4|false|1598627808072|Moderate risk
16147|1580689912980|IPv4|false|1607843238986|Severe risk
26388279082772|1621888615420|IPv6|false|1630965644244|Moderate risk
48378511638293|1652653672159|PHONE|false|1669208932197|Low risk
39582418616086|1640282563200|POS|false|1666402199716|Extreme risk
21990232571671|1612928162951|IPv4|false|1620368930960|Minimal risk
13194139549464|1602054480264|MAC|false|1612127342345|Significant risk
52776558149401|1662326449603|NFC|false|1670761815604|Low risk
13194139549466|1600375638352|ATM|false|1669345143898|Moderate risk
30786325593883|1625286356671|IPv6|false|1649597642525|High risk
57174604660508|1666974412417|WIFI|false|1668809871498|Very high risk
8796093038365|1591805888306|POS|false|1660543375975|High risk
17592186060574|1604742767815|ATM|false|1660341037980|Significant risk
8796093038367|1593348760819|QRCode|true|1656921143694|Extreme risk
35184372104992|1632963566365|QRCode|false|1665634512221|Extreme risk
16161|1580774396928|RFID|false|1616496073483|Very high risk
30786325593890|1625600942881|RFID|false|1634126174792|Significant risk
26388279082787|1621251178116|IPv4|false|1624901594689|Significant risk
39582418616100|1637531420217|NFC|true|1659035746680|Moderate risk
39582418616101|1640235949536|NFC|false|1670323400532|Critical risk
57174604660518|1667841810670|IPv4|false|1668195064514|Critical risk
13194139549479|1600411419519|PHONE|false|1653887433640|Minimal risk
26388279082792|1621694881454|MAC|false|1633060096389|Low risk
52776558149417|1661099906156|ATM|false|1662165750329|Very high risk
30786325593898|1628316816113|IPv4|false|1663534311619|Low risk
21990232571691|1614473487865|PHONE|false|1650867402786|Very high risk
43980465127212|1647056452954|POS|false|1669607752388|Moderate risk
17592186060589|1605477862998|POS|false|1668093590673|Low risk
39582418616110|1640107935833|NFC|false|1653637667980|Critical risk
4398046527279|1589425787333|PHONE|false|1649097785498|Significant risk
30786325593904|1626529215323|IPv4|false|1647748097851|Extreme risk
26388279082801|1619049900755|NFC|false|1665383837055|Low risk
30786325593906|1625527858063|RFID|false|1644547100370|Low risk
26388279082803|1620143305294|QRCode|false|1625065186293|Significant risk
8796093038388|1595923970455|NFC|false|1599403331632|Significant risk
30786325593909|1629466091327|PHONE|false|1633325217781|Very high risk
43980465127222|1645081841366|MAC|false|1650148321846|Extreme risk
26388279082807|1622678425375|QRCode|false|1652962680894|Extreme risk
43980465127224|1647738669848|QRCode|false|1653742633678|Severe risk
35184372105017|1636348016432|RFID|false|1661613967389|Extreme risk
52776558149434|1660528647008|IPv6|false|1668418455530|Significant risk
39582418616123|1639423526353|PHONE|false|1653200053172|High risk
57174604660540|1663958218313|PHONE|false|1669186983412|Minimal risk
61572651171645|1671379680137|PHONE|false|1671951244437|Moderate risk
17592186060606|1607744727774|RFID|false|1655458275516|Low risk
48378511638335|1656018295594|QRCode|false|1656069233096|Low risk
21990232571712|1612485511856|MAC|false|1651671764203|Moderate risk
13194139549505|1603696144164|MAC|true|1608346668433|Minimal risk
16194|1582133851325|IPv6|false|1668731143219|Significant risk
43980465127235|1644015722671|QRCode|false|1645875531389|Very high risk
21990232571716|1612788567423|WIFI|false|1615485589472|Minimal risk
17592186060613|1609126798296|IPv4|false|1662465310266|Severe risk
39582418616134|1642387052958|RFID|false|1644971797264|Very high risk
26388279082823|1619772832612|RFID|false|1647844117151|Moderate risk
4398046527304|1586406152806|PHONE|false|1628258963601|Critical risk
48378511638345|1655079546308|MAC|false|1667872647813|High risk
21990232571722|1616263046854|NFC|false|1640220694837|Significant risk
8796093038411|1595571665077|RFID|false|1597454505171|Extreme risk
57174604660556|1666689506375|WIFI|false|1670688572379|High risk
16205|1582541588365|ATM|false|1621840862088|Very high risk
39582418616142|1640227573466|IPv6|false|1648413398186|Severe risk
35184372105039|1636047312378|NFC|false|1645568098091|Low risk
35184372105040|1630767335673|IPv6|false|1652166554012|Low risk
8796093038417|1592354612267|MAC|true|1640171492555|Minimal risk
21990232571730|1615901729438|QRCode|false|1636139957074|Minimal risk
4398046527315|1590576093137|IPv4|false|1613286453031|High risk
17592186060628|1609144408195|MAC|false|1626356467249|Severe risk
52776558149461|1656872427735|MAC|false|1670953078777|Very high risk
13194139549526|1600375318102|NFC|false|1615435174579|Low risk
61572651171671|1669967394260|WIFI|false|1672108476917|Very high risk
13194139549528|1600004867641|IPv6|false|1626841241497|Significant risk
48378511638361|1652186401008|PHONE|false|1664241592303|Severe risk
35184372105050|1633853626737|RFID|false|1659909984377|Very high risk
16219|1582139024456|NFC|false|1588506877362|Critical risk
57174604660572|1668736980546|IPv6|false|1670369069996|Low risk
21990232571741|1613313499915|NFC|true|1616478076860|High risk
26388279082846|1619957603831|QRCode|false|1646652748888|Minimal risk
39582418616159|1640597564379|ATM|false|1648486911958|Severe risk
61572651171680|1671600754267|RFID|false|1671603774086|Low risk
13194139549537|1598801422102|POS|false|1658936543417|Significant risk
52776558149474|1656958602490|QRCode|false|1658373278415|Low risk
57174604660579|1668919890784|POS|false|1670633557127|Critical risk
8796093038436|1594873489153|WIFI|false|1642631659452|Critical risk
13194139549541|1602310781481|QRCode|false|1665078193520|Critical risk
26388279082854|1619243611308|IPv6|false|1672204450158|Severe risk
26388279082855|1620525743391|IPv4|false|1640179388448|Extreme risk
16232|1583096275844|QRCode|false|1656789100091|Minimal risk
4398046527337|1588913990551|WIFI|false|1617077097674|Low risk
16234|1583733673566|QRCode|false|1584039673169|Critical risk
13194139549547|1597719413720|NFC|false|1598101861812|Minimal risk
39582418616172|1638981236027|IPv4|false|1650401164699|Low risk
16237|1578215130723|ATM|true|1642904074475|Very high risk
52776558149486|1658821802447|IPv6|false|1661193953930|Low risk
4398046527343|1587389206988|WIFI|false|1647568302202|Severe risk
8796093038448|1593515267988|IPv6|false|1595232413797|Minimal risk
48378511638385|1650250037453|PHONE|false|1659644331633|Extreme risk
17592186060658|1604124208266|WIFI|false|1625887378099|Extreme risk
48378511638387|1653641514819|POS|false|1659883766744|Low risk
17592186060660|1604950438005|RFID|true|1654972119007|Minimal risk
30786325593973|1624082396888|PHONE|false|1650164068665|Severe risk
43980465127286|1646286293836|POS|false|1649642370973|Low risk
35184372105079|1634706467514|ATM|false|1666192832303|Extreme risk
16248|1581537549283|NFC|false|1645061151954|Low risk
52776558149497|1657569081405|ATM|false|1659114832835|Very high risk
43980465127290|1648615632572|QRCode|false|1665980902272|Significant risk
39582418616187|1643125970771|NFC|false|1652871711621|Low risk
39582418616188|1637117759656|WIFI|false|1663978522509|High risk
17592186060669|1606012432561|IPv4|false|1607986900688|High risk
26388279082878|1620920867701|ATM|false|1625214295126|Low risk
4398046527359|1584471057182|QRCode|false|1646247459965|Critical risk
30786325593984|1629127148844|ATM|false|1661754417537|Significant risk
35184372105089|1630481871629|ATM|false|1643921992488|Minimal risk
30786325593986|1627850340335|IPv4|false|1634665953798|Minimal risk
21990232571779|1611517285183|ATM|false|1613620087886|Very high risk
26388279082884|1619766627022|NFC|false|1647340522889|Critical risk
48378511638405|1650313327351|NFC|false|1666301230176|Extreme risk
48378511638406|1650571737758|IPv4|false|1672233592278|High risk
26388279082887|1619079884608|ATM|false|1655895315222|Very high risk
8796093038472|1591940871676|WIFI|false|1647470661917|Critical risk
35184372105097|1632868370331|WIFI|false|1635641640072|Very high risk
48378511638410|1650819286805|IPv4|false|1658885573707|Critical risk
21990232571787|1615984116556|NFC|false|1626555629982|Minimal risk
16268|1578068212237|RFID|false|1644037003958|Very high risk
43980465127309|1646146732019|QRCode|false|1662722668938|Very high risk
30786325593998|1629600965066|WIFI|false|1660363192795|Minimal risk
8796093038479|1596677700175|NFC|false|1666652032219|Moderate risk
35184372105104|1632153086466|QRCode|false|1663943702063|High risk
26388279082897|1619012815607|ATM|false|1635044813906|Minimal risk
26388279082898|1622760190436|WIFI|true|1623977374401|Low risk
8796093038483|1591358733278|WIFI|false|1631499615848|Minimal risk
21990232571796|1611590189367|MAC|false|1665181122465|Very high risk
13194139549589|1598371028624|QRCode|false|1599495963538|Severe risk
57174604660630|1669263615098|RFID|false|1671825918214|Very high risk
52776558149527|1661781514442|MAC|false|1667166414529|Very high risk
39582418616216|1641147027802|POS|false|1650090748791|Significant risk
8796093038489|1595246135955|IPv6|false|1631474163732|Significant risk
35184372105114|1636150235769|IPv6|true|1655451131214|Extreme risk
21990232571803|1612584403490|MAC|false|1659928592327|Very high risk
26388279082908|1619673179048|IPv4|false|1636073691148|Minimal risk
43980465127325|1648751768549|IPv4|false|1649698119433|Very high risk
26388279082910|1617554180090|RFID|false|1652554041814|Extreme risk
16287|1578530529812|WIFI|false|1624909097904|Critical risk
61572651171744|1669750132039|NFC|false|1671211510406|Significant risk
39582418616225|1637310032976|QRCode|false|1637761270436|Moderate risk
52776558149538|1656328364937|PHONE|false|1666490358280|Minimal risk
48378511638435|1650105016734|IPv4|false|1664728448572|High risk
61572651171748|1669814739221|WIFI|false|1671159385765|Very high risk
43980465127333|1649020954431|RFID|false|1652210526447|Significant risk
16294|1583545317664|WIFI|false|1666416448014|Minimal risk
35184372105127|1635161450119|IPv4|false|1667706154042|Critical risk
30786325594024|1624894093867|WIFI|false|1635872684058|Very high risk
21990232571817|1611413809714|QRCode|false|1620629766510|Extreme risk
16298|1583704678108|ATM|false|1630713039195|Moderate risk
39582418616235|1642704061472|IPv4|false|1650093838167|Minimal risk
21990232571820|1611208852707|IPv6|false|1641330600124|Extreme risk
21990232571821|1613356223849|NFC|false|1624028381805|Significant risk
61572651171758|1671834078449|RFID|false|1672105862216|Significant risk
43980465127343|1647457866970|NFC|false|1666537141164|Very high risk
39582418616240|1640169139511|PHONE|true|1650778939178|Severe risk
17592186060721|1606961480241|MAC|false|1656119985742|Low risk
52776558149554|1661855224054|WIFI|false|1671939569095|Moderate risk
13194139549619|1599640805301|MAC|false|1629559949714|Low risk
4398046527412|1589483185129|WIFI|false|1667636034668|Minimal risk
48378511638453|1655387033889|IPv6|false|1668984368529|Low risk
26388279082934|1618438646207|NFC|false|1623722290106|Significant risk
26388279082935|1619981643254|PHONE|false|1655232669314|Significant risk
21990232571832|1615889233963|RFID|true|1616492660417|Low risk
48378511638457|1650545827356|RFID|false|1654969812574|Critical risk
21990232571834|1614669293418|RFID|false|1639848907060|Extreme risk
52776558149563|1656994050632|QRCode|false|1660584006981|Extreme risk
39582418616252|1638657196922|PHONE|false|1643384409822|Very high risk
43980465127357|1648313370064|RFID|false|1656605622059|Very high risk
21990232571838|1611328758236|IPv4|false|1633402222904|Very high risk
4398046527423|1587126179231|IPv4|false|1636141385026|Very high risk
57174604660672|1667568107596|NFC|false|1672295231154|Very high risk
52776558149569|1661839717916|IPv4|false|1667376013200|Critical risk
48378511638466|1654109909254|IPv6|false|1669969691523|Significant risk
52776558149571|1658019686539|POS|false|1667837749140|Significant risk
16324|1580238655600|MAC|false|1644013294749|High risk
30786325594053|1627951259636|RFID|false|1650020705950|Extreme risk
30786325594054|1625281635906|RFID|true|1648134967338|Very high risk
4398046527431|1588703465388|PHONE|false|1589021628498|Minimal risk
43980465127368|1646992394853|PHONE|false|1668831330215|Low risk
8796093038537|1594050198388|RFID|false|1602343095399|Significant risk
21990232571850|1611130616838|RFID|false|1666128609810|Very high risk
48378511638475|1650195610269|QRCode|false|1650372528377|High risk
35184372105164|1630800005908|NFC|false|1653940412869|Moderate risk
21990232571853|1614832999437|MAC|false|1637302619411|Critical risk
43980465127374|1643232206502|MAC|false|1645670566624|Low risk
26388279082959|1622117613843|POS|false|1649862331139|Very high risk
21990232571856|1616833421877|QRCode|false|1658869748721|High risk
35184372105169|1630580022993|POS|false|1669216168530|Severe risk
52776558149586|1662739673672|POS|false|1671089056801|Extreme risk
4398046527443|1590385862394|NFC|false|1591676121983|Low risk
4398046527444|1586300913698|POS|false|1631932181232|Extreme risk
39582418616277|1638440381750|WIFI|false|1664499320461|Significant risk
52776558149590|1656267042714|RFID|false|1669246145452|Significant risk
30786325594071|1626239990090|WIFI|false|1644878463956|Critical risk
4398046527448|1585025489916|IPv6|false|1651638372334|High risk
61572651171801|1670354168792|QRCode|true|1672459546350|High risk
26388279082970|1617962729691|IPv6|false|1634787571184|High risk
13194139549659|1603450307470|ATM|false|1627197173325|Low risk
4398046527452|1588594485607|WIFI|false|1628875455224|Moderate risk
35184372105181|1633990058683|MAC|false|1658123092546|Very high risk
4398046527454|1589112359316|IPv4|false|1631699436423|High risk
61572651171807|1670469015029|QRCode|false|1672186898693|Very high risk
61572651171808|1669644203347|MAC|false|1670100609128|Very high risk
35184372105185|1630607995016|NFC|false|1644825917051|Very high risk
26388279082978|1620181514814|ATM|false|1633915018757|Low risk
17592186060771|1606550950048|WIFI|false|1634255417616|Low risk
35184372105188|1632175469784|QRCode|false|1666656084228|High risk
57174604660709|1663418882754|NFC|false|1666016990782|Minimal risk
17592186060774|1605723160392|POS|false|1635309015885|Significant risk
13194139549671|1599187362580|PHONE|false|1655445955097|Low risk
21990232571880|1616026303997|NFC|false|1618116862792|Critical risk
52776558149609|1657552972057|WIFI|false|1661649983709|Moderate risk
48378511638506|1654724424557|RFID|false|1669376772118|Critical risk
8796093038571|1597133984728|IPv6|false|1654698914488|Critical risk
35184372105196|1632927912241|IPv4|false|1644513667278|Critical risk
17592186060781|1610169193022|MAC|false|1662840652752|Significant risk
57174604660718|1663449443499|WIFI|false|1670172531478|Minimal risk
16367|1583474047520|ATM|false|1657696589264|Extreme risk
39582418616304|1641766947170|IPv4|false|1669275358566|Critical risk
39582418616305|1643092673415|PHONE|false|1669852809460|Critical risk
35184372105202|1630200900395|IPv6|false|1657891933712|Minimal risk
48378511638515|1653574680709|IPv6|false|1666641758709|Low risk
35184372105204|1631637808634|IPv6|false|1647104313808|Moderate risk
17592186060789|1604324275336|WIFI|false|1636632677532|Critical risk
61572651171830|1669983325204|IPv6|false|1671016941155|Minimal risk
43980465127415|1646604080171|IPv6|false|1660581912163|Low risk
4398046527480|1590100680367|QRCode|false|1661276568960|Moderate risk
43980465127417|1647406507332|RFID|false|1665412090054|Very high risk
43980465127418|1647773904750|NFC|false|1664510107520|Severe risk
57174604660731|1668089811490|MAC|false|1671097613839|Very high risk
35184372105212|1634015407010|QRCode|false|1666184684949|Significant risk
26388279083005|1617485976596|ATM|false|1620013400637|Low risk
35184372105214|1632382248694|POS|false|1660406664552|Low risk
52776558149631|1662540428428|PHONE|false|1667172111863|Extreme risk
43980465127424|1645676465057|POS|false|1659436857100|High risk
35184372105217|1631282747026|RFID|false|1664506569001|Low risk
26388279083010|1622766404941|RFID|false|1660204526739|Extreme risk
21990232571907|1612751101272|MAC|false|1668176570532|Significant risk
48378511638532|1654283902020|RFID|false|1667374711533|Severe risk
30786325594117|1625986283980|PHONE|true|1671426018363|Severe risk
4398046527494|1589914513213|QRCode|false|1619526959289|High risk
43980465127431|1645797355996|POS|false|1662291876975|Very high risk
39582418616328|1640580210230|NFC|false|1652616378882|Critical risk
61572651171849|1671893483328|IPv4|false|1672251228217|Minimal risk
30786325594122|1624642548339|WIFI|false|1641774361223|Extreme risk
43980465127435|1647996431869|WIFI|false|1669320490995|Extreme risk
17592186060812|1606120793780|POS|false|1632291589686|Moderate risk
4398046527501|1586727253958|IPv4|false|1615726671515|Severe risk
26388279083022|1619619071219|QRCode|false|1634276181174|Minimal risk
17592186060815|1606561445583|IPv4|false|1630092769165|Critical risk
4398046527504|1589101530571|POS|false|1644104863000|Extreme risk
4398046527505|1586712269233|IPv6|false|1614486645911|Minimal risk
16402|1578940235282|WIFI|false|1622045062118|Very high risk
8796093038611|1596097864029|MAC|false|1645595796321|Low risk
48378511638548|1655355824372|PHONE|false|1661906383344|Severe risk
30786325594133|1629949928147|QRCode|false|1655146567010|Significant risk
52776558149654|1658978657682|QRCode|false|1665260387573|Low risk
8796093038615|1594351807657|POS|false|1633981315637|High risk
57174604660760|1662778232577|MAC|true|1670280786318|Severe risk
52776558149657|1660086296395|PHONE|false|1660883030246|Minimal risk
48378511638554|1649848596704|WIFI|false|1652336168278|Extreme risk
13194139549723|1598384813468|IPv6|true|1661387751135|Minimal risk
4398046527516|1589226179961|IPv4|false|1615934709057|Significant risk
57174604660765|1665879372170|IPv4|false|1669263862608|Severe risk
61572651171870|1671334178393|RFID|false|1671855451644|Moderate risk
35184372105247|1630230582807|WIFI|false|1654577933002|Very high risk
39582418616352|1640119219571|MAC|false|1660443716000|Significant risk
43980465127457|1645317461066|QRCode|false|1652448632838|Low risk
21990232571938|1615576662575|MAC|false|1642028687788|Moderate risk
35184372105251|1632140641838|PHONE|false|1672418343678|Severe risk
57174604660772|1663133677892|WIFI|false|1669278210934|Critical risk
21990232571941|1614448918991|WIFI|false|1621447781910|Minimal risk
52776558149670|1661703446383|QRCode|false|1665892408642|Minimal risk
30786325594151|1630026016466|MAC|false|1639100167483|Severe risk
8796093038632|1593579323878|NFC|false|1665514460919|Critical risk
16425|1583304975757|QRCode|false|1623198188297|Low risk
43980465127466|1644192334441|QRCode|true|1651434753275|Severe risk
52776558149675|1658623800843|ATM|false|1666567622292|Severe risk
35184372105260|1633163817557|NFC|false|1664586864438|Moderate risk
8796093038637|1597092322572|RFID|false|1655614239429|Moderate risk
39582418616366|1642507355931|PHONE|false|1665043440263|Extreme risk
35184372105263|1634092841522|PHONE|false|1645997631497|Severe risk
26388279083056|1622868354994|ATM|false|1656246058788|Critical risk
52776558149681|1657951036841|QRCode|false|1659499236967|Extreme risk
13194139549746|1598397953105|IPv6|false|1666234377451|Very high risk
39582418616371|1640589410171|QRCode|false|1659420695566|Minimal risk
26388279083060|1618991406644|PHONE|false|1665519108503|Extreme risk
39582418616373|1642654933651|RFID|false|1661746532984|Severe risk
61572651171894|1672380224899|RFID|false|1672382968373|Significant risk
39582418616375|1641169814433|RFID|false|1652720034932|Critical risk
8796093038648|1592265488243|WIFI|false|1671754517214|Severe risk
43980465127481|1646508664336|QRCode|false|1670371384944|Critical risk
17592186060858|1608351968399|NFC|false|1663794325106|Minimal risk
39582418616379|1638304758774|NFC|false|1638523134233|Severe risk
43980465127484|1647474269067|MAC|false|1653816832453|Moderate risk
26388279083069|1619481370336|ATM|false|1630644190094|Significant risk
39582418616382|1641442563102|IPv4|false|1670346673589|Very high risk
13194139549759|1598595173532|MAC|false|1603061518018|High risk
57174604660800|1663894852431|NFC|true|1669098224372|Minimal risk
4398046527553|1588362799423|WIFI|false|1631554084099|High risk
52776558149698|1656516601374|IPv6|false|1667650514173|Critical risk
43980465127491|1648559460263|WIFI|false|1659421021534|Severe risk
16452|1580324510210|ATM|false|1634042575132|Extreme risk
48378511638597|1655938814359|POS|false|1667556435311|Moderate risk
35184372105286|1636421010874|PHONE|false|1650789185950|Moderate risk
48378511638599|1651342250310|MAC|false|1653391354819|Low risk
13194139549768|1601759858598|POS|false|1649384275101|Very high risk
30786325594185|1626327763907|QRCode|false|1637341687713|Extreme risk
35184372105290|1635266609372|QRCode|false|1644292507552|Minimal risk
35184372105291|1632399725832|RFID|false|1636037672196|Minimal risk
39582418616396|1637810077538|IPv4|false|1669411666855|Severe risk
35184372105293|1630809402149|RFID|false|1644970994230|High risk
52776558149710|1659396902007|MAC|false|1669621824053|Minimal risk
39582418616399|1639678393208|IPv4|false|1666430928857|Critical risk
16464|1579727353100|POS|false|1592315266976|Significant risk
43980465127505|1649660967907|IPv6|false|1663312469861|Moderate risk
52776558149714|1657168652097|RFID|false|1668959450037|Critical risk
35184372105299|1632823489027|IPv4|false|1656346882577|Minimal risk
61572651171924|1670836070318|POS|false|1671068066555|Critical risk
48378511638613|1652962845116|MAC|false|1671736522580|Very high risk
16470|1580915395920|PHONE|false|1613124888360|Extreme risk
17592186060887|1605061460797|WIFI|false|1613361678353|Very high risk
57174604660824|1663356679967|QRCode|false|1665950375127|Significant risk
16473|1581055201732|RFID|false|1613708905746|Minimal risk
57174604660826|1663959150079|QRCode|false|1670508165702|Critical risk
26388279083099|1623263457748|WIFI|false|1649242501284|High risk
26388279083100|1618676940061|IPv4|false|1672134655732|Critical risk
8796093038685|1590923548989|WIFI|false|1625273959104|Critical risk
57174604660830|1663694252296|NFC|false|1664807918560|Very high risk
16479|1583869010719|MAC|false|1646392003429|Minimal risk
17592186060896|1609779181607|ATM|false|1642717365187|Extreme risk
52776558149729|1658434972098|MAC|false|1665685971712|Moderate risk
16482|1581893341413|QRCode|false|1591339111343|Minimal risk
13194139549795|1603608404532|ATM|false|1649277993279|Very high risk
35184372105316|1636139461505|QRCode|false|1640535765482|Severe risk
26388279083109|1619090544737|IPv6|false|1657917204402|Very high risk
43980465127526|1649484947175|WIFI|false|1657112238187|Significant risk
43980465127527|1643672061736|ATM|false|1661388381091|Low risk
21990232572008|1611868810843|QRCode|false|1642211243617|Moderate risk
21990232572009|1612583999632|IPv4|false|1646966610055|Minimal risk
4398046527594|1590312647219|IPv4|false|1633641075937|Significant risk
35184372105323|1631936988131|IPv4|false|1670751666293|Severe risk
30786325594220|1628637168489|ATM|false|1631584412778|Very high risk
17592186060909|1604488535495|RFID|false|1665514203829|Moderate risk
35184372105326|1633504443974|QRCode|false|1641591469097|Very high risk
30786325594223|1625328554547|IPv4|false|1656667343807|Low risk
17592186060912|1606397375571|IPv6|false|1669625961707|Minimal risk
39582418616433|1642469383642|MAC|false|1668093174875|Critical risk
26388279083122|1620479019950|POS|false|1656897280334|Critical risk
13194139549811|1598506420963|NFC|false|1617542016938|Low risk
52776558149748|1661829773351|POS|false|1664230608549|Minimal risk
35184372105333|1632238750145|IPv6|false|1670260746831|Extreme risk
30786325594230|1630004714864|ATM|false|1670928323575|Significant risk
8796093038711|1592955599309|NFC|false|1613645549365|Low risk
26388279083128|1618955908070|ATM|false|1623315112343|Severe risk
16505|1579887925020|QRCode|false|1651106151042|Minimal risk
8796093038714|1592758606878|WIFI|false|1620197135239|Low risk
21990232572027|1613850262064|NFC|false|1671678658444|Extreme risk
21990232572028|1611239457830|PHONE|false|1613239858252|High risk
35184372105341|1635669511489|IPv4|false|1654880810844|Significant risk
4398046527614|1585635102716|IPv6|false|1585805328835|Very high risk
48378511638655|1650153195294|MAC|false|1662616324402|Significant risk
57174604660864|1664932440052|RFID|false|1666553510513|High risk
57174604660865|1666119312543|IPv4|false|1668139743307|High risk
48378511638658|1651244988055|IPv6|false|1654739347739|Moderate risk
35184372105347|1633847657847|WIFI|false|1645792722143|Severe risk
52776558149764|1660539128031|NFC|false|1672379346086|Extreme risk
30786325594245|1624352804753|MAC|false|1628610676409|Very high risk
35184372105350|1632343840924|PHONE|false|1664560446593|Significant risk
13194139549831|1603719345209|RFID|false|1610330618344|Low risk
43980465127560|1643398125573|WIFI|false|1646191574137|High risk
57174604660873|1663642059895|POS|true|1665228736523|Severe risk
16522|1583891552832|RFID|false|1634001899657|Severe risk
26388279083147|1619743101152|QRCode|false|1650732939929|Significant risk
4398046527628|1587799758789|MAC|false|1609335033216|Severe risk
52776558149773|1659666783271|IPv6|false|1668202073957|High risk
39582418616462|1637683413519|PHONE|false|1638778871714|Moderate risk
39582418616463|1642630863004|RFID|false|1651982271499|Moderate risk
4398046527632|1589732776656|POS|false|1599226510104|Very high risk
16529|1583555323402|NFC|false|1602488853311|Critical risk
61572651171986|1670116822741|MAC|false|1671083432718|Severe risk
52776558149779|1660881444281|POS|false|1662092640713|Low risk
35184372105364|1632071895326|POS|false|1670225321739|Critical risk
13194139549845|1603407245568|ATM|false|1638193299139|Very high risk
8796093038742|1596112463757|IPv6|false|1657027633358|Significant risk
30786325594263|1625350554645|PHONE|false|1651729367765|Critical risk
35184372105368|1634856109307|IPv4|false|1641816392248|High risk
48378511638681|1651359258851|QRCode|false|1656027286285|Very high risk
35184372105370|1634550720784|IPv4|false|1643433245356|Minimal risk
17592186060955|1606290840041|IPv4|false|1629793316678|Severe risk
13194139549852|1601214042469|NFC|false|1625538010924|High risk
35184372105373|1635588862351|POS|false|1646260772525|Minimal risk
4398046527646|1587728563900|MAC|false|1597180645194|Low risk
21990232572063|1610998286940|IPv4|false|1644035454008|High risk
21990232572064|1610771038853|NFC|false|1624162258552|High risk
26388279083169|1619474650911|WIFI|false|1632779206690|Minimal risk
17592186060962|1606037606940|ATM|false|1663308740405|High risk
57174604660899|1668807913323|NFC|false|1670335844338|High risk
30786325594276|1628856612838|PHONE|false|1657505744282|Severe risk
30786325594277|1625723986901|ATM|false|1656180447313|High risk
57174604660902|1664344515576|WIFI|false|1672189303404|Critical risk
48378511638695|1653571451375|POS|false|1658972845449|Very high risk
8796093038760|1591520480657|RFID|false|1618866332073|Moderate risk
39582418616489|1641832909529|ATM|false|1668575362011|Minimal risk
26388279083178|1618522429853|RFID|false|1622381280663|Critical risk
17592186060971|1606642683096|QRCode|false|1614968250651|Low risk
57174604660908|1667538967815|NFC|false|1667887392876|Very high risk
35184372105389|1632094191383|QRCode|false|1636675703708|Critical risk
57174604660910|1667716911091|IPv4|false|1670426525223|Moderate risk
43980465127599|1648211502077|ATM|false|1651011002622|Very high risk
48378511638704|1652111973268|IPv6|false|1658031895058|Minimal risk
43980465127601|1646654709658|QRCode|false|1649746398538|Critical risk
21990232572082|1611700665984|PHONE|false|1665886892689|Moderate risk
13194139549875|1603229501375|PHONE|true|1618324235270|Extreme risk
52776558149812|1658145005061|PHONE|false|1660370998946|Severe risk
52776558149813|1660649609867|ATM|false|1670081814205|Low risk
61572651172022|1671270041279|IPv4|false|1672193637878|Very high risk
57174604660919|1663409292514|PHONE|false|1664712626674|Extreme risk
21990232572088|1613692438622|IPv6|false|1654252330588|Severe risk
52776558149817|1659484404665|IPv6|false|1660705434743|Moderate risk
39582418616506|1640320764476|PHONE|false|1666016673651|Extreme risk
43980465127611|1645359148076|QRCode|false|1658080118837|Extreme risk
8796093038780|1593298852492|PHONE|false|1668659320322|Minimal risk
4398046527677|1584982386105|PHONE|false|1623041774976|High risk
16574|1582360638659|PHONE|false|1616508833378|Severe risk
17592186060991|1606910687914|RFID|false|1626909415657|Moderate risk
52776558149824|1661623353310|QRCode|false|1662293018498|Extreme risk
61572651172033|1669750498965|PHONE|false|1670821979810|Minimal risk
43980465127618|1645923789455|NFC|false|1663099203454|Extreme risk
26388279083203|1620841549029|POS|false|1651461502578|Critical risk
57174604660932|1662999699200|IPv6|false|1665466159062|Critical risk
16581|1584327749901|PHONE|false|1637535881085|Critical risk
4398046527686|1590717792982|MAC|false|1638821705397|Significant risk
48378511638727|1653506357555|POS|false|1653682637572|Critical risk
26388279083208|1621865049053|POS|false|1664263250941|Extreme risk
43980465127625|1646378484113|MAC|false|1667727016259|High risk
4398046527690|1588894557552|IPv4|false|1612404061951|Moderate risk
35184372105419|1634484627144|NFC|false|1654411828632|High risk
48378511638732|1652810136639|IPv4|false|1671388718838|Severe risk
4398046527693|1586331774257|WIFI|false|1598414348358|Extreme risk
57174604660942|1668673096188|NFC|false|1671948848244|Extreme risk
57174604660943|1666953681066|IPv6|true|1671497304585|Significant risk
30786325594320|1628861234059|RFID|false|1660724867846|Significant risk
57174604660945|1668795126019|IPv4|false|1669475708699|Moderate risk
30786325594322|1626039374385|RFID|false|1630667282177|High risk
8796093038803|1591376401253|QRCode|false|1603053757897|High risk
30786325594324|1629417842672|PHONE|false|1642356248060|Moderate risk
35184372105429|1633996980179|WIFI|true|1641281811188|Extreme risk
57174604660950|1666773740442|POS|false|1668531558282|High risk
52776558149847|1659728203037|ATM|false|1669693491178|Extreme risk
39582418616536|1638902039970|NFC|false|1644762607839|Critical risk
8796093038809|1595170520927|IPv6|false|1669633779533|Low risk
57174604660954|1663801471292|IPv4|false|1663986729853|Very high risk
16603|1582185416532|QRCode|false|1647717392979|Critical risk
21990232572124|1616121758523|NFC|false|1661369103340|Minimal risk
21990232572125|1616197622272|QRCode|false|1638082084331|Critical risk
16606|1583462469319|MAC|false|1596117699638|Minimal risk
57174604660959|1664894208882|RFID|false|1667742149741|High risk
26388279083232|1622559888201|WIFI|false|1659895145095|High risk
17592186061025|1607305809929|NFC|false|1620589733236|Minimal risk
30786325594338|1629481241122|ATM|false|1656624124517|Severe risk
13194139549923|1598647403392|MAC|false|1643464555420|Severe risk
16612|1582854625804|IPv6|false|1649162946238|Minimal risk
57174604660965|1665662201531|IPv6|false|1666069680631|Very high risk
21990232572134|1611181875474|ATM|false|1640239781387|Extreme risk
8796093038823|1596028655546|WIFI|false|1604615831357|Extreme risk
39582418616552|1642022889567|IPv6|false|1664871392918|Low risk
4398046527721|1586249660492|POS|false|1588890990823|Critical risk
43980465127658|1648530770851|IPv6|false|1659671442650|Extreme risk
8796093038827|1593134083294|RFID|false|1662103305427|Low risk
16620|1583917011772|NFC|false|1636575953956|Critical risk
21990232572141|1616467882936|POS|false|1642753172294|Severe risk
4398046527726|1584934137082|RFID|false|1614955051684|High risk
13194139549935|1600112008132|WIFI|false|1620645146664|Severe risk
21990232572144|1610990453336|ATM|false|1633945692050|Moderate risk
48378511638769|1652342597017|IPv6|true|1662364683869|Moderate risk
30786325594354|1623748971949|IPv6|false|1657310558767|Moderate risk
8796093038835|1594152003578|POS|false|1596751783147|Significant risk
21990232572148|1616188292120|PHONE|false|1626145033876|High risk
30786325594357|1629846726840|PHONE|false|1651356471780|Low risk
52776558149878|1660972119565|ATM|false|1669015708161|Low risk
35184372105463|1632779466134|WIFI|false|1649823767500|Extreme risk
13194139549944|1600107825961|RFID|false|1609946681468|Critical risk
4398046527737|1587036299467|PHONE|false|1649005826981|Extreme risk
30786325594362|1629765212599|IPv4|false|1657528899430|Critical risk
21990232572155|1613292907767|QRCode|false|1616320381541|Moderate risk
43980465127676|1646503321573|IPv4|false|1668112658551|Extreme risk
61572651172093|1670140429410|RFID|false|1670941753431|Minimal risk
30786325594366|1626334513017|MAC|false|1647036375181|Very high risk
52776558149887|1660442853439|WIFI|false|1666133047727|Critical risk
4398046527744|1586007464574|QRCode|false|1628862497124|Severe risk
21990232572161|1612228566915|PHONE|false|1645629697507|Low risk
30786325594370|1624346544954|ATM|false|1626466616401|Low risk
61572651172099|1670997149532|RFID|false|1671153680779|Low risk
26388279083268|1617696265108|IPv4|false|1631761867287|Severe risk
17592186061061|1608273070522|IPv4|false|1666378351815|Severe risk
52776558149894|1661192122661|PHONE|false|1672531178892|High risk
43980465127687|1644801510120|ATM|false|1662207733644|Significant risk
43980465127688|1648975511145|IPv4|false|1668583157770|Moderate risk
30786325594377|1628947433306|IPv6|false|1634934545712|Moderate risk
48378511638794|1653180426579|NFC|false|1666485274637|Moderate risk
30786325594379|1629304430672|IPv4|false|1671371679391|Critical risk
43980465127692|1645264309500|QRCode|false|1666005454407|High risk
61572651172109|1670508187644|QRCode|false|1671147770222|Severe risk
26388279083278|1623287611692|IPv6|false|1663680402568|Significant risk
30786325594383|1625266873588|IPv4|false|1649460616337|High risk
52776558149904|1659352912617|MAC|false|1662286485742|Minimal risk
30786325594385|1627861152723|IPv6|false|1637287994051|Low risk
57174604661010|1665181652556|QRCode|false|1666102668914|Significant risk
4398046527763|1585078188953|PHONE|false|1588391600277|Minimal risk
13194139549972|1598639155516|POS|false|1670130221413|Extreme risk
43980465127701|1648208432502|MAC|false|1659608915484|Moderate risk
30786325594390|1629088580664|IPv6|false|1670696083721|Significant risk
61572651172119|1670332635611|WIFI|false|1670454281994|Critical risk
13194139549976|1599731045157|ATM|false|1648664661519|Critical risk
48378511638809|1651821932304|WIFI|false|1672133462467|Moderate risk
8796093038874|1594156179749|MAC|false|1639111808445|Minimal risk
21990232572187|1612281106963|MAC|false|1618496392161|Minimal risk
48378511638812|1652087763199|NFC|false|1658412966223|Critical risk
57174604661021|1663932174909|QRCode|false|1668241956791|Critical risk
21990232572190|1616449903241|IPv6|false|1649843821685|Minimal risk
4398046527775|1587290386059|PHONE|false|1600823453652|Significant risk
17592186061088|1610398578658|QRCode|false|1656709411252|Low risk
17592186061089|1608212946311|IPv6|false|1662227228058|Minimal risk
30786325594402|1628772944907|IPv6|false|1669380010816|Low risk
48378511638819|1654135269955|IPv4|true|1666010555550|Extreme risk
30786325594404|1626161492187|NFC|false|1664967735717|Severe risk
35184372105509|1631210884440|RFID|false|1668154264052|Critical risk
57174604661030|1669114024354|RFID|false|1669148715807|High risk
30786325594407|1629085853170|IPv6|false|1638085134275|Critical risk
30786325594408|1626725050225|IPv4|false|1661469944026|Significant risk
35184372105513|1631319291860|NFC|false|1646626910816|Very high risk
61572651172138|1669524382786|WIFI|false|1672012923104|Very high risk
35184372105515|1632118851610|PHONE|false|1640408308642|Minimal risk
17592186061100|1604311900339|RFID|false|1614719000161|Severe risk
4398046527789|1587828042360|PHONE|false|1613415230772|High risk
8796093038894|1592747467894|QRCode|false|1636706979553|Extreme risk
16687|1578314012377|ATM|false|1658102376162|Critical risk
39582418616624|1637173075009|POS|false|1671348292965|Significant risk
35184372105521|1635340413473|RFID|false|1648184958781|Minimal risk
43980465127730|1646473152310|IPv4|false|1646832965298|Extreme risk
16691|1578341636611|RFID|false|1668486884170|Moderate risk
13194139550004|1598245127780|IPv4|false|1636803887906|High risk
13194139550005|1602401057507|NFC|true|1634131140713|Significant risk
57174604661046|1664883939720|QRCode|false|1668708313168|Critical risk
61572651172151|1672466603842|ATM|false|1672509817593|Severe risk
30786325594424|1625722266652|IPv4|false|1645270608248|Critical risk
52776558149945|1657861495752|WIFI|false|1667595267208|High risk
43980465127738|1649118548048|QRCode|false|1660146067092|Moderate risk
26388279083323|1621515287911|WIFI|false|1658766139151|Low risk
52776558149948|1657647541664|RFID|false|1664227320599|Very high risk
4398046527805|1587546101150|WIFI|true|1646222722249|Severe risk
16702|1580709045592|MAC|false|1665988345217|Minimal risk
52776558149951|1661444708860|IPv6|false|1669129020268|Extreme risk
21990232572224|1611883192183|IPv4|false|1636267489893|Extreme risk
4398046527809|1587054104086|RFID|false|1626646508682|Severe risk
13194139550018|1600944918404|RFID|false|1607305538329|Critical risk
4398046527811|1585713434426|ATM|false|1671852969740|Very high risk
57174604661060|1665617766620|RFID|false|1667546361347|Extreme risk
52776558149957|1660662535237|PHONE|false|1660712337245|High risk
43980465127750|1647680968184|ATM|false|1670346208949|Very high risk
13194139550023|1603491538688|POS|false|1658473332139|Critical risk
52776558149960|1656986845618|WIFI|false|1667416682527|Minimal risk
35184372105545|1635687587481|PHONE|false|1666419522140|Very high risk
48378511638858|1655303979815|RFID|false|1669655989001|Minimal risk
8796093038923|1594595104658|NFC|true|1639099877145|Critical risk
13194139550028|1599924175486|QRCode|false|1648848464569|Severe risk
35184372105549|1633770469497|MAC|false|1657451388286|Critical risk
8796093038926|1593770201109|RFID|false|1650156182626|Extreme risk
4398046527823|1590154886659|NFC|false|1629859544071|Minimal risk
35184372105552|1634414343238|NFC|false|1666832905480|Severe risk
35184372105553|1634402360834|QRCode|false|1667070519372|High risk
61572651172178|1672124529292|IPv6|true|1672394565466|Critical risk
8796093038931|1593745799635|NFC|false|1604144948011|Minimal risk
43980465127764|1643464573068|MAC|false|1668750483718|Low risk
43980465127765|1646506925355|POS|false|1657867770565|Severe risk
52776558149974|1657826211418|RFID|false|1669866837003|Severe risk
8796093038935|1591727187971|QRCode|false|1642808491543|Significant risk
30786325594456|1626743545250|IPv6|false|1660055914319|Moderate risk
8796093038937|1596312120772|IPv4|false|1666339956421|Significant risk
52776558149978|1662309455185|IPv6|false|1669366654743|Low risk
17592186061147|1609934493262|QRCode|false|1652489703559|Significant risk
43980465127772|1645672727039|MAC|false|1651047592054|High risk
30786325594461|1624117303310|IPv4|false|1627526769865|High risk
52776558149982|1658284571562|MAC|true|1670859249209|Very high risk
8796093038943|1596646238722|POS|false|1607241000453|Moderate risk
52776558149984|1658491700462|WIFI|false|1663160420088|Critical risk
16737|1578038939880|PHONE|false|1626826560546|Critical risk
17592186061154|1606660747798|NFC|false|1626264352497|High risk
48378511638883|1654232069715|IPv4|false|1665318975671|Very high risk
39582418616676|1638261300623|NFC|false|1648748824135|Extreme risk
26388279083365|1621894864897|QRCode|false|1623312587486|Moderate risk
26388279083366|1619736831578|POS|false|1621585249443|Minimal risk
16743|1579152534791|RFID|false|1631668002302|Minimal risk
16744|1580083616560|MAC|false|1672102588815|Very high risk
35184372105577|1632096325201|ATM|false|1672452241117|Significant risk
35184372105578|1636595603392|ATM|false|1645135567772|Low risk
26388279083371|1620026305016|QRCode|false|1622609933543|Extreme risk
30786325594476|1628671429159|POS|false|1667572163912|Minimal risk
39582418616685|1637501732238|ATM|false|1651602408720|Minimal risk
8796093038958|1594811829428|PHONE|false|1600780749337|Extreme risk
21990232572271|1610727860283|RFID|false|1622868895083|Minimal risk
52776558150000|1658265246259|QRCode|false|1669675320237|Critical risk
30786325594481|1627570513156|PHONE|false|1670642275529|Significant risk
13194139550066|1599007936607|QRCode|false|1666646461199|Significant risk
43980465127795|1645336476304|IPv4|false|1661429711075|Low risk
57174604661108|1664410500130|RFID|false|1664645811648|Minimal risk
16757|1579555290192|RFID|false|1601730748513|Minimal risk
52776558150006|1656794768833|ATM|false|1664318132598|Very high risk
13194139550071|1602263895302|IPv6|false|1617058724392|Significant risk
21990232572280|1611024203931|POS|false|1617957302616|Minimal risk
8796093038969|1591973566493|PHONE|false|1610886133438|Severe risk
17592186061178|1608051984246|ATM|false|1633254580433|Very high risk
35184372105595|1633310701017|MAC|false|1655146654244|Minimal risk
61572651172220|1670022780888|PHONE|false|1671065123755|Extreme risk
35184372105597|1631065501866|POS|false|1639709429069|High risk
39582418616702|1641667929357|NFC|false|1650177915105|Minimal risk
17592186061183|1607999080520|WIFI|false|1655627322010|Critical risk
30786325594496|1625110707896|IPv4|false|1630485443935|Low risk
39582418616705|1641010485435|ATM|false|1663837547921|High risk
21990232572290|1611911099238|MAC|false|1656774800843|Low risk
16771|1583989140999|WIFI|false|1622041872315|Low risk
30786325594500|1623749640240|ATM|false|1671047123673|Severe risk
52776558150021|1660177435916|RFID|false|1665433650759|Minimal risk
52776558150022|1662346535970|IPv6|false|1664749546681|High risk
52776558150023|1657353287868|QRCode|false|1658416021356|Moderate risk
30786325594504|1626457234066|IPv6|false|1649439640681|Severe risk
30786325594505|1628314716301|WIFI|true|1648745601909|Very high risk
30786325594506|1624675669225|QRCode|false|1668828423144|Very high risk
57174604661131|1667952098248|POS|false|1668742575209|Extreme risk
26388279083404|1622971228576|MAC|false|1659085052066|Low risk
57174604661133|1668650905807|MAC|false|1670487049367|Extreme risk
13194139550094|1600724870498|IPv6|false|1664995153877|Extreme risk
26388279083407|1619573773611|PHONE|false|1637804782732|Minimal risk
35184372105616|1631382406467|PHONE|false|1663951987886|Minimal risk
26388279083409|1617823901480|PHONE|false|1655267429279|Extreme risk
43980465127826|1645684398610|ATM|false|1651975166513|Minimal risk
52776558150035|1659006584603|RFID|false|1665076603738|Significant risk
13194139550100|1600583933803|IPv6|false|1600848009516|Significant risk
13194139550101|1599101115930|IPv6|false|1671465700336|Low risk
8796093038998|1594597333107|IPv6|false|1621235281557|Moderate risk
30786325594519|1629779508791|MAC|false|1645804293375|Extreme risk
16792|1579501406789|PHONE|false|1665461062954|Critical risk
48378511638937|1653698201145|ATM|false|1669182345949|Low risk
39582418616730|1638078524508|NFC|false|1670091836013|Very high risk
39582418616731|1639404013947|WIFI|false|1640416455074|Very high risk
21990232572316|1614474322198|RFID|false|1621520888336|Moderate risk
8796093039005|1591835423932|IPv4|false|1620703798439|Severe risk
16798|1583027951080|RFID|false|1659505810835|Moderate risk
39582418616735|1640082199311|MAC|false|1656842528089|High risk
30786325594528|1629687600997|WIFI|false|1630866434426|Critical risk
13194139550113|1599022662332|ATM|false|1645851174374|Very high risk
16802|1583214397666|IPv6|true|1647263528776|Severe risk
48378511638947|1653507320906|POS|false|1670759596072|High risk
57174604661156|1667341439820|MAC|true|1668912048083|Extreme risk
30786325594533|1627823709199|IPv4|false|1646684409042|Moderate risk
8796093039014|1595802640896|QRCode|false|1653811201868|Extreme risk
26388279083431|1618662302618|MAC|false|1656840904146|Very high risk
48378511638952|1651438095461|IPv4|false|1664084064542|Minimal risk
43980465127849|1648819972112|QRCode|false|1671490394242|High risk
48378511638954|1651253589616|QRCode|false|1654014704647|High risk
17592186061227|1607886628722|POS|false|1663613773865|Minimal risk
43980465127852|1647597791353|MAC|false|1659467548392|Severe risk
13194139550125|1601290257567|IPv6|false|1613187856992|Extreme risk
48378511638958|1655440117348|ATM|false|1657160517046|Low risk
61572651172271|1670686313052|RFID|false|1670858993159|Low risk
13194139550128|1603195921364|POS|false|1636228697480|Moderate risk
4398046527921|1589824638736|QRCode|false|1648687093748|Severe risk
17592186061234|1604979184662|ATM|false|1672101198699|Low risk
13194139550131|1603163349799|RFID|false|1640920585795|Minimal risk
30786325594548|1626975296721|QRCode|false|1630547614136|Extreme risk
52776558150069|1658061450084|WIFI|true|1670186709619|Very high risk
17592186061238|1604326939486|IPv6|false|1608077649963|Extreme risk
52776558150071|1662708447501|WIFI|false|1671081986606|Low risk
61572651172280|1672023130917|IPv4|true|1672168865725|Very high risk
39582418616761|1637863367824|PHONE|false|1646320203965|Critical risk
17592186061242|1607781360804|IPv6|false|1640007794249|Very high risk
16827|1580874621145|PHONE|false|1607812643768|Moderate risk
39582418616764|1637803309180|IPv6|false|1642751579983|Moderate risk
26388279083453|1617838768000|NFC|false|1672176164811|Low risk
57174604661182|1666687827326|RFID|false|1667196994794|Significant risk
52776558150079|1660372602737|ATM|false|1662264221914|Critical risk
39582418616768|1640859127413|POS|false|1650730758142|Low risk
43980465127873|1646918273945|PHONE|false|1648779490399|Critical risk
21990232572354|1611625800745|IPv6|false|1647846884819|Low risk
48378511638979|1654357970208|NFC|false|1658910113129|Extreme risk
8796093039044|1591709828389|QRCode|false|1609738874753|High risk
35184372105669|1636544212417|WIFI|false|1649366507242|Extreme risk
43980465127878|1643249505967|QRCode|false|1652825223360|Low risk
61572651172295|1672072115368|MAC|false|1672241701052|Low risk
30786325594568|1624715303486|NFC|false|1669010259878|Critical risk
52776558150089|1662759269958|NFC|true|1668584080813|Moderate risk
39582418616778|1637989563008|POS|false|1662992872299|Very high risk
16843|1580803323910|IPv4|false|1627492442459|Minimal risk
43980465127884|1646392960425|RFID|false|1671537939064|Severe risk
43980465127885|1648533216179|IPv6|false|1661417450701|Very high risk
16846|1584238806109|WIFI|false|1647030146761|Very high risk
16847|1582258396470|IPv4|false|1664951743191|High risk
17592186061264|1606110732886|ATM|false|1609513854578|Critical risk
17592186061265|1609513503414|RFID|false|1636162408621|High risk
8796093039058|1595341180419|NFC|false|1602557782271|Minimal risk
39582418616787|1643069061314|WIFI|false|1653197471441|Critical risk
43980465127892|1646284173039|IPv4|false|1655283642114|Critical risk
13194139550165|1602780596541|RFID|false|1669977156236|Significant risk
13194139550166|1601837319234|WIFI|false|1656644910513|Moderate risk
21990232572375|1613596755621|PHONE|false|1638903909503|Severe risk
16856|1579669547106|QRCode|false|1606217023734|Moderate risk
21990232572377|1614294970362|POS|false|1631483088096|Low risk
57174604661210|1667775239252|QRCode|false|1667831624191|Severe risk
43980465127899|1646562775455|IPv4|false|1666568910395|High risk
13194139550172|1600902412959|QRCode|false|1667974769723|Extreme risk
8796093039069|1595292190213|IPv6|false|1641570475395|Significant risk
35184372105694|1631803692005|RFID|false|1640265782794|Moderate risk
13194139550175|1597564508269|IPv6|false|1605257125802|Extreme risk
16864|1582725568255|MAC|true|1641378462767|Very high risk
52776558150113|1657858966706|RFID|false|1669725610558|Low risk
4398046527970|1586947771732|NFC|false|1587319951002|High risk
16867|1578157901929|PHONE|false|1669202402961|Very high risk
4398046527972|1589984596131|RFID|false|1646687692819|High risk
8796093039077|1591834920015|MAC|false|1614463370099|Significant risk
13194139550182|1598870671553|ATM|false|1637746750538|Very high risk
26388279083495|1618008069165|IPv6|false|1638238268079|Minimal risk
61572651172328|1670008438714|RFID|false|1670332342945|Severe risk
35184372105705|1630279730736|PHONE|false|1646704718381|Low risk
57174604661226|1668463528596|NFC|false|1671333113497|High risk
30786325594603|1626738063526|MAC|false|1640875238626|High risk
8796093039084|1591428380737|POS|false|1594776342380|Severe risk
8796093039085|1595084353810|ATM|false|1653615306372|Low risk
21990232572398|1611948001009|WIFI|false|1642277491116|Moderate risk
8796093039087|1597046139191|POS|false|1621638776434|Very high risk
30786325594608|1630076005545|PHONE|false|1646232938819|Extreme risk
57174604661233|1663295913701|QRCode|false|1665382569137|Significant risk
17592186061298|1604848670753|IPv6|false|1656539775427|Critical risk
48378511639027|1655994656764|QRCode|false|1657360233547|High risk
52776558150132|1657062302146|WIFI|false|1664337127747|Minimal risk
26388279083509|1618852095751|POS|false|1659633458253|Significant risk
43980465127926|1649447066379|RFID|false|1653009595143|Critical risk
16887|1582933273503|POS|false|1627905177308|Low risk
4398046527992|1590552791018|PHONE|false|1623305355762|Minimal risk
8796093039097|1593003841206|WIFI|false|1603577001905|Moderate risk
43980465127930|1648106344626|MAC|false|1654162822170|Extreme risk
57174604661243|1664192778304|NFC|false|1664799100068|Moderate risk
48378511639036|1653904793031|IPv4|true|1666646307892|Severe risk
21990232572413|1613284071230|NFC|false|1654898670039|Extreme risk
39582418616830|1639132780710|ATM|false|1656170601829|Moderate risk
4398046527999|1587645322087|NFC|false|1667099410972|Minimal risk
48378511639040|1652687315001|RFID|false|1671276497995|Severe risk
48378511639041|1649861617128|RFID|false|1661773609813|Very high risk
48378511639042|1653169456940|ATM|false|1658843406193|Extreme risk
57174604661251|1664378976850|ATM|false|1669393000629|Very high risk
21990232572420|1611440762866|PHONE|false|1617043099488|High risk
13194139550213|1603288829344|QRCode|false|1659166377886|Moderate risk
30786325594630|1629554632756|POS|false|1646342527886|High risk
43980465127943|1644815487807|IPv4|false|1662486317519|High risk
48378511639048|1654940935135|IPv6|false|1671378745827|Extreme risk
57174604661257|1667226389798|IPv4|false|1672460195244|Severe risk
26388279083530|1620956957992|MAC|false|1671168649980|High risk
26388279083531|1620149156070|NFC|false|1664320650400|Moderate risk
48378511639052|1655841266403|IPv6|false|1660953336233|Critical risk
57174604661261|1663267756000|MAC|false|1670471346119|Low risk
4398046528014|1584393564205|QRCode|false|1665346058361|Low risk
43980465127951|1645990434471|ATM|false|1669054317847|Minimal risk
26388279083536|1620828100689|QRCode|false|1639907280499|Very high risk
21990232572433|1615595892103|PHONE|false|1622493385091|High risk
30786325594642|1627055111752|IPv6|false|1656324766557|Critical risk
26388279083539|1622296500718|RFID|false|1630404011592|Critical risk
61572651172372|1672058130389|WIFI|false|1672410938673|Moderate risk
52776558150165|1658975896786|RFID|false|1663438515245|Critical risk
4398046528022|1585762220327|WIFI|false|1635157980424|High risk
16919|1578488004811|IPv6|false|1661086755194|Moderate risk
61572651172376|1670707931898|ATM|false|1671044329850|Significant risk
48378511639065|1653373316707|PHONE|false|1665949271772|Critical risk
13194139550234|1602467675262|PHONE|false|1618645735565|Critical risk
57174604661275|1663083339490|PHONE|false|1665072204297|High risk
21990232572444|1615954268830|IPv6|false|1651640714671|Severe risk
52776558150173|1657959696142|MAC|false|1660310704141|Low risk
43980465127966|1646364823300|RFID|false|1669695922212|Very high risk
16927|1580784418318|RFID|false|1670645879980|Minimal risk
26388279083552|1621316643939|IPv6|false|1633732434512|Extreme risk
21990232572449|1613147495181|PHONE|false|1672381929986|Very high risk
43980465127970|1645941263552|IPv4|false|1651887779561|Severe risk
26388279083555|1619581654216|IPv4|false|1664522168144|Critical risk
26388279083556|1623110355365|IPv4|false|1669059427045|Moderate risk
52776558150181|1661025934308|POS|false|1663425630247|High risk
4398046528038|1585123812331|NFC|false|1607665288087|Low risk
35184372105767|1633810055874|IPv4|false|1638634603871|Critical risk
52776558150184|1656836651859|IPv4|false|1664101143667|Extreme risk
57174604661289|1665347382284|IPv6|false|1670324475661|Minimal risk
16938|1582463421831|PHONE|false|1612940639513|High risk
17592186061355|1607728514317|WIFI|true|1666985505268|High risk
48378511639084|1652788586572|PHONE|false|1653832839215|Critical risk
13194139550253|1603535396110|POS|false|1620701800393|Severe risk
35184372105774|1633942727379|QRCode|true|1643920890182|Very high risk
16943|1582456121616|PHONE|false|1615148583708|Minimal risk
8796093039152|1596501549713|WIFI|false|1640846724512|Minimal risk
57174604661297|1663555648754|IPv6|false|1668208529599|Extreme risk
35184372105778|1631119703058|PHONE|false|1635555091350|Severe risk
52776558150195|1661389149677|ATM|false|1670210748166|Extreme risk
52776558150196|1660235004081|QRCode|false|1664473757863|Severe risk
48378511639093|1652044328360|POS|false|1656180976260|Severe risk
30786325594678|1626116431909|POS|false|1654160517203|Low risk
39582418616887|1637101699551|WIFI|false|1666530287047|Extreme risk
17592186061368|1610295967030|PHONE|true|1623392475955|Severe risk
26388279083577|1623548418404|RFID|false|1630234830899|Severe risk
26388279083578|1618532821131|ATM|false|1665608905402|Critical risk
17592186061371|1608281966959|IPv6|false|1611397452875|Very high risk
17592186061372|1609676297304|POS|true|1652221224060|High risk
21990232572477|1614463220635|WIFI|false|1655152342282|Extreme risk
52776558150206|1659376602969|ATM|false|1667891642241|Severe risk
35184372105791|1634756301684|MAC|false|1641033066438|Minimal risk
61572651172416|1671013486719|NFC|false|1671152641460|Moderate risk
43980465128001|1645248247785|RFID|false|1659892016315|High risk
8796093039170|1595361426492|WIFI|false|1666737646689|Significant risk
52776558150211|1659515785124|MAC|false|1668176726184|Minimal risk
21990232572484|1610984579355|IPv4|false|1653544849536|Minimal risk
26388279083589|1619879997970|ATM|false|1660218888431|Low risk
52776558150214|1657958742420|RFID|false|1670902867787|Moderate risk
30786325594695|1624334584994|ATM|false|1648245970298|Extreme risk
13194139550280|1599940453645|PHONE|false|1656612582858|Very high risk
13194139550281|1599033502017|IPv4|false|1651657480637|Significant risk
26388279083594|1623511970852|IPv6|false|1661936742061|High risk
13194139550283|1601720028332|WIFI|false|1646105161899|Minimal risk
35184372105804|1634407634703|QRCode|false|1653323992994|Severe risk
17592186061389|1607842717183|IPv4|false|1651113897886|Very high risk
39582418616910|1637693074976|MAC|false|1640413855787|Low risk
30786325594703|1629533569986|NFC|true|1646103266177|Very high risk
13194139550288|1598524831843|IPv6|false|1607710500418|Critical risk
4398046528081|1584381565084|MAC|false|1611235274450|Significant risk
48378511639122|1650305963389|PHONE|false|1668928812399|Critical risk
26388279083603|1617919738595|ATM|false|1666605297187|Very high risk
17592186061396|1607157336045|POS|false|1663443092713|Moderate risk
39582418616917|1641207281473|RFID|false|1650897928874|High risk
52776558150230|1660963153752|IPv6|false|1670004221762|Severe risk
8796093039191|1591371431802|IPv6|false|1623552699674|Extreme risk
57174604661336|1666952375626|IPv6|false|1668315944829|Very high risk
35184372105817|1635748213498|POS|false|1639270128070|Low risk
48378511639130|1651963332394|RFID|false|1669563924716|High risk
35184372105819|1631844930118|IPv6|false|1632430717381|Minimal risk
16988|1582989752243|NFC|false|1602573395468|Low risk
61572651172445|1671330861488|NFC|false|1672168585296|Low risk
30786325594718|1628382541077|WIFI|false|1651060987585|Significant risk
57174604661343|1663870994503|RFID|false|1665197544962|Very high risk
43980465128032|1648530013975|PHONE|false|1671213187956|Significant risk
35184372105825|1636313471364|IPv4|false|1661107184867|Minimal risk
4398046528098|1589575395416|NFC|false|1597199178651|Extreme risk
4398046528099|1586312576631|IPv6|false|1667152891872|Very high risk
17592186061412|1604889600360|POS|false|1606167581599|Minimal risk
4398046528101|1586036528319|PHONE|false|1617844049176|Severe risk
43980465128038|1645879829710|ATM|false|1667555075196|Critical risk
39582418616935|1639628598812|ATM|false|1641317935486|Critical risk
17000|1579173183304|ATM|false|1645799993299|Extreme risk
57174604661353|1666342594599|RFID|false|1670520921546|Low risk
8796093039210|1596664103214|PHONE|false|1671059714252|Severe risk
4398046528107|1586300344484|MAC|false|1648456167798|High risk
52776558150252|1662200601021|PHONE|false|1664642523477|Extreme risk
39582418616941|1636892995807|ATM|false|1665480084513|Significant risk
43980465128046|1646279112267|ATM|false|1669025900744|High risk
26388279083631|1619986647816|IPv6|false|1620704067048|Critical risk
57174604661360|1666189752283|PHONE|true|1670937029901|Very high risk
21990232572529|1616168546794|PHONE|false|1625256692039|Low risk
17592186061426|1610070705003|IPv4|false|1650972095324|Moderate risk
26388279083635|1618559945160|PHONE|false|1630993357213|Very high risk
13194139550324|1599050385212|RFID|false|1605319511732|Moderate risk
52776558150261|1661527779723|ATM|false|1663818933089|Minimal risk
26388279083638|1619579795742|NFC|false|1648363740337|Extreme risk
26388279083639|1617564963698|IPv4|false|1668734860915|Critical risk
26388279083640|1623004502706|IPv6|false|1656959193280|Significant risk
57174604661369|1663613412363|WIFI|false|1667522457901|Severe risk
57174604661370|1668172901004|WIFI|false|1671569740570|High risk
30786325594747|1624930041849|MAC|false|1627644091817|Very high risk
21990232572540|1612147488449|NFC|false|1626598659206|Severe risk
21990232572541|1612224857797|IPv4|false|1625440748886|Minimal risk
48378511639166|1651842073853|IPv4|false|1671762280399|Extreme risk
4398046528127|1590355608515|IPv6|false|1646694526591|Critical risk
57174604661376|1666890403755|MAC|false|1672244361711|Critical risk
39582418616961|1640952686162|PHONE|false|1645822776224|Very high risk
52776558150274|1662048795234|NFC|false|1666618472297|Low risk
8796093039235|1593849374564|PHONE|false|1608101511848|Critical risk
35184372105860|1632341512181|ATM|false|1636704615502|Extreme risk
57174604661381|1664483555813|IPv6|false|1667356773594|Moderate risk
52776558150278|1659118739287|POS|false|1671777649270|Low risk
35184372105863|1631065897146|PHONE|false|1668442636754|Critical risk
39582418616968|1639393833060|RFID|false|1669399533271|Minimal risk
13194139550345|1601447918413|NFC|false|1626655884075|Moderate risk
26388279083658|1621545144864|WIFI|false|1624011343122|High risk
39582418616971|1642327634935|RFID|false|1647027334389|Moderate risk
13194139550348|1601092753794|IPv4|false|1670715570158|Minimal risk
26388279083661|1623304926096|POS|false|1639959018616|Significant risk
17038|1578797243650|POS|false|1669191218871|Moderate risk
4398046528143|1585595901276|NFC|false|1656375670322|Minimal risk
43980465128080|1645505606598|POS|false|1652046737363|Severe risk
52776558150289|1657898816696|IPv4|true|1659821344319|Extreme risk
48378511639186|1653298616971|IPv6|false|1664585740068|Very high risk
21990232572563|1610833172777|RFID|false|1661763279989|High risk
43980465128084|1646450423875|IPv6|false|1647327944503|Severe risk
39582418616981|1641311151371|POS|false|1658602995307|Significant risk
57174604661398|1668056716105|PHONE|false|1670221670367|Critical risk
61572651172503|1670875930920|IPv6|false|1672378724926|Severe risk
57174604661400|1665556136267|QRCode|false|1667297601187|Moderate risk
48378511639193|1651393918432|IPv6|false|1668936304232|Critical risk
26388279083674|1618376331378|IPv4|false|1647557135760|Low risk
21990232572571|1611118230994|NFC|false|1663576354092|Very high risk
52776558150300|1660284127415|MAC|false|1668236624975|Extreme risk
43980465128093|1646451452303|ATM|false|1654422168779|Extreme risk
35184372105886|1635874219584|WIFI|false|1663229522882|High risk
21990232572575|1614103914236|IPv6|false|1626421540737|Very high risk
8796093039264|1594651418792|QRCode|false|1667349777159|Very high risk
21990232572577|1610890109505|MAC|false|1612317136937|Significant risk
17592186061474|1607819610980|PHONE|false|1632731840336|Minimal risk
17059|1581677629744|RFID|false|1633981953734|Severe risk
13194139550372|1601380512792|QRCode|false|1627370322478|High risk
35184372105893|1635441609851|WIFI|false|1658882790813|Significant risk
26388279083686|1619936160501|QRCode|false|1642363977111|Extreme risk
35184372105895|1635454541656|QRCode|false|1650141238240|Extreme risk
17064|1578335330360|PHONE|false|1590351305958|Minimal risk
26388279083689|1620564924321|QRCode|false|1657400184414|Severe risk
43980465128106|1646605223207|IPv6|false|1661354289702|High risk
26388279083691|1622291978774|PHONE|false|1669626601784|Low risk
13194139550380|1600025009665|ATM|false|1634730241926|Very high risk
13194139550381|1603759394134|PHONE|false|1659053784342|Very high risk
17592186061486|1604265145655|IPv6|false|1654276196327|Critical risk
21990232572591|1612620124006|WIFI|false|1617499714472|Severe risk
4398046528176|1589893363798|WIFI|false|1593202151384|Severe risk
30786325594801|1629447088147|POS|false|1648293521469|Extreme risk
39582418617010|1636960827654|RFID|false|1644019971329|Minimal risk
4398046528179|1588476118382|MAC|false|1637796362835|Critical risk
30786325594804|1626222925045|RFID|false|1636660514465|Very high risk
21990232572597|1611191015872|NFC|false|1661740417332|Significant risk
17078|1578710187446|ATM|false|1656445799295|High risk
17592186061495|1607213413028|PHONE|false|1670716188803|Severe risk
4398046528184|1585746480576|NFC|false|1664164887636|Significant risk
57174604661433|1666810023599|IPv4|false|1668683620246|Moderate risk
30786325594810|1628700919883|MAC|false|1671090960498|Very high risk
61572651172539|1669936718023|NFC|false|1670639324903|Minimal risk
43980465128124|1643720626433|IPv6|false|1669009901111|Minimal risk
48378511639229|1653347664607|MAC|false|1663124465234|Moderate risk
39582418617022|1640206558852|IPv6|false|1662472053305|Severe risk
48378511639231|1653849921960|IPv6|false|1667727388150|Extreme risk
17592186061504|1610474978468|QRCode|false|1651293622884|Critical risk
30786325594817|1624765036467|MAC|false|1633146116564|Low risk
17090|1580979164566|RFID|false|1584065870187|Extreme risk
30786325594819|1628957285731|IPv4|false|1639214485202|Significant risk
4398046528196|1585856287646|PHONE|false|1612310015293|Very high risk
13194139550405|1601411285733|ATM|false|1672079780374|Low risk
39582418617030|1638162794341|WIFI|false|1663934664498|Low risk
61572651172551|1671927223527|RFID|false|1672410880526|Extreme risk
30786325594824|1625463498645|WIFI|false|1664928582017|Severe risk
8796093039305|1592358034306|WIFI|false|1601759637134|Low risk
13194139550410|1602720243946|RFID|false|1661956250127|High risk
17592186061515|1606494532206|RFID|false|1621443113785|Very high risk
43980465128140|1649276111406|NFC|false|1667856362454|Critical risk
4398046528205|1590736649959|NFC|false|1649938845464|Very high risk
13194139550414|1599810744536|NFC|false|1670427142716|Low risk
30786325594831|1626237136880|QRCode|false|1641398468644|Moderate risk
21990232572624|1616387044126|WIFI|false|1622040391465|Significant risk
57174604661457|1665870526137|ATM|false|1669522652464|High risk
13194139550418|1599391090089|IPv6|false|1611431223954|High risk
48378511639251|1651085157543|QRCode|false|1655644047567|High risk
30786325594836|1626031926178|QRCode|false|1635880413234|Significant risk
48378511639253|1652805645368|NFC|false|1658578140384|Severe risk
39582418617046|1638279374434|QRCode|false|1644037399655|Severe risk
21990232572631|1612748306958|IPv4|false|1627176286884|High risk
21990232572632|1611487528408|IPv4|false|1614541654957|Extreme risk
17592186061529|1604115172918|POS|false|1621850708699|Minimal risk
43980465128154|1644805020566|ATM|false|1664826071398|Low risk
13194139550427|1599972591045|MAC|false|1604823241762|Extreme risk
21990232572636|1616636857924|WIFI|false|1656482157120|Low risk
4398046528221|1586674464741|NFC|true|1645118638075|Severe risk
4398046528222|1584937003835|IPv4|false|1649118418493|Moderate risk
57174604661471|1664264658875|RFID|false|1672337133182|Minimal risk
43980465128160|1645041541017|NFC|false|1653535219209|Minimal risk
57174604661473|1668133808191|RFID|false|1672505974432|Low risk
17122|1579493879190|IPv4|false|1611483272043|Severe risk
39582418617059|1639815140113|ATM|false|1663671841700|High risk
52776558150372|1660914973570|NFC|false|1669153675886|Low risk
21990232572645|1616256024663|PHONE|false|1658150630694|Minimal risk
48378511639270|1652858715776|PHONE|false|1654856343647|Low risk
52776558150375|1662505239969|RFID|false|1664740125829|Very high risk
30786325594856|1629399242464|IPv6|false|1672255536489|Critical risk
48378511639273|1652437010581|WIFI|false|1670307639440|Critical risk
17130|1580466459814|WIFI|false|1620140076044|Moderate risk
30786325594859|1625345104750|WIFI|false|1654684609830|Severe risk
35184372105964|1634930400367|NFC|false|1662541537132|Very high risk
52776558150381|1657315878485|POS|false|1657790156320|Moderate risk
17134|1579478792805|RFID|false|1634172174948|High risk
61572651172591|1672130162476|ATM|false|1672138601982|Low risk
8796093039344|1596119884506|IPv4|false|1598148835188|Severe risk
61572651172593|1672511539779|RFID|false|1672521309138|Significant risk
4398046528242|1588374745173|RFID|false|1596471387155|High risk
21990232572659|1613964308744|IPv6|false|1633592732490|Critical risk
43980465128180|1649622205948|POS|false|1657737498639|Significant risk
4398046528245|1587064744862|NFC|true|1608684628501|Very high risk
8796093039350|1591214510417|QRCode|false|1626872449310|Critical risk
21990232572663|1615494906526|WIFI|false|1664376791658|High risk
48378511639288|1654070237861|POS|false|1671828978768|Low risk
57174604661497|1668387539541|IPv6|false|1669856425813|Minimal risk
57174604661498|1668336633818|POS|false|1670114873212|Severe risk
43980465128187|1647298375124|QRCode|false|1668881603465|Moderate risk
13194139550460|1600640175016|ATM|false|1628884080842|Extreme risk
26388279083773|1618600354140|IPv6|true|1618693554264|Low risk
43980465128190|1643829984896|WIFI|false|1650472676841|Minimal risk
13194139550463|1597948935244|ATM|false|1646557978877|Severe risk
17592186061568|1604192270553|IPv4|false|1621160636341|Significant risk
30786325594881|1626534191852|ATM|false|1640520313362|High risk
21990232572674|1616561466670|PHONE|false|1649816268546|Severe risk
17155|1580543224488|WIFI|false|1658869507876|Critical risk
57174604661508|1667465341365|NFC|false|1667598702401|Moderate risk
26388279083781|1622041696929|QRCode|true|1649162928983|Severe risk
57174604661510|1665812757605|NFC|true|1672355882797|High risk
52776558150407|1660419273896|IPv6|false|1669975020505|Minimal risk
8796093039368|1594735921641|MAC|false|1602881193863|Moderate risk
17592186061577|1610499734940|ATM|false|1611695254168|Low risk
48378511639306|1652291055173|QRCode|false|1669693945156|Significant risk
8796093039371|1594722137193|MAC|true|1656416372813|Moderate risk
17592186061580|1606407993519|IPv4|false|1642620560439|Low risk
57174604661517|1666870784889|NFC|false|1671002353605|Extreme risk
17166|1578544633416|NFC|false|1627198675178|Extreme risk
48378511639311|1653581395669|ATM|false|1664511049113|Low risk
30786325594896|1626039318444|QRCode|false|1646343944642|Severe risk
52776558150417|1661329352564|RFID|false|1666341623622|Moderate risk
17592186061586|1607605713399|IPv4|false|1647540504657|Moderate risk
4398046528275|1588590814957|MAC|false|1665488407181|Very high risk
30786325594900|1629858268434|ATM|false|1666239362468|Extreme risk
35184372106005|1633033832759|ATM|false|1652456568201|Extreme risk
8796093039382|1595221070168|RFID|false|1607033030413|Critical risk
57174604661527|1667510073808|IPv6|false|1671462463709|High risk
26388279083800|1620082708124|NFC|false|1644589984464|Moderate risk
48378511639321|1652468007062|POS|false|1654947456026|Extreme risk
39582418617114|1638287967160|MAC|false|1639760398691|Low risk
43980465128219|1647766414642|IPv4|false|1655455250386|Minimal risk
30786325594908|1627396401462|IPv6|false|1670134463717|High risk
43980465128221|1644497732864|MAC|false|1652208523175|Critical risk
26388279083806|1619647813536|RFID|false|1645756138101|Significant risk
17183|1580488527876|POS|false|1595934056193|Significant risk
21990232572704|1615744814336|NFC|false|1616214802994|Critical risk
4398046528289|1586306551095|RFID|false|1634864129048|Critical risk
35184372106018|1631557488330|ATM|false|1634870813237|Minimal risk
43980465128227|1645776386215|IPv6|false|1662966324966|Severe risk
57174604661540|1663179363234|POS|false|1663429736302|Severe risk
13194139550501|1598938557219|NFC|false|1633772973819|Extreme risk
26388279083814|1619937880553|RFID|false|1621038776839|Extreme risk
30786325594919|1628631764071|QRCode|false|1631753763659|Minimal risk
17192|1579669517343|POS|false|1630688921748|Moderate risk
21990232572713|1612175779984|NFC|false|1623700831331|High risk
30786325594922|1623661914043|NFC|false|1657459677676|Significant risk
48378511639339|1653783870017|MAC|false|1659183083951|Very high risk
8796093039404|1594196558025|MAC|false|1667199400931|Significant risk
8796093039405|1594605163414|ATM|false|1657339246064|High risk
48378511639342|1656195989710|WIFI|false|1670761774419|Moderate risk
52776558150447|1660405588687|WIFI|false|1667615414590|Low risk
61572651172656|1672045954882|ATM|false|1672331757183|Moderate risk
39582418617137|1637433164513|IPv6|false|1655434059353|Critical risk
4398046528306|1586817053100|IPv4|false|1645043029288|Minimal risk
39582418617139|1639810315690|IPv4|false|1668996035547|Severe risk
48378511639348|1654825705079|MAC|false|1655239387525|Low risk
61572651172661|1670076206231|PHONE|false|1670107130203|High risk
4398046528310|1590672744391|MAC|false|1662910984261|Low risk
8796093039415|1593210813707|NFC|false|1662808418552|Very high risk
48378511639352|1652307555585|NFC|false|1670170579233|Significant risk
52776558150457|1657987735278|RFID|false|1665080631845|High risk
26388279083834|1620106823199|POS|false|1648281366960|Extreme risk
21990232572731|1613392847553|PHONE|false|1650378551347|Very high risk
21990232572732|1615545592272|ATM|false|1660321102908|Critical risk
57174604661565|1663662478455|ATM|false|1667730649565|Critical risk
57174604661566|1668877262629|MAC|false|1670986810977|High risk
35184372106047|1635710949834|PHONE|false|1652190933448|Moderate risk
39582418617152|1637121884614|MAC|false|1656238581574|High risk
8796093039425|1590922228111|RFID|false|1615891822643|Severe risk
21990232572738|1614044351501|IPv4|false|1618003113559|Severe risk
8796093039427|1596093852168|QRCode|false|1646459937960|High risk
39582418617156|1639611197493|ATM|false|1662839033794|Low risk
43980465128261|1644102439794|ATM|false|1656953090406|Minimal risk
4398046528326|1585423350778|ATM|false|1599758509036|Significant risk
26388279083847|1620810474202|ATM|false|1660329515442|Moderate risk
26388279083848|1617302419656|WIFI|false|1624531812086|Significant risk
8796093039433|1593516387763|QRCode|false|1596112051274|Significant risk
52776558150474|1660140594117|QRCode|false|1669533597083|Minimal risk
17227|1579509126299|RFID|false|1637392143364|Very high risk
39582418617164|1640645484754|QRCode|false|1647850818288|Minimal risk
4398046528333|1588678867942|IPv4|false|1620885693623|Very high risk
39582418617166|1637805130302|PHONE|false|1653626308706|High risk
52776558150479|1658696409707|POS|false|1663523804872|Significant risk
21990232572752|1614583747519|IPv4|false|1629172093841|Significant risk
17592186061649|1603983344308|NFC|false|1660345197634|Severe risk
52776558150482|1659668348660|RFID|false|1661704715812|Extreme risk
48378511639379|1656094422208|QRCode|false|1657239598932|Moderate risk
43980465128276|1649439780990|IPv4|false|1668568276649|Minimal risk
52776558150485|1660001325279|ATM|false|1660122280051|Critical risk
39582418617174|1640642017395|POS|false|1672181856890|Severe risk
17592186061655|1608309453093|NFC|false|1618147171975|Extreme risk
39582418617176|1636737684662|POS|false|1643945082359|High risk
17592186061657|1609042139006|IPv6|false|1650869429659|Minimal risk
39582418617178|1639703965363|ATM|false|1664025553859|Extreme risk
4398046528347|1584859971518|QRCode|false|1604190882296|High risk
48378511639388|1650069020108|IPv6|false|1662258200402|Severe risk
21990232572765|1615540725153|IPv6|false|1641326431289|Very high risk
30786325594974|1629713739959|ATM|false|1643986256174|Significant risk
30786325594975|1624004627552|NFC|false|1626518952311|Moderate risk
48378511639392|1654819822484|POS|false|1667386910615|Significant risk
17592186061665|1610374307728|IPv4|false|1662306196025|Severe risk
52776558150498|1656759458414|WIFI|false|1672311889652|Moderate risk
35184372106083|1634404815424|IPv6|false|1653251898881|High risk
39582418617188|1641767356707|RFID|false|1655173386682|Extreme risk
13194139550565|1600757522972|RFID|true|1655907238117|Critical risk
4398046528358|1590782910669|IPv4|false|1668538862541|Very high risk
17592186061671|1607198087787|RFID|false|1647167994189|Significant risk
52776558150504|1660620795764|ATM|false|1671189859806|Low risk
21990232572777|1611407643123|ATM|true|1649480440130|Minimal risk
21990232572778|1612407306778|NFC|false|1653242374195|Minimal risk
43980465128299|1645327680847|PHONE|false|1661939481879|Severe risk
57174604661612|1665044866379|NFC|false|1671634502962|Critical risk
17261|1581535399847|IPv6|false|1595012702075|Moderate risk
39582418617198|1638429848438|PHONE|false|1646582109412|Very high risk
17263|1583024035672|RFID|false|1630277879798|Very high risk
13194139550576|1601986972954|NFC|false|1660274118298|High risk
4398046528369|1590766199201|IPv4|false|1659287998013|Severe risk
21990232572786|1613057073689|ATM|false|1652200465461|Significant risk
26388279083891|1622249495931|QRCode|true|1635930664921|High risk
43980465128308|1648894000429|NFC|false|1664323016013|High risk
26388279083893|1619414777397|IPv6|false|1624260862315|Significant risk
35184372106102|1631743540903|ATM|false|1656433817539|Moderate risk
39582418617207|1636700816074|QRCode|false|1649998931077|Minimal risk
4398046528376|1585515266026|WIFI|false|1630893204915|Critical risk
39582418617209|1641788065842|IPv4|false|1650073479398|Extreme risk
35184372106106|1635828495266|QRCode|false|1654189193870|High risk
13194139550587|1602386632978|IPv4|false|1651569016479|Low risk
26388279083900|1622468938035|POS|false|1630691486926|Severe risk
26388279083901|1618406829347|POS|false|1625657220380|Low risk
17592186061694|1604746267751|IPv4|false|1652176673664|Low risk
17279|1583089276897|MAC|false|1631690651935|High risk
26388279083904|1623467580441|PHONE|false|1625738932626|Severe risk
30786325595009|1628936407247|MAC|false|1636158216039|Very high risk
48378511639426|1653499397765|RFID|false|1670352088046|Significant risk
13194139550595|1601508396904|RFID|true|1640552647707|Significant risk
30786325595012|1627267283232|ATM|false|1644090906568|Moderate risk
52776558150533|1657896703846|IPv6|false|1671979370298|Severe risk
57174604661638|1666965365522|WIFI|false|1667844336203|Minimal risk
17592186061703|1608238556746|IPv6|false|1645795158817|Moderate risk
43980465128328|1645839964123|ATM|false|1649889428556|Significant risk
30786325595017|1629490848819|IPv4|false|1639962644755|Critical risk
8796093039498|1595986691831|PHONE|false|1643876111469|High risk
17592186061707|1609536239562|MAC|false|1669448198999|Minimal risk
35184372106124|1636461265953|IPv4|false|1642687241885|Critical risk
4398046528397|1587763870806|NFC|false|1671928333914|Significant risk
57174604661646|1663044034650|RFID|false|1667545420866|Extreme risk
39582418617231|1641695117239|IPv4|false|1648564149069|Low risk
61572651172752|1669945600719|IPv6|false|1671803453581|Significant risk
21990232572817|1611747939630|RFID|false|1667892907464|Severe risk
8796093039506|1591130774308|MAC|false|1639699731943|Minimal risk
35184372106131|1631715820126|IPv4|false|1661653935791|Significant risk
26388279083924|1622310289581|WIFI|false|1639050284874|Low risk
21990232572821|1615741865159|IPv4|false|1658530617352|High risk
52776558150550|1661511906786|QRCode|false|1671065930986|Severe risk
13194139550615|1597966985501|IPv4|false|1659194320828|Significant risk
57174604661656|1664766712372|MAC|false|1670487598711|Moderate risk
57174604661657|1665464968623|ATM|false|1670785199948|Low risk
30786325595034|1625505630435|PHONE|false|1628480743972|Moderate risk
17592186061723|1605577791169|POS|false|1609993435393|Very high risk
48378511639452|1652177166616|PHONE|false|1657290793748|High risk
57174604661661|1663548549496|IPv6|false|1669341490220|Significant risk
26388279083934|1620372051270|QRCode|false|1633178114078|Critical risk
26388279083935|1618987876758|QRCode|false|1624425225971|High risk
26388279083936|1617948093997|QRCode|false|1658270975885|Severe risk
52776558150561|1661900637006|PHONE|false|1664172083142|Significant risk
4398046528418|1588844119709|PHONE|false|1600012391480|Significant risk
21990232572835|1615743232764|PHONE|false|1618814898699|Low risk
35184372106148|1633260730750|WIFI|false|1637277909751|Low risk
43980465128357|1647933974757|IPv4|false|1670490116438|High risk
35184372106150|1631055542348|ATM|false|1657987789561|Extreme risk
52776558150567|1662488301200|RFID|false|1665540021017|Very high risk
17320|1579423373221|NFC|false|1659585946499|Extreme risk
21990232572841|1611839699565|QRCode|false|1635240969714|Extreme risk
43980465128362|1647703186930|PHONE|false|1655937955067|Low risk
26388279083947|1621276009287|IPv6|false|1624208658201|Moderate risk
17324|1580858304177|POS|false|1596841773197|Extreme risk
43980465128365|1646856981479|IPv4|false|1670992117440|Extreme risk
17592186061742|1609219453995|MAC|false|1657714139491|Moderate risk
17592186061743|1604047952545|IPv6|false|1615472959238|Severe risk
57174604661680|1668727477768|ATM|false|1672385088469|Moderate risk
43980465128369|1646302272410|RFID|false|1650521088191|Extreme risk
8796093039538|1591945647131|PHONE|false|1634547332786|Very high risk
39582418617267|1638457171955|RFID|false|1663846472812|Significant risk
17592186061748|1604145966986|ATM|false|1634035203325|Very high risk
13194139550645|1597535971586|IPv6|false|1605328200226|High risk
8796093039542|1597203422981|POS|false|1626887165782|Moderate risk
30786325595063|1623861301517|QRCode|false|1642253514880|Critical risk
17336|1583250448881|POS|false|1625049453526|Very high risk
17592186061753|1609950478249|NFC|true|1670813930008|Very high risk
17592186061754|1609064875333|MAC|false|1654524746627|Extreme risk
39582418617275|1641030895202|NFC|false|1646214155548|Minimal risk
4398046528444|1584693264426|ATM|false|1641725655690|Severe risk
26388279083965|1617209023576|ATM|false|1668500452127|Critical risk
8796093039550|1593967856233|PHONE|false|1669758554567|Minimal risk
35184372106175|1631283442989|QRCode|false|1647213656316|Moderate risk
35184372106176|1630415660704|WIFI|false|1667570899688|Very high risk
17592186061761|1606600381046|PHONE|false|1622585469664|Minimal risk
52776558150594|1662165904147|MAC|false|1665957779124|Extreme risk
13194139550659|1599977840975|POS|false|1624265154467|Severe risk
4398046528452|1588241124999|MAC|false|1634987171318|High risk
13194139550661|1599057605777|QRCode|false|1614327870944|Moderate risk
48378511639494|1651204074432|RFID|false|1661519930107|Critical risk
30786325595079|1628812164460|ATM|false|1660427420948|Severe risk
43980465128392|1648775172228|RFID|false|1651530147143|Critical risk
39582418617289|1640311059267|PHONE|false|1640481128377|Minimal risk
8796093039562|1595198810069|POS|false|1622859475545|Significant risk
35184372106187|1635073476461|PHONE|false|1640382449166|Moderate risk
21990232572876|1611890820217|NFC|false|1670456722167|Moderate risk
13194139550669|1600253800549|POS|false|1621807490940|Significant risk
61572651172814|1672258716588|IPv4|false|1672397232946|Significant risk
30786325595087|1626531671206|MAC|false|1636885335374|Severe risk
8796093039568|1592851694982|IPv4|false|1599811400679|Very high risk
43980465128401|1644111558999|IPv4|false|1655956186319|Moderate risk
48378511639506|1650659500679|NFC|false|1666431196528|High risk
21990232572883|1611301607576|MAC|false|1645015493826|Extreme risk
52776558150612|1659885518547|MAC|false|1669866683679|Extreme risk
30786325595093|1627238135745|RFID|false|1665066151499|High risk
17592186061782|1605215496819|IPv4|true|1606703344498|Severe risk
35184372106199|1635605115305|MAC|false|1665249378979|Critical risk
21990232572888|1614483095337|PHONE|false|1628925547064|Moderate risk
13194139550681|1602295183908|PHONE|false|1609478860547|Significant risk
8796093039578|1593536201198|IPv4|false|1646616794455|Very high risk
26388279083995|1620143861486|IPv6|false|1641399892422|Extreme risk
48378511639516|1649729100332|NFC|false|1656338647579|Significant risk
30786325595101|1624979944059|QRCode|false|1649174494882|High risk
17592186061790|1608818186581|NFC|false|1629216019459|Significant risk
35184372106207|1630215806938|QRCode|true|1657811913670|Critical risk
17376|1580375711070|PHONE|false|1670303154863|Extreme risk
4398046528481|1590578676718|MAC|false|1635897607023|Extreme risk
17378|1583062337829|ATM|false|1644528888190|Minimal risk
4398046528483|1589829803778|RFID|false|1617786839600|Severe risk
26388279084004|1621004557300|POS|false|1628568840688|Very high risk
43980465128421|1648396106363|IPv4|false|1665306104500|Very high risk
17592186061798|1604203574958|WIFI|false|1622610956487|Very high risk
17383|1580419403632|IPv4|true|1585067981185|Critical risk
13194139550696|1599051189044|IPv4|false|1671863630714|High risk
17385|1582097334366|WIFI|false|1584535112195|Moderate risk
21990232572906|1612985326899|PHONE|false|1648890118142|Low risk
17592186061803|1606609983318|POS|false|1642807627195|Minimal risk
17592186061804|1606595055446|POS|false|1613332914233|Very high risk
43980465128429|1649611331409|ATM|false|1651308841062|Minimal risk
39582418617326|1637669062608|WIFI|false|1657053461281|High risk
4398046528495|1587348597495|POS|false|1598697831046|High risk
48378511639536|1650352363898|IPv6|false|1655870860688|Severe risk
43980465128433|1648435998109|WIFI|false|1664381641553|High risk
57174604661746|1667620743947|POS|false|1672425013044|Severe risk
26388279084019|1617261425014|MAC|false|1644431448031|Extreme risk
8796093039604|1591322775720|MAC|true|1611788562189|Critical risk
57174604661749|1664138235752|PHONE|false|1667903681897|Moderate risk
52776558150646|1662541191887|POS|false|1670373131530|Critical risk
17592186061815|1607718977055|POS|true|1626879007750|Very high risk
48378511639544|1653956833070|POS|false|1671765090516|High risk
13194139550713|1598764603779|IPv4|false|1654537198283|Severe risk
39582418617338|1639719816361|NFC|false|1646508089876|Low risk
57174604661755|1668763050098|QRCode|false|1671459153146|Low risk
30786325595132|1627916628945|MAC|false|1640453316639|Extreme risk
8796093039613|1592924324781|IPv4|false|1635950015505|Significant risk
43980465128446|1644550652720|IPv4|false|1659591639460|Significant risk
17592186061823|1603979985864|RFID|false|1611749365722|Very high risk
35184372106240|1632521379818|IPv4|false|1659307020813|Low risk
4398046528513|1585874983361|MAC|false|1622853826018|Extreme risk
8796093039618|1594962093233|WIFI|false|1604281993705|Significant risk
8796093039619|1592086532141|MAC|false|1624244856746|Moderate risk
35184372106244|1635727144583|IPv6|false|1642786690670|Minimal risk
13194139550725|1600080207136|NFC|false|1629105145585|Low risk
8796093039622|1593071216626|ATM|false|1654377128853|Significant risk
48378511639559|1654406853775|WIFI|false|1671214376887|Very high risk
43980465128456|1648753907306|QRCode|false|1662851566017|Moderate risk
35184372106249|1633202047542|MAC|false|1637096778274|Low risk
57174604661770|1665837231097|ATM|false|1666295269644|Low risk
26388279084043|1617470498783|WIFI|false|1636120901957|Minimal risk
52776558150668|1662307624839|ATM|false|1665676969544|Significant risk
21990232572941|1613028098961|IPv6|false|1650727536330|Very high risk
26388279084046|1617725723657|NFC|false|1625507442017|Extreme risk
17423|1581103033640|NFC|false|1625631954657|Very high risk
13194139550736|1598160795207|IPv6|false|1642197550269|Critical risk
52776558150673|1658973205842|PHONE|false|1666247628197|Critical risk
39582418617362|1638908552756|MAC|false|1663029607846|Extreme risk
43980465128467|1644443548561|IPv4|false|1655766112507|Low risk
21990232572948|1612460688408|PHONE|false|1657650310769|Minimal risk
48378511639573|1655092952377|POS|false|1667787244244|Extreme risk
52776558150678|1660063821940|WIFI|false|1661823208345|Moderate risk
57174604661783|1666138603112|IPv6|false|1668032787345|Very high risk
30786325595160|1625751986360|NFC|false|1649588775204|Minimal risk
17592186061849|1608721157498|PHONE|false|1632202182682|Significant risk
43980465128474|1648846342556|POS|false|1650016495599|Severe risk
43980465128475|1648255234446|IPv6|false|1666338112498|Significant risk
48378511639580|1650994073481|PHONE|false|1656338501816|Critical risk
39582418617373|1639316887912|ATM|false|1642016058936|Severe risk
21990232572958|1615328155641|QRCode|true|1623873783577|Critical risk
13194139550751|1599086957934|RFID|false|1640004610749|Significant risk
8796093039648|1591299695851|ATM|false|1653118469203|Extreme risk
21990232572961|1615151958380|WIFI|false|1633396256169|Minimal risk
30786325595170|1628516297901|NFC|false|1642040366077|Critical risk
48378511639587|1656188455981|NFC|false|1660529359962|Severe risk
57174604661796|1668271210921|ATM|false|1670615975383|Low risk
43980465128485|1643311237762|PHONE|false|1659406758653|Severe risk
35184372106278|1636055291873|MAC|false|1664077928215|High risk
39582418617383|1640892507925|PHONE|true|1667946358198|Extreme risk
30786325595176|1629807435261|ATM|false|1645680506907|Extreme risk
48378511639593|1654561815998|QRCode|false|1665319400880|High risk
39582418617386|1638719116622|POS|true|1668108114701|Low risk
43980465128491|1644788393961|WIFI|true|1648058826461|Significant risk
35184372106284|1630314097192|NFC|false|1653555534275|Moderate risk
30786325595181|1625357312774|IPv6|false|1654277710290|Very high risk
17454|1580681707060|POS|false|1584971104539|Moderate risk
4398046528559|1584874036409|WIFI|false|1670912633336|Significant risk
21990232572976|1616271669138|IPv4|false|1665700790637|Low risk
21990232572977|1613085775016|MAC|false|1623164424154|Moderate risk
30786325595186|1626463451976|POS|false|1639955867208|Significant risk
39582418617395|1638022297992|POS|false|1646967944543|Significant risk
30786325595188|1628668702444|NFC|false|1653251863986|Moderate risk
43980465128501|1648917354160|ATM|false|1659845109483|High risk
30786325595190|1624219516937|RFID|false|1646685189147|Very high risk
39582418617399|1641838053361|NFC|false|1658311577825|Severe risk
30786325595192|1628739994318|WIFI|false|1662843018364|Significant risk
52776558150713|1658096554495|IPv4|false|1669962112343|Significant risk
43980465128506|1646382591590|NFC|false|1646831828765|Critical risk
43980465128507|1647197182581|POS|false|1655510896666|Moderate risk
17592186061884|1605249686400|IPv4|false|1667485441834|Extreme risk
26388279084093|1623114027297|IPv6|false|1654493370420|Extreme risk
26388279084094|1621103457279|IPv6|false|1661673830218|Significant risk
35184372106303|1635009244640|IPv4|false|1642834661560|Very high risk
43980465128512|1644872938696|NFC|true|1657132920816|Low risk
13194139550785|1602718235093|MAC|false|1623395991072|High risk
21990232572994|1614996314024|PHONE|false|1641433465262|High risk
4398046528579|1590608179450|MAC|false|1620250724030|Significant risk
13194139550788|1603304263781|IPv6|false|1640316872680|Moderate risk
17477|1578992699557|MAC|false|1670747572790|Significant risk
57174604661830|1663398607307|IPv6|false|1664834574737|Critical risk
39582418617415|1637461091838|NFC|false|1668026401472|Severe risk
57174604661832|1666416484885|MAC|false|1670564914859|Very high risk
57174604661833|1668174724457|IPv6|false|1672037400084|Critical risk
4398046528586|1585081057382|RFID|false|1628577575852|Very high risk
39582418617419|1638647025028|QRCode|false|1642875248044|Severe risk
26388279084108|1620115160165|WIFI|false|1622214153971|Extreme risk
35184372106317|1631166448945|IPv6|false|1634490622760|Critical risk
52776558150734|1661206370629|NFC|false|1661399976705|Significant risk
26388279084111|1621433781356|IPv4|false|1667437958566|Critical risk
8796093039696|1595778014655|MAC|false|1623162691113|Low risk
17489|1580091272941|RFID|false|1602686014292|Moderate risk
52776558150738|1657197083983|PHONE|false|1665975211153|Minimal risk
48378511639635|1654580165209|IPv6|false|1655808599241|Significant risk
17492|1581152126138|MAC|true|1655956032940|Extreme risk
48378511639637|1650366868781|RFID|false|1659727463527|Moderate risk
17494|1583555795076|NFC|false|1651946856982|Significant risk
8796093039703|1595070513199|QRCode|false|1621591889527|Moderate risk
35184372106328|1632987987356|POS|false|1664405449577|Critical risk
4398046528601|1587148951650|RFID|false|1615495445942|Minimal risk
21990232573018|1616038939537|NFC|false|1667162296434|Minimal risk
43980465128539|1644489221919|NFC|false|1649837789945|Moderate risk
13194139550812|1600277538618|ATM|false|1672120236484|Moderate risk
39582418617437|1643041393312|IPv6|false|1670652248171|Moderate risk
48378511639646|1654380949814|ATM|false|1658626373083|High risk
39582418617439|1642500079443|IPv6|false|1667864193999|Moderate risk
26388279084128|1617643229175|WIFI|false|1661612869312|Significant risk
30786325595233|1628002393876|RFID|false|1660888229885|Significant risk
35184372106338|1633976308489|RFID|false|1655463451409|High risk
48378511639651|1649847276086|MAC|false|1657006200230|Critical risk
17508|1577952363563|WIFI|false|1583736566041|Significant risk
4398046528613|1585145835611|ATM|false|1646811596559|Minimal risk
35184372106342|1632469843223|ATM|false|1644974538553|Minimal risk
8796093039719|1590950433430|IPv4|false|1629937066300|Critical risk
43980465128552|1646571747116|MAC|false|1661547709853|Severe risk
26388279084137|1619347099921|POS|false|1662549010767|Low risk
26388279084138|1620049975962|IPv4|false|1637621797358|Low risk
26388279084139|1623154895316|RFID|false|1650881873772|Significant risk
17516|1580422405440|PHONE|false|1664364876096|Minimal risk
52776558150765|1658925621023|RFID|false|1671795875447|High risk
39582418617454|1642247992148|IPv6|true|1655436267653|Extreme risk
52776558150767|1662056348573|IPv6|true|1671010285968|Very high risk
4398046528624|1586912580549|MAC|false|1662653664380|Moderate risk
13194139550833|1600448191574|IPv6|false|1623325366399|High risk
43980465128562|1645775587360|IPv6|false|1666161644629|Minimal risk
52776558150771|1661344592627|ATM|false|1661559602017|Severe risk
30786325595252|1625706315517|PHONE|false|1640632106285|Significant risk
8796093039733|1592487250538|IPv6|false|1638841801708|Extreme risk
43980465128566|1648352543652|IPv4|false|1664986413259|Severe risk
17592186061943|1605727456094|POS|false|1618038546908|Moderate risk
17528|1578614559775|NFC|false|1594589727236|High risk
30786325595257|1629448936690|MAC|false|1654067625431|Significant risk
39582418617466|1641533499877|NFC|false|1660822297727|Moderate risk
61572651172987|1669614431136|POS|false|1672260460326|High risk
17592186061948|1609157285077|MAC|false|1620481605317|Critical risk
21990232573053|1613411062550|POS|false|1671747701335|Moderate risk
21990232573054|1614735240853|NFC|false|1655248001144|Critical risk
21990232573055|1614974982425|WIFI|false|1624091618586|High risk
57174604661888|1666866687967|ATM|false|1670029976810|Critical risk
35184372106369|1634534143531|ATM|false|1644872697301|Low risk
21990232573058|1611217431752|IPv4|false|1660309026797|Critical risk
35184372106371|1635301850460|NFC|false|1662314279780|Critical risk
48378511639684|1651571903381|IPv6|true|1652712791637|Severe risk
4398046528645|1585582812563|RFID|false|1652851415330|Moderate risk
57174604661894|1666568534634|QRCode|false|1670676980532|Severe risk
26388279084167|1620466650919|IPv6|false|1662916785561|Severe risk
57174604661896|1664172864614|QRCode|false|1671707028155|Very high risk
35184372106377|1636085889601|MAC|false|1653154725852|Critical risk
43980465128586|1647905822578|NFC|false|1658141306963|Moderate risk
35184372106379|1631805640323|QRCode|false|1639022431193|Critical risk
52776558150796|1661382900114|WIFI|false|1670654371457|Extreme risk
43980465128589|1645397561157|MAC|false|1662331162245|Minimal risk
8796093039758|1596902749074|IPv6|false|1614945509912|Low risk
43980465128591|1647694493293|PHONE|false|1666904335661|Critical risk
17592186061968|1607902015343|IPv6|false|1627383884541|Minimal risk
43980465128593|1643309940356|IPv4|false|1654545524325|Significant risk
30786325595282|1625159771711|POS|false|1647920375839|High risk
43980465128595|1643181542052|MAC|false|1668879180395|Very high risk
61572651173012|1672283645811|POS|false|1672415154114|Very high risk
21990232573077|1616721369352|IPv4|true|1649229523043|Critical risk
39582418617494|1640444593210|QRCode|false|1663330375520|Minimal risk
4398046528663|1587371429087|WIFI|false|1628298429148|High risk
8796093039768|1593013545523|POS|false|1655718861005|High risk
8796093039769|1594123107709|QRCode|false|1598313944017|Significant risk
13194139550874|1598557902631|IPv6|false|1641541192137|Critical risk
17592186061979|1607793797128|POS|false|1614866587118|Moderate risk
17592186061980|1605779546204|MAC|false|1644592686479|High risk
26388279084189|1621167512099|PHONE|false|1638685593198|Very high risk
35184372106398|1631086524840|POS|false|1647213354239|Very high risk
8796093039775|1594178136701|QRCode|false|1623447523596|High risk
17568|1582525231212|PHONE|false|1589322112143|Significant risk
35184372106401|1636071084676|POS|false|1671303927624|High risk
17592186061986|1608391997058|POS|false|1628223582285|Low risk
30786325595299|1629606517097|PHONE|false|1637436738611|Moderate risk
8796093039780|1593889383542|RFID|false|1601770177111|Minimal risk
4398046528677|1589197494250|PHONE|false|1619690156192|Significant risk
43980465128614|1649237251240|RFID|false|1665143179903|High risk
17592186061991|1606517714514|QRCode|false|1612586739506|Severe risk
35184372106408|1632575411936|QRCode|false|1655237044796|Severe risk
43980465128617|1649303830744|MAC|true|1653850252197|Extreme risk
4398046528682|1586703344521|ATM|false|1624388852689|Severe risk
57174604661931|1666511598964|IPv4|false|1667118033243|Very high risk
48378511639724|1653533358452|NFC|false|1672304480472|Critical risk
52776558150829|1662478790319|IPv4|false|1671967226896|High risk
17592186061998|1607013294374|WIFI|false|1612665183623|Low risk
30786325595311|1628524423883|POS|false|1634731279237|Minimal risk
57174604661936|1666883437675|IPv6|false|1667165830269|Severe risk
4398046528689|1587752415415|NFC|false|1647033008410|Very high risk
26388279084210|1622041288589|NFC|false|1626371402569|High risk
39582418617523|1638568275196|NFC|false|1659708579401|Moderate risk
21990232573108|1611094886113|POS|false|1665342077576|Very high risk
26388279084213|1619134377541|IPv6|false|1644886638196|Low risk
13194139550902|1598967492046|IPv6|false|1648305588123|Moderate risk
13194139550903|1598414421707|WIFI|false|1646472679825|Extreme risk
57174604661944|1663585001369|RFID|false|1670180723291|Minimal risk
4398046528697|1586881638938|POS|false|1652028568335|Minimal risk
30786325595322|1627971863975|ATM|false|1642832012089|Very high risk
8796093039803|1596981401968|MAC|false|1668293189405|Extreme risk
35184372106428|1631150477008|WIFI|false|1642631117406|Low risk
43980465128637|1643746396985|QRCode|false|1662258669175|Severe risk
48378511639742|1650094353423|POS|false|1656240751305|Low risk
4398046528703|1584827963776|ATM|false|1594333528576|Low risk
30786325595328|1625982325550|IPv6|false|1653713164869|Critical risk
52776558150849|1662315900280|IPv6|false|1670237985316|High risk
57174604661954|1663009244501|ATM|false|1663699199084|High risk
26388279084227|1618319174111|IPv4|true|1647556104048|Minimal risk
43980465128644|1643758783560|MAC|false|1653793187068|Severe risk
17605|1579457812904|MAC|false|1592908193270|Very high risk
13194139550918|1599802562238|WIFI|false|1653170583975|Very high risk
48378511639751|1656070223970|IPv4|false|1660338815353|Very high risk
4398046528712|1584672261949|PHONE|false|1596076128470|High risk
17592186062025|1604864627855|PHONE|false|1661612624124|Significant risk
21990232573130|1616567474278|ATM|false|1618363596503|Critical risk
4398046528715|1585616586594|IPv4|false|1665932024086|Moderate risk
4398046528716|1586760719631|QRCode|true|1612780356237|Minimal risk
13194139550925|1599547990279|ATM|true|1622215897745|Moderate risk
13194139550926|1600135325641|MAC|false|1656659117688|High risk
39582418617551|1643080970319|ATM|false|1657451828991|Minimal risk
26388279084240|1618105809854|ATM|false|1620753453904|Extreme risk
17592186062033|1606452771945|IPv4|false|1661939624800|High risk
48378511639762|1650646812665|ATM|false|1656101415885|High risk
17592186062035|1609850924659|PHONE|false|1632500524943|Minimal risk
52776558150868|1657078571568|ATM|false|1661496648828|High risk
17621|1577867682601|NFC|false|1644368846338|Very high risk
43980465128662|1646916075425|POS|false|1658537521480|Minimal risk
17592186062039|1608803440882|MAC|false|1634650117395|Critical risk
26388279084248|1618222962200|IPv4|true|1644964199730|Extreme risk
26388279084249|1618386660963|IPv6|false|1619734297482|Very high risk
8796093039834|1591032966073|QRCode|false|1628483536577|Critical risk
8796093039835|1596283593276|IPv4|false|1655853490792|Low risk
13194139550940|1599286746416|ATM|false|1610552338100|Severe risk
61572651173085|1669384526566|MAC|false|1670681610333|High risk
21990232573150|1616391417454|QRCode|false|1624894510102|Extreme risk
4398046528735|1587630700657|IPv6|false|1629243397707|Severe risk
8796093039840|1593118777378|RFID|false|1652110861983|Extreme risk
35184372106465|1633612716939|IPv4|false|1642601789733|Significant risk
48378511639778|1652014722359|WIFI|false|1655093900424|Significant risk
17592186062051|1608751385659|RFID|false|1636330334753|Extreme risk
4398046528740|1587093338760|MAC|false|1644180007163|Significant risk
21990232573157|1616960547738|PHONE|false|1664265763355|Minimal risk
13194139550950|1599117618408|IPv4|false|1649325331012|Moderate risk
43980465128679|1644335792143|RFID|false|1670823705359|Extreme risk
26388279084264|1617870968115|POS|false|1650381531813|Critical risk
17592186062057|1604607333100|QRCode|false|1621537604944|Very high risk
13194139550954|1599412686980|ATM|false|1618577166714|Low risk
17643|1583748676835|WIFI|false|1586861171570|Moderate risk
8796093039852|1595381127250|IPv4|false|1664955769980|Critical risk
30786325595373|1627043188641|WIFI|false|1632343698629|Minimal risk
4398046528750|1588955367282|IPv6|false|1667133308593|Moderate risk
26388279084271|1621066367128|PHONE|false|1627728174219|Moderate risk
17592186062064|1609971321651|IPv4|false|1660853022674|Severe risk
30786325595377|1626097803990|IPv4|false|1627310838342|Very high risk
35184372106482|1635521413367|IPv4|false|1664437070021|Moderate risk
26388279084275|1621258870921|ATM|false|1644626616236|Extreme risk
17652|1581711181563|MAC|false|1664827529280|Very high risk
26388279084277|1620183328790|POS|false|1634049936222|Critical risk
8796093039862|1597293452078|MAC|false|1597627260358|Low risk
57174604662007|1669157293263|WIFI|false|1670244988350|Minimal risk
13194139550968|1602948840425|POS|false|1627555033882|Extreme risk
21990232573177|1615071832844|RFID|false|1652847086494|Severe risk
4398046528762|1589938427403|POS|false|1648141374536|Significant risk
39582418617595|1640912557762|MAC|false|1646372708703|Severe risk
13194139550972|1600256111315|POS|false|1600320124751|Low risk
48378511639805|1651714634222|ATM|false|1653360205255|High risk
17662|1581796513820|QRCode|false|1666370665865|Low risk
48378511639807|1655967568863|PHONE|false|1664568957254|Low risk
17592186062080|1605641298465|RFID|false|1623570191632|High risk
39582418617601|1638094686241|MAC|false|1651304722085|Significant risk
48378511639810|1652535265968|NFC|false|1654974400702|Extreme risk
17667|1583083542172|ATM|false|1587682167536|Very high risk
52776558150916|1657664518635|POS|false|1658374315920|Minimal risk
4398046528773|1586882101077|PHONE|false|1600267448724|Critical risk
43980465128710|1644283924678|RFID|false|1655112238617|Critical risk
35184372106503|1632480610561|RFID|false|1656565884090|Extreme risk
17672|1578661533027|POS|false|1623444139630|Minimal risk
13194139550985|1597572310135|QRCode|false|1600772649605|Minimal risk
52776558150922|1658668792053|ATM|false|1664209128554|High risk
48378511639819|1653708169664|POS|false|1657482493612|Very high risk
26388279084300|1617503693672|WIFI|false|1662900677288|Extreme risk
39582418617613|1642074123064|MAC|false|1654329039496|Significant risk
48378511639822|1650298938928|WIFI|false|1670167991800|Minimal risk
8796093039887|1593915818333|WIFI|false|1606083427191|High risk
17592186062096|1609806356090|RFID|false|1661847640399|Critical risk
57174604662033|1663715516115|RFID|false|1669781934691|Extreme risk
39582418617618|1642068729690|QRCode|false|1663588006912|Severe risk
52776558150931|1661815115444|POS|false|1671745529942|Low risk
17684|1578295714030|IPv4|true|1600678863960|High risk
39582418617621|1639709967797|PHONE|false|1648329251565|Significant risk
30786325595414|1624571969889|IPv6|false|1650721258000|High risk
35184372106519|1630104949552|PHONE|false|1656551132017|Minimal risk
35184372106520|1636274381976|RFID|false|1640938013602|Critical risk
39582418617625|1643024325870|WIFI|false|1652717992216|Extreme risk
52776558150938|1659790886117|IPv6|false|1664476470124|Very high risk
43980465128731|1647341503596|MAC|false|1648820397238|Extreme risk
52776558150940|1658725188126|IPv6|false|1670501330898|Low risk
17693|1582728158677|POS|false|1607156708243|Significant risk
43980465128734|1648812330975|RFID|false|1653191641663|Very high risk
13194139551007|1597477956477|ATM|false|1648800648889|Low risk
13194139551008|1600343087452|MAC|false|1603728600458|Minimal risk
57174604662049|1664338760852|POS|false|1672500079710|Low risk
57174604662050|1663436762833|ATM|false|1670608149994|Significant risk
57174604662051|1664542451978|IPv4|false|1665820874481|Significant risk
52776558150948|1662380994281|RFID|false|1664931408689|Minimal risk
35184372106533|1632963666369|QRCode|false|1662902845260|Severe risk
26388279084326|1621741115867|NFC|false|1649520295748|Low risk
43980465128743|1646147825211|WIFI|false|1672215162164|High risk
26388279084328|1623107394220|QRCode|false|1628579003874|Severe risk
57174604662057|1663067220855|NFC|false|1668763568902|High risk
43980465128746|1646347492784|ATM|false|1670729494032|High risk
39582418617643|1640195566893|IPv4|false|1653104981967|High risk
8796093039916|1591539887296|IPv4|false|1672338308696|Moderate risk
4398046528813|1589957822766|NFC|false|1653392139056|Low risk
43980465128750|1643729135503|ATM|true|1669598475732|Minimal risk
43980465128751|1644953485333|MAC|false|1663337575170|High risk
21990232573232|1615166868301|POS|false|1625210105958|Very high risk
26388279084337|1618513902489|MAC|false|1633761144738|Extreme risk
52776558150962|1657292748187|QRCode|false|1666259676720|Low risk
4398046528819|1586614662597|MAC|false|1595048988185|Minimal risk
35184372106548|1635813464344|QRCode|false|1646446963002|Extreme risk
13194139551029|1600223235388|NFC|false|1642439886149|Low risk
35184372106550|1634106191812|ATM|false|1636413567391|Minimal risk
39582418617655|1642852730352|RFID|false|1649944703966|Significant risk
52776558150968|1660710248070|IPv6|false|1661510042702|Low risk
4398046528825|1587373982261|PHONE|false|1604190391504|Critical risk
17722|1578932159781|PHONE|false|1666771877501|Critical risk
26388279084347|1620911024778|ATM|false|1632634182403|High risk
21990232573244|1610875233196|IPv6|false|1646584164690|Extreme risk
4398046528829|1589411614400|NFC|false|1618773331631|Minimal risk
48378511639870|1653713615062|IPv4|false|1671216075222|High risk
43980465128767|1646260187860|ATM|false|1667891661010|Very high risk
13194139551040|1599593200405|WIFI|false|1623415575210|Critical risk
39582418617665|1641777265307|POS|false|1672095522988|Minimal risk
35184372106562|1634638736440|ATM|false|1639217801924|High risk
43980465128771|1644391705059|QRCode|false|1654704924412|Significant risk
43980465128772|1645351624517|MAC|false|1664929927657|Extreme risk
57174604662085|1668226013482|IPv4|true|1671347656335|Critical risk
4398046528838|1588113531365|ATM|false|1660765412892|Minimal risk
57174604662087|1667042316926|POS|false|1671394538979|High risk
57174604662088|1664677184944|ATM|false|1666313359520|Very high risk
48378511639881|1654545792742|IPv4|false|1660525766049|Extreme risk
17738|1580726574443|MAC|false|1656154037510|Significant risk
13194139551051|1601296353654|NFC|true|1665760930558|Significant risk
17740|1581692093368|NFC|false|1621968420893|Severe risk
26388279084365|1620038981914|QRCode|false|1648109197021|Critical risk
21990232573262|1616679599170|IPv4|false|1645129838902|Severe risk
13194139551055|1599138853964|WIFI|false|1618975930567|Minimal risk
17592186062160|1604734159075|QRCode|false|1631225693406|Significant risk
48378511639889|1655559712208|RFID|false|1661656538598|Severe risk
17746|1583601971435|ATM|false|1593002931323|Critical risk
48378511639891|1649942883590|ATM|false|1661074203397|Low risk
13194139551060|1599310191863|NFC|false|1614414428485|Moderate risk
17749|1579016522773|PHONE|false|1661818227217|Extreme risk
13194139551062|1602163477782|POS|false|1603983798712|Minimal risk
39582418617687|1641786668381|RFID|true|1645090793759|Severe risk
26388279084376|1617948197322|WIFI|true|1620575570177|Severe risk
21990232573273|1612911305279|MAC|false|1660157876650|Low risk
48378511639898|1649894640732|WIFI|false|1672194210861|Moderate risk
13194139551067|1603025885625|IPv4|false|1604475929365|Very high risk
57174604662108|1667852315073|QRCode|false|1671240652878|Significant risk
17757|1580584566581|IPv6|true|1599408534766|Severe risk
35184372106590|1630864146277|WIFI|false|1659440700597|Very high risk
43980465128799|1643635500767|NFC|false|1650677875032|Low risk
30786325595488|1626721931610|IPv6|false|1636935157192|Extreme risk
13194139551073|1599477472793|MAC|false|1607969537740|Severe risk
21990232573282|1614796919127|ATM|false|1641401287103|Minimal risk
57174604662115|1668928451274|QRCode|false|1671249062851|Very high risk
30786325595492|1628678018374|NFC|false|1660588564773|Significant risk
57174604662117|1666913053190|PHONE|false|1667522556239|Moderate risk
13194139551078|1601258388753|RFID|false|1625337365996|Significant risk
43980465128807|1648189073651|IPv4|false|1662476648015|Critical risk
13194139551080|1603305323503|IPv4|false|1649738522716|High risk
30786325595497|1624715396453|NFC|false|1632732942874|Very high risk
35184372106602|1634235670195|PHONE|false|1635273043331|Severe risk
30786325595499|1625472963303|WIFI|false|1654622226617|Severe risk
39582418617708|1643032606194|IPv4|false|1665178091353|Extreme risk
13194139551085|1602323131964|IPv6|false|1613158975379|Severe risk
57174604662126|1665094697271|ATM|false|1667138685868|Moderate risk
4398046528879|1588736304738|WIFI|false|1656853519708|High risk
17592186062192|1607578655833|IPv4|false|1646796531676|Minimal risk
57174604662129|1666186838954|IPv4|false|1671778787786|Very high risk
35184372106610|1635064799550|IPv4|false|1667896671446|Moderate risk
39582418617715|1641651501925|MAC|false|1671826210787|Severe risk
35184372106612|1632733500941|WIFI|false|1672490890753|Significant risk
43980465128821|1644556558201|IPv6|false|1667399228265|Critical risk
48378511639926|1655544948641|QRCode|false|1662241123021|Moderate risk
17592186062199|1608303699260|ATM|false|1654972215171|Low risk
39582418617720|1642411245627|PHONE|false|1642688247929|Low risk
17592186062201|1606740629925|POS|false|1615979931135|Significant risk
17592186062202|1610138253700|IPv6|true|1628380569665|High risk
39582418617723|1642025387255|IPv6|false|1651061538163|Significant risk
17788|1582475088554|ATM|false|1636433117790|Severe risk
17789|1580272010693|WIFI|false|1604673708625|Minimal risk
39582418617726|1637846522631|PHONE|false|1664181372824|Critical risk
57174604662143|1663001620996|RFID|false|1663770759514|Critical risk
43980465128832|1645079777777|WIFI|false|1657909892611|Severe risk
52776558151041|1659205987937|WIFI|false|1671734707106|Severe risk
39582418617730|1638576221079|RFID|false|1671561275222|Critical risk
30786325595523|1624432176107|MAC|false|1629324703181|Very high risk
52776558151044|1661003916285|QRCode|false|1670000526569|Minimal risk
13194139551109|1601331423175|QRCode|false|1656628305614|Severe risk
61572651173254|1669681963431|PHONE|false|1672320435932|Low risk
43980465128839|1647559565883|QRCode|true|1672409837917|Severe risk
17800|1578126176147|PHONE|false|1639166312863|Extreme risk
21990232573321|1611457419513|MAC|false|1631191378362|Very high risk
61572651173258|1671543642880|WIFI|false|1671798157709|Very high risk
61572651173259|1672230365255|POS|false|1672427522039|Significant risk
21990232573324|1615561786422|IPv6|false|1660494659971|Very high risk
21990232573325|1614727425626|NFC|false|1665143560598|High risk
30786325595534|1628354492167|MAC|false|1656981075437|Low risk
13194139551119|1601019903194|QRCode|false|1627676208449|Moderate risk
17592186062224|1606708478416|NFC|false|1665902035063|Critical risk
17592186062225|1604327882794|QRCode|false|1658215252822|Low risk
26388279084434|1621005704999|RFID|false|1648478382881|Very high risk
52776558151059|1657012956626|ATM|false|1659456721386|Very high risk
57174604662164|1663805418058|IPv6|false|1668901256476|Critical risk
57174604662165|1663118176205|IPv4|false|1667751742935|Very high risk
17592186062230|1606713672987|WIFI|false|1660851257365|Severe risk
57174604662167|1668927620195|ATM|false|1672370409432|Minimal risk
21990232573336|1615616653219|MAC|false|1651830174961|Moderate risk
8796093040025|1591550891176|RFID|false|1603454099408|High risk
48378511639962|1649737837760|IPv6|false|1655412302296|Extreme risk
13194139551131|1598338554192|ATM|false|1645125664671|Significant risk
39582418617756|1638809773309|ATM|false|1659802206095|Extreme risk
21990232573341|1611278342541|NFC|false|1661059454125|Severe risk
17592186062238|1604265520077|PHONE|false|1658332775919|Low risk
21990232573343|1616721537388|IPv4|false|1667777272779|Very high risk
21990232573344|1615464428004|IPv6|false|1638524664534|Moderate risk
17825|1578694700310|RFID|false|1671781277533|Extreme risk
39582418617762|1637597316605|NFC|false|1649369502163|Very high risk
4398046528931|1587425473951|ATM|false|1587780970918|Severe risk
17592186062244|1605654970206|MAC|false|1623957430090|Minimal risk
8796093040037|1591752453217|ATM|false|1633825187128|Significant risk
35184372106662|1630934955885|IPv6|false|1646035928174|Significant risk
17592186062247|1606594116825|PHONE|false|1614730453812|Moderate risk
17832|1581021038650|NFC|false|1658047907844|Minimal risk
39582418617769|1636810043197|POS|false|1647591340835|Critical risk
57174604662186|1663569155858|ATM|false|1672443548677|Moderate risk
30786325595563|1625844023534|QRCode|false|1633756680019|Moderate risk
17592186062252|1604800652551|QRCode|false|1650371063452|Very high risk
13194139551149|1601755395804|IPv6|false|1646874587687|Critical risk
52776558151086|1660122924112|ATM|false|1662072076995|High risk
26388279084463|1617818158138|RFID|false|1645093266126|Very high risk
48378511639984|1655680419349|PHONE|false|1671559624596|Minimal risk
52776558151089|1657130530669|WIFI|false|1669805824155|Significant risk
17842|1578996600715|POS|false|1583622000981|Critical risk
52776558151091|1659221194039|ATM|false|1659553189451|Moderate risk
17592186062260|1610123756598|IPv4|true|1613917161564|Extreme risk
13194139551157|1602564697078|POS|false|1617760654293|Very high risk
43980465128886|1648929234625|PHONE|false|1652604450750|Very high risk
43980465128887|1648932281478|NFC|false|1650484615821|Low risk
8796093040056|1596462097955|PHONE|false|1618954530049|Moderate risk
8796093040057|1594393609499|NFC|false|1612072770534|Minimal risk
48378511639994|1653550521590|QRCode|false|1662760805330|Very high risk
35184372106683|1636173694506|PHONE|false|1664561470920|High risk
17852|1582141924397|MAC|false|1664464757331|Extreme risk
13194139551165|1602434934289|WIFI|false|1638034137580|Extreme risk
17854|1583002678400|MAC|false|1632578533976|Very high risk
43980465128895|1644241080006|IPv6|false|1662212332335|High risk
61572651173312|1671915721634|WIFI|false|1672061671076|Extreme risk
43980465128897|1644301989081|POS|false|1650784340539|Extreme risk
52776558151106|1659140006785|PHONE|false|1668690183508|Critical risk
35184372106691|1635747627384|WIFI|false|1637327540191|Minimal risk
21990232573380|1615312907170|ATM|false|1637820753190|Very high risk
17592186062277|1606515742027|QRCode|false|1633086087658|Minimal risk
26388279084486|1621847876247|IPv6|false|1636221437535|Severe risk
30786325595591|1625869888409|POS|true|1636847540123|Critical risk
52776558151112|1662005108370|PHONE|false|1662837011191|Low risk
35184372106697|1634930216931|IPv4|false|1640533143962|Extreme risk
48378511640010|1651692847027|NFC|false|1666917578165|Low risk
52776558151115|1656844689547|IPv4|false|1663832996208|Critical risk
35184372106700|1633807444561|IPv4|false|1671785355349|Extreme risk
30786325595597|1625011748732|MAC|false|1637581505471|Critical risk
8796093040078|1591842376153|NFC|false|1658343542440|Extreme risk
4398046528975|1589343609876|WIFI|false|1647448585864|Severe risk
39582418617808|1640106917401|PHONE|false|1667673199859|Very high risk
4398046528977|1586997933005|PHONE|false|1636751279798|Moderate risk
17874|1579272222670|POS|false|1608507493037|Low risk
35184372106707|1633732423297|MAC|false|1666764430040|Very high risk
30786325595604|1628937104566|IPv4|true|1639413732146|Low risk
61572651173333|1670413099652|NFC|false|1671385741711|Very high risk
48378511640022|1654639908837|QRCode|false|1657456753067|Moderate risk
8796093040087|1596582341637|QRCode|false|1599968841608|Minimal risk
21990232573400|1612324643324|RFID|false|1625518999899|Low risk
35184372106713|1633828856970|POS|false|1640825733657|Very high risk
13194139551194|1603389500491|NFC|false|1656011720435|Extreme risk
13194139551195|1602548787112|MAC|false|1629892319733|Very high risk
48378511640028|1655898605956|WIFI|false|1657882004640|Critical risk
13194139551197|1603604513684|PHONE|true|1615515732901|Critical risk
43980465128926|1646366876155|PHONE|false|1672168695383|Moderate risk
61572651173343|1671630484550|PHONE|true|1672129686839|Critical risk
52776558151136|1658323441746|QRCode|false|1665816829313|Low risk
13194139551201|1598765071584|WIFI|false|1652418396903|Severe risk
35184372106722|1635048205040|NFC|false|1669807993163|High risk
4398046528995|1588607374105|QRCode|false|1660493458181|Minimal risk
4398046528996|1588724912938|RFID|false|1611353434110|Very high risk
52776558151141|1659278340072|WIFI|false|1663940204135|High risk
30786325595622|1625496010867|NFC|false|1652576264437|Extreme risk
13194139551207|1601581642278|IPv4|false|1649734285632|Moderate risk
4398046529000|1590121665124|ATM|false|1599003746039|Severe risk
8796093040105|1593118034464|WIFI|false|1669118788919|Moderate risk
39582418617834|1640948704612|NFC|false|1657590627468|Severe risk
52776558151147|1660232765577|IPv6|false|1663026240650|Low risk
13194139551212|1602950999195|NFC|false|1618136724772|Very high risk
57174604662253|1663918723615|PHONE|false|1671185739714|Significant risk
43980465128942|1645623461947|POS|true|1668065871812|Very high risk
26388279084527|1621084791986|PHONE|false|1630338841593|Severe risk
35184372106736|1631003034309|IPv6|false|1644050185971|Severe risk
21990232573425|1612413075032|POS|false|1663432770630|Severe risk
43980465128946|1647513504335|MAC|false|1671384688094|High risk
61572651173363|1671585108831|IPv6|false|1671901691638|Extreme risk
35184372106740|1633038190071|ATM|false|1649760020396|Significant risk
26388279084533|1623323191597|RFID|false|1626913808368|Very high risk
35184372106742|1633881234769|POS|false|1652885732312|Severe risk
57174604662263|1668186863872|MAC|false|1668817293367|Critical risk
57174604662264|1663222122315|NFC|false|1671958005540|Low risk
35184372106745|1636050439262|RFID|false|1648141133116|Moderate risk
30786325595642|1625093805289|POS|false|1629997943815|Severe risk
52776558151163|1661022652500|QRCode|false|1671951482279|Low risk
17916|1578967377942|RFID|false|1628845927735|Moderate risk
43980465128957|1645581532321|MAC|false|1667976414815|Significant risk
21990232573438|1616529697503|IPv4|false|1644354826331|Moderate risk
52776558151167|1657660386765|IPv4|false|1669129806398|Critical risk
35184372106752|1635652672306|ATM|false|1670312070126|Critical risk
17921|1581208393160|MAC|false|1637642835802|Minimal risk
43980465128962|1647780503304|NFC|false|1670767247496|Low risk
26388279084547|1622558892557|RFID|false|1662592399745|High risk
13194139551236|1598030606133|QRCode|false|1626475806056|Moderate risk
48378511640069|1651159914418|NFC|false|1651506972231|Extreme risk
17592186062342|1610004400518|MAC|false|1671736195706|Moderate risk
43980465128967|1643251327924|WIFI|false|1645089495128|Minimal risk
17928|1579648236901|WIFI|false|1641258447190|Critical risk
26388279084553|1621820303338|POS|false|1653271448908|Significant risk
21990232573450|1611583451765|NFC|false|1656193398024|Minimal risk
57174604662283|1664310278504|NFC|false|1666786074929|Low risk
48378511640076|1652135332643|POS|true|1663046947589|Very high risk
30786325595661|1629494882245|IPv6|false|1646845082626|Extreme risk
48378511640078|1655697985719|ATM|false|1663327037639|High risk
21990232573455|1616205421664|ATM|false|1663410559977|Low risk
13194139551248|1598946227638|IPv6|false|1670470007475|Significant risk
17592186062353|1607937556926|QRCode|false|1617955417081|Low risk
21990232573458|1616610143030|QRCode|false|1639878387918|High risk
13194139551251|1602921532188|RFID|false|1672124904955|Extreme risk
4398046529044|1587886061282|POS|false|1624199094719|Critical risk
21990232573461|1615370794196|IPv4|false|1659590700767|High risk
43980465128982|1648181803696|MAC|false|1671416908072|High risk
52776558151191|1658048876153|ATM|false|1668026499978|Low risk
48378511640088|1654953704719|NFC|false|1672000912691|Very high risk
52776558151193|1658767863881|PHONE|false|1671116399281|Extreme risk
4398046529050|1585799681474|NFC|false|1602616085317|Very high risk
26388279084571|1623378123809|ATM|false|1623379402680|Critical risk
30786325595676|1629965655008|QRCode|false|1647330243978|Minimal risk
30786325595677|1623666146983|MAC|false|1672165269859|Extreme risk
61572651173406|1671884014922|RFID|false|1672209843289|Very high risk
17951|1579468172039|IPv4|false|1652748193932|Significant risk
48378511640096|1655287589539|IPv4|false|1659430877250|Significant risk
61572651173409|1670409599002|MAC|false|1671014875547|High risk
48378511640098|1651967954071|PHONE|false|1662014441987|Critical risk
4398046529059|1585429768158|QRCode|false|1669987011318|Significant risk
17956|1582207408485|ATM|false|1600998377348|Significant risk
21990232573477|1615339128025|MAC|false|1664496681241|Low risk
8796093040166|1596332018961|ATM|false|1671176748921|Low risk
57174604662311|1662861647196|QRCode|false|1669481000068|Minimal risk
26388279084584|1619560382850|QRCode|false|1660696130335|Extreme risk
61572651173417|1669530125991|IPv4|false|1672050238920|Low risk
43980465129002|1648983903300|IPv4|false|1649355162897|Low risk
13194139551275|1600325665169|ATM|false|1624176816776|Critical risk
13194139551276|1599753809466|QRCode|false|1649993248620|Significant risk
8796093040173|1591196267933|POS|true|1657811272085|Severe risk
39582418617902|1639267129374|IPv6|false|1645879088971|Severe risk
17592186062383|1604477959382|WIFI|false|1638222832641|High risk
30786325595696|1625381726803|RFID|false|1626775985935|High risk
48378511640113|1653605563006|WIFI|false|1664923570729|Moderate risk
57174604662322|1664957589200|POS|true|1667113856703|Very high risk
13194139551283|1601126975359|NFC|false|1659431229498|Critical risk
39582418617908|1643013061083|NFC|false|1668767912162|Moderate risk
43980465129013|1649578510529|IPv4|false|1669326084987|Minimal risk
48378511640118|1653448212359|PHONE|false|1671652083977|Very high risk
8796093040183|1593726950011|PHONE|false|1603005168876|Minimal risk
39582418617912|1639997281708|WIFI|false|1664359891696|Low risk
57174604662329|1665289922861|MAC|false|1669817288482|Minimal risk
52776558151226|1661829565860|RFID|false|1661902761157|Moderate risk
35184372106811|1630700428136|QRCode|false|1655619259439|Moderate risk
61572651173436|1671906892536|NFC|false|1672257010248|Extreme risk
17981|1583689388614|POS|false|1600596381314|Minimal risk
48378511640126|1651354563792|WIFI|false|1656168514448|Significant risk
35184372106815|1631286774746|NFC|false|1646527995994|Minimal risk
48378511640128|1650743221202|IPv4|false|1662569610832|Significant risk
39582418617921|1641127909179|POS|false|1666453397103|High risk
13194139551298|1598423044327|RFID|false|1609564028624|Critical risk
52776558151235|1659644169756|PHONE|true|1665680143177|Extreme risk
35184372106820|1632355923906|NFC|false|1637672648825|Significant risk
17592186062405|1606546017991|NFC|false|1640189037231|Low risk
48378511640134|1655035139159|ATM|false|1669858164377|High risk
48378511640135|1650524037505|QRCode|false|1655051232606|Minimal risk
17992|1584224262520|POS|false|1613692605725|Moderate risk
39582418617929|1640137675578|MAC|false|1652401331007|Moderate risk
30786325595722|1623805953823|NFC|false|1654437909066|Severe risk
57174604662347|1663958538337|POS|false|1671986346475|Severe risk
35184372106828|1636344116112|NFC|false|1646081657724|Critical risk
43980465129037|1648653594416|QRCode|false|1671991401653|Significant risk
35184372106830|1633468023037|ATM|false|1643523283343|Very high risk
26388279084623|1621418799936|MAC|false|1641490799064|Significant risk
57174604662352|1664129510859|WIFI|true|1665249187679|Minimal risk
52776558151249|1661047436940|POS|false|1671472314611|Severe risk
43980465129042|1647400405003|ATM|false|1669052419774|Moderate risk
18003|1579615293188|PHONE|false|1593635451568|Very high risk
30786325595732|1624244597854|NFC|false|1657761910295|Moderate risk
26388279084629|1621286501071|MAC|false|1631031728705|Low risk
48378511640150|1650606856170|RFID|false|1655963343957|Moderate risk
8796093040215|1597415178275|WIFI|false|1619567897956|Very high risk
17592186062424|1608608428191|NFC|false|1660681951304|Extreme risk
17592186062425|1606365060287|WIFI|false|1650729599909|Moderate risk
17592186062426|1604533056555|IPv4|false|1651904545565|Significant risk
30786325595739|1627101962549|QRCode|false|1627544602706|Low risk
26388279084636|1620956360325|IPv4|false|1631831468352|Significant risk
48378511640157|1652934342951|IPv6|true|1667950329614|Minimal risk
21990232573534|1613409313116|MAC|false|1657022033264|Significant risk
8796093040223|1594597435612|RFID|false|1646384639308|Severe risk
39582418617952|1637134034427|MAC|false|1665684006584|Very high risk
8796093040225|1596355689781|MAC|true|1645438472952|Moderate risk
18018|1581822264187|POS|false|1620822807158|Minimal risk
30786325595747|1628803629259|IPv4|false|1669284621049|Critical risk
39582418617956|1637798112261|RFID|false|1658500658864|Significant risk
21990232573541|1614227967093|ATM|false|1635148119063|Very high risk
39582418617958|1642621119598|MAC|false|1644057609752|Very high risk
8796093040231|1595042641268|POS|false|1639938025886|Moderate risk
48378511640168|1651846015324|RFID|true|1670164515128|Very high risk
30786325595753|1628648962264|NFC|false|1653501262091|Severe risk
48378511640170|1653332352107|RFID|false|1670873888881|Very high risk
52776558151275|1658839664301|RFID|false|1659296503998|Very high risk
26388279084652|1621500846072|PHONE|false|1629028537095|Significant risk
39582418617965|1637694211142|IPv4|false|1644140615236|Extreme risk
48378511640174|1650708318766|RFID|false|1654076383229|Very high risk
21990232573551|1611097029991|IPv4|false|1667862372867|Extreme risk
21990232573552|1610648073949|MAC|false|1641087383572|Low risk
8796093040241|1591453264346|MAC|false|1653510055459|Critical risk
4398046529138|1586182055702|IPv6|false|1671625805586|Significant risk
48378511640179|1653926487529|POS|false|1669823718474|Extreme risk
8796093040244|1591230929304|WIFI|false|1667424155054|Minimal risk
57174604662389|1669280062463|PHONE|false|1670584932160|Severe risk
61572651173494|1670530495954|POS|false|1672341105794|Minimal risk
18039|1581607950336|IPv6|false|1586834288461|Minimal risk
4398046529144|1587676189511|WIFI|false|1608439474126|Severe risk
26388279084665|1620389750061|WIFI|false|1658241007957|Very high risk
39582418617978|1639606288919|WIFI|false|1663828047903|Extreme risk
21990232573563|1614675856346|IPv6|false|1654741376595|Low risk
48378511640188|1654777308173|QRCode|false|1656025149815|Significant risk
21990232573565|1615953321616|IPv4|false|1667285846685|Critical risk
52776558151294|1661189240816|PHONE|false|1663973173733|Very high risk
48378511640191|1652372089060|QRCode|false|1663732608563|Minimal risk
48378511640192|1650232902750|MAC|false|1663233121940|High risk
18049|1581605231469|QRCode|false|1635243421285|Minimal risk
35184372106882|1633284688594|IPv4|false|1643722772534|Moderate risk
4398046529155|1588357411743|IPv6|false|1611456475318|Significant risk
26388279084676|1618709867739|IPv6|false|1645702562629|Critical risk
8796093040261|1594083674270|IPv6|false|1626237551082|Minimal risk
30786325595782|1624436566980|IPv4|false|1664640750848|Very high risk
26388279084679|1617540681348|RFID|false|1630016411970|Critical risk
17592186062472|1610261934714|QRCode|false|1654312995275|High risk
21990232573577|1612411821033|IPv4|false|1615665890069|Minimal risk
39582418617994|1639560068763|IPv6|false|1641845643425|Significant risk
8796093040267|1594771740835|PHONE|false|1626652545086|Critical risk
35184372106892|1635488859982|IPv6|false|1643229144700|Critical risk
26388279084685|1617592885831|IPv6|false|1663227344810|Moderate risk
52776558151310|1657674367433|NFC|false|1667661467204|Very high risk
39582418617999|1636700017013|NFC|false|1659286190278|High risk
18064|1584360616494|PHONE|false|1606293097879|Critical risk
13194139551377|1602515638827|POS|false|1628414074182|Low risk
26388279084690|1617401871781|QRCode|false|1624449383916|Critical risk
4398046529171|1585859480353|IPv4|false|1645502683735|Severe risk
52776558151316|1661097324078|QRCode|false|1669974550844|Minimal risk
13194139551381|1603646798172|QRCode|false|1630320985550|Critical risk
8796093040278|1593249633514|WIFI|false|1638681820120|Severe risk
35184372106903|1631299120715|POS|false|1632031371400|Moderate risk
57174604662424|1668558048744|IPv6|true|1669906339351|Low risk
8796093040281|1594429675412|RFID|false|1625834093723|Extreme risk
4398046529178|1590891318931|WIFI|false|1615527702482|Minimal risk
43980465129115|1648039963298|QRCode|false|1659788104890|Extreme risk
8796093040284|1592301157200|RFID|false|1647265770025|Severe risk
48378511640221|1650391437805|WIFI|false|1671017091798|Extreme risk
13194139551390|1601922916436|NFC|false|1647627451356|Extreme risk
26388279084703|1617184528334|MAC|false|1634698255312|Extreme risk
21990232573600|1614509286197|IPv4|false|1615257829172|Extreme risk
13194139551393|1601646725556|ATM|false|1669317054870|Extreme risk
35184372106914|1631318550891|WIFI|false|1660980355573|Severe risk
39582418618019|1638308094380|POS|false|1664522602604|Critical risk
17592186062500|1608955184866|MAC|false|1663978079402|Extreme risk
26388279084709|1617965139564|ATM|false|1638541110137|Very high risk
52776558151334|1658368323246|MAC|false|1659844654419|Critical risk
48378511640231|1655288442498|ATM|false|1663296784061|Extreme risk
17592186062504|1606818238476|PHONE|false|1613937296572|Moderate risk
39582418618025|1639487474453|IPv4|false|1666565629493|Very high risk
4398046529194|1588516479781|RFID|false|1602152689878|Severe risk
43980465129131|1646762962802|MAC|false|1661277617080|Moderate risk
17592186062508|1607586272903|IPv6|false|1627704037698|Minimal risk
30786325595821|1624440973280|ATM|false|1638671330451|High risk
18094|1578012994557|MAC|false|1579917741120|Significant risk
39582418618031|1641300578803|PHONE|false|1654941602499|Minimal risk
57174604662448|1666488400057|POS|false|1667115637444|Significant risk
48378511640241|1650879641047|QRCode|false|1656417783092|Moderate risk
18098|1582368032575|IPv4|false|1643454398441|Significant risk
61572651173555|1671694494263|PHONE|false|1672499329873|Very high risk
57174604662452|1666379047700|WIFI|false|1671277761497|High risk
4398046529205|1588334593733|POS|false|1589995411542|Moderate risk
48378511640246|1653698291778|WIFI|false|1671110658995|Significant risk
48378511640247|1652299589260|PHONE|false|1664744949631|High risk
4398046529208|1585116505633|PHONE|false|1633751642495|Significant risk
13194139551417|1601164097493|PHONE|false|1662338046540|Severe risk
39582418618042|1637653884336|POS|false|1669606783507|Extreme risk
57174604662459|1663165623202|RFID|false|1663636315937|Significant risk
26388279084732|1622892860486|POS|false|1624179058546|Moderate risk
57174604662461|1666067783733|IPv6|false|1671398347090|Moderate risk
61572651173566|1671653061634|IPv4|false|1671933601180|Very high risk
13194139551423|1603411185089|IPv6|false|1630768636791|Critical risk
21990232573632|1613618603252|PHONE|false|1617940060930|Low risk
52776558151361|1660919839030|RFID|false|1661070027769|High risk
21990232573634|1615219015351|MAC|false|1668268543291|Very high risk
13194139551427|1599590738656|IPv4|false|1617293050668|Extreme risk
52776558151364|1657288343217|QRCode|false|1668297155749|Critical risk
57174604662469|1668675632488|IPv6|false|1668805451202|Minimal risk
13194139551430|1602218034618|MAC|false|1636997929758|Moderate risk
39582418618055|1642676837628|WIFI|false|1648052916407|Critical risk
8796093040328|1596202849252|POS|false|1671834575014|High risk
52776558151369|1661918112728|NFC|false|1666387957256|Minimal risk
57174604662474|1669165936321|POS|false|1670479143664|High risk
57174604662475|1664262214932|PHONE|false|1670722283092|Critical risk
35184372106956|1630961825002|QRCode|false|1651542299083|Critical risk
39582418618061|1637577995812|MAC|false|1641656801603|High risk
13194139551438|1602770073661|QRCode|false|1620389212138|Significant risk
21990232573647|1611075357618|QRCode|false|1619805242410|Low risk
52776558151376|1661557742067|IPv6|false|1663594737866|Extreme risk
8796093040337|1591738412520|RFID|false|1620854676766|Very high risk
4398046529234|1589568130508|PHONE|false|1635726391485|High risk
57174604662483|1665506620660|POS|false|1668529775447|Extreme risk
8796093040340|1594185139007|PHONE|false|1634872295343|Extreme risk
21990232573653|1616355995168|QRCode|false|1623267518872|Very high risk
43980465129174|1645411782606|POS|false|1656423005491|Low risk
21990232573655|1611394877480|QRCode|false|1636941624481|Minimal risk
39582418618072|1641150853058|POS|false|1662976515982|Minimal risk
13194139551449|1601948631366|NFC|false|1649720371946|Minimal risk
18138|1580424391538|ATM|false|1610909505997|Significant risk
21990232573659|1613963246360|PHONE|false|1651126324070|Moderate risk
39582418618076|1638773886639|NFC|false|1649875377506|High risk
21990232573661|1614674204208|WIFI|false|1616157629308|Critical risk
18142|1579137543464|NFC|false|1594250689489|Minimal risk
4398046529247|1586772707919|POS|false|1639198416383|Very high risk
21990232573664|1616398806003|QRCode|false|1620606359484|Severe risk
39582418618081|1638230084290|ATM|false|1662047590790|Very high risk
43980465129186|1648667557095|PHONE|false|1655617825504|Very high risk
17592186062563|1606375262952|QRCode|false|1649900149937|Significant risk
57174604662500|1662840876964|PHONE|false|1665526465076|Significant risk
43980465129189|1647830069207|NFC|false|1667855251079|Extreme risk
17592186062566|1607611120983|POS|false|1656544028229|Moderate risk
26388279084775|1621170185719|NFC|false|1660214384308|Minimal risk
57174604662504|1664200372598|RFID|false|1669704069997|High risk
18153|1582056872687|MAC|false|1627674430362|Critical risk
35184372106986|1633129140496|MAC|false|1656543092952|Extreme risk
48378511640299|1651011824019|PHONE|false|1661254577895|Severe risk
39582418618092|1638365054014|WIFI|false|1654241674537|Critical risk
57174604662509|1664391214196|NFC|false|1667599700409|Moderate risk
61572651173614|1672253098574|IPv6|false|1672514012783|Significant risk
57174604662511|1667502396053|WIFI|false|1668296263656|Low risk
39582418618096|1640135775616|NFC|false|1645758984530|Significant risk
4398046529265|1586185533986|QRCode|true|1615647256770|Severe risk
48378511640306|1653369362479|ATM|false|1653835366555|Low risk
26388279084787|1620041006604|MAC|false|1643046370881|High risk
61572651173620|1670258175624|QRCode|false|1670677633206|Very high risk
61572651173621|1671526982115|WIFI|false|1672227169262|Significant risk
57174604662518|1663008481997|POS|false|1665062904555|Low risk
21990232573687|1610787499568|NFC|false|1652448626473|Critical risk
18168|1578225742564|IPv4|false|1609641242295|Significant risk
43980465129209|1647023626585|NFC|false|1647127236213|Significant risk
43980465129210|1645622884508|WIFI|false|1663572759171|Critical risk
35184372107003|1632541484306|IPv4|false|1671416912197|Low risk
35184372107004|1632757188192|RFID|false|1640168094756|Very high risk
35184372107005|1633758869136|ATM|false|1651708738580|Critical risk
52776558151422|1656700734157|PHONE|false|1670817094759|Significant risk
48378511640319|1650409931358|POS|false|1660896340729|Moderate risk
17592186062592|1605318159873|IPv4|false|1632796399993|Very high risk
52776558151425|1658590799103|MAC|false|1665926435163|Significant risk
21990232573698|1612310529686|IPv4|false|1669375775263|Extreme risk
4398046529283|1585709625350|NFC|false|1659217682153|Minimal risk
21990232573700|1613059754648|WIFI|false|1631486319591|Extreme risk
8796093040389|1596777783026|QRCode|false|1645690902700|Critical risk
8796093040390|1595940962576|WIFI|false|1621939389179|Critical risk
4398046529287|1588849390084|RFID|false|1611145659779|Very high risk
26388279084808|1617565458459|IPv6|false|1666256759139|High risk
17592186062601|1606654608668|IPv6|false|1643191118667|Extreme risk
18186|1583797720096|IPv4|false|1585728526196|Moderate risk
17592186062603|1605713153814|MAC|false|1656940167522|High risk
61572651173644|1669656473692|PHONE|false|1670486637103|Severe risk
52776558151437|1659400000339|NFC|false|1665386680049|High risk
43980465129230|1644428165958|ATM|false|1646649476689|Moderate risk
21990232573711|1615065913275|PHONE|false|1643692569515|Critical risk
48378511640336|1652990235010|ATM|false|1666078790286|Significant risk
4398046529297|1585296995671|PHONE|false|1597803373803|High risk
39582418618130|1640475490570|POS|false|1664789949157|Critical risk
21990232573715|1614928812398|IPv6|false|1633133651612|Severe risk
21990232573716|1614458053926|PHONE|false|1659496378173|High risk
30786325595925|1629796139895|POS|false|1646546985882|Severe risk
39582418618134|1637318015533|WIFI|false|1656168512184|Very high risk
17592186062615|1607435338025|QRCode|false|1615048145175|Severe risk
43980465129240|1645144572826|WIFI|false|1659020240215|Significant risk
30786325595929|1625924132607|IPv4|false|1668763604478|Extreme risk
17592186062618|1609358419685|IPv6|false|1660000909902|Moderate risk
43980465129243|1644973596650|POS|false|1659304801542|Significant risk
43980465129244|1646183783054|PHONE|false|1669574759215|Significant risk
43980465129245|1646217052028|RFID|false|1668348127729|Critical risk
57174604662558|1667398491004|IPv6|false|1670416564667|Extreme risk
8796093040415|1591772650886|IPv4|false|1657236330442|Critical risk
35184372107040|1633902205357|RFID|false|1654903042464|Critical risk
35184372107041|1636489121275|MAC|false|1666251731263|Moderate risk
4398046529314|1588177749988|NFC|false|1626076621173|Low risk
21990232573731|1613086191266|WIFI|false|1645548344170|Severe risk
48378511640356|1655930346609|RFID|true|1669668739831|Low risk
52776558151461|1657115710737|IPv6|false|1658368217206|Very high risk
17592186062630|1610236267249|MAC|false|1627519894775|Significant risk
52776558151463|1657711909934|MAC|false|1670492881951|High risk
39582418618152|1639208191213|IPv6|false|1646101752654|Critical risk
18217|1582981863743|PHONE|false|1663968566885|Moderate risk
35184372107050|1632789606492|PHONE|false|1646270042179|Severe risk
61572651173675|1670448966400|PHONE|false|1671099795263|Critical risk
8796093040428|1594844946967|ATM|false|1623886617135|Moderate risk
52776558151469|1656402623016|PHONE|false|1668774763217|High risk
18222|1581684942673|ATM|false|1607055907282|High risk
43980465129263|1648967480206|NFC|false|1649399637343|Critical risk
52776558151472|1658311624743|RFID|false|1669990439778|Minimal risk
8796093040433|1595441976368|MAC|false|1658418765727|High risk
26388279084850|1618835022856|RFID|false|1628421687019|Extreme risk
13194139551539|1603271203394|POS|false|1605017409745|Very high risk
30786325595956|1624418565103|PHONE|false|1638805659658|Critical risk
52776558151477|1657719441809|QRCode|false|1661125756472|Severe risk
48378511640374|1651738218770|IPv4|false|1651969931804|High risk
30786325595959|1629535623867|QRCode|false|1629955120530|Moderate risk
17592186062648|1607819655886|WIFI|false|1649837008469|Minimal risk
17592186062649|1609729884307|WIFI|false|1614095560523|Extreme risk
43980465129274|1649401244054|MAC|false|1649539171027|Moderate risk
18235|1578903847904|WIFI|false|1664158054167|Severe risk
43980465129276|1645838522203|POS|false|1646123225679|Critical risk
43980465129277|1646316301809|WIFI|false|1650932937257|Significant risk
30786325595966|1624439138007|QRCode|false|1647760747595|Minimal risk
8796093040447|1594820401104|RFID|false|1643585687570|Significant risk
30786325595968|1623751149750|IPv4|false|1637059458140|Critical risk
13194139551553|1600380763681|IPv6|false|1610680114050|Critical risk
17592186062658|1604913860812|NFC|false|1653916412535|High risk
30786325595971|1628820912734|POS|false|1657933050112|Significant risk
30786325595972|1627706606877|IPv6|false|1671120551728|Extreme risk
18245|1581403152525|ATM|false|1637329993981|Significant risk
26388279084870|1622535649387|QRCode|false|1635916317422|High risk
57174604662599|1666478936522|WIFI|false|1669448168929|Critical risk
39582418618184|1641331454681|ATM|false|1656801410935|Extreme risk
4398046529353|1589651652593|RFID|false|1671393521127|High risk
18250|1580078007243|IPv4|false|1662787862330|High risk
39582418618187|1639918607906|ATM|false|1652834299382|Significant risk
26388279084876|1618353862283|NFC|false|1655107805266|Moderate risk
39582418618189|1640213408569|IPv6|false|1643172342546|Severe risk
4398046529358|1587803243371|MAC|false|1601716421111|Severe risk
57174604662607|1666094790816|MAC|false|1671916967331|Low risk
52776558151504|1661997790231|IPv4|false|1664021418573|Significant risk
4398046529361|1588489614404|IPv4|false|1637598357310|Extreme risk
52776558151506|1662056584691|RFID|false|1662283419397|Very high risk
52776558151507|1660674509688|RFID|false|1661314777334|Significant risk
18260|1583683967351|MAC|false|1611495071616|Low risk
8796093040469|1592970217688|NFC|false|1639180589698|Moderate risk
26388279084886|1619404923390|ATM|false|1645210514265|Low risk
39582418618199|1637904905888|IPv4|false|1653636072557|Significant risk
18264|1582009593619|POS|false|1652120211306|Critical risk
43980465129305|1648822468099|ATM|false|1661850993396|Severe risk
21990232573786|1611023769339|WIFI|false|1662261476527|Critical risk
8796093040475|1594827456688|ATM|false|1646062901728|Very high risk
21990232573788|1613928276074|IPv4|false|1629229798930|Severe risk
35184372107101|1630617623437|RFID|false|1655029067634|Low risk
8796093040478|1592639626715|PHONE|false|1593927626206|Severe risk
13194139551583|1600175234262|MAC|false|1616484120935|Critical risk
52776558151520|1658702836645|ATM|false|1661626600780|Very high risk
52776558151521|1662080785399|QRCode|false|1672025752628|Moderate risk
8796093040482|1596072116492|WIFI|false|1617193937690|High risk
48378511640419|1651578100979|ATM|false|1668538676390|Significant risk
43980465129316|1645953244125|MAC|false|1650077170256|Very high risk
8796093040485|1593271757617|ATM|false|1616398191672|Moderate risk
43980465129318|1649018999299|RFID|false|1649972883417|Minimal risk
61572651173735|1669325768237|PHONE|false|1671886045937|High risk
4398046529384|1589185911588|IPv6|false|1653043751274|High risk
17592186062697|1604171830624|PHONE|false|1661510746379|Low risk
52776558151530|1659432380466|NFC|false|1662450372074|High risk
35184372107115|1630679576237|WIFI|false|1641374417979|Severe risk
61572651173740|1670628110285|NFC|false|1670968648123|Severe risk
35184372107117|1631462330174|POS|false|1668546612276|Very high risk
57174604662638|1668593209844|POS|false|1668787153677|Extreme risk
39582418618223|1641302442241|WIFI|false|1654199635535|Very high risk
13194139551600|1597528911473|POS|false|1663919987732|Severe risk
30786325596017|1625078184601|ATM|false|1632563514138|Significant risk
18290|1582803505868|POS|true|1597873994453|Extreme risk
8796093040499|1595098215807|WIFI|false|1638676729316|High risk
26388279084916|1619240765470|PHONE|false|1656822327044|Significant risk
18293|1579549929831|PHONE|false|1615299494783|Significant risk
43980465129334|1646896128172|RFID|false|1672000342976|Very high risk
13194139551607|1600421421695|NFC|false|1668159977710|Extreme risk
52776558151544|1658703054555|ATM|false|1671295215814|High risk
8796093040505|1594316105334|RFID|false|1596700455078|Significant risk
26388279084922|1622236743736|IPv6|false|1635078509149|Very high risk
18299|1583488989034|QRCode|false|1594482477993|Significant risk
52776558151548|1661733698724|WIFI|false|1667832367398|Very high risk
43980465129341|1647264646181|MAC|false|1655056115585|Extreme risk
17592186062718|1608249728451|PHONE|false|1615223144028|Very high risk
43980465129343|1645892085029|MAC|false|1660895990759|High risk
39582418618240|1639808511554|PHONE|false|1657589847440|Minimal risk
35184372107137|1631050370267|WIFI|false|1655694259941|Extreme risk
57174604662658|1666164956107|PHONE|false|1670178932304|Minimal risk
39582418618243|1636791200757|IPv4|false|1638329183660|Low risk
4398046529412|1589928700036|IPv6|false|1631023715477|Very high risk
52776558151557|1661404298991|QRCode|false|1667692372253|Significant risk
17592186062726|1604729262837|IPv4|false|1670083897898|Critical risk
8796093040519|1596036186043|PHONE|false|1620282272131|Severe risk
52776558151560|1659109779150|IPv4|false|1662226797137|Severe risk
57174604662665|1667643074722|NFC|false|1671851723396|Minimal risk
13194139551626|1603033808160|IPv4|false|1661830477397|Moderate risk
39582418618251|1637729896203|WIFI|false|1661000250808|Extreme risk
18316|1580969850983|ATM|false|1634590712923|Very high risk
17592186062733|1605679369233|RFID|false|1608754022097|Low risk
21990232573838|1616209079455|QRCode|false|1664579555584|Minimal risk
43980465129359|1648588705375|IPv4|false|1669155480019|High risk
17592186062736|1608293653334|POS|false|1667046992181|Significant risk
26388279084945|1622780275596|ATM|false|1638025103441|High risk
39582418618258|1636805972859|NFC|false|1662369866265|Significant risk
26388279084947|1622014923938|NFC|false|1661399422698|Minimal risk
39582418618260|1641084680941|WIFI|false|1663767675358|Low risk
4398046529429|1590339746494|ATM|false|1641709774783|Extreme risk
57174604662678|1664054568916|NFC|false|1671861972490|Critical risk
4398046529431|1590141086030|IPv6|false|1601931727339|Minimal risk
43980465129368|1647870543996|ATM|false|1667237448470|Significant risk
17592186062745|1606022816299|PHONE|false|1615365104392|Moderate risk
8796093040538|1596366233867|WIFI|false|1600363352883|Low risk
35184372107163|1633898328049|ATM|false|1661298270665|Severe risk
13194139551644|1598768203640|NFC|false|1628857222197|Low risk
4398046529437|1584863202129|IPv4|false|1586845920690|Very high risk
26388279084958|1622449790216|IPv6|false|1658818346798|Low risk
57174604662687|1663736355375|NFC|false|1671411080583|Severe risk
30786325596064|1626843007635|IPv4|false|1627688090137|Very high risk
13194139551649|1599301205785|WIFI|false|1633820943730|Minimal risk
26388279084962|1622832972834|NFC|false|1624743912754|Very high risk
39582418618275|1642840370694|POS|false|1670084593337|Extreme risk
43980465129380|1646280120963|PHONE|false|1658000704665|Extreme risk
43980465129381|1649436639987|POS|false|1658282925629|Significant risk
48378511640486|1655439821370|POS|false|1670802436912|Minimal risk
13194139551655|1598691225040|POS|true|1663996409391|Low risk
52776558151592|1662687002191|NFC|false|1668778515134|Significant risk
13194139551657|1599658450248|WIFI|false|1659227366410|Minimal risk
30786325596074|1623651979739|QRCode|false|1633950522529|Minimal risk
4398046529451|1588236096420|WIFI|false|1654415731958|Critical risk
48378511640492|1652825499611|WIFI|false|1658898540244|Significant risk
30786325596077|1625441298294|MAC|false|1655923965405|Moderate risk
18350|1579997363777|MAC|false|1607324153182|High risk
26388279084975|1621862704279|WIFI|false|1665261838104|Very high risk
8796093040560|1596033757085|IPv4|false|1659349391573|Extreme risk
26388279084977|1621413560452|NFC|false|1655875102630|Minimal risk
39582418618290|1640742029376|MAC|false|1650464752455|Moderate risk
39582418618291|1642827938673|NFC|false|1662010096040|Critical risk
57174604662708|1663016429404|IPv4|false|1665331538135|Critical risk
35184372107189|1636186527008|QRCode|true|1638153240844|Very high risk
43980465129398|1645650308471|IPv4|false|1662606540413|Low risk
26388279084983|1623003856858|WIFI|false|1671777222760|Minimal risk
13194139551672|1603444988596|PHONE|false|1655977891893|Significant risk
39582418618297|1642452808562|PHONE|false|1645286324669|Severe risk
21990232573882|1610553787335|POS|false|1638377962763|Very high risk
18363|1578076243933|POS|false|1609289286604|Moderate risk
52776558151612|1661943348360|MAC|false|1666471598624|Very high risk
43980465129405|1647895297991|QRCode|false|1656523652119|Significant risk
52776558151614|1657910931854|POS|false|1667627654390|Low risk
18367|1583218281457|IPv6|false|1629852630935|Critical risk
35184372107200|1635322120487|POS|false|1642744284852|Severe risk
13194139551681|1603029445438|QRCode|false|1636853280395|Minimal risk
57174604662722|1669020294925|POS|false|1670514617119|Significant risk
39582418618307|1642126049864|WIFI|false|1664585550115|Severe risk
43980465129412|1647384735586|ATM|false|1664917988489|Very high risk
18373|1584227719595|POS|true|1632186042058|Extreme risk
43980465129414|1646251449532|ATM|false|1654309152270|Significant risk
57174604662727|1664476357671|QRCode|false|1667102035374|Minimal risk
35184372107208|1630911826611|POS|false|1660904570497|Low risk
4398046529481|1589126192505|IPv6|false|1596883355321|High risk
26388279085002|1621302156185|QRCode|false|1622636553717|Extreme risk
17592186062795|1608323587970|QRCode|false|1621785358621|Extreme risk
48378511640524|1652941494498|ATM|false|1666099942918|Extreme risk
26388279085005|1617414460088|IPv6|false|1632678736503|Moderate risk
26388279085006|1619380220550|IPv6|false|1633096490396|Extreme risk
21990232573903|1612857186072|POS|false|1661028715193|Extreme risk
43980465129424|1645211811144|IPv4|false|1660970751990|Minimal risk
13194139551697|1598553176095|MAC|false|1661184449763|Significant risk
30786325596114|1628902532140|POS|false|1659380898295|Moderate risk
4398046529491|1588600833767|RFID|false|1648290853546|Significant risk
18388|1578944695671|NFC|false|1608690823869|Minimal risk
26388279085013|1619884783264|MAC|false|1628563779519|Moderate risk
57174604662742|1667328090422|IPv4|false|1667589583538|Extreme risk
21990232573911|1613908107462|NFC|false|1668226442664|Very high risk
21990232573912|1614420702952|PHONE|false|1615355410205|Significant risk
39582418618329|1637349240260|QRCode|true|1657507290100|Moderate risk
43980465129434|1645069425264|NFC|false|1645116553485|Low risk
13194139551707|1601111975643|WIFI|false|1609414481034|Extreme risk
52776558151644|1658602995469|PHONE|false|1662133136295|Critical risk
30786325596125|1624779499958|MAC|false|1656240471922|High risk
17592186062814|1610251198422|NFC|false|1647260598073|Minimal risk
43980465129439|1648689717794|IPv4|false|1651822769774|Significant risk
43980465129440|1646582373411|POS|false|1671469116150|Low risk
8796093040609|1592006499597|PHONE|false|1651387168376|Very high risk
13194139551714|1603713154359|MAC|false|1644477481347|Minimal risk
39582418618339|1639899340241|MAC|false|1642737835718|Significant risk
57174604662756|1664392025869|ATM|false|1667179623014|High risk
57174604662757|1663719921181|RFID|false|1666273029654|Significant risk
8796093040614|1595501311425|QRCode|true|1642091357324|High risk
35184372107239|1630939857520|ATM|false|1646705305831|Moderate risk
57174604662760|1664471777441|POS|false|1666182007707|Low risk
61572651173865|1672433278669|RFID|false|1672452649760|High risk
43980465129450|1644602951470|ATM|false|1665238325987|Low risk
48378511640555|1650679832127|IPv6|false|1658007013886|Severe risk
26388279085036|1623387272343|NFC|false|1642181967856|Extreme risk
43980465129453|1646543131396|QRCode|false|1655876792787|Moderate risk
52776558151662|1659190034442|POS|false|1666023879986|Minimal risk
13194139551727|1599242898218|PHONE|false|1646137000470|Severe risk
26388279085040|1618803026391|QRCode|false|1653290305445|Extreme risk
8796093040625|1592800894627|QRCode|false|1646118713170|Significant risk
4398046529522|1586585738040|QRCode|false|1637911137520|Low risk
13194139551731|1598071830530|QRCode|false|1618916833034|Severe risk
30786325596148|1625723506271|QRCode|false|1669464827743|Moderate risk
8796093040629|1592609862719|RFID|false|1625795736480|Low risk
17592186062838|1606450735470|MAC|false|1654332818914|Low risk
39582418618359|1640541807352|RFID|false|1657346455107|Very high risk
26388279085048|1619625966428|IPv6|false|1671781006492|Moderate risk
17592186062841|1605202200682|ATM|false|1662731248882|Severe risk
35184372107258|1630381399921|POS|false|1661489739244|Low risk
43980465129467|1643867205845|QRCode|false|1654448733362|Very high risk
43980465129468|1648341497924|IPv4|false|1662792185254|Minimal risk
13194139551741|1600020894921|WIFI|false|1606890484819|Severe risk
39582418618366|1641331752426|PHONE|false|1652397869529|Moderate risk
30786325596159|1623781700622|RFID|false|1669387219361|Very high risk
39582418618368|1641534405613|WIFI|false|1648574654791|Severe risk
21990232573953|1612032195723|WIFI|false|1639733094096|Minimal risk
48378511640578|1656156869937|IPv4|false|1667028172880|Critical risk
30786325596163|1627377181040|IPv4|false|1653970939060|Moderate risk
18436|1582301109656|ATM|false|1607184082008|Low risk
30786325596165|1625612248606|IPv4|false|1633257838194|High risk
43980465129478|1644179124714|QRCode|false|1666124609236|Significant risk
13194139551751|1603702380401|WIFI|false|1663607812682|Low risk
26388279085064|1618315435841|MAC|false|1656648220521|Extreme risk
21990232573961|1614060205729|QRCode|false|1644589501735|High risk
26388279085066|1618252508695|POS|false|1634741152136|Minimal risk
26388279085067|1619303122544|MAC|false|1668601634501|High risk
18444|1580919048078|MAC|false|1603242949647|Extreme risk
43980465129485|1645745104199|NFC|false|1668078185124|Severe risk
52776558151694|1658066385473|RFID|false|1666858578606|Low risk
13194139551759|1600499766182|MAC|false|1658079194998|Low risk
30786325596176|1630010207617|PHONE|false|1647102390207|Extreme risk
52776558151697|1661339097826|IPv6|false|1670427758778|Low risk
4398046529554|1585943069069|IPv4|false|1648622227736|Very high risk
48378511640595|1651175375170|NFC|false|1668386785032|Low risk
39582418618388|1638636009398|IPv6|false|1640469839760|Low risk
48378511640597|1655247120465|ATM|false|1667377679139|High risk
30786325596182|1624171297243|IPv6|false|1625807850339|Low risk
52776558151703|1662720897885|ATM|false|1665019202137|Moderate risk
30786325596184|1624946798909|QRCode|false|1626884516573|Low risk
18457|1581047484146|ATM|false|1598671877300|Significant risk
21990232573978|1612593980899|QRCode|false|1645144954437|Extreme risk
4398046529563|1586908829172|WIFI|false|1653103779287|Extreme risk
17592186062876|1606857076274|NFC|false|1645954701916|Critical risk
43980465129501|1648396273212|POS|false|1669369987478|Low risk
43980465129502|1649282636766|PHONE|false|1660873758318|Severe risk
30786325596191|1629320437012|QRCode|false|1646568712273|Minimal risk
52776558151712|1658089935352|NFC|false|1672352717477|Low risk
35184372107297|1632283968559|NFC|false|1640788702813|High risk
39582418618402|1639247219454|QRCode|false|1665568348067|Significant risk
48378511640611|1653225514946|PHONE|false|1671319293001|Very high risk
43980465129508|1645655706690|IPv6|false|1668360768305|Significant risk
48378511640613|1654817501299|RFID|false|1656532612710|High risk
48378511640614|1650239327904|ATM|false|1655011633466|Low risk
39582418618407|1640284947206|NFC|false|1644883441314|Extreme risk
52776558151720|1662143406571|RFID|false|1662844272234|Significant risk
57174604662825|1663118963121|MAC|false|1666329999182|Significant risk
52776558151722|1662344666703|IPv4|false|1664340284123|Minimal risk
21990232573995|1612619350867|ATM|false|1669564464204|Severe risk
26388279085100|1618794782385|NFC|true|1625324212186|Moderate risk
39582418618413|1642752861543|RFID|false|1644753614892|High risk
21990232573998|1611137829074|IPv4|false|1614121222052|Moderate risk
30786325596207|1628072867188|ATM|false|1649693132559|Extreme risk
4398046529584|1590708333776|WIFI|false|1652705364887|Severe risk
61572651173937|1671769560457|MAC|false|1672220624738|Significant risk
52776558151730|1661415297371|ATM|true|1663025991871|Extreme risk
17592186062899|1605014909427|ATM|false|1641351854459|Severe risk
52776558151732|1656273442521|IPv6|false|1670696216646|Critical risk
13194139551797|1599311493063|RFID|true|1605423258207|Severe risk
30786325596214|1629540453728|MAC|false|1658528618225|Severe risk
43980465129527|1644178861178|IPv4|false|1657074947416|Minimal risk
52776558151736|1660141138334|RFID|false|1665396786694|Significant risk
18489|1583938971282|QRCode|false|1623607830990|Significant risk
52776558151738|1658475631789|RFID|false|1669686804484|Very high risk
43980465129531|1647504132119|PHONE|true|1668812700338|Moderate risk
4398046529596|1586950780709|QRCode|false|1620976021823|High risk
43980465129533|1647507304643|RFID|false|1667369412927|Very high risk
21990232574014|1614451762036|POS|false|1619417366124|Low risk
4398046529599|1584500863289|RFID|false|1591635140029|Extreme risk
4398046529600|1588179141787|POS|false|1632533922541|Minimal risk
4398046529601|1585728421048|PHONE|false|1614590858996|Critical risk
39582418618434|1641705807988|MAC|false|1644751759088|Severe risk
35184372107331|1634632877266|RFID|false|1640740143663|Moderate risk
17592186062916|1607496720501|MAC|false|1656590183222|Significant risk
17592186062917|1610093853905|PHONE|false|1658062854221|Very high risk
52776558151750|1658836476185|QRCode|false|1670485350010|Severe risk
43980465129543|1646999298887|MAC|false|1665671959880|Minimal risk
35184372107336|1633545698515|RFID|false|1671131885266|Critical risk
30786325596233|1629065405732|RFID|false|1632109135127|Low risk
18506|1583109145387|POS|false|1643345955549|Low risk
26388279085131|1622105992444|PHONE|false|1655570800423|Moderate risk
48378511640652|1653485163674|RFID|false|1656545354494|Very high risk
35184372107341|1631850753749|WIFI|false|1632405378545|Severe risk
61572651173966|1671071668033|PHONE|false|1672109347897|Significant risk
52776558151759|1659202000112|POS|false|1661148222130|Severe risk
35184372107344|1635812330134|RFID|false|1635929072329|Very high risk
8796093040721|1591097809949|QRCode|false|1594050072483|Low risk
21990232574034|1614147910877|ATM|false|1663522861973|Severe risk
35184372107347|1632286847206|RFID|false|1649049173590|Very high risk
13194139551828|1602143717265|MAC|false|1631842680637|High risk
21990232574037|1613179081192|MAC|false|1657978427487|Low risk
26388279085142|1619537072258|QRCode|false|1640205288467|Minimal risk
13194139551831|1603335503492|QRCode|true|1661348636265|Minimal risk
57174604662872|1664632207284|IPv4|false|1668079629276|Very high risk
17592186062937|1604094588095|PHONE|false|1670208930012|Very high risk
8796093040730|1594771967439|NFC|false|1615439973619|Minimal risk
57174604662875|1663956770469|ATM|false|1669743269978|Moderate risk
26388279085148|1619115877448|WIFI|false|1619637976744|Minimal risk
4398046529629|1587479309249|IPv6|false|1593260635558|High risk
4398046529630|1590249867357|RFID|false|1649984748732|Significant risk
26388279085151|1618677839083|IPv4|false|1658958746655|Critical risk
52776558151776|1661302441535|QRCode|false|1671691439264|Extreme risk
26388279085153|1622595303934|PHONE|false|1653559474385|Very high risk
17592186062946|1607596250650|WIFI|false|1665344515440|Severe risk
57174604662883|1665529557218|QRCode|false|1666560976158|Very high risk
17592186062948|1606487609364|POS|false|1621150025043|Significant risk
13194139551845|1600071617953|MAC|false|1614246864406|Extreme risk
39582418618470|1638678995301|RFID|false|1655316449895|Significant risk
18535|1583595092714|RFID|false|1609534911484|Moderate risk
43980465129576|1645839898505|WIFI|false|1664135372820|Significant risk
4398046529641|1590890032885|IPv6|true|1653641096585|Low risk
26388279085162|1618352515828|IPv4|false|1634129695328|Critical risk
35184372107371|1633367276881|WIFI|false|1670230984116|Significant risk
57174604662892|1668530179130|RFID|false|1669531951534|Extreme risk
52776558151789|1658674563696|MAC|false|1667351168346|Low risk
30786325596270|1629936527624|MAC|false|1651789381342|Significant risk
35184372107375|1634424865594|PHONE|false|1642346610281|Minimal risk
30786325596272|1624374442182|NFC|false|1670032303233|Minimal risk
17592186062961|1609002316062|MAC|false|1621705399747|Extreme risk
13194139551858|1597635293419|POS|false|1639287906691|Critical risk
39582418618483|1641739750152|QRCode|false|1648418544830|Severe risk
48378511640692|1652814383497|NFC|false|1656818957344|Extreme risk
8796093040757|1591576315723|RFID|false|1613433007311|Low risk
57174604662902|1663994786128|IPv4|false|1672140770427|Significant risk
8796093040759|1593044920616|RFID|false|1659648681142|Significant risk
4398046529656|1586364303911|NFC|false|1661255149419|High risk
21990232574073|1613715899242|PHONE|false|1655460882468|Severe risk
26388279085178|1623441953907|MAC|false|1634864899005|Very high risk
35184372107387|1634643540021|QRCode|false|1665695243596|Minimal risk
35184372107388|1635800819958|POS|false|1649892453601|Critical risk
26388279085181|1620250434036|NFC|false|1636671087341|High risk
26388279085182|1622974709785|NFC|false|1666357746981|Low risk
48378511640703|1654581303632|IPv4|false|1667850400924|Minimal risk
30786325596288|1626034258521|PHONE|false|1663914434994|Minimal risk
30786325596289|1629969899966|QRCode|false|1641839912221|Very high risk
13194139551874|1602374748629|POS|false|1608651502109|Extreme risk
8796093040771|1590925180738|NFC|false|1624386234879|Critical risk
43980465129604|1647297361838|QRCode|false|1656795611085|Very high risk
35184372107397|1636009637733|POS|false|1657457611537|High risk
26388279085190|1620834171052|RFID|false|1643229022761|Minimal risk
8796093040775|1596886260782|ATM|false|1655509334423|Low risk
18568|1583250148314|IPv4|false|1600877346724|Extreme risk
4398046529673|1588343962044|MAC|false|1663815106910|Significant risk
8796093040778|1596767972202|MAC|false|1646889037589|Minimal risk
48378511640715|1656188558935|QRCode|false|1670277223205|High risk
13194139551884|1603291693162|PHONE|false|1654537048903|Extreme risk
43980465129613|1644601497846|IPv6|false|1659066162365|Significant risk
48378511640718|1655765732486|MAC|false|1661356991661|Extreme risk
57174604662927|1668142642277|IPv6|false|1668470188497|Extreme risk
21990232574096|1611299215538|ATM|false|1629046432558|Severe risk
26388279085201|1621916462555|IPv4|false|1659135500183|Significant risk
4398046529682|1590705705179|NFC|false|1658265864474|Very high risk
57174604662931|1669251106399|QRCode|false|1672357745610|Very high risk
4398046529684|1588090814915|IPv6|false|1618471057129|Low risk
17592186062997|1605075535434|QRCode|false|1606173560342|Significant risk
35184372107414|1630118971576|POS|false|1647124014950|Very high risk
17592186062999|1609322680545|NFC|false|1641554598821|Significant risk
13194139551896|1599026555127|WIFI|false|1649738239236|High risk
13194139551897|1601481269212|IPv6|false|1646734297946|Minimal risk
35184372107418|1634846066428|NFC|false|1668467808121|Critical risk
26388279085211|1617863950481|ATM|false|1649306838752|Critical risk
17592186063004|1608734623352|QRCode|true|1657086208631|Extreme risk
52776558151837|1659062430071|IPv6|false|1670695699154|Low risk
13194139551902|1600614425853|MAC|false|1627801101790|Significant risk
18591|1583371462074|ATM|false|1635153493733|Very high risk
52776558151840|1659699595597|POS|false|1664390297913|Extreme risk
30786325596321|1627308581629|RFID|false|1632393004798|Very high risk
30786325596322|1629142258546|MAC|false|1670462279315|Significant risk
43980465129635|1646558287996|WIFI|false|1649463962734|Minimal risk
18596|1578129076897|NFC|false|1664577169243|Minimal risk
8796093040805|1592308444200|MAC|false|1627626867004|Very high risk
61572651174054|1671817913737|MAC|false|1672044316067|Significant risk
17592186063015|1609884601331|IPv4|false|1663494477537|Minimal risk
52776558151848|1661398117776|IPv4|false|1666441771359|High risk
26388279085225|1620921705687|POS|false|1637314242528|High risk
35184372107434|1636029113912|POS|false|1653143182383|Significant risk
4398046529707|1588875499651|QRCode|false|1634135606593|Minimal risk
43980465129644|1644157216329|MAC|false|1655662425096|Moderate risk
21990232574125|1613591346589|POS|false|1665049728721|High risk
35184372107438|1632378282457|QRCode|false|1639628041006|Extreme risk
26388279085231|1619998357750|RFID|false|1638991704693|Extreme risk
4398046529712|1585176863510|NFC|false|1605742796783|Low risk
8796093040817|1593033713569|PHONE|false|1649315052860|Significant risk
48378511640754|1651735042341|POS|false|1658982795348|Low risk
30786325596339|1629716895562|QRCode|false|1650788285706|Critical risk
4398046529716|1585283973832|POS|false|1662409540592|Significant risk
35184372107445|1635708960837|ATM|false|1670237131657|Critical risk
8796093040822|1593538123693|RFID|false|1633512010510|Low risk
26388279085239|1618440992392|IPv4|false|1649059951643|Significant risk
4398046529720|1585395111057|MAC|false|1670522413534|Low risk
35184372107449|1630712649252|ATM|false|1644567557392|High risk
4398046529722|1586246466081|WIFI|false|1671191109222|Very high risk
48378511640763|1655363406778|WIFI|false|1662276418357|Severe risk
21990232574140|1615231440544|WIFI|false|1629498344346|High risk
57174604662973|1664485825702|IPv4|false|1666851278524|Extreme risk
13194139551934|1598796518867|POS|false|1618023450036|Minimal risk
48378511640767|1652756360802|QRCode|false|1669555863858|Low risk
8796093040832|1597225023445|RFID|false|1637791033129|Significant risk
26388279085249|1617461601695|NFC|false|1670613833239|Significant risk
52776558151874|1657959064968|PHONE|false|1658062358171|Severe risk
17592186063043|1607109099972|IPv4|false|1628969824533|Critical risk
52776558151876|1660088530298|NFC|false|1660193813327|Low risk
57174604662981|1664169043090|IPv4|false|1671602726510|Significant risk
17592186063046|1606274942722|POS|false|1621997854254|Significant risk
13194139551943|1597467733722|IPv6|false|1643128685812|High risk
8796093040840|1591051575430|NFC|false|1668603291708|Minimal risk
61572651174089|1670517538658|QRCode|false|1671636262316|Severe risk
35184372107466|1633530116786|POS|false|1662052400245|Very high risk
18635|1579738837963|POS|false|1599433012789|Significant risk
8796093040844|1592473285913|IPv4|false|1645632003176|High risk
52776558151885|1658618064684|MAC|false|1667080377858|Critical risk
52776558151886|1659206223106|IPv6|false|1667346514664|Minimal risk
39582418618575|1636872866902|IPv6|false|1650628062714|Critical risk
17592186063056|1608567850531|POS|false|1632474880479|Very high risk
48378511640785|1651903195881|MAC|true|1665607156598|High risk
30786325596370|1628367828131|ATM|false|1652168960052|Significant risk
52776558151891|1660781175247|IPv4|false|1666771034222|Extreme risk
21990232574164|1616735793246|QRCode|false|1625603425548|Critical risk
26388279085269|1620339478249|QRCode|false|1646886861505|Minimal risk
17592186063062|1610168027053|RFID|false|1642538493823|Severe risk
17592186063063|1607697489774|WIFI|false|1651459358807|Moderate risk
8796093040856|1591292908812|IPv4|false|1599705351814|High risk
39582418618585|1637132735019|POS|false|1668365551507|Significant risk
26388279085274|1619897585272|NFC|false|1655894815606|Very high risk
30786325596379|1624835576608|NFC|false|1655482974187|Minimal risk
43980465129692|1644085538765|WIFI|false|1663768448400|Moderate risk
61572651174109|1670035498715|ATM|false|1670568830379|Significant risk
4398046529758|1587549621149|IPv6|false|1653604028829|Severe risk
43980465129695|1647755856113|NFC|false|1654882333006|Extreme risk
17592186063072|1604079243019|IPv4|false|1643881516631|Severe risk
48378511640801|1650758258716|POS|false|1659794524611|Significant risk
18658|1584138567394|POS|false|1607062016440|High risk
52776558151907|1662585098088|WIFI|false|1668527202178|Critical risk
43980465129700|1645115954003|MAC|false|1657373762701|Moderate risk
26388279085285|1617898085053|NFC|false|1634492256074|Low risk
61572651174118|1670276555823|QRCode|false|1670488672043|High risk
13194139551975|1601637490467|IPv4|false|1632370900017|Critical risk
52776558151912|1659434570811|IPv4|false|1666630184762|Moderate risk
48378511640809|1653061082803|IPv4|false|1658864254831|Severe risk
35184372107498|1633049103216|ATM|false|1645440859145|Significant risk
48378511640811|1654697568301|RFID|false|1664720739457|Minimal risk
18668|1581874041193|MAC|false|1585585777557|Very high risk
43980465129709|1647691750654|POS|false|1667149388209|High risk
30786325596398|1627851620860|PHONE|false|1645664263922|Critical risk
18671|1582221622158|NFC|false|1663991360051|Extreme risk
13194139551984|1603183459011|WIFI|false|1658492207440|Critical risk
43980465129713|1649532478691|RFID|false|1671365137030|Significant risk
43980465129714|1648466978808|IPv6|false|1657042064957|Low risk
39582418618611|1637989645338|QRCode|false|1657885058063|Severe risk
30786325596404|1628573353611|POS|false|1660985001239|Moderate risk
21990232574197|1612399397390|WIFI|false|1669978817215|Extreme risk
17592186063094|1606443935154|IPv4|false|1615993326599|Significant risk
52776558151927|1659857599013|QRCode|false|1660035299363|Severe risk
39582418618616|1640362257774|RFID|false|1645918922735|Low risk
30786325596409|1629073366914|POS|false|1629717479919|High risk
39582418618618|1636643888176|QRCode|false|1663080979394|Minimal risk
4398046529787|1589570372447|WIFI|false|1628791105439|Severe risk
21990232574204|1614528667958|QRCode|false|1656942066249|Significant risk
39582418618621|1642071058718|QRCode|false|1651186405578|Severe risk
35184372107518|1635210880625|POS|false|1661406326492|Significant risk
17592186063103|1610249593090|IPv6|false|1620631401964|High risk
39582418618624|1641860063869|QRCode|false|1665629208600|Moderate risk
30786325596417|1628682479813|IPv4|false|1660060425491|Low risk
4398046529794|1588992246429|WIFI|false|1642553125247|Very high risk
21990232574211|1613880997141|POS|false|1650951210395|High risk
18692|1582090614540|ATM|false|1586764971116|Extreme risk
18693|1579997044600|RFID|false|1592903908170|Extreme risk
39582418618630|1638487204701|PHONE|true|1645410889670|Moderate risk
18695|1581063087020|ATM|false|1602616626338|Very high risk
52776558151944|1657240008622|RFID|false|1665151206592|Critical risk
18697|1583215277846|POS|false|1596794464049|Severe risk
43980465129738|1646918726764|IPv6|false|1664610829515|Moderate risk
48378511640843|1652638911488|WIFI|false|1658844401374|Very high risk
4398046529804|1588256192019|QRCode|false|1662851157478|Significant risk
21990232574221|1616415015236|RFID|false|1631169002289|Significant risk
18702|1579872348354|WIFI|false|1621972872532|Moderate risk
30786325596431|1625417853952|POS|false|1630561321922|Extreme risk
35184372107536|1632211969249|RFID|false|1651383024906|Significant risk
4398046529809|1589413535416|PHONE|false|1612137509753|Low risk
8796093040914|1593098779893|QRCode|false|1623325951226|Very high risk
52776558151955|1660560832390|POS|false|1667510548625|Low risk
43980465129748|1648442247273|ATM|false|1657349317001|Very high risk
4398046529813|1588525244625|WIFI|false|1650729481055|Minimal risk
61572651174166|1672003943159|MAC|false|1672411644120|Low risk
61572651174167|1672492913354|QRCode|false|1672495631709|Low risk
57174604663064|1667205398425|QRCode|false|1670942826961|Critical risk
30786325596441|1627274277149|NFC|false|1648502043285|Minimal risk
48378511640858|1650746456925|MAC|false|1669227440168|Critical risk
13194139552027|1603609119808|PHONE|false|1611649581300|Low risk
17592186063132|1608249845050|MAC|false|1618632620447|Very high risk
43980465129757|1647454010129|POS|false|1662024451133|Very high risk
52776558151966|1662534932246|QRCode|false|1671267238591|Severe risk
35184372107551|1635254577783|NFC|false|1668878370557|Critical risk
26388279085344|1620415779989|RFID|false|1642876451737|Critical risk
17592186063137|1604693985465|WIFI|true|1671764529590|Moderate risk
61572651174178|1671998637360|IPv4|false|1672377469944|Significant risk
17592186063139|1607122728456|IPv6|false|1633197029043|Extreme risk
17592186063140|1604970580438|ATM|false|1626784892451|Very high risk
26388279085349|1618897789525|MAC|false|1620738982151|Extreme risk
39582418618662|1639503869181|NFC|false|1644514919152|Critical risk
57174604663079|1663075491934|PHONE|false|1671103580884|Severe risk
30786325596456|1628509419029|RFID|false|1666032133916|Significant risk
57174604663081|1668053555449|PHONE|false|1670957362102|Critical risk
8796093040938|1596564741594|PHONE|false|1669372359719|Significant risk
52776558151979|1657923893051|QRCode|false|1658679598462|High risk
30786325596460|1626288399029|WIFI|false|1641770947190|Minimal risk
21990232574253|1616046558653|WIFI|false|1651472450391|Low risk
21990232574254|1614769444738|IPv4|false|1672171498595|Severe risk
30786325596463|1623742143082|QRCode|false|1665462276489|Extreme risk
39582418618672|1638152034042|ATM|false|1668206519323|Very high risk
17592186063153|1608750332648|QRCode|false|1642571371769|Low risk
35184372107570|1634829861335|POS|true|1639991334299|Significant risk
21990232574259|1613886858853|RFID|false|1635738588266|Minimal risk
35184372107572|1632830365823|NFC|false|1644062198664|Low risk
52776558151989|1657643725501|POS|false|1661585390435|Critical risk
26388279085366|1618490759585|ATM|false|1670590877428|Low risk
57174604663095|1669159573163|NFC|false|1671506151359|High risk
57174604663096|1663587489751|NFC|false|1668566736411|Low risk
30786325596473|1628355489374|IPv4|false|1656208193882|Minimal risk
13194139552058|1600216761220|PHONE|true|1623485028793|Significant risk
35184372107579|1635267737133|PHONE|false|1646488165945|Very high risk
48378511640892|1651616723059|IPv4|false|1662461554510|Very high risk
57174604663101|1666100943736|PHONE|false|1672398446570|Low risk
13194139552062|1599254066934|IPv6|false|1671774543542|Moderate risk
8796093040959|1596181961030|IPv4|false|1666186733872|Significant risk
57174604663104|1668334546020|MAC|false|1668918179275|Very high risk
35184372107585|1635251073004|NFC|false|1660104403916|Moderate risk
4398046529858|1585423508324|POS|false|1638179970130|Low risk
52776558152003|1660657800826|NFC|false|1664915254301|High risk
48378511640900|1649911706932|WIFI|false|1657726818417|Critical risk
35184372107589|1634454956324|PHONE|false|1640480860249|Critical risk
4398046529862|1584453038999|QRCode|false|1663987806617|Extreme risk
52776558152007|1661780208648|IPv6|false|1669465671848|Very high risk
13194139552072|1602547935365|IPv4|false|1661055855462|High risk
57174604663113|1666855415020|POS|false|1669678741444|Critical risk
48378511640906|1655495779316|WIFI|true|1657165241461|Very high risk
17592186063179|1604316917649|WIFI|false|1626305400243|Moderate risk
4398046529868|1590816654216|PHONE|false|1634402286952|Extreme risk
4398046529869|1585238348239|IPv4|false|1614318874405|Low risk
35184372107598|1632259298914|NFC|false|1670798949351|Moderate risk
57174604663119|1664378396236|IPv4|false|1665685149892|Significant risk
18768|1583097253660|PHONE|false|1657369965806|High risk
17592186063185|1604582395475|IPv6|false|1663292891840|Very high risk
57174604663122|1663364975850|RFID|false|1669520867606|Severe risk
17592186063187|1607957421119|ATM|false|1650314530785|Low risk
26388279085396|1622148468059|MAC|false|1657818671623|Extreme risk
35184372107605|1630870507405|POS|false|1666810723165|Very high risk
13194139552086|1603665493850|MAC|false|1615725147155|Severe risk
52776558152023|1660778235197|IPv4|false|1665514684702|Significant risk
52776558152024|1658924385707|IPv4|false|1660790714299|Moderate risk
8796093040985|1591963274917|ATM|false|1624979354598|Extreme risk
48378511640922|1654296036760|WIFI|false|1671521500818|Significant risk
17592186063195|1609027908991|NFC|false|1670273249017|Very high risk
21990232574300|1616264966192|IPv6|false|1668021922743|Severe risk
21990232574301|1616599097564|IPv4|false|1621673987282|Moderate risk
52776558152030|1659006416410|MAC|false|1667800170351|Moderate risk
48378511640927|1651322598639|ATM|false|1667375959910|Low risk
61572651174240|1669552150982|NFC|false|1670337657525|Extreme risk
48378511640929|1654506990576|POS|false|1657836861873|Significant risk
43980465129826|1644863240234|QRCode|false|1651418548170|Critical risk
8796093040995|1594496887195|MAC|false|1672105014787|Significant risk
61572651174244|1669532198457|QRCode|false|1672356384964|Low risk
48378511640933|1649889533028|NFC|false|1668268506163|Significant risk
52776558152038|1660899677540|POS|false|1662700994395|Moderate risk
52776558152039|1661482044934|PHONE|false|1670409606718|Minimal risk
35184372107624|1633596067949|POS|false|1666472936686|Extreme risk
13194139552105|1600297197068|IPv6|false|1606984250747|High risk
57174604663146|1669022720534|ATM|false|1670735410210|Significant risk
52776558152043|1660144143852|PHONE|false|1671899193804|Significant risk
8796093041004|1595415240686|RFID|false|1602766771231|High risk
30786325596525|1624223987953|MAC|false|1630299887316|Significant risk
57174604663150|1666385823247|MAC|false|1670547981202|Low risk
4398046529903|1588445020471|IPv6|false|1667471515064|Extreme risk
21990232574320|1612694345518|POS|true|1652975318888|Minimal risk
39582418618737|1641137181624|IPv6|false|1672113235231|Low risk
4398046529906|1587107971976|PHONE|false|1619286398132|Significant risk
4398046529907|1587207759449|RFID|false|1598702960925|High risk
35184372107636|1635401152527|ATM|false|1659868306505|Critical risk
52776558152053|1656720988456|RFID|false|1656959145272|Critical risk
39582418618742|1642862213152|RFID|false|1664970368813|Severe risk
30786325596535|1625382056338|WIFI|false|1668846982458|Critical risk
30786325596536|1629749600752|POS|false|1664425482692|Very high risk
39582418618745|1640978540422|ATM|false|1652734283822|Very high risk
13194139552122|1597664254150|IPv6|false|1607188385213|Critical risk
52776558152059|1660490661032|RFID|false|1663073014540|Moderate risk
21990232574332|1616833226710|WIFI|false|1625509646289|High risk
8796093041021|1594884335028|IPv4|false|1612270358736|Extreme risk
8796093041022|1596299318610|NFC|false|1645963348513|Significant risk
39582418618751|1637673442972|IPv6|false|1653503526633|Significant risk
18816|1581188592364|IPv4|false|1644321092988|Critical risk
52776558152065|1656763110048|RFID|false|1671324793959|High risk
61572651174274|1669573790131|IPv6|false|1671778107550|Minimal risk
43980465129859|1646289794767|IPv6|true|1661536657479|High risk
4398046529924|1586767595479|RFID|false|1593146365847|Extreme risk
48378511640965|1653934025447|WIFI|false|1659035698460|High risk
26388279085446|1619402602875|RFID|false|1669619714703|High risk
18823|1582145093986|PHONE|false|1655682937828|Severe risk
18824|1580091883906|IPv4|false|1617765519005|Severe risk
35184372107657|1631066863957|POS|false|1642113787367|Minimal risk
39582418618762|1639290072397|QRCode|false|1661485778904|Minimal risk
8796093041035|1595487057866|NFC|false|1643567990378|Critical risk
61572651174284|1671750519573|IPv4|false|1672392191851|Moderate risk
30786325596557|1629819898119|PHONE|false|1659681763972|High risk
18830|1580445431861|NFC|false|1654123029662|Extreme risk
18831|1580338099445|QRCode|false|1672187290505|Significant risk
18832|1580914132551|NFC|false|1635465299935|Severe risk
26388279085457|1623300867243|PHONE|false|1659998610044|Significant risk
52776558152082|1658396366060|QRCode|false|1659322339981|Moderate risk
30786325596563|1626901042368|QRCode|false|1668373764238|Significant risk
4398046529940|1588531440293|IPv6|false|1669249318955|Minimal risk
43980465129877|1648967475217|NFC|false|1668404789217|Severe risk
26388279085462|1617588132133|NFC|false|1624470506038|Extreme risk
17592186063255|1606232656513|PHONE|false|1672521697482|Significant risk
26388279085464|1622243692667|WIFI|false|1652259110849|Moderate risk
26388279085465|1622537991840|ATM|false|1628506849583|High risk
52776558152090|1658738703674|PHONE|false|1662739503136|Severe risk
52776558152091|1657448335301|ATM|false|1665540273687|Minimal risk
18844|1580122119322|POS|false|1582901030734|Extreme risk
57174604663197|1663120726265|IPv6|true|1669576736041|Severe risk
8796093041054|1596951100397|IPv6|false|1637030262140|Severe risk
30786325596575|1624770299602|RFID|false|1631520431362|Critical risk
4398046529952|1585669450561|WIFI|false|1657494619996|Minimal risk
26388279085473|1618512498858|WIFI|false|1640181515844|Severe risk
48378511640994|1650972476051|WIFI|false|1655254158670|Moderate risk
8796093041059|1595864642520|IPv6|false|1611566863302|Severe risk
48378511640996|1651176944742|ATM|false|1661862725923|Significant risk
48378511640997|1656040036473|IPv6|true|1670937501100|Low risk
13194139552166|1598853869142|WIFI|false|1636323595443|Extreme risk
26388279085479|1620775901745|NFC|false|1649449846907|Severe risk
57174604663208|1665161973230|IPv6|false|1668987458199|Low risk
4398046529961|1589374768313|MAC|true|1613909642198|Minimal risk
57174604663210|1665814546499|NFC|false|1668154493873|Extreme risk
8796093041067|1593465651839|POS|false|1651997556660|Critical risk
4398046529964|1587312706025|ATM|false|1644169437823|Severe risk
21990232574381|1616960888464|QRCode|false|1650723054716|Low risk
39582418618798|1637835209417|RFID|false|1653516524718|Minimal risk
43980465129903|1644415362951|IPv4|false|1651690878675|Moderate risk
39582418618800|1640134500896|QRCode|false|1649095611097|Significant risk
52776558152113|1656623511873|IPv6|false|1671578579473|Minimal risk
8796093041074|1591382320250|ATM|false|1615537529747|Significant risk
4398046529971|1590323530246|NFC|false|1600163354688|Moderate risk
21990232574388|1615216545370|RFID|false|1645503456050|Minimal risk
4398046529973|1590419557941|POS|false|1651260685394|Low risk
8796093041078|1591880580336|QRCode|false|1620924306884|Very high risk
43980465129911|1644220904537|ATM|false|1657061085214|Low risk
21990232574392|1614354033020|WIFI|false|1620366011246|Critical risk
39582418618809|1639672922779|IPv4|false|1669757113537|Severe risk
52776558152122|1657146956447|ATM|false|1664865501109|Extreme risk
8796093041083|1596879765893|POS|false|1615893080079|High risk
8796093041084|1595481997346|WIFI|false|1668744907460|Low risk
52776558152125|1662253715706|WIFI|false|1665530418950|Moderate risk
18878|1582401650742|RFID|false|1614637363203|Critical risk
39582418618815|1639944623834|PHONE|false|1669805190178|Significant risk
13194139552192|1603660066487|NFC|false|1661670301345|Critical risk
35184372107713|1633545900684|QRCode|false|1661459086341|Severe risk
8796093041090|1592563752365|WIFI|false|1635911490164|Critical risk
26388279085507|1617939830608|WIFI|false|1619878115374|Severe risk
4398046529988|1587895369872|MAC|false|1644943460230|Very high risk
61572651174341|1670565037265|PHONE|false|1671513791952|Low risk
48378511641030|1649770129940|QRCode|false|1658479491854|Very high risk
18887|1580147448696|WIFI|false|1641629882218|Severe risk
39582418618824|1640370034947|IPv4|false|1646670211150|High risk
52776558152137|1658470831666|IPv6|false|1660622078253|Moderate risk
30786325596618|1625614025843|QRCode|false|1657395994982|Very high risk
57174604663243|1664779195470|MAC|false|1668450441101|Extreme risk
35184372107724|1633765232835|QRCode|false|1670729942351|Extreme risk
4398046529997|1590437334332|QRCode|false|1625459590213|Very high risk
18894|1581464284465|QRCode|false|1641518964838|Severe risk
18895|1578825773736|IPv4|false|1604349289731|Low risk
30786325596624|1623869787563|RFID|false|1660583289719|Minimal risk
18897|1578748239288|RFID|false|1615379832214|Extreme risk
13194139552210|1597475216601|MAC|false|1669104550848|Low risk
52776558152147|1661902960398|RFID|false|1670886124690|Severe risk
48378511641044|1653782052556|MAC|false|1670539180656|Very high risk
61572651174357|1670989288989|RFID|true|1671808874470|Moderate risk
18902|1584171181293|NFC|false|1656582630310|High risk
39582418618839|1639246885979|MAC|false|1654908112044|Critical risk
8796093041112|1590976986464|ATM|false|1648778925334|Severe risk
52776558152153|1659677577791|NFC|false|1667018440215|Moderate risk
8796093041114|1595289456951|PHONE|false|1623585939954|Extreme risk
43980465129947|1646841453569|RFID|false|1652577159488|Extreme risk
30786325596636|1626013523575|WIFI|false|1661897217823|Critical risk
21990232574429|1616403302695|WIFI|false|1632377480331|Low risk
18910|1579334988611|RFID|false|1652301248827|High risk
17592186063327|1606642673832|WIFI|false|1669650104610|Very high risk
4398046530016|1588228516722|NFC|false|1602726191052|Severe risk
13194139552225|1598259307994|WIFI|false|1615995665649|High risk
52776558152162|1657621772781|PHONE|false|1669534764124|Severe risk
43980465129955|1643399222813|POS|false|1668045607764|High risk
57174604663268|1664148256443|NFC|false|1671694563649|Minimal risk
30786325596645|1629938348670|ATM|true|1664889354959|Extreme risk
52776558152166|1660035216187|PHONE|false|1669590613703|Significant risk
39582418618855|1641612722127|IPv4|false|1657842498212|High risk
18920|1582943839657|QRCode|false|1608691128730|Extreme risk
57174604663273|1663419316384|NFC|false|1663585119575|Moderate risk
35184372107754|1634565351913|ATM|false|1663051915813|High risk
48378511641067|1654087009377|WIFI|false|1656228981301|Minimal risk
39582418618860|1639774138423|POS|false|1667216393760|Minimal risk
30786325596653|1629694747611|IPv6|false|1636738575541|Minimal risk
35184372107758|1630726817271|RFID|false|1631485261669|Moderate risk
35184372107759|1635873489275|NFC|true|1670233088186|High risk
4398046530032|1589506551518|MAC|false|1634936820098|Low risk
48378511641073|1650846801761|IPv6|false|1656357389324|Significant risk
43980465129970|1645264232949|QRCode|false|1646995232343|Critical risk
18931|1578278915600|WIFI|false|1601450985820|High risk
30786325596660|1625956087150|IPv4|false|1671844707428|Critical risk
8796093041141|1597180347490|PHONE|false|1635455992500|Moderate risk
43980465129974|1646906824914|IPv4|true|1651512649607|Severe risk
21990232574455|1614051082656|RFID|false|1623475187762|Severe risk
39582418618872|1642813679082|ATM|false|1672478111380|Minimal risk
26388279085561|1619623132956|ATM|false|1649809907667|Extreme risk
21990232574458|1610714883474|IPv6|false|1620696318003|Severe risk
43980465129979|1643865936467|IPv6|false|1667318245157|Minimal risk
26388279085564|1622219452786|QRCode|false|1666540269426|Minimal risk
8796093041149|1592764408358|NFC|false|1600943774330|Severe risk
39582418618878|1639503449561|PHONE|false|1650324727986|Significant risk
4398046530047|1590501502202|QRCode|false|1662830646030|Low risk
48378511641088|1653293384776|IPv6|false|1658308545006|Very high risk
18945|1583495940601|IPv4|false|1632924322178|High risk
18946|1582991381911|MAC|false|1629628735849|Critical risk
8796093041155|1596490518065|PHONE|false|1656039635460|Severe risk
13194139552260|1601467814821|POS|false|1653896336485|High risk
17592186063365|1605583908879|IPv6|true|1645742244792|Significant risk
4398046530054|1588399519971|MAC|false|1598320690282|Critical risk
43980465129991|1646481490171|MAC|false|1657592895287|Severe risk
18952|1580343014988|MAC|false|1629704085958|High risk
21990232574473|1614574405020|IPv6|false|1616126542541|Critical risk
4398046530058|1585491686702|IPv6|false|1618010162227|Very high risk
43980465129995|1648840450106|POS|false|1664461961238|Minimal risk
26388279085580|1617315833994|POS|false|1618791901873|Moderate risk
26388279085581|1618529360701|MAC|false|1668360006537|Low risk
17592186063374|1608260561180|MAC|false|1647563404391|Moderate risk
8796093041167|1596250646471|IPv6|false|1634251416858|Very high risk
30786325596688|1627157746540|ATM|false|1628312205274|Minimal risk
57174604663313|1662923975724|IPv6|false|1668618335244|Very high risk
8796093041170|1596364116315|IPv6|false|1663006901282|Minimal risk
4398046530067|1587546001432|IPv6|false|1669117350790|High risk
39582418618900|1639297092084|NFC|false|1644472070813|Significant risk
30786325596693|1629750028344|RFID|false|1672457783787|Extreme risk
8796093041174|1591066640230|ATM|false|1644437158490|High risk
26388279085591|1622941542608|RFID|false|1640809523923|Significant risk
21990232574488|1615427379801|IPv4|false|1640988931472|High risk
48378511641113|1650239668345|RFID|false|1660334769492|Critical risk
57174604663322|1668085928659|IPv6|false|1669089273727|Extreme risk
48378511641115|1655672173891|IPv4|false|1657548593193|Very high risk
52776558152220|1659329997669|IPv4|false|1666530631651|Critical risk
4398046530077|1585180863987|RFID|false|1666829546205|Very high risk
8796093041182|1593836654328|QRCode|true|1666982197139|Severe risk
8796093041183|1595626523940|NFC|true|1624171537545|Severe risk
52776558152224|1657578742582|PHONE|false|1665960153667|Low risk
52776558152225|1661895413275|POS|false|1668892147936|Very high risk
35184372107810|1631673076148|QRCode|false|1651580535364|Very high risk
48378511641123|1655697220898|POS|false|1662226828554|Significant risk
8796093041188|1594860067344|PHONE|false|1645576757584|Critical risk
18981|1579044658373|MAC|false|1623448934312|Severe risk
30786325596710|1626958557593|WIFI|false|1628238890353|Moderate risk
35184372107815|1632097880414|MAC|false|1632455204726|Significant risk
30786325596712|1627889217307|ATM|false|1667338548292|Extreme risk
21990232574505|1611868572954|WIFI|false|1628734421971|Very high risk
52776558152234|1656867494845|WIFI|false|1658079779733|Very high risk
48378511641131|1654233272924|NFC|false|1665707948695|Extreme risk
18988|1579408879526|RFID|false|1648629353825|Minimal risk
52776558152237|1661318092503|IPv4|false|1670378979280|Very high risk
17592186063406|1605489442677|ATM|false|1617554961963|Very high risk
57174604663343|1666137331192|RFID|false|1671145334663|Extreme risk
13194139552304|1597496100064|RFID|false|1600082472344|Severe risk
18993|1577905914042|ATM|false|1595936207788|Significant risk
43980465130034|1649017762302|RFID|false|1653385972112|High risk
35184372107827|1632977018322|ATM|false|1662592148509|Minimal risk
43980465130036|1645128808225|QRCode|false|1657750060989|Extreme risk
52776558152245|1656462403354|MAC|false|1657601450935|Low risk
4398046530102|1586602179772|IPv6|false|1627798048808|Significant risk
4398046530103|1589500263126|POS|false|1645896640888|High risk
35184372107832|1634224075090|POS|false|1647950591015|Low risk
52776558152249|1660610947894|IPv4|false|1665871945429|Significant risk
48378511641146|1653596271934|NFC|false|1664889171632|Extreme risk
26388279085627|1620605514908|WIFI|false|1638551791933|Extreme risk
30786325596732|1624829809218|ATM|false|1648614473546|Minimal risk
21990232574525|1610781771556|MAC|false|1618334672530|Significant risk
4398046530110|1587779283424|QRCode|false|1650179078213|Minimal risk
57174604663359|1668625887551|PHONE|false|1668723634955|Moderate risk
57174604663360|1664492313998|IPv4|false|1670746010106|High risk
57174604663361|1664222116415|MAC|false|1667456678149|Critical risk
19010|1580499186071|ATM|false|1640901083394|Minimal risk
8796093041219|1591340224967|PHONE|false|1661671031417|Minimal risk
48378511641156|1651146213281|RFID|false|1670876365931|Minimal risk
21990232574533|1615558099821|NFC|false|1639573789410|Extreme risk
30786325596742|1629749954125|RFID|false|1643003558715|High risk
35184372107847|1634036350405|ATM|false|1669881630921|Extreme risk
43980465130056|1644764303776|ATM|true|1645798171245|Low risk
19017|1583385762798|QRCode|false|1591338722766|Minimal risk
21990232574538|1614169920463|QRCode|false|1636240232374|Extreme risk
61572651174475|1670603210474|IPv4|false|1670908373822|Extreme risk
57174604663372|1665602564333|QRCode|true|1672130408418|Very high risk
61572651174477|1670672523220|NFC|false|1670844840580|Very high risk
35184372107854|1630201341804|IPv6|false|1653046512580|Very high risk
13194139552335|1598781553798|IPv4|false|1649945930509|Severe risk
48378511641168|1650816285332|MAC|false|1667453041940|Moderate risk
35184372107857|1631235736726|IPv4|false|1656893640481|Critical risk
57174604663378|1669039583560|PHONE|false|1672235427410|High risk
13194139552339|1602058148057|PHONE|true|1629750542871|Moderate risk
8796093041236|1593620840922|WIFI|false|1608330183320|Significant risk
21990232574549|1614236708114|WIFI|false|1643858522662|Minimal risk
48378511641174|1650218380324|MAC|false|1664435815701|Low risk
39582418618967|1641435160021|POS|false|1666533116362|Very high risk
21990232574552|1611468239786|NFC|false|1614007333531|Low risk
17592186063449|1609403586934|NFC|false|1629824521705|Moderate risk
4398046530138|1587755560764|RFID|false|1663828495331|Moderate risk
19035|1578917672961|POS|false|1638783524358|Moderate risk
8796093041244|1592519351833|ATM|false|1655126343506|Low risk
39582418618973|1640902688578|NFC|false|1671634882843|Moderate risk
13194139552350|1598664049263|POS|false|1609730772847|Critical risk
43980465130079|1647540860633|MAC|false|1659538182891|Moderate risk
57174604663392|1668122065480|ATM|false|1669756624567|Low risk
26388279085665|1622227990009|ATM|false|1628960019491|High risk
30786325596770|1625371654959|RFID|false|1642581788089|Severe risk
39582418618979|1641963382796|QRCode|false|1660593725246|Significant risk
21990232574564|1613838412490|WIFI|false|1660058999704|Significant risk
4398046530149|1587833489376|WIFI|false|1616172108881|Very high risk
17592186063462|1606662409976|IPv6|false|1630572625789|High risk
17592186063463|1606665661331|QRCode|false|1659397854732|Moderate risk
17592186063464|1608376508997|RFID|false|1625839303352|Severe risk
21990232574569|1615774556334|NFC|false|1644181680517|Critical risk
48378511641194|1650014154477|NFC|false|1656576664477|Moderate risk
17592186063467|1605118353203|NFC|false|1628054768999|Significant risk
30786325596780|1628278271059|POS|false|1662592745366|Minimal risk
39582418618989|1641627277979|NFC|false|1660975577957|Very high risk
52776558152302|1656577054578|NFC|false|1660592169445|High risk
39582418618991|1638946430670|PHONE|false|1670619690658|Extreme risk
35184372107888|1633437898124|MAC|false|1667881277125|Extreme risk
13194139552369|1601893096615|IPv6|false|1641852805938|Severe risk
4398046530162|1586070888484|WIFI|false|1666511709706|Minimal risk
13194139552371|1599197706781|QRCode|false|1660598868676|High risk
21990232574580|1612542842429|QRCode|false|1650277592685|High risk
48378511641205|1650886108076|IPv6|false|1651536111677|Critical risk
35184372107894|1630300150829|POS|true|1666000985522|Critical risk
21990232574583|1616856038655|PHONE|false|1620365970040|Very high risk
30786325596792|1629221811094|QRCode|true|1640188378928|Significant risk
17592186063481|1610381032766|RFID|false|1646480732160|Significant risk
61572651174522|1672459180969|POS|false|1672493494879|Moderate risk
43980465130107|1643637105052|QRCode|false|1670939609162|Critical risk
48378511641212|1652083478773|PHONE|false|1669225404389|Critical risk
48378511641213|1650374797791|RFID|false|1667888306510|Critical risk
39582418619006|1639619082745|NFC|false|1643568221700|Low risk
8796093041279|1597310598882|NFC|false|1655505192384|Low risk
30786325596800|1626989564638|IPv4|false|1640435732323|Critical risk
57174604663425|1667022495134|WIFI|false|1671210414263|Critical risk
17592186063490|1605674199316|QRCode|false|1657743022069|Extreme risk
21990232574595|1615199082946|RFID|false|1670509459467|High risk
4398046530180|1590466749667|ATM|false|1660686309593|Significant risk
4398046530181|1586363401514|MAC|false|1661969561827|Critical risk
19078|1578157480516|NFC|false|1651716004978|Low risk
48378511641223|1651469663337|QRCode|true|1658812398195|Extreme risk
26388279085704|1617705822008|IPv4|false|1644858337039|Significant risk
43980465130121|1645474160912|WIFI|false|1646281783336|Moderate risk
39582418619018|1638157617802|POS|false|1641405685337|Very high risk
4398046530187|1585914720262|ATM|true|1654479052320|Severe risk
57174604663436|1668346062589|WIFI|false|1669638154244|Low risk
57174604663437|1665418795285|IPv6|false|1668944385740|Critical risk
17592186063502|1604198482582|RFID|false|1641137437356|Very high risk
8796093041295|1597142944924|POS|false|1600615647738|Very high risk
48378511641232|1654114829606|RFID|false|1670331692725|Significant risk
26388279085713|1622197759513|MAC|false|1641253998742|Critical risk
30786325596818|1624120056021|IPv6|false|1629960354276|Severe risk
19091|1579247747731|WIFI|false|1633946616810|Very high risk
39582418619028|1641525880562|NFC|false|1645309353327|Very high risk
43980465130133|1647669279092|IPv4|false|1666757695372|Minimal risk
8796093041302|1594290143720|WIFI|false|1655682167304|Very high risk
35184372107927|1635862578028|NFC|false|1643109856765|High risk
4398046530200|1588401574222|QRCode|false|1662280540025|Very high risk
4398046530201|1588119139955|QRCode|false|1653028664282|Minimal risk
17592186063514|1604176430214|PHONE|false|1658416401099|Severe risk
21990232574619|1616335385647|PHONE|false|1630686503060|Moderate risk
57174604663452|1667639203728|QRCode|false|1671785507439|Critical risk
8796093041309|1595793287078|ATM|false|1609132541407|Moderate risk
17592186063518|1608371293389|RFID|false|1652548835140|Very high risk
17592186063519|1606049714037|IPv6|false|1669732489608|Extreme risk
21990232574624|1616171371615|RFID|false|1616364256351|Extreme risk
57174604663457|1667032999912|IPv6|false|1671508486138|Critical risk
19106|1578079703622|MAC|false|1634063352195|Severe risk
26388279085731|1622112221881|QRCode|false|1634995944044|Very high risk
43980465130148|1646024621531|NFC|false|1666056742857|Very high risk
8796093041317|1595853705506|IPv6|false|1640337521701|High risk
39582418619046|1643053756048|NFC|false|1648922978250|Extreme risk
17592186063527|1606180861445|NFC|false|1663106166118|Extreme risk
13194139552424|1601545360809|MAC|false|1640816501200|High risk
43980465130153|1647085972217|RFID|false|1664333549602|Minimal risk
39582418619050|1642204935018|POS|false|1652485579261|Low risk
39582418619051|1637046629351|PHONE|false|1654620015814|Critical risk
4398046530220|1590115648163|ATM|false|1630247959293|Minimal risk
4398046530221|1588160102881|QRCode|false|1667331119493|Significant risk
30786325596846|1624813594679|POS|false|1646943622511|Very high risk
48378511641263|1652035538525|ATM|false|1663476856423|Severe risk
35184372107952|1632479840952|RFID|false|1661673017497|Minimal risk
4398046530225|1590870780447|NFC|false|1664909521303|Minimal risk
17592186063538|1608832309433|IPv6|false|1654924424354|Significant risk
57174604663475|1667560007888|IPv6|false|1669301016377|Moderate risk
52776558152372|1658163820419|RFID|false|1662688546717|Very high risk
26388279085749|1617765181241|POS|false|1671845670581|Extreme risk
61572651174582|1671573720962|WIFI|true|1672129951713|Extreme risk
48378511641271|1654167502516|POS|false|1662336788176|Critical risk
39582418619064|1639065322978|POS|false|1668013811607|Moderate risk
26388279085753|1620256140319|NFC|false|1627951327210|High risk
21990232574650|1615311496088|IPv6|false|1618618352481|Minimal risk
57174604663483|1668205573871|QRCode|false|1668482224644|Critical risk
30786325596860|1628123476978|NFC|false|1642443195973|Low risk
17592186063549|1606848118450|ATM|false|1642352861378|Low risk
35184372107966|1633195358035|QRCode|false|1664001953108|Low risk
17592186063551|1604999463348|PHONE|false|1670103962753|Moderate risk
30786325596864|1624316398352|RFID|false|1657573861936|Very high risk
43980465130177|1647193934782|RFID|false|1671510362606|Minimal risk
52776558152386|1656475978737|POS|false|1672221851350|Low risk
17592186063555|1604190584661|RFID|false|1607761669734|Extreme risk
21990232574660|1614782104605|RFID|false|1617108064253|High risk
57174604663493|1668799140847|IPv4|false|1669501694221|Severe risk
8796093041350|1596512626611|NFC|false|1628187821702|Minimal risk
17592186063559|1604531586057|MAC|false|1661597279921|Severe risk
26388279085768|1618582745834|PHONE|false|1661344777211|High risk
48378511641289|1656029952910|MAC|false|1659042861917|Low risk
8796093041354|1595736899916|IPv4|false|1604475573863|Critical risk
52776558152395|1661193883840|IPv6|false|1671187000715|Critical risk
4398046530252|1589645766759|RFID|false|1618652941416|Moderate risk
39582418619085|1640133193964|RFID|false|1656374653188|Severe risk
48378511641294|1655219810251|PHONE|true|1660936183991|Moderate risk
52776558152399|1661410875110|IPv6|false|1667694690046|Significant risk
30786325596880|1628717948185|ATM|false|1660489782061|Low risk
48378511641297|1651407671809|ATM|false|1663143806212|Extreme risk
30786325596882|1624154693221|RFID|false|1667687551042|Minimal risk
48378511641299|1651465907184|POS|false|1671261351269|Moderate risk
43980465130196|1643705093745|PHONE|false|1663929879278|Extreme risk
48378511641301|1654949428783|MAC|false|1656070362613|Moderate risk
35184372107990|1635954348662|WIFI|false|1655587408132|Very high risk
17592186063575|1608559752550|QRCode|false|1661255098288|Moderate risk
8796093041368|1592733244702|IPv4|false|1625502110025|Significant risk
39582418619097|1640555421753|QRCode|false|1658419925771|Critical risk
43980465130202|1645350030295|IPv4|false|1648498560899|Very high risk
30786325596891|1624398206451|PHONE|false|1627829982443|Significant risk
39582418619100|1642576963317|RFID|false|1670943154306|Significant risk
35184372107997|1633162007254|IPv6|false|1669345355414|Extreme risk
4398046530270|1590286683090|IPv4|false|1611779080325|Very high risk
8796093041375|1590930116812|WIFI|false|1649412266039|Severe risk
52776558152416|1658420096438|WIFI|false|1669547504715|Moderate risk
57174604663521|1663643190451|IPv4|false|1669629465861|Low risk
8796093041378|1591481941835|WIFI|false|1656025496197|Moderate risk
39582418619107|1641564011870|POS|false|1663014081470|Low risk
13194139552484|1598633727583|POS|false|1623688031534|Severe risk
43980465130213|1649260497255|NFC|false|1655342291138|Severe risk
21990232574694|1613336061249|MAC|false|1657018472515|Extreme risk
26388279085799|1618040383566|IPv6|false|1670229533312|High risk
21990232574696|1612988672359|IPv6|false|1664751276335|Moderate risk
30786325596905|1625485810202|ATM|true|1650168933098|Significant risk
57174604663530|1668973861169|WIFI|false|1670957130848|Low risk
35184372108011|1635431334857|MAC|false|1641394334132|Critical risk
43980465130220|1646351149675|WIFI|false|1659403261167|Severe risk
57174604663533|1668338998103|NFC|false|1670239295545|High risk
52776558152430|1656681772908|NFC|false|1662536491497|Minimal risk
35184372108015|1633153020114|ATM|false|1649743021901|Low risk
30786325596912|1628746980566|RFID|false|1656134157290|High risk
48378511641329|1652486787379|NFC|false|1664664598213|High risk
48378511641330|1651036247594|NFC|false|1663039706311|Moderate risk
35184372108019|1631762907145|ATM|false|1648565484104|Moderate risk
57174604663540|1667112475711|WIFI|true|1669272278165|Minimal risk
26388279085813|1621861077399|MAC|false|1657499758588|Severe risk
43980465130230|1648135345468|POS|true|1650887004106|Severe risk
4398046530295|1586041265527|QRCode|false|1645730912079|Very high risk
4398046530296|1589410094263|RFID|false|1622220604309|Extreme risk
39582418619129|1639113904567|IPv6|false|1657831827867|Significant risk
61572651174650|1672012123212|QRCode|false|1672317900257|Moderate risk
13194139552507|1597752450105|POS|false|1608492336886|Extreme risk
19196|1580323811862|IPv4|false|1641886421292|Minimal risk
4398046530301|1588273997512|IPv6|false|1671163019548|High risk
8796093041406|1591751991121|NFC|false|1608253527848|High risk
4398046530303|1588133727594|WIFI|false|1630158423685|Minimal risk
4398046530304|1588189024133|POS|false|1648981122251|Minimal risk
17592186063617|1607397673865|ATM|true|1619476886752|Low risk
17592186063618|1604664599507|MAC|false|1606208541624|Minimal risk
26388279085827|1622036382428|RFID|false|1624684638720|High risk
39582418619140|1636870256747|ATM|false|1664056559163|Low risk
19205|1583176180923|IPv4|false|1585120195908|High risk
30786325596934|1629216387631|NFC|false|1654610309145|Critical risk
4398046530311|1589638374867|IPv6|false|1607082748542|Severe risk
57174604663560|1667151094556|IPv4|false|1671498095489|Moderate risk
8796093041417|1591090969563|WIFI|false|1646627037870|Critical risk
26388279085834|1617474297049|IPv6|false|1651682893181|Very high risk
39582418619147|1641283267706|POS|false|1669625285526|Very high risk
13194139552524|1601143910267|NFC|false|1658979429418|High risk
30786325596941|1623748166632|IPv6|false|1645493698274|Minimal risk
8796093041422|1593939524554|MAC|true|1645050556607|Minimal risk
48378511641359|1651725814176|ATM|false|1667123503755|Minimal risk
39582418619152|1637154966146|POS|false|1637688786790|Very high risk
19217|1578995288351|IPv6|false|1652747841358|Extreme risk
17592186063634|1608579381862|MAC|false|1636188062224|Minimal risk
48378511641363|1656236095286|ATM|false|1663840738492|Very high risk
21990232574740|1614018859217|POS|false|1624158982682|High risk
26388279085845|1619498180737|ATM|false|1641707519147|Significant risk
13194139552534|1601459286359|MAC|true|1612775382108|High risk
39582418619159|1637859747194|RFID|false|1656531772672|Extreme risk
48378511641368|1651948162770|MAC|false|1653272304837|Significant risk
13194139552537|1602160811136|WIFI|false|1658579031231|Significant risk
8796093041434|1592606883017|PHONE|false|1613513774172|Low risk
17592186063643|1604562493779|IPv6|false|1639956158436|Minimal risk
4398046530332|1587074638913|MAC|false|1590008581889|Critical risk
21990232574749|1611991033366|MAC|false|1632631152580|Moderate risk
43980465130270|1645023886621|QRCode|false|1657705279836|Low risk
35184372108063|1634090515487|ATM|false|1655687671746|Very high risk
19232|1582245423639|POS|false|1662717715423|Minimal risk
13194139552545|1599868896998|POS|false|1648683667120|Significant risk
35184372108066|1636624808636|NFC|false|1653607036739|High risk
8796093041443|1596651984043|PHONE|false|1639572449579|Minimal risk
4398046530340|1589012857751|POS|false|1635316054158|Severe risk
19237|1584180998053|QRCode|false|1624214019400|Critical risk
13194139552550|1597909260733|ATM|false|1624701444774|Significant risk
8796093041447|1590969245260|IPv6|false|1619705094026|Severe risk
21990232574760|1615222190141|ATM|false|1633083209912|Moderate risk
61572651174697|1669923345947|IPv4|false|1671577772300|Severe risk
61572651174698|1669617384868|QRCode|false|1669855218613|Severe risk
35184372108075|1634368168891|WIFI|false|1668351974950|Low risk
39582418619180|1637026107233|QRCode|false|1651397880268|Critical risk
13194139552557|1598753431573|ATM|false|1630032786859|Critical risk
30786325596974|1627279079803|RFID|false|1638613604007|Minimal risk
39582418619183|1638940051144|RFID|false|1660180726586|Extreme risk
17592186063664|1604422309204|POS|false|1667779593175|Minimal risk
30786325596977|1627951123822|RFID|false|1631770021309|Severe risk
17592186063666|1608253652435|POS|false|1634020243507|Significant risk
52776558152499|1660936554331|ATM|false|1661978902815|High risk
13194139552564|1602217433790|MAC|false|1653019851298|Critical risk
30786325596981|1628137386820|QRCode|false|1639324508963|Severe risk
30786325596982|1627653751747|ATM|false|1645480638050|Severe risk
26388279085879|1617215046212|RFID|false|1620190427655|Extreme risk
39582418619192|1642861459326|ATM|false|1671595863628|Low risk
57174604663609|1664918848594|PHONE|false|1669920884162|Minimal risk
13194139552570|1602532596835|POS|false|1652772162211|Very high risk
19259|1582795117254|POS|false|1607385784958|Minimal risk
19260|1583064694236|IPv4|false|1653837768063|Very high risk
13194139552573|1598857937944|POS|false|1603650558440|Very high risk
26388279085886|1620032239077|WIFI|false|1643246620632|Very high risk
13194139552575|1599420040863|MAC|false|1672420144766|Very high risk
26388279085888|1621061398705|WIFI|false|1669232778103|Severe risk
48378511641409|1654496941990|POS|false|1667076472819|High risk
52776558152514|1660395065860|ATM|false|1669376419365|Minimal risk
4398046530371|1590769089676|POS|false|1631259930423|Critical risk
17592186063684|1609487284570|IPv6|false|1672315436904|Minimal risk
30786325596997|1628404123219|POS|false|1657045175119|Minimal risk
19270|1582691437526|RFID|false|1630676116397|Very high risk
30786325596999|1624585206490|NFC|false|1652078852864|Moderate risk
30786325597000|1627282940901|QRCode|false|1641829695479|Significant risk
17592186063689|1609685728079|ATM|false|1648600069267|High risk
39582418619210|1638565577816|QRCode|false|1665829025006|Critical risk
21990232574795|1616494701951|PHONE|false|1625502979311|Low risk
43980465130316|1647023128003|POS|false|1668977966282|Moderate risk
17592186063693|1604212398784|PHONE|true|1658055527014|High risk
57174604663630|1665415802163|MAC|false|1670216166011|Critical risk
21990232574799|1611866245136|POS|false|1623752783199|Severe risk
52776558152528|1661900755338|RFID|false|1669665768078|Severe risk
43980465130321|1645237804586|NFC|false|1667478106101|High risk
57174604663634|1663616731278|IPv6|false|1664249127592|Severe risk
30786325597011|1624522141676|ATM|false|1646187934898|Severe risk
57174604663636|1663270254948|QRCode|false|1665127623475|Extreme risk
43980465130325|1645399092482|PHONE|true|1665692906698|Critical risk
4398046530390|1584612323504|WIFI|false|1597840559681|Low risk
17592186063703|1608805534711|IPv6|false|1635112941482|High risk
30786325597016|1623591083266|NFC|false|1630575719288|Critical risk
30786325597017|1625278176360|MAC|false|1630148219716|Low risk
48378511641434|1650506527515|IPv6|false|1655569445370|Moderate risk
26388279085915|1623369665757|MAC|false|1624083293498|Significant risk
39582418619228|1637115243216|RFID|false|1662503316550|Extreme risk
13194139552605|1602550584099|POS|false|1636480285665|High risk
26388279085918|1618826749444|QRCode|false|1627636468000|Minimal risk
13194139552607|1599672370498|PHONE|false|1661483958332|Moderate risk
13194139552608|1601733085545|MAC|false|1617193184053|Critical risk
43980465130337|1646141240764|ATM|false|1670120600200|High risk
39582418619234|1639733270558|RFID|false|1652765358372|Extreme risk
30786325597027|1628195932931|IPv4|false|1648305816223|Critical risk
17592186063716|1604333241987|WIFI|true|1642575520003|Significant risk
52776558152549|1657023876553|WIFI|false|1663409950105|Severe risk
4398046530406|1587408959060|MAC|false|1589643287405|Critical risk
39582418619239|1639205377479|MAC|false|1653387692535|High risk
4398046530408|1586154106513|NFC|false|1657511551339|Low risk
8796093041513|1592590941923|WIFI|false|1643385034212|Extreme risk
57174604663658|1667705579337|IPv4|false|1668909043586|High risk
39582418619243|1642042486475|RFID|false|1653620032647|Extreme risk
57174604663660|1667429056961|IPv6|false|1670900480337|Extreme risk
48378511641453|1654247107594|MAC|false|1668956376677|Very high risk
17592186063726|1604912176333|POS|false|1640345235683|Moderate risk
4398046530415|1585643414892|RFID|false|1607803867736|Critical risk
26388279085936|1622910772429|IPv6|false|1633852934112|Extreme risk
30786325597041|1627651180092|NFC|true|1669743228210|Severe risk
21990232574834|1613097790259|PHONE|false|1648524668388|High risk
48378511641459|1651577460723|IPv4|false|1652598926857|Significant risk
39582418619252|1637179220977|NFC|true|1672450233633|Low risk
52776558152565|1658597436243|IPv6|false|1661082206322|Minimal risk
17592186063734|1609487541824|RFID|false|1630064992231|Minimal risk
30786325597047|1624492876498|POS|false|1664675261450|Severe risk
57174604663672|1669277798155|POS|false|1671046730113|Significant risk
26388279085945|1617476782486|PHONE|false|1664252661216|Low risk
19322|1580329069833|QRCode|false|1662953557408|Extreme risk
52776558152571|1656945226319|IPv6|true|1670205606966|Critical risk
17592186063740|1606813332438|PHONE|false|1653904494222|High risk
13194139552637|1601081873981|QRCode|false|1616759676979|Minimal risk
21990232574846|1611317932501|POS|false|1644519392241|Critical risk
19327|1578543267744|NFC|true|1622400151833|Low risk
48378511641472|1655817229742|QRCode|false|1665469295090|Low risk
4398046530433|1588228150747|IPv6|false|1670389305939|Minimal risk
17592186063746|1605784505139|NFC|false|1635726970016|Severe risk
4398046530435|1589611483813|NFC|false|1603958742878|Moderate risk
52776558152580|1658531365369|WIFI|false|1662908493000|Low risk
17592186063749|1607801702691|NFC|false|1614329237095|High risk
13194139552646|1600587718799|POS|false|1657678854467|Very high risk
57174604663687|1663342159769|QRCode|false|1672522180493|Minimal risk
30786325597064|1624213601543|MAC|false|1668730596289|Critical risk
39582418619273|1642504634262|QRCode|false|1648476253751|Very high risk
19338|1579346922085|NFC|false|1602638889941|Minimal risk
52776558152587|1658627673238|POS|false|1664254476623|Extreme risk
61572651174796|1671864853897|MAC|false|1671869026149|Moderate risk
4398046530445|1590634013367|POS|false|1612464697619|Moderate risk
8796093041550|1593269186500|WIFI|false|1626164135340|Significant risk
8796093041551|1594655852954|MAC|false|1621857897368|Low risk
43980465130384|1643845330549|NFC|false|1644492432823|Significant risk
4398046530449|1585759007299|IPv6|false|1640415476801|Very high risk
35184372108178|1634620871719|MAC|false|1663231752786|Critical risk
17592186063763|1606135436811|POS|false|1613048680402|Significant risk
52776558152596|1658897054293|MAC|false|1669374425406|Significant risk
39582418619285|1640763859094|WIFI|false|1641241724372|Severe risk
48378511641494|1653819094905|PHONE|false|1665942449320|Very high risk
17592186063767|1606723604093|PHONE|false|1632465394288|Significant risk
21990232574872|1612513810369|ATM|false|1656554690852|High risk
19353|1578427267410|PHONE|false|1646164495408|High risk
19354|1580404732447|RFID|false|1582979540394|Severe risk
39582418619291|1637853401685|RFID|false|1658558675714|High risk
48378511641500|1654614781010|WIFI|false|1657511231902|Significant risk
57174604663709|1664458914719|IPv4|false|1668208004522|Significant risk
57174604663710|1662858085451|NFC|false|1671917406845|Minimal risk
61572651174815|1672318149184|MAC|false|1672347383533|Moderate risk
39582418619296|1638591760692|PHONE|false|1649595198012|Moderate risk
43980465130401|1649488926723|IPv4|false|1667475505591|Extreme risk
52776558152610|1662722012853|RFID|false|1662998663853|Extreme risk
57174604663715|1662826216362|PHONE|false|1667933778655|Extreme risk
35184372108196|1634754202204|ATM|false|1656103941363|Low risk
52776558152613|1659678537378|QRCode|false|1669080270485|Low risk
57174604663718|1663217639768|IPv6|false|1669680759625|Critical risk
19367|1583823614728|QRCode|false|1614812716350|Low risk
39582418619304|1642249067148|RFID|false|1645872854947|Minimal risk
30786325597097|1623928048161|ATM|false|1640805502863|Significant risk
57174604663722|1667510141594|WIFI|false|1667553142885|Moderate risk
48378511641515|1655525311220|ATM|true|1657588618685|Low risk
19372|1578398928578|POS|false|1633612425584|Severe risk
8796093041581|1593728363359|MAC|false|1625736533854|Low risk
48378511641518|1652830494992|PHONE|false|1655752622026|Significant risk
39582418619311|1642689107898|IPv6|false|1671728759200|Minimal risk
19376|1583225663876|IPv6|false|1600917706763|High risk
26388279086001|1619822932575|PHONE|false|1624924517165|Minimal risk
43980465130418|1647569059417|QRCode|false|1654426501075|Minimal risk
26388279086003|1621122092086|MAC|false|1631849760723|Moderate risk
30786325597108|1626873466228|ATM|false|1659285498006|Critical risk
57174604663733|1665038691031|IPv6|false|1669938797566|High risk
17592186063798|1610501989213|ATM|true|1618846697910|High risk
43980465130423|1645013096105|IPv4|false|1646134999675|Low risk
57174604663736|1663017742390|RFID|false|1670776351458|Minimal risk
4398046530489|1589966802665|IPv4|false|1613046744987|Severe risk
21990232574906|1615298317391|NFC|false|1660393490825|Minimal risk
52776558152635|1657010285969|RFID|true|1660599054932|Critical risk
48378511641532|1651287934148|NFC|false|1661507599280|Minimal risk
19389|1577847383169|PHONE|false|1627858444534|Significant risk
26388279086014|1617329470974|IPv6|false|1669399483505|Severe risk
48378511641535|1651045679745|IPv4|false|1671183931922|Critical risk
4398046530496|1588933972035|POS|true|1629786153380|Severe risk
30786325597121|1626204900092|WIFI|false|1666512457687|Extreme risk
39582418619330|1638284166076|PHONE|false|1650317907825|Extreme risk
4398046530499|1585689297807|QRCode|false|1654905019337|Critical risk
43980465130436|1648040374239|PHONE|false|1667181974247|High risk
43980465130437|1648795191349|WIFI|false|1656476898736|Severe risk
19398|1581432850652|IPv6|false|1635324938592|High risk
21990232574919|1610850231232|PHONE|true|1621588780196|Low risk
17592186063816|1609539244551|RFID|false|1666853928738|Moderate risk
43980465130441|1643431984676|POS|false|1669467905764|Minimal risk
26388279086026|1620500543242|IPv4|false|1639652834395|Moderate risk
43980465130443|1646376533322|QRCode|false|1660150765552|Severe risk
52776558152652|1659118918496|POS|false|1672411748294|Extreme risk
19405|1580729367297|POS|true|1585746087375|Minimal risk
21990232574926|1612443402938|QRCode|false|1620121250211|Low risk
19407|1582065144343|MAC|false|1587936085944|Minimal risk
21990232574928|1615457858365|RFID|false|1622316840336|Minimal risk
39582418619345|1640616466897|WIFI|false|1661126129387|Low risk
4398046530514|1590671858273|IPv4|false|1624128239745|Very high risk
4398046530515|1589836527774|ATM|false|1607914476177|Low risk
39582418619348|1642218936269|POS|false|1644945000393|Severe risk
57174604663765|1663958712535|IPv6|true|1667290535078|Severe risk
48378511641558|1653817115879|PHONE|false|1669427329972|Significant risk
43980465130455|1647936750741|QRCode|true|1671258638496|High risk
35184372108248|1630567202219|IPv6|false|1656430188790|Moderate risk
19417|1581919920983|ATM|false|1646935754444|Significant risk
39582418619354|1638519887212|RFID|false|1641152790677|Low risk
17592186063835|1605030039261|MAC|false|1645713278624|High risk
43980465130460|1644669458028|WIFI|false|1644725333830|Very high risk
30786325597149|1624742316416|MAC|false|1654264964558|Very high risk
48378511641566|1656155683713|WIFI|false|1663372412352|Very high risk
21990232574943|1614412130058|POS|false|1663893755283|Extreme risk
43980465130464|1644705881281|PHONE|false|1653534969277|Significant risk
57174604663777|1669153447186|RFID|false|1669616422812|Extreme risk
17592186063842|1610234649065|WIFI|false|1667197160931|Critical risk
26388279086051|1617168549859|NFC|false|1628262899323|Significant risk
26388279086052|1617198365367|PHONE|false|1657540354274|Critical risk
43980465130469|1644519119051|ATM|false|1658531318664|Low risk
17592186063846|1609809459415|POS|true|1654549174252|Extreme risk
35184372108263|1630392509221|MAC|false|1661559849166|Significant risk
13194139552744|1603525758732|ATM|false|1642623096470|Significant risk
26388279086057|1622514794540|MAC|false|1669380647609|Low risk
43980465130474|1645126790736|NFC|false|1653973474596|Severe risk
19435|1580874921268|IPv4|false|1586564375366|Low risk
43980465130476|1647655455676|MAC|true|1649574759376|Minimal risk
57174604663789|1669257375345|IPv6|false|1669433765727|Significant risk
35184372108270|1630959845142|QRCode|false|1632178603651|Minimal risk
4398046530543|1584617538592|POS|false|1650233101509|Extreme risk
39582418619376|1637235821418|NFC|false|1658248559049|Severe risk
4398046530545|1587388550117|MAC|false|1671424148130|Extreme risk
30786325597170|1628871773069|MAC|false|1662015039195|Moderate risk
30786325597171|1628048487061|QRCode|false|1645868100925|Extreme risk
26388279086068|1619292490252|POS|false|1620662654362|High risk
8796093041653|1591195946050|RFID|false|1642738232488|High risk
48378511641590|1656191441431|MAC|false|1669332104670|Low risk
17592186063863|1606961159654|QRCode|false|1608765873375|Significant risk
8796093041656|1592020970072|QRCode|false|1601914439417|Minimal risk
30786325597177|1627001285586|NFC|false|1671400370271|Critical risk
39582418619386|1639594543752|PHONE|true|1661802413306|High risk
21990232574971|1616567265407|POS|false|1638429099243|Low risk
8796093041660|1594538501134|WIFI|false|1597716025293|Critical risk
8796093041661|1594618874407|IPv4|false|1662808258095|Critical risk
48378511641598|1649959431215|POS|false|1669875296622|Significant risk
61572651174911|1669650965218|MAC|false|1670041738849|High risk
13194139552768|1603035627885|IPv4|false|1604413623977|Moderate risk
21990232574977|1613811573464|RFID|false|1658938473146|Extreme risk
17592186063874|1604246622714|WIFI|false|1668752201342|Moderate risk
39582418619395|1638216028690|POS|false|1660639136310|High risk
13194139552772|1597439083061|POS|false|1663661527410|Minimal risk
13194139552773|1602200794768|QRCode|false|1625833534345|Extreme risk
43980465130502|1643226525865|IPv6|false|1650702141677|Moderate risk
26388279086087|1621900526673|WIFI|false|1624828658028|Very high risk
4398046530568|1589075285557|ATM|false|1606587756185|Extreme risk
48378511641609|1651689147638|QRCode|false|1664322578041|Moderate risk
30786325597194|1626010670955|IPv6|false|1662347089572|Critical risk
52776558152715|1658904090619|WIFI|false|1661580856109|High risk
61572651174924|1669573150772|IPv6|false|1671659347481|Severe risk
26388279086093|1622966255035|QRCode|false|1668443751474|High risk
17592186063886|1608078145805|IPv6|false|1654481383310|Severe risk
8796093041679|1594701830876|ATM|false|1618965078450|Moderate risk
43980465130512|1644561856157|POS|false|1651156457692|Extreme risk
61572651174929|1669500738154|QRCode|false|1672023068071|Extreme risk
30786325597202|1626309271970|WIFI|false|1642649524532|Low risk
21990232574995|1612825531017|WIFI|false|1662216860537|Critical risk
19476|1582823870430|RFID|false|1628751343091|High risk
17592186063893|1606970016759|WIFI|false|1633103792443|Extreme risk
61572651174934|1670270170655|IPv6|false|1671046461607|Low risk
13194139552791|1599865683566|RFID|false|1654010053223|Significant risk
35184372108312|1635070758622|RFID|false|1641287995332|Severe risk
8796093041689|1596531264061|IPv6|false|1606137803296|Moderate risk
26388279086106|1620111404466|POS|false|1652637467739|Moderate risk
8796093041691|1591388983085|IPv4|false|1616688930007|Severe risk
17592186063900|1604636479937|IPv4|false|1621168396173|Low risk
21990232575005|1613450318459|NFC|false|1652654714995|Very high risk
61572651174942|1670226708171|RFID|false|1672164631277|Low risk
35184372108319|1633126005677|MAC|false|1669862198866|Extreme risk
39582418619424|1640605223695|QRCode|false|1665073400211|Critical risk
52776558152737|1659954681134|IPv4|false|1665447212993|Extreme risk
13194139552802|1599543710839|IPv6|false|1606923255162|Minimal risk
13194139552803|1602028806685|PHONE|false|1658129226422|High risk
57174604663844|1663210051196|WIFI|false|1663906051292|Moderate risk
17592186063909|1607770096154|WIFI|false|1637314457574|High risk
57174604663846|1663427843041|IPv4|false|1665599262504|Extreme risk
30786325597223|1626215122458|NFC|false|1640705285882|Extreme risk
13194139552808|1600192924884|IPv6|false|1608488366136|Critical risk
21990232575017|1610687205642|RFID|true|1615354051833|Severe risk
35184372108330|1634292073271|NFC|false|1656394805225|Significant risk
30786325597227|1626710456383|WIFI|false|1638574742684|Very high risk
4398046530604|1586630361998|IPv4|false|1647191105490|Extreme risk
43980465130541|1646550955830|RFID|false|1665832010034|Low risk
52776558152750|1660496807054|ATM|true|1665631877988|Significant risk
52776558152751|1658129124522|MAC|false|1664856101413|Moderate risk
52776558152752|1659968838850|ATM|false|1660991161537|Low risk
4398046530609|1590099576431|QRCode|false|1646265570011|High risk
4398046530610|1589925374393|NFC|false|1670024106834|Severe risk
8796093041715|1597283431811|RFID|false|1598987457101|Significant risk
17592186063924|1609931715780|POS|false|1653697795230|Critical risk
30786325597237|1624273337705|RFID|false|1624822703764|Very high risk
19510|1582412922515|POS|false|1625007444353|Low risk
30786325597239|1628448828239|RFID|false|1636031581039|Low risk
30786325597240|1625666604635|NFC|false|1642294226902|Extreme risk
8796093041721|1597380299773|MAC|false|1597953715376|Very high risk
8796093041722|1593446174849|QRCode|false|1661459979605|Severe risk
8796093041723|1591369798648|PHONE|false|1638329150747|Significant risk
17592186063932|1610194039533|IPv6|false|1621240444495|Minimal risk
61572651174973|1672177988705|MAC|false|1672214417643|Severe risk
61572651174974|1672394965366|QRCode|false|1672504292231|Low risk
17592186063935|1607837818115|ATM|false|1616470358466|High risk
39582418619456|1637195947501|POS|false|1670222309753|Moderate risk
48378511641665|1654512944170|IPv6|false|1667877736158|Low risk
48378511641666|1652908969870|NFC|false|1661233038948|Very high risk
30786325597251|1629205737608|RFID|false|1640458822154|Extreme risk
30786325597252|1625314365134|WIFI|false|1644477938442|Significant risk
19525|1577839861310|PHONE|false|1614292179095|Minimal risk
39582418619462|1641090907660|RFID|false|1660495318628|Extreme risk
39582418619463|1642458261193|IPv4|false|1658634953666|Extreme risk
52776558152776|1661325986740|MAC|false|1664358957713|Very high risk
57174604663881|1664588992189|IPv4|false|1671056973764|Minimal risk
17592186063946|1607757960737|RFID|false|1655574071208|Moderate risk
21990232575051|1611860015903|PHONE|false|1643542226459|Critical risk
8796093041740|1595739778515|IPv4|false|1602719175762|Low risk
8796093041741|1594623903688|PHONE|false|1623313001370|Low risk
19534|1580103480889|POS|true|1594477454685|Minimal risk
21990232575055|1611912437495|WIFI|false|1661586388246|High risk
4398046530640|1588721588247|QRCode|false|1628261649705|Significant risk
8796093041745|1592656166610|QRCode|false|1664904955744|Low risk
57174604663890|1663265813827|QRCode|false|1669851431430|Minimal risk
4398046530643|1586149319709|RFID|false|1660251921684|Significant risk
17592186063956|1606426529959|IPv6|false|1634318157581|Severe risk
35184372108373|1636325076926|IPv6|false|1639658982522|Moderate risk
39582418619478|1642113114885|PHONE|false|1662411293690|Very high risk
57174604663895|1669297020797|QRCode|true|1670219924208|Very high risk
52776558152792|1661976629913|WIFI|false|1664738916713|Low risk
19545|1580337301962|QRCode|false|1589331614327|Very high risk
17592186063962|1608157321225|IPv6|false|1616286443857|High risk
13194139552859|1598299890601|PHONE|false|1643366291438|Moderate risk
52776558152796|1657298045680|IPv4|false|1659893329056|Low risk
48378511641693|1652326880487|WIFI|false|1669651954803|Low risk
19550|1581392495914|ATM|false|1600547214927|Minimal risk
39582418619487|1637659675629|NFC|false|1654952017036|Severe risk
52776558152800|1659240111716|WIFI|false|1667304720255|Critical risk
30786325597281|1629128490744|MAC|false|1668350155427|Extreme risk
57174604663906|1667589860317|NFC|false|1670239827184|High risk
48378511641699|1653105830589|ATM|false|1656825012708|Significant risk
30786325597284|1623952883845|QRCode|false|1642945246929|Very high risk
43980465130597|1646343881490|POS|true|1650118854550|Low risk
48378511641702|1650958293738|IPv4|false|1664616532546|Extreme risk
43980465130599|1643291422447|IPv4|false|1659140547850|Significant risk
39582418619496|1637646953850|NFC|false|1644329185097|Severe risk
43980465130601|1647291584570|IPv4|false|1649648003476|Moderate risk
26388279086186|1622811354347|QRCode|false|1671956038500|Significant risk
48378511641707|1656147119412|PHONE|false|1664917067589|Moderate risk
26388279086188|1620575378776|POS|false|1648013685931|Very high risk
30786325597293|1624680952228|IPv4|false|1662555559425|Low risk
39582418619502|1641559138659|POS|false|1652717120580|Extreme risk
48378511641711|1649936295215|WIFI|false|1663860008457|Significant risk
57174604663920|1666858249356|IPv6|false|1667813973405|Moderate risk
39582418619505|1637291349194|PHONE|false|1639308963856|Low risk
61572651175026|1670486824993|IPv6|false|1672185286045|Very high risk
26388279086195|1619081682639|IPv4|false|1656303655021|Severe risk
19572|1580259263728|PHONE|false|1670453727110|Severe risk
8796093041781|1594226737632|PHONE|true|1655031841786|Very high risk
8796093041782|1594674927063|POS|false|1659909747724|High risk
48378511641719|1653532579350|MAC|false|1663416442737|Low risk
17592186063992|1605076425174|PHONE|false|1662865037510|Very high risk
35184372108409|1635012398106|POS|false|1659290952017|Significant risk
17592186063994|1605667053763|RFID|false|1611018906322|High risk
19579|1579449776098|PHONE|false|1670213227769|Extreme risk
39582418619516|1637765747544|IPv4|false|1651806304542|Very high risk
52776558152829|1659378014041|RFID|false|1661610007179|High risk
4398046530686|1590240195035|QRCode|false|1652638300550|Minimal risk
61572651175039|1669330346493|IPv6|false|1669346370715|Moderate risk
21990232575104|1614796835044|IPv6|false|1633071491143|Very high risk
13194139552897|1603830969081|MAC|false|1652274768689|Severe risk
52776558152834|1659348828464|ATM|false|1660556520154|Severe risk
52776558152835|1657046638575|NFC|false|1657369823694|Critical risk
17592186064004|1609107189926|NFC|false|1632311616064|Significant risk
30786325597317|1627904465937|NFC|false|1632454321148|Severe risk
35184372108422|1631865035037|IPv6|false|1649079737815|Very high risk
21990232575111|1613847562067|ATM|false|1618942149943|High risk
19592|1582482064278|IPv6|false|1670255444648|Critical risk
17592186064009|1604984667677|RFID|false|1654885005840|Significant risk
26388279086218|1621947493642|RFID|false|1648266923995|Severe risk
48378511641739|1650954446574|IPv6|false|1666201145416|Severe risk
19596|1579102627322|MAC|false|1583625694141|Minimal risk
39582418619533|1642713777994|POS|false|1667281136268|Significant risk
35184372108430|1634362252187|MAC|false|1667249691272|Minimal risk
4398046530703|1586578295504|RFID|false|1649701370410|Significant risk
17592186064016|1607183663480|IPv4|false|1654679458846|Critical risk
39582418619537|1642412878029|WIFI|false|1655889070550|Minimal risk
35184372108434|1630978511600|MAC|false|1664613834713|Moderate risk
8796093041811|1593580725186|QRCode|false|1655936635660|Low risk
48378511641748|1654560283608|PHONE|false|1657323562831|Critical risk
8796093041813|1592374528867|IPv4|false|1607595188504|Extreme risk
39582418619542|1636757482391|ATM|false|1656857761489|Significant risk
52776558152855|1659624092847|WIFI|false|1666999683791|Severe risk
19608|1580256018756|QRCode|false|1597971792314|Significant risk
43980465130649|1645552531785|QRCode|false|1647151548056|Minimal risk
4398046530714|1585699095734|NFC|false|1646219922601|Minimal risk
61572651175067|1671503087656|ATM|false|1672150790962|Severe risk
21990232575132|1615858960570|WIFI|false|1630126489579|Very high risk
26388279086237|1622259205951|IPv4|false|1629718080312|Moderate risk
30786325597342|1630077354050|IPv6|false|1669818733850|High risk
35184372108447|1632814855046|WIFI|false|1652241324948|Low risk
8796093041824|1595062222571|IPv6|false|1598658853607|Severe risk
13194139552929|1603775527773|PHONE|false|1650781422810|Very high risk
57174604663970|1667409877124|PHONE|true|1669851215999|Significant risk
48378511641763|1651093017501|WIFI|true|1661435434438|Low risk
13194139552932|1602151379605|ATM|false|1612015898557|Low risk
39582418619557|1641206421185|MAC|false|1643445045977|Low risk
43980465130662|1643911588103|PHONE|false|1668985633974|High risk
21990232575143|1614336696447|RFID|false|1632560176375|Severe risk
35184372108456|1634941480313|IPv4|false|1657904174306|Very high risk
17592186064041|1605744523578|QRCode|false|1614940356587|Significant risk
39582418619562|1638375625907|WIFI|false|1638479516165|Minimal risk
19627|1580369774916|WIFI|false|1593010187339|Significant risk
19628|1580087831012|IPv4|false|1581557338364|Minimal risk
30786325597357|1624745445025|POS|false|1624975378715|Critical risk
26388279086254|1623085763949|IPv6|false|1623882053403|Significant risk
52776558152879|1659114690815|NFC|false|1671453920722|Minimal risk
57174604663984|1662824342833|MAC|false|1663971526204|Significant risk
48378511641777|1655331792324|IPv4|false|1671719100751|Significant risk
35184372108466|1634801017283|RFID|true|1660365666005|Extreme risk
4398046530739|1585044351925|IPv4|false|1665805148424|Moderate risk
35184372108468|1630879953599|ATM|false|1652032440126|High risk
17592186064053|1604073349217|QRCode|false|1615735720942|Low risk
8796093041846|1596399021344|ATM|false|1639419242794|High risk
52776558152887|1656398395631|QRCode|false|1663580306182|High risk
48378511641784|1649750855557|IPv6|false|1657418857386|Minimal risk
35184372108473|1632891419977|IPv6|false|1653465738820|Low risk
17592186064058|1606001258764|NFC|false|1666242083511|Significant risk
35184372108475|1630607750238|PHONE|false|1645151488882|Moderate risk
21990232575164|1610505428524|POS|false|1664599574915|Moderate risk
19645|1579370260708|WIFI|false|1607680763932|Significant risk
26388279086270|1621416218045|QRCode|false|1663436072499|High risk
39582418619583|1640033266923|NFC|false|1655755694401|Low risk
61572651175104|1671386736318|QRCode|false|1671930014176|High risk
17592186064065|1604959987976|NFC|false|1643743821946|Low risk
8796093041858|1594384340984|IPv6|false|1653809928009|Critical risk
61572651175107|1672519512624|QRCode|false|1672529862936|Moderate risk
13194139552964|1602359827704|QRCode|false|1665549071404|Low risk
26388279086277|1619711825071|QRCode|false|1654538682770|Low risk
19654|1581144019646|POS|false|1648556252972|Minimal risk
19655|1582241868790|IPv6|false|1619985386818|Minimal risk
52776558152904|1657139873223|IPv6|false|1665505423698|High risk
57174604664009|1667496004510|RFID|false|1669978143491|Low risk
57174604664010|1665536770309|RFID|false|1671454433997|Extreme risk
13194139552971|1598587571189|NFC|false|1650584614874|Severe risk
61572651175116|1669809122407|IPv6|false|1670742345456|Severe risk
19661|1583261981071|RFID|false|1651291907512|Significant risk
8796093041870|1594954870312|QRCode|false|1605420101002|High risk
43980465130703|1649300355306|PHONE|false|1655712868975|Low risk
35184372108496|1631180244090|NFC|false|1656071929760|Moderate risk
57174604664017|1667774789030|IPv4|false|1668194166843|Significant risk
43980465130706|1647099909588|PHONE|false|1662158788849|Significant risk
26388279086291|1622331341234|MAC|false|1637910859007|High risk
26388279086292|1617741201727|PHONE|false|1666737715791|Moderate risk
26388279086293|1619601949708|WIFI|false|1632450767243|Moderate risk
48378511641814|1651825079215|MAC|false|1661206586211|Very high risk
43980465130711|1648503738126|MAC|false|1666786057205|Critical risk
13194139552984|1603840770674|MAC|false|1642373266808|Moderate risk
43980465130713|1647201136109|IPv4|false|1669319862107|Severe risk
21990232575194|1616352814213|WIFI|false|1642992101405|Very high risk
35184372108507|1631822357260|RFID|false|1649598548320|Critical risk
4398046530780|1590582619760|MAC|false|1594507136522|Severe risk
17592186064093|1609504127345|RFID|false|1630584184431|High risk
48378511641822|1654375769277|RFID|false|1656689548472|Severe risk
39582418619615|1639096663355|QRCode|false|1650665263236|Low risk
26388279086304|1621271776036|QRCode|false|1645487947400|Low risk
13194139552993|1598310025848|QRCode|false|1598342948365|High risk
39582418619618|1638036665121|QRCode|false|1668884882939|Extreme risk
26388279086307|1620557528279|IPv6|false|1653578806474|Severe risk
21990232575204|1611782959999|RFID|false|1633887160606|Moderate risk
13194139552997|1603603599678|WIFI|false|1663191696066|Critical risk
57174604664038|1665462973111|POS|true|1672307414203|Critical risk
35184372108519|1631660734081|RFID|true|1655418042015|Significant risk
48378511641832|1652645790024|POS|false|1662162910497|Critical risk
21990232575209|1614953700584|POS|false|1633833178285|Severe risk
43980465130730|1644989500738|IPv6|false|1664592015742|Extreme risk
52776558152939|1657512146392|IPv4|false|1663362715457|Very high risk
13194139553004|1602441039289|NFC|false|1669412004473|Significant risk
48378511641837|1652011955573|POS|false|1668905161739|Critical risk
17592186064110|1604570388190|MAC|false|1614962424796|Extreme risk
39582418619631|1638427162123|WIFI|false|1638583392600|Significant risk
4398046530800|1586049350773|ATM|true|1659357180029|Significant risk
43980465130737|1644459008268|POS|false|1653528452865|Minimal risk
26388279086322|1620278355842|WIFI|false|1654851743742|Moderate risk
19699|1581692516634|POS|true|1648917050928|Minimal risk
39582418619636|1641227301052|IPv6|false|1648843202004|High risk
26388279086325|1618562916811|NFC|false|1664012766056|Moderate risk
48378511641846|1653514252858|WIFI|false|1666687437861|Very high risk
48378511641847|1656157773387|PHONE|false|1661118851041|Extreme risk
30786325597432|1627872164821|QRCode|false|1662321941184|Critical risk
4398046530809|1589322884989|ATM|false|1652594493020|Severe risk
13194139553018|1600328680419|IPv6|false|1611151883517|Low risk
61572651175163|1671820138497|ATM|false|1672320563061|Significant risk
4398046530812|1588569480099|RFID|false|1611879721779|Very high risk
8796093041917|1597052887468|NFC|false|1609302220696|Very high risk
30786325597438|1624422702480|ATM|false|1648017427528|Minimal risk
52776558152959|1660383110169|PHONE|false|1667896424795|Low risk
30786325597440|1624983847642|RFID|false|1665426037045|Extreme risk
19713|1582743534162|RFID|false|1620408615845|High risk
17592186064130|1610390975407|PHONE|false|1620490939390|Minimal risk
4398046530819|1588288100803|POS|false|1588512462134|Significant risk
4398046530820|1589102242877|ATM|false|1604196715000|Significant risk
19717|1581930691702|MAC|false|1665881539343|Low risk
39582418619654|1638484649707|IPv6|false|1650375810799|Extreme risk
26388279086343|1618765528884|ATM|false|1626418162956|Extreme risk
39582418619656|1640438227652|WIFI|false|1654687840113|High risk
26388279086345|1623097526188|IPv4|false|1635024474468|High risk
57174604664074|1667358117710|NFC|false|1668796915323|Extreme risk
35184372108555|1631506445021|NFC|false|1667297759216|Critical risk
19724|1581056688993|POS|false|1627705954165|Minimal risk
30786325597453|1626313250933|NFC|false|1666837739952|Critical risk
52776558152974|1658222529110|RFID|false|1666058612043|Moderate risk
48378511641871|1649723168110|WIFI|false|1658689986552|Significant risk
8796093041936|1591787440450|IPv4|false|1616575522093|Low risk
61572651175185|1670034797952|ATM|false|1671654786750|Very high risk
30786325597458|1629842886680|QRCode|false|1630748378976|Minimal risk
19731|1577847525539|MAC|false|1669762654137|Significant risk
52776558152980|1658020846794|RFID|true|1666571888515|Critical risk
52776558152981|1660600648743|QRCode|false|1669996597848|High risk
17592186064150|1606270383307|ATM|false|1662157790702|Very high risk
30786325597463|1623874712964|WIFI|false|1663900132962|Extreme risk
57174604664088|1667232181494|NFC|false|1668264323320|Critical risk
30786325597465|1624037779507|POS|false|1672082959266|Critical risk
43980465130778|1646042782082|ATM|false|1647237110651|Moderate risk
52776558152987|1658127343859|PHONE|false|1667553936197|Very high risk
43980465130780|1648483024155|POS|false|1651282085918|Minimal risk
4398046530845|1589053718245|QRCode|false|1607393574499|Moderate risk
43980465130782|1649341194869|QRCode|false|1649808093218|High risk
21990232575263|1612815238438|WIFI|false|1651266365042|Low risk
52776558152992|1660120746126|NFC|false|1664552146479|Very high risk
19745|1581908606857|ATM|false|1610175342208|Extreme risk
17592186064162|1606232853501|ATM|false|1664734445211|Significant risk
48378511641891|1650041883109|IPv4|false|1653304191770|High risk
21990232575268|1616547539475|WIFI|false|1649540878331|Minimal risk
39582418619685|1642510037639|WIFI|false|1655264045629|High risk
4398046530854|1586880172860|PHONE|false|1615886943172|Minimal risk
19751|1583186242901|POS|false|1585594432255|Moderate risk
43980465130792|1647231214551|PHONE|false|1649741481203|Low risk
43980465130793|1647989082745|NFC|false|1670375388382|Moderate risk
30786325597482|1628788019213|PHONE|false|1639793905983|Severe risk
48378511641899|1655203216317|IPv4|false|1661312577800|Extreme risk
13194139553068|1601887530042|POS|false|1627176259089|Low risk
57174604664109|1663366238382|MAC|false|1667792587224|Critical risk
26388279086382|1621878283503|IPv4|false|1647619174988|Critical risk
13194139553071|1598508573464|POS|false|1602607522554|Severe risk
35184372108592|1630530260766|IPv6|false|1665638949140|Low risk
43980465130801|1646230092861|IPv4|false|1656658696673|Significant risk
48378511641906|1655145178267|RFID|false|1657887531243|High risk
26388279086387|1621180014127|WIFI|false|1640518370255|Very high risk
8796093041972|1592116323945|PHONE|false|1620188127176|Low risk
26388279086389|1621015320836|IPv4|false|1621296384462|High risk
17592186064182|1606801931692|IPv4|false|1609358530517|Severe risk
39582418619703|1636949321220|QRCode|false|1640128674119|Moderate risk
57174604664120|1668246076036|PHONE|false|1669587578444|Very high risk
61572651175225|1670067209221|IPv6|false|1670500816419|Severe risk
52776558153018|1661787438218|RFID|false|1664749310689|Severe risk
21990232575291|1616729612000|NFC|false|1670000157582|Very high risk
17592186064188|1608099698793|POS|false|1657488538875|Low risk
17592186064189|1607742079724|ATM|false|1671576387087|Severe risk
52776558153022|1657626690611|IPv4|false|1658973175366|High risk
61572651175231|1671977815595|IPv4|false|1672215331137|Significant risk
19776|1582712116237|IPv4|false|1665697289347|Moderate risk
4398046530881|1589900718294|QRCode|false|1641570769713|Low risk
48378511641922|1653646320656|POS|false|1660337155105|Extreme risk
61572651175235|1672472705622|IPv4|false|1672494762765|High risk
21990232575300|1617016101446|IPv6|true|1634618653521|Extreme risk
61572651175237|1672030151904|PHONE|false|1672344038523|Critical risk
48378511641926|1655055779828|IPv6|false|1658172833390|Critical risk
43980465130823|1644901002180|PHONE|false|1656617076896|Low risk
30786325597512|1628777582724|IPv6|false|1641676466371|Severe risk
39582418619721|1638816840181|MAC|false|1650779616270|Very high risk
57174604664138|1668629884607|IPv6|false|1671085991466|Extreme risk
35184372108619|1632740184465|NFC|true|1658132451279|High risk
19788|1579811945655|POS|false|1650528427149|Significant risk
4398046530893|1585824557009|RFID|false|1606210827727|Severe risk
30786325597518|1626314387012|ATM|false|1642680285138|Severe risk
43980465130831|1644802905728|POS|false|1656449941135|Significant risk
43980465130832|1647783708646|IPv4|false|1661807151302|Extreme risk
19793|1580834792666|QRCode|false|1608647670471|Critical risk
57174604664146|1667880633461|IPv6|false|1670136931085|Moderate risk
19795|1582689596913|RFID|false|1658395421002|Low risk
4398046530900|1584595087917|QRCode|false|1659352440947|Critical risk
21990232575317|1612911271006|ATM|false|1642932667955|Very high risk
21990232575318|1615586147042|PHONE|false|1656485314905|Very high risk
8796093042007|1593448076129|NFC|false|1608716617133|Minimal risk
48378511641944|1653359397746|WIFI|false|1654276594869|Severe risk
61572651175257|1671302017762|QRCode|false|1672050756186|Extreme risk
4398046530906|1588818327887|QRCode|false|1659869077611|High risk
39582418619739|1639268750563|RFID|false|1643859517847|Severe risk
52776558153052|1662405569522|MAC|false|1671706074736|Critical risk
19805|1581472881357|POS|false|1651582780069|Severe risk
57174604664158|1663414064483|WIFI|false|1666911819746|Critical risk
48378511641951|1650270522560|QRCode|false|1667184455267|Minimal risk
21990232575328|1610771248786|QRCode|false|1620911739399|Extreme risk
35184372108641|1635347881699|WIFI|false|1652691785530|Extreme risk
61572651175266|1672307596485|IPv4|false|1672321461153|Critical risk
26388279086435|1622776765783|MAC|false|1657147626966|Moderate risk
57174604664164|1663031532864|PHONE|false|1670020897611|Critical risk
43980465130853|1647994688494|WIFI|false|1650092172430|Moderate risk
8796093042022|1592117781210|QRCode|false|1612240423255|Extreme risk
39582418619751|1640716835732|NFC|false|1663378885139|High risk
17592186064232|1604235138738|IPv6|false|1664475150576|Minimal risk
19817|1584226114503|PHONE|false|1621634246409|Moderate risk
4398046530922|1589159040524|IPv6|true|1606928768113|Moderate risk
26388279086443|1622918431837|MAC|false|1646623195091|Severe risk
8796093042028|1592211821849|RFID|false|1621494973934|Minimal risk
30786325597549|1629455484688|POS|false|1636815107341|Moderate risk
43980465130862|1643674298432|NFC|true|1649575042468|Minimal risk
26388279086447|1622661795678|NFC|false|1646114505098|Critical risk
26388279086448|1621687601377|ATM|true|1623210154307|Significant risk
21990232575345|1616275526196|NFC|false|1663021847287|Extreme risk
43980465130866|1649566143575|MAC|false|1653462695713|Significant risk
48378511641971|1656089439385|MAC|true|1671061879281|Minimal risk
17592186064244|1604213137091|PHONE|false|1611658980539|Low risk
19829|1580769371477|RFID|false|1635303833492|Severe risk
35184372108662|1631184449961|IPv4|false|1656306444104|Low risk
52776558153079|1657429155836|ATM|false|1658873063846|Minimal risk
35184372108664|1630604958233|NFC|false|1638778524690|Very high risk
17592186064249|1607622084821|POS|false|1633233306115|Extreme risk
39582418619770|1637813073211|MAC|false|1665593050814|Critical risk
57174604664187|1664524308318|IPv6|false|1669039973294|High risk
30786325597564|1624998480424|NFC|false|1665008374350|Very high risk
19837|1583398462965|PHONE|false|1650535549175|Low risk
8796093042046|1591607402817|IPv6|false|1606603150133|Very high risk
26388279086463|1621761531204|QRCode|false|1650390064784|Severe risk
13194139553152|1600493234986|MAC|false|1609078271232|Critical risk
4398046530945|1585086243236|IPv6|false|1588900020824|Minimal risk
43980465130882|1644841290528|NFC|false|1648243605693|Severe risk
21990232575363|1616502188282|PHONE|false|1645994594861|High risk
43980465130884|1646515568582|POS|false|1653381521379|Moderate risk
61572651175301|1670256428404|IPv4|false|1671373960103|Very high risk
43980465130886|1648232744805|MAC|false|1664819317657|Extreme risk
39582418619783|1636673659446|QRCode|false|1659522266640|Severe risk
30786325597576|1624817643538|IPv6|true|1661674278723|Low risk
19849|1582322637265|RFID|false|1633547870130|Critical risk
30786325597578|1624690044068|IPv4|false|1642386531380|High risk
4398046530955|1585173567075|MAC|false|1597725208350|Extreme risk
19852|1578336314598|POS|false|1662847827754|High risk
17592186064269|1604669112175|POS|false|1634059203429|Extreme risk
48378511641998|1655865179423|ATM|false|1670810399472|Critical risk
30786325597583|1629520145093|MAC|false|1661041381237|Low risk
48378511642000|1655953055111|PHONE|false|1664687995564|High risk
17592186064273|1608392042857|IPv6|false|1655377466417|Severe risk
35184372108690|1632691473070|QRCode|false|1640851765337|High risk
21990232575379|1612550226870|NFC|false|1623001231898|Extreme risk
48378511642004|1649828887120|ATM|false|1669342977004|Minimal risk
19861|1580553799432|PHONE|false|1614460387844|Significant risk
17592186064278|1604148195496|RFID|false|1669223626088|Extreme risk
13194139553175|1599503202983|QRCode|false|1631093608372|Severe risk
26388279086488|1621437811415|MAC|false|1627007820140|Minimal risk
30786325597593|1624083890152|ATM|false|1664187307773|Minimal risk
13194139553178|1602059408632|MAC|false|1643097707572|Very high risk
52776558153115|1662346347649|NFC|false|1668718503733|Minimal risk
35184372108700|1633579848303|RFID|false|1661833661935|Critical risk
26388279086493|1620348164790|IPv4|false|1634397816390|Very high risk
13194139553182|1600155380559|MAC|false|1667262621324|Minimal risk
30786325597599|1623770675120|POS|false|1649448837200|Severe risk
61572651175328|1671848354994|QRCode|false|1672022741892|Significant risk
35184372108705|1634370042568|MAC|false|1667153165176|Very high risk
26388279086498|1622461367368|IPv6|false|1671930276738|Minimal risk
17592186064291|1610254615272|POS|false|1659606962187|Significant risk
35184372108708|1635094252952|MAC|false|1635858698067|Minimal risk
39582418619813|1637447243403|MAC|false|1664363187197|Moderate risk
13194139553190|1600773267114|IPv6|false|1615610516307|Severe risk
21990232575399|1611872242004|PHONE|false|1656605150540|Severe risk
61572651175336|1671424989804|ATM|false|1671698678933|Severe risk
48378511642025|1650266533859|IPv6|false|1668894567047|Minimal risk
30786325597610|1624560049422|MAC|false|1626792244611|Low risk
26388279086507|1622692499165|IPv6|false|1635871668591|Severe risk
35184372108716|1630505634288|RFID|false|1636936034948|Extreme risk
8796093042093|1596831521791|MAC|false|1610548159498|High risk
52776558153134|1657239659048|MAC|false|1659620644648|Significant risk
13194139553199|1597570511806|RFID|false|1636357992199|Extreme risk
26388279086512|1623001455241|NFC|false|1660207371795|High risk
19889|1581136771966|POS|false|1660656568085|Low risk
61572651175346|1670849830486|NFC|false|1672088683790|Severe risk
8796093042099|1594228149284|QRCode|false|1666638915529|Critical risk
13194139553204|1597726949827|MAC|false|1659923467949|Minimal risk
17592186064309|1610020420726|IPv4|false|1636245462496|Significant risk
52776558153142|1658681265979|IPv4|false|1672459961261|Minimal risk
19895|1581483707739|MAC|false|1632934211159|Moderate risk
26388279086520|1617549425394|QRCode|false|1652629336092|Critical risk
21990232575417|1615615294855|PHONE|false|1617053566521|Moderate risk
21990232575418|1614732954754|IPv6|false|1655302051274|Minimal risk
48378511642043|1651873024451|POS|false|1656168690794|Significant risk
43980465130940|1648092819091|IPv4|false|1654670026593|Minimal risk
35184372108733|1634770300699|RFID|false|1647718437953|Moderate risk
57174604664254|1668445027403|MAC|false|1672456807909|High risk
57174604664255|1666209423564|MAC|false|1672243160676|Very high risk
30786325597632|1626821847062|IPv4|false|1659351523610|Very high risk
4398046531009|1589727993522|IPv6|false|1602262371241|Significant risk
52776558153154|1659591324793|WIFI|false|1664669478323|Low risk
8796093042115|1591548371537|RFID|false|1602629962921|Moderate risk
4398046531012|1589216906195|POS|false|1649844039817|High risk
17592186064325|1609942481334|MAC|false|1636181000505|Moderate risk
13194139553222|1603330949437|ATM|false|1621552970665|Very high risk
39582418619847|1639447782437|MAC|false|1640174390026|High risk
61572651175368|1670641368355|IPv4|false|1671619680659|Critical risk
48378511642057|1652234296505|QRCode|false|1654952591192|Minimal risk
4398046531018|1585507391746|IPv4|false|1588251215833|Significant risk
4398046531019|1586343025971|MAC|false|1664619445907|Extreme risk
43980465130956|1646127612170|MAC|false|1651388118941|Very high risk
43980465130957|1648613160812|RFID|false|1666603705495|Severe risk
4398046531022|1586256815596|MAC|false|1587330954355|Minimal risk
43980465130959|1646370275364|NFC|false|1656986426328|Very high risk
4398046531024|1588332232785|POS|false|1643995509179|High risk
39582418619857|1636781607823|ATM|false|1646854236739|Significant risk
39582418619858|1643153246786|MAC|false|1661943635802|Low risk
17592186064339|1605744859423|QRCode|false|1608851533737|Extreme risk
39582418619860|1640781906799|MAC|false|1649616761247|Extreme risk
48378511642069|1652087554194|IPv4|false|1668762182900|Critical risk
19926|1580421028961|MAC|false|1646107387867|Critical risk
39582418619863|1638989377064|POS|false|1668558065742|Very high risk
48378511642072|1656049863162|PHONE|false|1661124707358|Extreme risk
8796093042137|1592939118785|NFC|false|1656970951256|Significant risk
17592186064346|1604126998187|WIFI|false|1645676876705|Extreme risk
43980465130971|1648727359912|ATM|false|1658141503229|Low risk
35184372108764|1635394855649|PHONE|false|1654861361983|Extreme risk
30786325597661|1625042143050|IPv6|false|1647648853036|Very high risk
4398046531038|1588146718249|PHONE|false|1647725799522|Significant risk
61572651175391|1669900059986|IPv6|false|1672239969398|Low risk
26388279086560|1622354479863|ATM|false|1662307765902|Low risk
8796093042145|1595909266524|WIFI|false|1640946845059|Critical risk
19938|1582769165263|RFID|false|1632624034413|Minimal risk
13194139553251|1602942438477|PHONE|false|1635426734662|Extreme risk
61572651175396|1671115112288|QRCode|false|1672340146750|Minimal risk
30786325597669|1628332530598|QRCode|false|1634283081857|High risk
39582418619878|1637986975724|IPv4|false|1650379112848|Moderate risk
26388279086567|1617745093687|PHONE|false|1666863835802|Severe risk
30786325597672|1629101449036|MAC|false|1652248293473|Moderate risk
30786325597673|1629831963247|PHONE|false|1660708747765|Very high risk
39582418619882|1639557354497|RFID|false|1654985937835|Critical risk
43980465130987|1649220989271|ATM|false|1670564642575|Moderate risk
57174604664300|1666248684107|WIFI|false|1671548848257|Low risk
48378511642093|1655399612396|ATM|true|1656628515264|Low risk
52776558153198|1659594354529|IPv6|false|1665717524525|Severe risk
17592186064367|1606872817137|IPv6|false|1671950485629|Significant risk
8796093042160|1595703446761|IPv4|false|1641921447789|High risk
17592186064369|1605715082445|WIFI|false|1639088450033|Very high risk
48378511642098|1650487945580|NFC|false|1657987023516|Low risk
13194139553267|1597507466875|IPv6|false|1609695806432|Minimal risk
21990232575476|1614962879114|IPv6|false|1658480459776|Minimal risk
43980465130997|1647185954656|ATM|true|1655422437833|High risk
48378511642102|1653614520882|MAC|true|1668655091734|Significant risk
52776558153207|1661192114214|POS|false|1665153452674|Significant risk
35184372108792|1634240348132|POS|false|1663230778099|Moderate risk
13194139553273|1598698308424|MAC|false|1658776394322|Minimal risk
30786325597690|1624805466091|PHONE|false|1664275257360|Very high risk
35184372108795|1635887618291|IPv4|false|1651670213194|Low risk
4398046531068|1588215106160|IPv6|false|1671172528220|Severe risk
13194139553277|1600064686730|IPv6|false|1649599129839|Critical risk
39582418619902|1640593530166|POS|false|1664079943548|Minimal risk
26388279086591|1617957260913|IPv6|false|1643770502202|High risk
35184372108800|1635929539269|IPv6|false|1662789470093|High risk
48378511642113|1655475844570|IPv6|false|1659000437516|Moderate risk
35184372108802|1635475579010|QRCode|false|1658837633758|Low risk
13194139553283|1600461239739|RFID|false|1652334692516|Very high risk
35184372108804|1630491276161|WIFI|false|1633525794406|Moderate risk
48378511642117|1650262404747|IPv6|false|1664304454005|Minimal risk
48378511642118|1654117075270|RFID|true|1666485952503|Moderate risk
8796093042183|1593333765345|MAC|false|1620315683981|Significant risk
13194139553288|1602141357705|RFID|false|1605068880908|High risk
4398046531081|1588015483183|QRCode|false|1671028692219|Critical risk
8796093042186|1592109548389|POS|false|1641638908704|Extreme risk
19979|1579149461168|NFC|false|1624243721070|Extreme risk
61572651175436|1669612057732|ATM|false|1670634833419|Severe risk
57174604664333|1663153579551|ATM|false|1666111820346|Moderate risk
8796093042190|1593601578313|ATM|false|1628236577732|Low risk
21990232575503|1610770697969|WIFI|false|1664339161570|Severe risk
57174604664336|1665374747159|POS|false|1670215017512|Significant risk
57174604664337|1666857133001|ATM|false|1667516191965|Significant risk
19986|1583193722179|PHONE|false|1663039568327|Critical risk
57174604664339|1667396492788|WIFI|false|1667548400778|Significant risk
19988|1580538907291|MAC|false|1594430837871|Moderate risk
19989|1583976786399|IPv4|false|1662656407634|Critical risk
30786325597718|1628080219817|IPv4|false|1666914401047|Low risk
19991|1583627394356|NFC|false|1611784779819|Very high risk
26388279086616|1621531445541|MAC|false|1643008964499|Critical risk
43980465131033|1647254717820|IPv6|false|1670301877399|High risk
43980465131034|1644263099673|QRCode|false|1654330830784|Very high risk
48378511642139|1652925677995|POS|false|1670997550875|Very high risk
52776558153244|1662479782764|ATM|false|1671773501324|Moderate risk
48378511642141|1652225433311|POS|false|1668053621562|Very high risk
8796093042206|1593335029332|PHONE|false|1635122951580|Severe risk
35184372108831|1636148858248|QRCode|false|1656569116789|Low risk
