fromId|toId|createTime|relation
19791209319968|4398046511274|1669279211639|parents
30000|19791209340711|1667365914409|parents
60000|28587302373179|1668150321945|friends
60000|24189255881877|1660829073348|siblings
19791209369968|21990232585959|1670098874047|siblings
19791209369968|13194139583443|1647825831194|parents
26388279066625|2199023286113|1670146743852|friends
26388279066625|13194139544532|1662374183354|parents
15393162798865|6597069837745|1647455186639|other relatives
15393162798865|6597069827012|1667190075008|business associate
10995116317761|17592186094550|1658611867191|parents
10995116317761|50334|1656757066494|friends
2199023315553|26388279077558|1666236388532|friends
2199023315553|17592186104948|1650973416642|business associate
19791209369969|8796093092344|1650909948330|friends
19791209369969|28587302363281|1666177201411|other relatives
24189255821074|40010|1672462055472|friends
24189255821074|15393162819848|1654596873298|parents
28587302362178|24189255821977|1671954468494|friends
21990232625522|6597069767571|1655264963379|parents
21990232625522|21990232626662|1646519619924|other relatives
26388279066627|24189255811683|1664232655736|parents
26388279066627|28587302362741|1668691856562|friends
8796093032211|30243|1606531723670|other relatives
8796093052211|13194139573893|1624670119603|friends
8796093052211|28587302362333|1667678917125|parents
30786325617731|70437|1669885997342|friends
30786325617731|28587302343161|1670356559914|business associate
15393162858867|13194139573898|1631066739654|business associate
26388279086628|2199023325579|1663774035933|siblings
26388279086628|11218|1668061251814|parents
10995116307764|50655|1647897200250|parents
10995116307764|6597069816910|1629387193407|siblings
13194139573316|4398046541402|1622795683631|parents
13194139573316|13194139553512|1668348642373|business associate
8796093072212|10995116338492|1631951940526|business associate
28587302392180|2199023306567|1669254822607|business associate
6597069806661|15393162839570|1668101008794|parents
6597069806661|28587302343168|1665400886234|parents
26388279136629|10995116308089|1659793019732|other relatives
26388279136629|13194139533432|1667949269445|friends
8796093022214|28587302392472|1666942828026|siblings
8796093022214|2199023286121|1623518144258|friends
20006|21990232576236|1669010916494|siblings
20006|24189255871221|1660461160313|other relatives
2199023295558|15393162819325|1642632652291|parents
2199023295558|13194139553571|1641652840420|business associate
28587302382182|6597069767823|1669297881282|siblings
28587302382182|264|1671935432262|parents
4398046581110|6597069826913|1612440636632|other relatives
4398046581110|10995116348174|1622416451925|business associate
28587302332183|15393162838973|1667610350656|parents
28587302332183|1052|1666819179995|friends
8796093042215|21990232616725|1656875906436|friends
19791209339975|70900|1654613355829|friends
19791209339975|8796093022410|1668085442660|siblings
26388279116631|26388279067075|1671019652602|friends
10995116347767|11217|1650158484503|other relatives
10995116347767|8796093092850|1627220411773|friends
2199023255560|26388279097842|1670167412045|other relatives
2199023255560|4398046541402|1611662170204|parents
10008|17592186084514|1655678755388|other relatives
15393162838872|2199023265565|1641725388301|siblings
26388279126632|8796093042865|1670361939083|friends
6597069836664|19791209300894|1668541066663|friends
17592186084425|17592186095230|1636438296774|siblings
8796093022218|30786325608159|1672439309912|parents
8796093022218|13194139593526|1659124283248|business associate
10995116307770|60544|1665361977760|other relatives
40010|17592186104555|1652007170967|other relatives
2199023315562|21990232575862|1672430805585|friends
2199023315562|10995116278769|1638571532796|business associate
24189255811083|30786325587910|1671034877567|friends
2199023275563|19791209371036|1648232110518|parents
2199023275563|60840|1644153823636|siblings
6597069826667|10995116318082|1633686286612|friends
17592186054428|8796093032495|1661867820683|friends
13194139593324|61082|1668562746992|friends
21990232555533|4398046581620|1668439720926|siblings
21990232555533|15393162829516|1649670686245|other relatives
19791209329981|19791209330126|1648167291946|parents
21990232605533|17592186094887|1664750276072|business associate
21990232605533|50639|1668702444548|siblings
21990232615533|28587302372384|1669025889614|siblings
19791209309982|17592186055404|1639044601576|business associate
19791209309982|26388279067518|1666913967747|friends
4398046541118|17592186094889|1639466209679|siblings
4398046541118|26388279096654|1668022425850|business associate
15393162838878|4398046562216|1671837687852|other relatives
15393162838878|8796093032988|1642530703174|friends
30786325647742|28587302393078|1669404888807|business associate
30786325647742|21990232595817|1669738884601|parents
30786325597743|15393162829322|1672212431658|friends
28587302352191|6597069787095|1671019461697|siblings
8796093062223|24189255852061|1654903851627|friends
4398046511120|17592186074506|1657770207816|business associate
19791209359984|21990232605764|1664694725731|friends
24189255881088|26388279126776|1670880019679|parents
24189255841089|15393162839439|1664821650451|parents
19791209349985|28587302352472|1670606601865|parents
13194139563330|2199023256119|1664708260393|business associate
13194139563330|30786325627923|1671197838771|friends
8796093062226|15393162859903|1634012956106|other relatives
15393162808883|15393162838945|1632921300576|business associate
15393162808883|26388279097582|1663014526149|siblings
24189255851091|26388279097007|1664311651212|business associate
24189255851091|8796093052499|1667415178109|parents
24189255861091|24189255821734|1661163325956|other relatives
24189255861091|26388279067335|1668421468369|friends
28587302322196|30786325608973|1671993783483|friends
28587302372196|10995116297976|1671472053150|siblings
13194139603332|17592186095256|1650376107586|parents
28587302332197|13194139553724|1672147675045|friends
28587302332197|26388279116876|1665688344104|siblings
20021|8796093072807|1629853197716|siblings
19791209349989|10995116328704|1644764856641|business associate
10995116347781|21990232615805|1661094262632|business associate
10995116287782|2199023265632|1641031716876|siblings
50022|8796093043244|1639252028273|parents
13194139573335|2199023325570|1646824619311|parents
13194139573335|17592186115324|1672272768923|siblings
4398046561127|21990232616336|1666653000469|friends
4398046561127|10995116297976|1659421176588|siblings
26388279136647|6597069776889|1660126819350|other relatives
24|20873|1620785030979|friends
24189255821096|24189255851572|1670564693453|friends
24189255821096|21990232556268|1669218324622|siblings
21990232585544|17592186064761|1658611094948|business associate
24189255851096|849|1670605152247|other relatives
24189255851096|24189255831503|1653055694048|parents
10995116327784|24189255851875|1663191700010|siblings
17592186044441|28587302332270|1665211643805|other relatives
17592186044441|2199023265933|1652161399964|friends
10995116317785|15393162839144|1626201387984|friends
10995116317785|24189255861339|1664018607583|siblings
13194139593337|2199023316515|1669655033854|siblings
21990232625545|19791209350133|1646917978995|parents
15393162788890|60482|1652049311760|friends
15393162788890|28587302382337|1672065689324|siblings
4398046521130|10995116308617|1657765893366|siblings
4398046521130|26388279117813|1668410049535|friends
15393162808890|10995116348623|1659163115142|siblings
4398046551130|30786325648061|1670820869291|friends
17592186094442|8796093092985|1663091034866|friends
17592186094442|4398046521176|1664843253991|parents
30786325637754|6597069787503|1671915491398|other relatives
30786325637754|24189255852061|1671342494988|friends
26388279136650|2199023326535|1662241256734|friends
26388279136650|26388279097103|1665265838575|friends
28587302322203|17592186095108|1666019583528|siblings
13194139543339|20873|1666017347908|business associate
24189255871099|13194139543886|1670814799351|friends
24189255871099|8796093032572|1665360435628|business associate
10995116287788|13194139583731|1668435850636|friends
10995116287788|17592186105585|1666504360316|other relatives
6597069806684|28587302382485|1670359236889|siblings
6597069806684|2199023255879|1605795544827|parents
6597069826684|19791209360962|1668238380312|business associate
19791209309997|2199023256357|1646116333768|other relatives
21990232585549|30786325607862|1672368794905|business associate
21990232585549|30269|1670614304845|parents
17592186084445|2199023305632|1654496617657|siblings
17592186084445|6597069807719|1668725978967|parents
17592186094445|17592186094794|1643322053097|parents
17592186094445|24189255841161|1669981499528|parents
30786325647757|17592186075575|1672107300331|parents
30|2199023265756|1643510732338|siblings
30|17592186104639|1651952560662|friends
10030|2199023265982|1637773044087|friends
10030|8796093083333|1665820163654|friends
17592186084446|17592186065428|1670049964187|siblings
17592186084446|30786325578007|1672051393417|parents
30031|15393162848873|1668094918216|parents
30031|15393162839606|1627654066130|parents
17592186104447|15393162819622|1665321605707|business associate
17592186104447|19791209350846|1649238036822|friends
32|17592186075108|1670927295033|siblings
32|2199023326025|1648528192837|business associate
13194139543344|24189255871159|1658317237698|friends
13194139543344|2199023265937|1629749753718|business associate
15393162818896|6597069817715|1655917985423|friends
13194139573344|21990232566580|1656300005695|parents
13194139573344|17592186064913|1660711742184|siblings
4398046561136|4398046561466|1648876413529|siblings
24189255861105|2199023256025|1667790315573|business associate
60033|21990232586215|1652058974130|parents
60033|10995116327833|1636760302136|parents
10995116287794|2199023256266|1657389459836|parents
26388279086658|17592186085398|1667329979392|business associate
2199023295586|13194139584358|1651673963280|other relatives
28587302382210|19791209300327|1670631572144|friends
21990232555555|24189255841486|1658112645722|business associate
21990232555555|4398046562230|1669517732361|business associate
13194139563347|30786325608439|1672448227687|business associate
15393162828899|19791209310962|1649043639864|parents
15393162828899|4398046531804|1650431190255|parents
26388279136659|19791209340390|1672321355621|friends
13194139533348|10995116298614|1649987285000|friends
13194139533348|8796093082299|1670172509429|siblings
15393162798900|21990232576242|1663149730061|business associate
17592186064452|8796093052672|1655344143729|siblings
17592186064452|13194139593784|1644179594842|parents
8796093052244|24189255862005|1664237108683|siblings
8796093052244|8796093062401|1649722544406|business associate
8796093062244|19791209360397|1659315019725|friends
2199023255589|8796093043244|1636920997615|parents
30786325587765|21990232556590|1672310823071|business associate
21990232575557|40739|1657251122916|siblings
21990232575557|24189255862143|1663166085504|friends
19791209330005|4398046531649|1649231024098|siblings
24189255881109|15393162850070|1671846596167|parents
24189255881109|8796093083144|1655000139587|business associate
8796093032246|13194139593694|1643169288621|parents
8796093032246|4398046511995|1613107268362|siblings
28587302352214|28587302372374|1671635780916|friends
28587302372214|4398046571106|1669157075250|other relatives
15393162848902|24189255881591|1670256375947|parents
4398046581142|26388279087708|1667943516661|business associate
4398046581142|26388279097108|1664730811233|business associate
26388279076663|28587302343362|1669705128269|friends
26388279076663|19791209310392|1668583172087|business associate
70039|26388279107556|1659909699472|business associate
70039|10995116328424|1661013154781|siblings
19791209300008|17592186104709|1647609115371|other relatives
2199023265592|8796093022737|1632574591824|siblings
2199023265592|21990232556754|1652210952204|other relatives
10995116297800|19791209361151|1658799547049|parents
10995116317800|21990232586075|1664505359513|business associate
10995116317800|10995116338986|1663209901256|siblings
17592186084457|24189255871159|1660116234373|business associate
17592186084457|13194139533687|1658194493338|parents
15393162788906|4398046571619|1640945061368|friends
26388279076666|26388279067293|1662368776657|siblings
19791209320010|4398046521472|1663726804488|parents
19791209320010|30786325588466|1672295072104|business associate
28587302372218|6597069777795|1667281380103|other relatives
6597069826698|21990232566694|1670627397243|friends
6597069826698|13194139533843|1671627778423|siblings
24189255881114|21990232606079|1670452762092|parents
28587302322219|2199023255767|1672430832573|friends
2199023265595|26388279086692|1663241932836|other relatives
2199023265595|4398046571491|1656301614060|siblings
24189255851115|4398046521577|1659640296362|business associate
2199023325595|4398046531957|1615099581837|other relatives
44|30627|1650023651578|parents
44|24189255881439|1657586691489|other relatives
30786325597772|21990232556754|1669767953277|siblings
30786325597772|21990232566377|1670067577875|friends
26388279096668|26388279087755|1668451127803|siblings
17592186074461|8796093093074|1665420901172|business associate
17592186074461|19791209361204|1647259192970|siblings
26388279136669|13194139533489|1666182269315|business associate
26388279136669|4398046531578|1666486513377|siblings
6597069776702|2199023256733|1657237730695|siblings
19791209350014|4398046521450|1644129498950|siblings
19791209350014|10995116278771|1655318749836|friends
60046|15393162789705|1650248015723|friends
60046|24189255882188|1664206550189|business associate
2199023255599|4398046511741|1653809611133|friends
2199023255599|13194139594452|1620900458451|siblings
24189255881119|24189255881552|1667952588546|parents
6597069786704|19791209341008|1660338265998|siblings
6597069786704|21990232596260|1658395524197|parents
21990232615568|15393162838912|1649610501482|friends
21990232615568|21990232585850|1648871334988|parents
70048|10995116328416|1643785657967|business associate
70048|24189255842262|1653982381688|business associate
13194139533361|4398046551890|1630042044929|other relatives
15393162818913|6597069787379|1667684421932|siblings
15393162818913|8796093082329|1658540595649|siblings
13194139573361|8796093052977|1658782929581|business associate
13194139573361|6597069807361|1646115904892|siblings
15393162838913|30786325648714|1672516279326|business associate
15393162838913|19791209360623|1659516278278|friends
21990232595570|21990232585991|1649794372573|siblings
21990232595570|8796093032515|1656964112227|friends
51|26388279067822|1660386756919|parents
13194139563363|15393162799931|1648931496240|business associate
21990232565572|30786325628537|1670843736444|friends
8796093072260|21990232576024|1666249161230|parents
21990232585573|70609|1668241855434|parents
28587302362229|2199023316399|1664647459605|parents
4398046531158|125|1645942673694|other relatives
17592186094470|15393162849258|1654420948271|friends
17592186094470|15393162839239|1645987015528|friends
4398046571158|10995116318316|1616750572545|business associate
4398046571158|21990232585796|1667082307077|parents
26388279136678|26388279106846|1669423048102|siblings
26388279136678|26388279087847|1669916113441|siblings
2199023265607|4398046571308|1662829673563|siblings
15393162808919|10995116308112|1660438288159|friends
15393162808919|10995116347978|1663640550484|business associate
6597069806711|21990232575923|1671385412059|friends
21990232605575|24189255811621|1666364699736|siblings
21990232605575|17592186094626|1649141291031|parents
70055|40345|1600879458939|friends
4398046541160|17592186054793|1637864368065|business associate
21990232605576|13194139573926|1650452266169|friends
30786325617785|30786325648830|1672071504328|business associate
4398046561161|2199023276372|1639898991468|siblings
4398046561161|71201|1651403438669|other relatives
4398046571161|19791209360150|1643141058700|siblings
13194139533370|2199023256678|1660742342952|siblings
13194139533370|15393162839381|1653636965551|other relatives
30786325607786|2199023325845|1672458395023|parents
30786325607786|8796093023450|1672492969209|other relatives
2199023255611|13194139533426|1629870925659|siblings
19791209310027|24189255881934|1658733271727|parents
19791209310027|28587302332895|1670038526644|friends
21990232595580|10995116298737|1656414218931|business associate
26388279116684|20146|1664342494252|friends
24189255821133|19791209341116|1658681923153|siblings
17592186074477|70249|1659834723827|siblings
19791209360029|13194139553639|1655857689493|siblings
19791209360029|19791209370931|1665329996337|siblings
24189255881133|2199023256322|1651974091751|parents
24189255881133|4398046561582|1659504962228|other relatives
8796093032270|13194139583731|1639766338606|parents
8796093032270|30786325618607|1672391255498|friends
26388279096686|8796093092684|1662429677953|friends
17592186104478|6597069776758|1670843995200|siblings
21990232615583|17592186114487|1661962457598|business associate
70063|2199023286276|1669392927391|other relatives
70063|21990232555962|1652740190433|business associate
10064|4398046532102|1641709135734|parents
10064|8796093062223|1631251914806|business associate
24189255851136|15393162859547|1662981594224|friends
24189255851136|13194139603478|1672477403301|parents
6597069766721|24189255871185|1662080000576|friends
6597069766721|17592186074422|1666450673820|parents
30065|630|1626839418259|business associate
24189255881137|6597069827902|1654010829549|other relatives
6597069766722|10995116308838|1646688735156|business associate
30786325587794|21990232596522|1671791541837|parents
10995116297826|6597069837163|1666744081708|friends
10995116297826|13194139603527|1653120648725|parents
26388279096690|30786325648823|1672469870882|parents
26388279096690|24189255872262|1671458617007|business associate
2199023305618|26388279107455|1662031914553|business associate
15393162858930|173|1654412915790|friends
10067|2199023276779|1609284357115|siblings
24189255881139|2199023326336|1666612989547|friends
24189255881139|19791209330158|1653622145639|friends
40068|19791209340826|1664004917903|siblings
28587302342245|19791209310758|1672255392860|friends
2199023285621|8796093032388|1642729740252|parents
8796093062277|2199023295599|1612668785061|business associate
17592186094485|6597069787379|1646893172607|business associate
17592186094485|13194139593843|1653610675905|other relatives
15393162858933|8796093072544|1636288217561|siblings
15393162858933|21990232576210|1658428442381|friends
2199023325622|40294|1644740574902|business associate
2199023325622|15393162809776|1649751173421|business associate
28587302332247|8796093092878|1670100428607|friends
28587302332247|2199023286065|1666511128819|friends
24189255841143|17592186104732|1659910826385|business associate
15393162818936|24189255861090|1667130856514|siblings
13194139593384|6597069826988|1648494167542|business associate
24189255881144|13194139593694|1659464792177|parents
24189255881144|26388279076921|1663934973965|other relatives
10995116277833|26388279116710|1668895961760|business associate
21990232585593|30786325638482|1672363149907|business associate
70073|24189255851398|1670894227078|siblings
10995116277834|2199023286084|1667562578697|parents
21990232605594|4398046531625|1658684058060|other relatives
17592186104490|4398046551613|1650017150381|siblings
17592186104490|10995116317957|1641339121706|friends
15393162788939|17592186095652|1638092570842|siblings
6597069806731|15393162808883|1643276466608|siblings
26388279066700|17592186095024|1665958136627|friends
26388279066700|20812|1662830409194|friends
13194139553388|6597069777468|1640312842308|siblings
19791209330044|8796093022587|1656614200255|friends
19791209330044|6597069807840|1641582692873|siblings
13194139573388|28587302343038|1672129876236|business associate
13194139573388|13194139584230|1646012431051|friends
13194139533389|2199023316102|1657659240198|friends
17592186064493|6597069826846|1666481732078|business associate
17592186064493|4398046571180|1653275471576|friends
6597069806733|8796093022585|1618096139751|parents
30786325577806|28587302363153|1672447296171|parents
21990232595598|26388279097264|1671707351115|business associate
15393162788943|15393162789951|1662373713666|friends
10995116287839|8796093022774|1631380179008|parents
10995116287839|21990232565860|1664497687883|friends
6597069826735|24189255841766|1671022603779|other relatives
6597069826735|15393162799534|1634324591246|friends
26388279086704|15393162849871|1664610158975|friends
6597069836736|60600|1652993750711|siblings
6597069836736|28587302343313|1668484313003|friends
21990232555601|2199023326165|1649320643026|friends
15393162818945|28587302392502|1672278577352|siblings
26388279106705|6597069787054|1663709256609|parents
15393162838945|2199023276522|1648205779432|other relatives
2199023255634|24189255862150|1659676149381|parents
2199023255634|4398046581889|1646820291302|friends
17592186064498|24189255811183|1659457724031|siblings
17592186064498|19791209330044|1649419164429|siblings
8796093092290|8796093062375|1650660527818|siblings
6597069766739|28587302363038|1668258323167|siblings
40083|13194139583768|1622968596016|siblings
17592186044500|4398046531594|1654546037895|parents
4398046531188|17592186115096|1667203950197|siblings
4398046531188|15393162838912|1642031680207|siblings
17592186104500|50534|1650791403964|business associate
17592186104500|30544|1637564178002|other relatives
17592186114500|17592186094530|1665108714381|friends
17592186114500|24189255862081|1658714021532|business associate
26388279116709|10995116328278|1662858479075|siblings
13194139533398|4398046551657|1628387469057|business associate
13194139533398|646|1649111301297|parents
20086|70249|1654028505369|friends
20086|10995116308772|1672349430268|other relatives
21990232615606|28587302322181|1670937180107|siblings
24189255881158|8796093042798|1663413486919|other relatives
24189255881158|10995116348343|1658558689050|friends
2199023275639|4398046522226|1646760215222|parents
19791209340055|21990232606352|1663821594878|siblings
19791209340055|13194139603580|1651262168595|parents
50087|19791209330309|1663204287536|parents
10995116277848|28587302333051|1671296822927|business associate
10995116277848|10995116308395|1645257524773|other relatives
70088|17592186094823|1671026305135|other relatives
24189255811161|19791209350152|1666200138977|friends
24189255811161|21990232576585|1659085101152|parents
10995116297849|17592186054821|1652514083188|other relatives
10995116297849|28587302322889|1667281815400|friends
24189255841161|17592186104435|1656165492697|business associate
10995116317849|30786325588922|1671825865601|siblings
26388279116713|19791209350641|1665804006251|parents
8796093032298|15393162809686|1631514190234|siblings
26388279086714|8796093023240|1662983532527|parents
26388279086714|15393162819902|1666470694120|parents
60090|10995116348431|1644689557160|friends
19791209320059|6597069837733|1649348939970|business associate
19791209320059|2199023326468|1669212401072|parents
13194139603403|10995116338822|1630786375589|friends
26388279066716|28587302343289|1670476042294|siblings
19791209310060|13194139604499|1659629977340|business associate
28587302342268|13194139593695|1669931384344|friends
30786325617820|4398046511308|1672252689519|friends
30786325617820|10485|1672490186398|friends
28587302372268|4398046561507|1669076854434|parents
6597069826748|19791209320494|1655816542748|siblings
6597069826748|13194139604316|1657151664961|siblings
30786325647820|8796093042841|1672424663535|friends
30786325647820|4398046551204|1672398352130|friends
8796093062301|8796093072528|1650934196023|friends
10995116277854|21990232626244|1671830547192|siblings
10995116277854|26388279087708|1670468562264|siblings
28587302332270|28587302342342|1667804299802|parents
28587302332270|26388279076876|1668687063012|siblings
2199023275646|13194139554342|1627259120540|friends
8796093052302|21990232605971|1657026404217|business associate
6597069816750|15393162830040|1632569909159|parents
6597069816750|10995116338612|1657890170804|business associate
21990232595615|6597069777892|1652355311252|business associate
21990232595615|17592186114475|1667389363476|business associate
21990232555616|684|1654680898290|other relatives
8796093082304|8796093042576|1624353902075|business associate
8796093082304|8796093032815|1621974570404|parents
24189255871169|30786325617785|1672090974476|other relatives
13194139563410|28587302342648|1669189729148|other relatives
13194139563410|26388279107059|1669317773080|business associate
21990232625618|15393162799657|1651304165819|business associate
21990232625618|26388279077090|1671961829697|friends
28587302322275|13194139594195|1664714599065|siblings
24189255841171|10995116327899|1660880024783|friends
24189255841171|26388279067454|1662989388230|other relatives
17592186044516|50447|1669382029455|parents
19791209360068|17592186085106|1639424184830|friends
19791209360068|28587302362575|1671072438813|parents
21990232575621|8796093052771|1666586816724|friends
17592186074517|13194139603737|1648546406216|friends
17592186074517|13194139553512|1643386319579|parents
10995116317861|21990232605886|1661986134851|friends
15393162858965|40545|1654493362376|business associate
15393162858965|2199023306171|1650474280399|friends
19791209300070|26388279097162|1667602281941|business associate
19791209300070|28587302373266|1670647094627|other relatives
6597069776758|19791209360812|1649143169825|friends
21990232585622|21990232615805|1666127992224|friends
24189255851174|19791209350544|1664546379789|parents
28587302372278|2199023296304|1669420502106|parents
6597069786759|28587302362246|1668999596003|business associate
6597069806759|2199023306364|1643241624507|business associate
6597069806759|13194139534019|1669516687820|parents
19791209350071|2199023326297|1639442162456|business associate
2199023325655|15393162809317|1626137734862|business associate
2199023325655|17592186064807|1665356260187|friends
10995116307864|28587302352864|1670968580683|parents
10995116307864|19791209310618|1672443690216|friends
17592186104520|8796093062780|1656349147807|friends
17592186104520|70646|1670059882943|business associate
28587302392280|10995116277848|1669135707882|parents
28587302392280|10995116328663|1667563935462|business associate
24189255811177|8796093043007|1660619959483|friends
24189255811177|15393162829935|1653647446822|siblings
2199023265657|15393162789283|1661199215037|friends
2199023265657|2199023285621|1635907046560|business associate
8796093042313|15393162839362|1625914597306|parents
30786325607833|21990232626459|1672176302066|parents
107|13194139543881|1625476671156|business associate
107|4398046552331|1639683290585|friends
2199023265659|2199023286423|1653189048134|parents
13194139553419|19791209331102|1659904141039|siblings
26388279076732|10995116308962|1671850403278|other relatives
17592186074524|28587302363073|1672366252565|siblings
19791209370076|4398046571180|1657417823302|friends
26388279066733|13194139574532|1664933079788|friends
19791209330077|21990232575812|1664195783768|business associate
19791209360077|2199023296626|1649108856322|other relatives
19791209360077|17592186074926|1658309448155|business associate
2199023255662|28587302373355|1668928783657|parents
2199023255662|8796093082550|1624062463429|friends
15393162808974|2199023256309|1661954389835|siblings
24189255811183|51058|1662193997108|other relatives
6597069786767|26388279127612|1665916476185|parents
6597069786767|28587302383009|1665898851769|friends
19791209340079|28587302352214|1667898204072|other relatives
19791209340079|19791209320331|1650373666917|business associate
28587302392287|2199023306267|1671294451466|friends
4398046521216|2199023286292|1631219472352|siblings
15393162828976|26388279117083|1665304384060|friends
15393162828976|2199023316236|1658605093250|friends
19791209360080|2199023326381|1647149376826|friends
4398046521217|15393162800016|1628083167429|parents
40113|24189255882240|1664025917987|siblings
24189255871185|26388279097443|1666897450544|business associate
24189255871185|13194139563754|1669588555630|other relatives
10995116297874|13194139533380|1660740797109|parents
10995116297874|19791209331198|1669948706951|friends
26388279096738|17592186065559|1659884458273|siblings
17592186084530|10995116318798|1650138323676|friends
17592186084530|8796093033212|1663686611272|other relatives
26388279116739|28587302343120|1665280219669|parents
6597069796772|28587302352214|1671728890983|friends
6597069796772|26388279077067|1664142389622|siblings
8796093082324|8796093052924|1634852085601|friends
8796093082324|13194139563935|1660918166819|friends
8796093092324|6597069776941|1632124762202|friends
24189255831189|13194139563788|1664401452915|friends
24189255831189|4398046571510|1654453871004|business associate
17592186084533|8796093072480|1646120145933|siblings
17592186084533|21990232566436|1661492278250|parents
30786325627845|8796093042394|1671727798062|friends
30786325627845|10995116348456|1671937636674|parents
10118|13194139553388|1654905564850|parents
6597069786774|19791209300901|1665972485390|parents
6597069786774|17592186085620|1670155660373|friends
6597069766775|15393162799207|1634647209336|parents
6597069766775|2199023256765|1610919381762|other relatives
4398046531223|10995116317818|1670038964293|business associate
26388279106743|28587302363243|1672147559905|parents
26388279106743|15393162840038|1659804358270|siblings
28587302382295|19791209341189|1671508932059|parents
13194139603431|30980|1630394908890|friends
13194139603431|15393162808883|1657703183145|business associate
28587302392296|21990232556563|1670996872114|siblings
28587302392296|24189255861227|1671873870356|siblings
13194139563433|8796093022236|1621367878702|business associate
13194139563433|21990232596115|1651456697791|friends
10995116327881|21990232586309|1656711791549|parents
10995116327881|15393162809231|1646593244596|friends
6597069806778|28587302362924|1671592426277|business associate
6597069806778|13194139544130|1669130892200|parents
19791209300091|2199023256734|1657018382914|friends
19791209300091|20724|1659556223001|friends
10123|24189255811261|1660870647641|parents
10123|24189255871524|1672312413531|friends
10995116277884|24189255811873|1655076029742|business associate
19791209310092|15393162859058|1658366592008|parents
19791209310092|30786325588391|1669943146157|siblings
17592186064540|19791209370811|1644249570795|friends
26388279106748|21990232565672|1662755547177|friends
26388279106748|19791209350847|1669112784606|parents
125|28587302362858|1667359207710|business associate
125|6597069797664|1630875652792|other relatives
13194139543437|17592186094457|1632226689855|friends
15393162818989|10995116318422|1652466314880|parents
15393162818989|10995116288614|1647599014835|other relatives
8796093072333|13194139573676|1662696895234|parents
6597069826781|10995116337951|1635376606139|parents
6597069826781|17592186114913|1654233337165|friends
2199023265678|15393162839261|1658997725102|siblings
19791209320094|13194139553463|1646005744707|friends
19791209320094|19791209350651|1652896482197|parents
2199023295678|13194139543556|1639984942398|siblings
24189255871198|21990232625691|1669963747140|siblings
13194139563439|2199023296321|1624793395137|parents
13194139563439|26388279076757|1667227137089|friends
15393162828991|21990232596678|1650465589961|siblings
19791209350095|10995116317761|1661587596366|other relatives
15393162798992|24189255832213|1664443605581|friends
40128|50859|1622056500180|friends
40128|17592186095552|1638794728787|friends
4398046561232|10995116328416|1663417603934|parents
4398046561232|21990232565791|1661485198117|business associate
28587302392304|4398046542215|1670787469533|parents
17592186064545|17592186115467|1639372357814|friends
15393162818993|8796093083127|1635541890807|business associate
15393162818993|2199023295997|1661462415561|parents
24189255831202|40838|1669605212487|other relatives
24189255831202|26388279086796|1663674556127|parents
50130|30786325598325|1672220407031|other relatives
8796093032339|13194139563433|1645665551862|siblings
8796093032339|26388279076723|1657820560779|friends
19791209330099|19791209300350|1659737317373|other relatives
13194139583443|10995116298886|1659654893613|siblings
13194139583443|31028|1629179655844|friends
8796093092339|30485|1659663235823|parents
8796093092339|21990232595914|1660167123869|other relatives
13194139563444|15393162828976|1635769695958|parents
2199023315684|24189255831115|1656366892242|siblings
26388279076757|24189255881629|1661199233007|business associate
13194139563445|15393162859185|1649087757060|siblings
4398046561237|13194139533901|1646295947970|business associate
19791209360101|26388279107253|1664650039858|business associate
19791209360101|4398046572135|1648149807917|friends
10995116277894|2199023256494|1622390813751|parents
10995116277894|4398046571289|1617711921713|friends
17592186084550|19791209370536|1656222239231|parents
17592186084550|13194139544173|1670847179644|friends
6597069836790|6597069837203|1652446337649|other relatives
6597069836790|15393162819314|1656931680290|parents
26388279066759|21990232556110|1663140577146|siblings
13194139553447|30786325588261|1670949788128|other relatives
13194139553447|17592186115160|1640781642367|parents
10995116287896|30016|1663577970948|business associate
10995116307896|17592186055218|1640871162616|friends
21990232555657|28587302362680|1668561934097|friends
21990232565657|21990232616155|1657475538768|other relatives
21990232565657|6597069767827|1666195771411|business associate
15393162829001|15393162859203|1661098311833|friends
15393162829001|6597069807405|1669549916874|friends
21990232605657|30786325598036|1672109939969|business associate
4398046571241|13194139534188|1646764297402|siblings
4398046571241|24189255841867|1661617755684|friends
8796093022346|26388279077316|1671700839547|friends
20138|8796093033314|1641252113498|friends
20138|13194139583813|1661746253706|siblings
10995116317898|6597069817266|1671753828459|business associate
2199023305690|8796093092942|1655193001524|parents
21990232555659|2199023306648|1671167939114|business associate
24189255821211|19791209350634|1672122369076|siblings
21990232585659|28587302322245|1669768417982|friends
21990232585659|24189255831382|1660458683259|siblings
10995116327899|15393162809241|1640879584719|business associate
10995116327899|6597069787571|1632257604266|friends
19791209320108|4398046581726|1642339699787|business associate
19791209320108|13194139593337|1663207364406|siblings
4398046561244|30786325627873|1671750866917|friends
6597069836796|6597069807858|1624171634589|siblings
19791209300109|10995116297866|1648965223938|parents
4398046521245|15393162819543|1670024867446|siblings
4398046521245|26388279107636|1667500663298|business associate
21990232625661|2199023275587|1654985247254|siblings
26388279106766|19791209340778|1666555300844|siblings
8796093072350|4398046561862|1629148209664|siblings
8796093072350|13194139573470|1658480335761|parents
26388279126766|8796093023402|1665182853956|friends
8796093032351|28587302363223|1671996277404|parents
26388279096767|15393162799848|1662120895314|business associate
26388279096767|15393162809852|1661386375571|business associate
17592186084559|17592186065621|1660777746079|friends
17592186084559|15393162839436|1647360144077|business associate
8796093022352|26388279107172|1670168265295|business associate
24189255841216|20677|1671167473193|business associate
17592186104560|30786325648069|1671517295473|other relatives
17592186104560|28587302362490|1666863905503|business associate
4398046511249|24189255871341|1656737004705|siblings
4398046511249|15393162839294|1630430403828|friends
8796093042353|21990232566595|1662375014797|parents
8796093042353|8796093093317|1654451035556|siblings
30786325627873|6597069797532|1671874524278|business associate
30786325627873|13194139563895|1671688887097|other relatives
60145|6597069766679|1634320751251|other relatives
60145|15393162839236|1658079307437|other relatives
10995116347905|4398046531575|1646532414087|siblings
10995116347905|10995116328474|1665913923809|other relatives
17592186074562|21990232615960|1651209327516|friends
10147|8796093072355|1661131530788|parents
10147|4398046581807|1652376637672|business associate
4398046531251|21990232605865|1660760686382|parents
4398046531251|15393162839262|1635740131054|other relatives
8796093072355|8796093082403|1633106827232|siblings
8796093072355|21990232585892|1665796981929|business associate
4398046581251|24189255851634|1655308529693|business associate
2199023255700|19791209350348|1669271077850|friends
13194139563460|13194139534515|1623857450209|friends
13194139563460|26388279096670|1662686871428|parents
15393162829012|26388279067442|1662912889248|parents
15393162829012|8796093043366|1634095736339|siblings
26388279066773|8796093083207|1660933980809|parents
10149|60134|1658983495983|other relatives
10149|6597069776850|1661955244372|other relatives
26388279096773|30786325598103|1671277448342|siblings
26388279096773|26388279077642|1668459666461|other relatives
21990232595669|28587302392481|1671713031190|friends
8796093072357|19791209360101|1640171825987|siblings
8796093072357|6597069797339|1621278429054|siblings
19791209370117|21135|1638841244138|siblings
28587302332327|28587302352214|1667844676391|parents
28587302332327|13194139534188|1666673023524|friends
17592186094567|24189255841479|1661283396933|business associate
17592186094567|17592186075654|1652860410163|friends
19791209350120|26388279107724|1669561666962|siblings
19791209350120|8796093042971|1662461525767|other relatives
6597069766809|10995116288638|1621124517937|friends
6597069766809|21990232575978|1654153571195|friends
24189255821225|24189255852081|1668940325657|friends
24189255821225|13194139564038|1652609058838|friends
8796093042361|26388279077382|1664997118108|business associate
30786325627881|15393162820028|1672396112049|friends
30786325627881|19791209360928|1672344825128|siblings
8796093082361|8796093052230|1670813414359|parents
8796093082361|15393162849024|1659652594413|siblings
4398046581257|24189255821148|1669337536565|friends
10995116287914|2199023305568|1650560255960|friends
10995116287914|15393162849258|1630631277097|parents
8796093042362|6597069837418|1654531562797|other relatives
21990232575675|19791209310640|1667914979174|parents
21990232575675|173|1660275132013|siblings
6597069806811|17592186115251|1664202798613|parents
13194139533468|17592186074815|1660658445090|siblings
26388279086780|26388279107199|1669092341506|siblings
6597069796812|24189255861302|1663816432821|business associate
6597069796812|8796093062845|1621667535604|business associate
2199023295708|13194139543663|1642572416896|other relatives
19791209360124|6597069827434|1644667350538|friends
15393162789021|6597069787888|1634904420892|parents
15393162789021|24189255831660|1660548306939|friends
24189255821229|26388279076981|1662497033435|friends
24189255821229|4398046581211|1668798066343|other relatives
28587302352333|2199023296222|1667607896373|friends
28587302352333|15393162838912|1671313972915|siblings
28587302362333|2199023315562|1666245110055|business associate
17592186094573|21990232616190|1659638970199|other relatives
13194139533470|2199023316515|1667816595676|parents
2199023265710|10995116338540|1667013217332|friends
20158|13194139583900|1636134703959|business associate
20158|26388279117558|1665403930067|parents
13194139573470|28587302353127|1670469348711|other relatives
17592186044575|28587302342337|1671020829172|business associate
17592186044575|15393162849595|1643906884281|business associate
19791209310127|6597069817057|1671327293475|parents
15393162809023|8796093082258|1631153357764|siblings
17592186074575|26388279087712|1663159057538|business associate
10995116287920|26388279077419|1664435306076|business associate
10995116287920|70483|1653435250111|business associate
10995116317920|2199023316302|1647679994697|friends
10995116317920|19791209340427|1653696621871|parents
4398046581264|50626|1628690855806|business associate
4398046581264|2199023286132|1662809651817|parents
21990232585681|257|1656707983817|business associate
24189255861233|13194139593848|1660174716252|parents
15393162859025|30786325588506|1672487025021|friends
2199023265714|10995116287777|1635821634968|other relatives
20162|24189255851706|1671527271309|siblings
6597069816818|21990232576203|1669282843850|parents
6597069816818|28587302372211|1669096797826|friends
24189255881234|19791209320511|1670393727780|friends
24189255881234|19791209320210|1655202059550|siblings
8796093052371|19791209320167|1662891900944|parents
8796093052371|26388279097699|1665383477806|other relatives
19791209360131|28587302343223|1671606210488|friends
19791209360131|30786325628922|1672326631953|parents
6597069766820|4398046521803|1626805097864|parents
28587302342340|13194139604027|1669736771047|friends
28587302342340|21990232596379|1669093369202|parents
24189255861236|17592186095318|1672018780349|friends
21990232615684|2199023296770|1668800432303|friends
21990232615684|28587302382974|1670222879563|siblings
8796093032373|17592186054466|1661563333623|business associate
15393162809029|26388279097399|1667679020818|friends
2199023315717|19791209331113|1658216987672|friends
2199023315717|15393162809776|1648732282310|parents
2199023265718|30786325648061|1670820816488|siblings
2199023265718|17592186095516|1635655224947|siblings
24189255841238|26388279067628|1659871160524|siblings
24189255841238|30210|1665551580721|friends
17592186044583|28587302352217|1671830205797|business associate
17592186054583|10995116289007|1640104840865|siblings
17592186054583|30123|1651895420484|business associate
24189255841239|2199023275960|1663119467762|friends
50167|20146|1587852649151|business associate
50167|17592186104880|1652244220315|siblings
21990232555688|21990232625618|1666630917725|other relatives
15393162799032|17592186114546|1662078433271|friends
20168|6597069776835|1643740673736|business associate
20168|10995116338086|1627668447197|siblings
8796093042377|4398046561317|1638553915487|business associate
28587302352345|28587302343011|1669612286978|other relatives
28587302362345|15393162858867|1670519742115|friends
28587302362345|17592186045378|1668999977478|business associate
4398046511274|17592186074417|1669928595560|other relatives
6597069776827|19791209360098|1669023287701|friends
19791209320139|15393162829813|1650998864665|friends
19791209320139|17592186074601|1652443908298|friends
26388279086796|13194139533372|1671578729798|siblings
28587302362348|4398046531517|1671737164696|business associate
4398046561276|24189255822115|1652914872416|business associate
26388279126796|2199023295953|1667297336583|business associate
26388279126796|17592186105488|1660336465481|parents
15393162859036|17592186054961|1663232473928|other relatives
173|30243|1663514657141|friends
6597069796829|30786325578724|1671910629373|siblings
6597069796829|19791209350937|1641092927247|siblings
40173|24189255821404|1661913763274|friends
19791209360141|19791209350741|1656502960165|siblings
13194139533486|26388279117360|1670966522373|parents
13194139533486|2199023255836|1627746459782|siblings
17592186064590|13194139534481|1648160427013|parents
17592186064590|2199023265841|1662558276481|business associate
19791209360142|10995116298650|1641377767289|siblings
19791209360142|21990232626040|1658598463662|parents
26388279136798|26388279097032|1666109505557|business associate
26388279136798|13194139554092|1665881968908|parents
26388279066799|15393162789997|1661934736553|other relatives
26388279066799|4398046511731|1661190968873|siblings
17592186074591|19791209300080|1657282330003|friends
17592186074591|21990232565860|1659402314364|siblings
28587302362351|8796093023240|1670258013588|business associate
8796093072383|28587302342751|1666726736914|business associate
26388279126799|30786325607816|1670067104864|other relatives
26388279126799|15393162819325|1665721775230|friends
10995116287936|30786325607786|1672410025914|friends
10995116287936|4398046582022|1622021395989|friends
17592186084592|24189255871695|1654186581472|siblings
17592186084592|8796093052869|1658162929156|friends
13194139603488|24189255822023|1669276536462|parents
13194139533489|19791209350515|1671549507019|siblings
13194139533489|2199023276099|1646915604940|other relatives
6597069776833|19791209310538|1645895119223|other relatives
6597069776833|6597069777687|1637733388926|parents
21990232575697|17592186065308|1655477503969|parents
21990232575697|28587302342370|1668386894569|other relatives
4398046531282|21990232616704|1670935278893|siblings
4398046531282|70969|1599979781190|parents
2199023325730|30786325598288|1670896531860|siblings
40179|24189255871747|1666018151161|siblings
40179|30441|1653590532886|friends
6597069836835|24189255841469|1652825494405|siblings
6597069836835|8796093092372|1656265068683|parents
8796093032388|21990232605575|1668315916811|other relatives
40180|19791209350925|1656796739230|parents
40180|19791209360124|1643093765978|parents
6597069816836|2199023285964|1667663033976|parents
6597069826836|30809|1626462564035|friends
6597069826836|8796093092352|1638480605833|other relatives
4398046541285|17592186045378|1654356755202|friends
24189255881253|28587302362339|1670456543872|friends
17592186044598|8796093042648|1643988314255|parents
17592186044598|4398046562120|1660067161846|friends
30786325587910|30786325628778|1672126286662|siblings
30786325587910|17592186085620|1670064825039|siblings
19791209360150|17592186094943|1671795099583|siblings
19791209360150|15393162789544|1652834028581|business associate
10995116347942|21990232616087|1646190297353|business associate
10995116347942|21990232596576|1660832453909|friends
6597069766839|1057|1638103649778|other relatives
6597069766839|13194139554315|1621604678835|other relatives
10995116287943|13194139563364|1651250080259|friends
8796093062391|8796093073438|1632789062803|siblings
30786325627911|10995116307864|1670245166397|business associate
30786325627911|26388279066773|1671050358315|other relatives
24189255811256|8796093083127|1663634020841|other relatives
19791209320152|17592186074591|1658991803937|friends
19791209320152|13194139583756|1649159632997|siblings
19791209350152|10995116348076|1664467155138|siblings
60184|15393162809225|1664809484188|siblings
60184|15393162859843|1672384508792|parents
28587302342361|2199023306119|1671051547755|friends
17592186074601|6597069807511|1645861447753|other relatives
17592186074601|8796093052645|1638490205016|siblings
2199023305737|26388279136798|1663478998677|business associate
2199023305737|28587302362198|1669963409872|parents
13194139543498|17592186094887|1668912534756|business associate
4398046551290|4398046511439|1660385692667|business associate
4398046551290|24189255852068|1663022749054|parents
2199023305738|8796093093435|1639822220729|business associate
2199023305738|15393162839236|1645085628730|friends
21990232625706|26388279097014|1667892564887|siblings
21990232605707|19791209370952|1648024962528|parents
10995116337947|10995116278362|1648648376573|friends
6597069776844|17592186045291|1644046471653|business associate
19791209340156|15393162799345|1667677110999|siblings
19791209340156|21990232556316|1653433048735|business associate
24189255811261|24189255842059|1659901097135|siblings
24189255811261|26388279097274|1665119900294|parents
40189|30786325618950|1672082316829|parents
15393162849053|15393162838912|1651252827061|business associate
15393162849053|26388279127176|1671369248501|friends
19791209330158|4398046572285|1653718483691|parents
19791209330158|15393162838901|1644165584579|siblings
15393162829054|26388279107843|1668273826460|other relatives
15393162829054|28587302343249|1669862153245|business associate
6597069826846|10995116297866|1653208601314|friends
6597069826846|6597069837677|1620523530847|parents
8796093092398|26388279117098|1659763579372|friends
10995116317951|6597069837466|1618123687630|other relatives
10995116337951|10995116288338|1661406964720|business associate
10995116337951|28587302322685|1664614856614|other relatives
8796093092399|4398046581142|1671362985120|other relatives
10192|15393162819966|1641817146504|friends
10995116317952|28587302382934|1667883822325|business associate
8796093022401|24189255811767|1658648731623|friends
8796093062401|13194139584312|1649768487538|parents
8796093062401|21990232585850|1657508535231|other relatives
2199023255746|21990232576537|1662909606817|siblings
28587302342370|15393162829059|1668656488880|siblings
28587302342370|10995116327899|1668374283191|friends
24189255861266|13194139554032|1655658359337|other relatives
24189255871266|26388279067868|1670054443646|business associate
19791209300163|8796093062954|1664425454469|friends
6597069786851|21990232605973|1660417783142|siblings
19791209330163|60577|1661050562412|friends
8796093082403|30786325637757|1670542956172|parents
8796093082403|24189255812308|1655748275628|business associate
17592186114611|8796093042240|1643716938635|friends
17592186114611|20732|1640143819272|business associate
17592186064612|10995116277833|1652912357510|siblings
17592186064612|8796093042841|1648999399131|business associate
8796093062404|26388279126693|1668302550865|friends
8796093062404|2199023316607|1623936499061|business associate
24189255861268|13194139553705|1670754798412|friends
13194139553509|4398046551495|1644896995796|friends
13194139553509|4398046561632|1638784279402|business associate
10995116287958|6597069796922|1613427158333|parents
13194139593510|26388279086914|1670359384195|parents
13194139593510|6597069787888|1659650423674|friends
17592186044615|10995116327784|1638027309480|friends
17592186044615|21990232575837|1669370103266|siblings
19791209310167|10995116278165|1648503789728|business associate
19791209310167|6597069787135|1643748043075|friends
2199023285751|10995116348343|1666630213938|friends
21990232595719|30786325618426|1670653431712|business associate
21990232595719|17592186084559|1668786312854|other relatives
2199023315751|4398046511663|1628132899510|other relatives
2199023315751|28587302382488|1667787446552|business associate
15393162789064|17592186085597|1631644993338|business associate
21990232585720|17592186065303|1653976503569|siblings
24189255861272|15393162849732|1670710061871|friends
24189255861272|21990232586316|1668246456305|parents
28587302332377|19791209310027|1665845626582|friends
2199023275753|13194139563775|1627415084140|friends
19791209350169|24189255822271|1668210664216|friends
19791209350169|4398046541774|1671672475578|other relatives
26388279126825|19791209300330|1663045090263|business associate
26388279126825|17592186074575|1664455891319|business associate
10995116347961|8796093082361|1622931927948|friends
10995116347961|4398046561767|1628767552788|parents
10995116287962|13194139593814|1647982880847|other relatives
26388279086826|8796093053442|1662904122045|siblings
6597069796858|19791209330830|1641409754627|friends
6597069796858|8796093062244|1649053673818|friends
13194139583514|8796093042822|1660118543221|siblings
13194139583514|15393162819212|1665883065322|friends
15393162849066|8796093052762|1665664874400|friends
10995116297963|26388279117558|1664998782197|business associate
10995116347963|10995116288448|1672347123626|parents
4398046511308|21990232615915|1647854061110|business associate
2199023265756|6597069777789|1656178381570|friends
2199023265756|24189255861075|1666771502277|business associate
19791209330172|6597069796948|1639613482728|parents
26388279116828|4398046522226|1671887798156|friends
26388279116828|13194139593730|1669130203177|siblings
4398046571308|30485|1644542758217|siblings
70204|26388279097802|1660583651804|other relatives
70204|4398046522168|1605966830923|friends
21990232555725|19791209350803|1669606406722|friends
21990232555725|15393162840031|1656554215709|parents
6597069806861|2199023295992|1610454371286|friends
15393162859069|28587302322770|1667630975703|siblings
15393162859069|4398046541293|1664233782797|business associate
19791209300175|19791209320961|1662624795186|friends
13194139553519|13194139603332|1645151821779|friends
13194139553519|10995116318715|1628454167385|parents
28587302352383|2199023295888|1668169535262|parents
30786325617935|8796093052977|1672217375456|parents
30786325617935|13194139543437|1672001953253|parents
26388279116831|10995116318650|1672220764428|friends
26388279116831|19791209300285|1660232342387|friends
2199023315759|26388279137216|1672030679007|other relatives
24189255881279|10593|1668094189136|friends
24189255881279|28587302323325|1670607702054|parents
6597069786864|8796093072960|1626124061559|business associate
28587302372384|28587302333071|1668513732016|siblings
21990232615728|24189255811527|1651652913677|parents
6597069836865|6597069806731|1666119844430|parents
13194139573522|8796093082670|1649484132994|business associate
13194139543523|13194139533750|1637100437569|parents
26388279086835|30786325578345|1670643126887|friends
26388279086835|15393162789327|1666300150202|friends
30786325607939|10995116288805|1671740161818|siblings
8796093062419|24189255841552|1661758159594|friends
2199023315763|70740|1622142865793|other relatives
2199023315763|28587302392331|1666881901818|parents
30786325647939|13194139603919|1669938276946|parents
4398046511316|24189255871387|1663081020383|siblings
19791209320180|10995116328448|1657967961354|other relatives
19791209330180|13194139554317|1650491684260|parents
19791209330180|8796093062999|1663223986857|parents
8796093072420|19791209360381|1653350699399|siblings
2199023315764|26388279066796|1666841403686|parents
10995116347972|4398046521790|1621522119725|other relatives
10995116347972|26388279126973|1667811337562|siblings
2199023255765|28587302372458|1669472787309|business associate
10995116277974|15393162800030|1670000040291|friends
13194139593526|15393162839460|1628631427183|friends
13194139593526|8796093042769|1649995321338|siblings
4398046581318|28587302352911|1671916729723|business associate
10995116287975|70183|1653805553341|friends
10995116287975|24189255861233|1659867684610|business associate
17592186064631|10995116287770|1660777109598|business associate
17592186064631|6597069776846|1663410107940|parents
13194139603527|19791209320144|1670272855607|business associate
13194139603527|4398046541477|1669744808100|business associate
40216|28587302342292|1669882579146|friends
40216|2199023286258|1596880187265|friends
2199023305768|24189255831150|1670872487001|business associate
26388279126840|2199023265727|1667084430026|parents
26388279126840|24189255831513|1663280436828|parents
6597069786873|19791209310189|1654928272554|business associate
6597069786873|6597069827757|1612294801773|other relatives
10995116277978|6597069817762|1650242565695|friends
8796093032426|60666|1649329166098|siblings
8796093032426|17592186064807|1645931623318|siblings
2199023295770|2199023255955|1665783617609|parents
17592186094634|15393162859926|1659149270830|business associate
10995116337978|13194139543523|1663960822833|parents
10995116337978|60463|1619794393558|friends
10995116347978|26388279116631|1665149157134|parents
21990232585739|10995116308971|1661773161021|siblings
21990232585739|28587302332247|1668209495316|parents
21990232555740|19791209350993|1655975257985|parents
28587302342396|28587302342342|1667885598718|siblings
28587302342396|13194139533470|1665081734032|siblings
13194139553533|15393162819898|1656648177922|friends
28587302352397|6597069776917|1666900281008|friends
28587302352397|30786325608475|1671084105614|business associate
13194139583533|13194139573513|1665875059240|parents
13194139583533|13194139604277|1620387258831|siblings
28587302382397|26388279126766|1670883830980|business associate
26388279076846|2199023306472|1666372101674|siblings
24189255841294|24189255821133|1663725298784|friends
24189255841294|21990232616079|1666251633652|parents
21990232605742|28587302342364|1671582714767|friends
28587302382398|24189255841790|1671803564254|parents
28587302382398|13194139604381|1668378827955|friends
40223|6597069836923|1652409234710|friends
40223|6597069806998|1632965564657|parents
17592186104639|4398046571456|1669844641461|friends
17592186104639|30786325647757|1671635875354|friends
21990232555744|26388279087046|1667505283584|business associate
10224|26388279117746|1672001974944|parents
17592186104640|4398046551142|1646691440632|parents
17592186074641|8796093042377|1652485806141|parents
13194139573537|6597069807510|1643792407860|business associate
13194139573537|6597069817388|1656992333428|business associate
24189255861297|17592186075603|1661680857226|siblings
24189255861297|19791209341157|1664692173496|friends
19791209300194|26388279077543|1668167046661|siblings
10226|30786325618665|1671300220999|friends
17592186074642|28587302323074|1669028657746|business associate
60226|985|1659514721730|friends
70226|21990232626662|1667400079640|other relatives
15393162799091|13194139604255|1647740151246|siblings
15393162799091|13194139534376|1666718659060|parents
30227|19791209310618|1670096220490|siblings
30227|4398046571307|1622388989790|business associate
24189255851299|2199023275741|1669149732910|siblings
17592186114643|10995116347854|1655986691929|friends
17592186114643|6597069797676|1648312179811|friends
6597069806884|4398046571744|1604495866425|other relatives
17592186104644|4|1645625221925|siblings
4398046551333|4398046581807|1609652033041|parents
4398046551333|21990232596489|1650899242105|friends
17592186094645|24189255831872|1659741413063|parents
13194139533542|8796093062323|1622129910096|friends
40230|28587302322700|1672153398221|parents
40230|4398046532171|1649944537514|business associate
2199023255783|15393162789298|1642714620072|siblings
8796093062439|20586|1657697886715|parents
2199023325783|6597069827300|1650601928436|other relatives
2199023325783|17592186055468|1654319479171|friends
28587302322408|17592186065214|1670191550902|siblings
2199023265784|10995116278999|1655717870280|parents
2199023265784|10120|1650268420030|parents
4398046531336|10995116288805|1667732231892|friends
4398046531336|4398046572052|1631815965180|business associate
6597069806888|15393162809265|1658855136247|other relatives
13194139583544|10995116328594|1668246200846|business associate
15393162849096|6597069787582|1660469139314|parents
15393162849096|30786325588132|1670693794929|other relatives
10995116347992|8796093092239|1617675818889|siblings
10995116347992|8796093033262|1657821554872|siblings
24189255811305|28587302383328|1670737001020|friends
6597069776889|21990232586653|1650593666958|friends
6597069776889|19791209359984|1666433894096|friends
24189255841305|8796093072807|1660140875604|siblings
24189255841305|4398046521553|1654409919314|business associate
10995116317993|19791209340192|1642566260202|business associate
10995116317993|6597069806861|1617207860249|other relatives
6597069816889|15393162829937|1634122736398|business associate
6597069816889|21990232626553|1657588894820|business associate
28587302382409|10995116327886|1668876390529|friends
28587302382409|19791209350877|1668559310854|siblings
19791209370201|4398046521450|1660462553935|friends
19791209370201|2199023276593|1653443978491|friends
15393162789098|6597069777078|1671643017546|friends
19791209310202|13194139564238|1652839606421|business associate
19791209310202|28587302382709|1672112628345|business associate
4398046551338|17592186105233|1649439490612|business associate
21990232605754|15393162799691|1649826016131|friends
28587302322411|636|1670753799721|friends
236|315|1671263620235|siblings
236|17592186084702|1642439828350|friends
10236|19791209360187|1659520675810|siblings
10236|26388279116828|1663154100704|parents
20236|6597069827166|1599542831751|parents
20236|24189255881104|1660308831418|friends
28587302352412|2199023276616|1669861622887|business associate
28587302352412|2199023305815|1670321651838|siblings
19791209360204|28587302322247|1669202027842|business associate
2199023285789|21990232615775|1672033212152|business associate
17592186104653|21990232556205|1667269550221|friends
17592186104653|4398046521905|1664673408889|business associate
8796093042446|13194139583376|1633481241442|business associate
4398046561342|28587302382836|1670588613975|siblings
4398046561342|4398046531575|1638742012676|friends
21990232625758|24189255811935|1653764287176|siblings
6597069766895|30786325618083|1672266407669|friends
26388279076863|40189|1662240171280|other relatives
20239|8796093022387|1655555334412|friends
10995116317999|24189255831390|1654192765858|parents
26388279136863|21990232596695|1671995658210|friends
13194139553552|19791209340726|1657464135362|siblings
10241|2199023315657|1635282542276|friends
17592186074657|13194139544058|1656798177338|business associate
17592186074657|8796093093225|1651618479505|friends
10995116338001|2199023255589|1623077108582|business associate
10995116338001|28587302392679|1671579263344|parents
19791209320210|6597069817225|1660195068596|parents
19791209340210|10995116288892|1640562241400|siblings
19791209360210|24189255821158|1663219335191|parents
6597069836898|17592186094425|1639063064989|friends
15393162789107|13194139564044|1637451907382|business associate
15393162789107|28587302382337|1669427330584|other relatives
4398046531347|19791209330693|1662501537085|business associate
4398046531347|13194139563439|1671727315751|parents
21990232605763|10394|1654657198477|business associate
21990232605763|17592186064545|1658243648803|siblings
13194139553556|21990232555657|1664128892644|parents
13194139553556|2199023276711|1625731319490|friends
30244|668|1621032938660|friends
17592186084660|19791209320125|1651831314630|parents
17592186084660|26388279107724|1665437220767|other relatives
4398046521350|26388279137219|1664187815331|friends
4398046521350|60145|1618739229733|siblings
26388279096870|4398046581807|1668556344698|parents
28587302372422|24189255881469|1668055848091|friends
28587302372422|10995116328780|1672455044279|business associate
4398046571350|30786325648840|1671744961435|friends
15393162859110|4398046541740|1630429440699|siblings
15393162859110|26388279107581|1663853337369|friends
15393162829111|10995116348341|1657568104140|friends
2199023275800|13194139534054|1641834134694|parents
2199023275800|2199023295871|1618961151967|siblings
21990232585768|28587302382438|1668696608413|siblings
6597069836904|6597069826836|1650319168169|siblings
6597069836904|21990232555932|1655740311962|business associate
28587302322425|19791209350711|1671137564022|siblings
13194139543561|21990232575941|1657071921176|business associate
10995116298009|8796093022752|1620377208510|friends
10995116298009|26388279107285|1665779062564|business associate
28587302372425|6597069807541|1671398423273|parents
28587302372425|28587302373358|1672285929689|business associate
70249|24189255832054|1668921628651|business associate
17592186084666|19791209350821|1653436826638|parents
17592186084666|26388279127575|1671442475881|other relatives
17592186074667|13194139553805|1654076290009|parents
17592186074667|24189255852081|1666304918315|friends
21990232625771|21990232626689|1661139208262|friends
2199023275804|28587302383319|1670099474731|business associate
4398046541356|2199023256494|1627489798231|business associate
4398046541356|10995116298640|1619869811949|parents
10995116338012|10995116288917|1652769116011|friends
2199023255805|30786325628093|1672324570925|other relatives
2199023255805|15393162849562|1631144691093|siblings
13194139603565|4398046552241|1630313411859|business associate
13194139603565|30786325618434|1672261710825|siblings
6597069766911|28587302362754|1670731067090|siblings
6597069766911|15393162830040|1672146991387|siblings
40255|26388279096738|1669669285784|friends
40255|8796093033147|1646290701598|friends
21990232615775|50852|1657217273262|business associate
2199023255808|15393162788890|1640825136538|friends
17592186094672|2199023286045|1659600733117|friends
17592186094672|26388279107135|1664623287542|friends
257|2199023326145|1660720141592|parents
257|26388279076949|1661232508390|siblings
26388279096881|19791209300992|1663904641787|parents
6597069826913|2199023326149|1637987410422|friends
6597069826913|24189255882249|1658713056296|friends
13194139603569|26388279097712|1661401395917|parents
26388279106882|15393162798939|1662765449401|business associate
26388279126882|19791209340170|1665233729856|business associate
26388279126882|28587302353144|1672369634838|friends
13194139553571|26388279137521|1672008765480|friends
19791209340227|4398046531517|1651898699283|siblings
19791209340227|17592186075346|1649157610625|business associate
10995116328019|4398046542325|1642166592510|parents
28587302382435|24189255871640|1667304340664|friends
19791209370227|2199023306402|1643730294271|friends
19791209370227|13194139573584|1661180004135|parents
2199023255812|6597069777759|1668357771496|business associate
2199023255812|8796093052938|1631847942165|friends
13194139563572|6597069766710|1663667390111|parents
13194139563572|13194139553419|1671415297015|business associate
17592186084676|6597069837186|1649496268716|siblings
6597069836916|6597069787571|1636540781594|parents
24189255811333|28587302343358|1664241223535|other relatives
24189255811333|13194139584357|1661508473620|business associate
21990232595781|17592186115664|1662966213267|siblings
28587302372437|6597069777303|1671794673064|business associate
28587302372437|15393162849188|1667945691950|friends
19791209310230|19791209320464|1666775396798|friends
19791209310230|21990232605588|1653808996383|friends
24189255831334|21990232566419|1657499976602|friends
24189255831334|10995116298920|1664937980516|siblings
21990232585782|28587302322689|1672032601855|friends
21990232585782|30786325588389|1671438532243|parents
15393162859126|17592186045586|1656265200897|siblings
15393162859126|28587302342658|1665359885365|friends
263|17592186055170|1661195031362|business associate
263|24189255821857|1670964867144|siblings
21990232585783|71106|1648626440297|business associate
21990232585783|10995116328271|1658396173629|business associate
2199023305815|19791209330941|1670665126359|business associate
17592186104679|10995116318013|1670562088094|siblings
2199023325815|31144|1611824881721|business associate
264|20225|1671078744778|other relatives
264|10995116298961|1638057717804|other relatives
40264|26388279076863|1669749141384|friends
40264|28587302343110|1670275144827|business associate
8796093092473|2199023286195|1664828160257|friends
8796093022474|2199023295632|1612333061412|siblings
2199023275818|4398046561737|1624730272067|parents
2199023275818|40128|1670626976272|friends
6597069766923|19791209360124|1666908635269|friends
10995116288027|6597069776739|1662095452846|business associate
10995116288027|6597069797787|1656652556567|parents
8796093052475|24189255851914|1666480583834|business associate
8796093052475|28587302372544|1669033239808|siblings
6597069816924|10995116328001|1644843821422|siblings
6597069816924|28587302372499|1670538539193|other relatives
60268|6597069777278|1614780438384|other relatives
60268|28587302362428|1669279980031|business associate
28587302322445|24189255851542|1671686808016|friends
28587302322445|2199023265657|1670780624340|business associate
6597069806925|2199023306219|1604177561484|business associate
24189255871341|30786325648632|1670832758986|friends
24189255821342|13194139533445|1657156326392|business associate
17592186084686|13194139603919|1636987182906|friends
17592186084686|19791209311124|1651976093543|business associate
28587302372446|4398046571875|1671136219186|other relatives
24189255831343|28587302343359|1669525546204|other relatives
24189255851343|70139|1663908836202|business associate
50271|17592186074815|1669142901837|parents
50271|24189255821976|1665517851374|parents
26388279066896|13194139564180|1661584093657|business associate
20272|6597069767069|1657557106354|other relatives
20272|17592186095552|1641612522061|siblings
15393162819136|13194139583944|1669968402402|other relatives
13194139573584|21990232605754|1670087085067|siblings
13194139573584|2199023286113|1666313721562|siblings
6597069806929|30468|1652503257151|parents
6597069806929|21990232565786|1663321841835|siblings
26388279086898|26388279097180|1664122782148|business associate
26388279086898|61241|1670828507545|parents
28587302362450|6597069777829|1666402958752|siblings
10995116328034|28587302342949|1670573247866|siblings
8796093092482|13194139544049|1648155698228|friends
2199023265827|28587302363001|1670552701018|business associate
2199023265827|6597069836756|1647787503317|friends
24189255831347|13194139544531|1661564390419|friends
21990232585795|17592186064715|1662766436791|business associate
21990232585795|28587302343323|1666667607928|business associate
21990232605795|19791209320108|1653984361230|friends
10995116298036|21990232626353|1645367687425|business associate
21990232585796|28587302362924|1667065388521|business associate
19791209350244|28587302362348|1665630111601|friends
26388279126900|2199023326195|1660115320310|parents
70276|13194139604397|1639978641921|business associate
70276|26388279086874|1669529019192|other relatives
10995116288037|26388279116828|1663817352100|business associate
20277|13194139604411|1633666091873|parents
19791209340245|10995116288183|1660815009068|friends
19791209340245|26388279126663|1666151926311|friends
19791209350245|6597069827786|1668881754643|parents
28587302382453|17592186064958|1669567171321|friends
28587302382453|24189255881366|1669976081461|friends
2199023265830|4398046512176|1624267716640|business associate
20278|21990232605719|1660941347070|friends
20278|4398046522119|1639570016492|business associate
21990232605798|17592186044598|1645731173470|other relatives
21990232605798|21990232555657|1653590210467|siblings
10995116338038|21990232625828|1653820086947|friends
10995116338038|28587302362339|1668725314203|parents
30786325588007|30985|1672381238115|friends
30786325588007|26388279107656|1672061984990|siblings
28587302362455|15393162799254|1670680510842|parents
2199023315831|4398046552318|1666883142155|siblings
15393162789144|4398046571429|1634455607082|other relatives
19791209340248|24189255871907|1672066809283|parents
19791209340248|13194139534054|1662451096421|other relatives
28587302322457|6597069837220|1670700939045|other relatives
26388279086905|8796093052478|1665696614348|friends
40281|2199023315582|1625813512010|business associate
30786325628009|30786325587834|1672414422482|friends
30786325628009|24189255871159|1671812883655|siblings
10995116348041|21990232586227|1661827326355|siblings
10995116348041|6597069836790|1643244586689|friends
26388279076906|26388279087271|1668701004183|friends
26388279076906|15393162829522|1667775689875|siblings
4398046551386|13194139583443|1626196436293|parents
4398046551386|17592186045627|1655120206326|friends
30786325638010|28587302382405|1671355545178|other relatives
28587302322459|6597069817825|1669920545888|friends
28587302322459|17592186115160|1665844202322|siblings
19791209310251|17592186055252|1661479695440|business associate
26388279126907|26388279066700|1670475340018|friends
21990232565804|4398046511240|1651981427278|business associate
21990232565804|24189255861978|1661671533950|siblings
21990232605804|4398046512057|1657705307680|parents
26388279086909|71003|1661569059371|siblings
19791209330253|26388279096690|1670698479276|other relatives
2199023325837|28587302323170|1668039694371|other relatives
24189255811358|13194139603414|1657597004463|parents
8796093082494|26388279067234|1662241636773|friends
8796093082494|4398046532102|1620890032765|siblings
30287|26388279117549|1670832809416|parents
30287|8796093062613|1617856734062|siblings
10995116318047|13194139553519|1630159257293|business associate
10995116318047|10995116308735|1654459725085|friends
28587302382463|15393162848934|1668472461572|business associate
19791209370255|26388279117293|1662178264025|friends
17592186054704|17592186065623|1663954233790|business associate
8796093052496|4398046522257|1672490072163|siblings
13194139583600|24189255871542|1670367786789|parents
13194139583600|24189255861458|1654559470763|friends
4398046511393|4398046572192|1657585433077|friends
2199023265841|10995116297909|1640833958336|friends
2199023265841|17592186104841|1631369955122|siblings
13194139553601|30786325578724|1671417077668|friends
10995116318049|15393162849861|1631620686331|friends
15393162789155|26388279136925|1659851525931|siblings
17592186064707|17592186094530|1669053341678|parents
17592186064707|26388279127523|1671459346472|siblings
24189255861363|4398046582277|1671156236924|business associate
24189255861363|6597069767674|1667819746636|friends
21990232575812|24189255852061|1654305288910|parents
21990232575812|93|1667197258006|siblings
15393162809157|10995116297874|1666993111723|friends
2199023325845|6597069787053|1601784543838|siblings
2199023325845|70887|1592060157395|friends
2199023255846|26388279117511|1663588833917|friends
2199023255846|24189255821632|1667600394590|siblings
40294|26388279137216|1669736424098|friends
40294|10995116348444|1652221644323|other relatives
13194139583606|17592186105332|1646636027576|friends
13194139583606|6597069787699|1633933850743|parents
10995116338054|19791209371116|1652481921994|business associate
10995116338054|2199023296009|1654878298538|business associate
24189255881366|2199023316705|1650797227572|business associate
15393162819159|6597069807391|1640198820878|siblings
15393162829159|26388279067144|1663360250360|friends
15393162829159|8796093023003|1669864757751|siblings
6597069826951|2199023256185|1652136475204|friends
21990232575816|10995116328561|1658935721869|business associate
6597069806952|2199023256494|1602874551684|friends
6597069806952|4398046581296|1649990468353|parents
26388279116920|19791209340651|1659984804045|siblings
26388279116920|4398046572063|1669294549447|business associate
21990232555817|21990232576585|1651645102859|parents
21990232555817|28587302342429|1671241285764|friends
26388279076921|30786325597816|1672247688481|friends
26388279076921|10995116338920|1663485892844|siblings
19791209330265|21990232606138|1645795491943|parents
6597069816953|19791209330691|1655003682869|business associate
17592186114713|20073|1640979666627|parents
17592186114713|15393162818989|1641184340648|other relatives
17592186044714|4398046561441|1637472283117|parents
17592186044714|13194139564425|1662685289121|friends
30786325588026|26388279117794|1671012455429|siblings
30786325588026|19791209300532|1672499061185|parents
15393162829162|24189255842304|1670730510302|business associate
15393162829162|19791209370358|1670221168648|parents
21990232615818|21990232586042|1668985176687|business associate
2199023255851|13194139533845|1645304735196|friends
24189255821371|17592186045237|1660122934482|parents
24189255821371|15393162799691|1662692072967|friends
4398046541403|26388279087463|1669016438249|siblings
50299|8796093033147|1661413928616|business associate
50299|6597069787586|1661825547285|friends
15393162799164|8796093052659|1638292923748|parents
21990232605820|24189255881585|1659536407788|parents
21990232605820|17592186075317|1659402017114|friends
24189255851373|13194139534515|1658900595917|friends
24189255851373|21990232616472|1659194221610|other relatives
26388279136925|21990232606164|1665203288319|friends
26388279136925|2199023325905|1661276558673|business associate
30786325598030|19791209300194|1671928128790|business associate
30786325598030|911|1671832756453|business associate
8796093052510|2199023326273|1649578154516|business associate
8796093052510|28587302372673|1671944526177|friends
13194139573614|26388279087430|1664195696899|parents
13194139573614|8796093062886|1634597267772|friends
4398046511407|4398046541312|1600042872651|parents
30786325588031|10995116328018|1670356111448|parents
21990232595823|28587302332997|1666021743142|business associate
21990232595823|26388279107736|1665364412151|friends
15393162849167|21990232615791|1666105304495|business associate
13194139543616|24189255882240|1670555725256|parents
19791209350272|4398046572052|1642619148198|siblings
10995116338064|13194139544067|1627656632764|friends
10995116338064|10995116337947|1666355444558|siblings
2199023285857|15393162859185|1644031075452|friends
2199023285857|2199023256262|1642424540334|other relatives
10995116318065|4398046541842|1621207769212|business associate
17592186094721|10995116348299|1655243018872|friends
15393162849169|24189255812207|1662880026882|business associate
26388279076930|6597069807511|1667555213581|siblings
26388279076930|8796093083198|1670864003524|siblings
21990232575826|17592186054684|1668161422163|siblings
8796093052514|19791209340336|1651285589711|business associate
19791209350274|15393162849871|1658347354852|business associate
19791209350274|4398046541600|1646265343903|siblings
307|15393162829947|1654109046859|business associate
307|2199023256301|1595343809944|friends
8796093032515|17592186095096|1642505991567|friends
8796093032515|15393162859482|1642249621289|siblings
15393162799172|4398046541160|1658270545899|friends
15393162799172|30786325638085|1671902830472|parents
15393162829172|10995116348003|1628639379078|parents
15393162829172|15393162809474|1649182017470|friends
26388279116932|2199023316206|1671155493775|siblings
10995116288069|8796093083144|1651921600567|parents
21990232575829|8796093022352|1669463154340|parents
21990232575829|6597069837874|1666586098101|friends
10995116348069|6597069837011|1619297913568|friends
19791209360278|26388279137095|1665780144460|parents
21990232565831|2199023285732|1652885762516|business associate
21990232565831|26388279126767|1661016334586|business associate
17592186094727|4398046581216|1656673748049|siblings
17592186094727|15393162790102|1660543547415|friends
15393162849175|17592186065089|1640868725048|siblings
15393162849175|6597069827598|1671433164251|business associate
10995116278072|11084|1640888130677|friends
28587302382488|26388279107212|1672333790448|other relatives
28587302322489|13194139593510|1671581476069|other relatives
28587302322489|13194139584204|1671897346015|other relatives
24189255821385|10995116307824|1669360944496|friends
6597069816969|17592186094792|1671320228496|business associate
30786325608042|15393162810110|1672188353480|siblings
28587302362490|26388279116919|1667548836748|other relatives
26388279126938|10995116338928|1665690083225|business associate
17592186114730|10995116307838|1648196464740|siblings
315|8796093043217|1662390071882|siblings
315|19791209361143|1657904757224|siblings
2199023285867|10995116308308|1645761004250|friends
2199023285867|17592186064520|1653366421852|friends
24189255871387|19791209311089|1653257698107|business associate
24189255871387|20426|1653696883607|business associate
4398046531420|30786325628453|1671749635317|other relatives
4398046531420|15393162839721|1657617569303|business associate
10995116348076|6597069837699|1650262095046|business associate
10995116348076|2199023256473|1629314747480|friends
21990232575837|10995116328173|1652975427967|business associate
21990232575837|13194139554429|1645484442920|business associate
15393162839181|15393162809252|1655456231539|parents
15393162839181|2199023255844|1632459621720|siblings
8796093022526|15393162790053|1672271640351|parents
30786325648046|13194139574407|1670823244258|parents
30786325648046|2199023295599|1672232928376|friends
2199023285871|6597069767710|1620140519189|friends
2199023285871|26388279117293|1659563784288|siblings
10995116338079|10995116347961|1620671088817|siblings
10995116338079|13194139553832|1670393248514|friends
21990232625839|2199023265784|1664989827173|friends
21990232625839|21990232586715|1665284100101|siblings
21990232575840|40934|1663262109695|siblings
21990232575840|17592186084782|1671322803167|other relatives
4398046551424|26388279076649|1659682997831|siblings
8796093072528|17592186045510|1644301560016|friends
24189255821393|30786325588923|1672325772870|business associate
24189255821393|26388279066810|1659518148552|other relatives
21990232595841|24189255862010|1657826620186|friends
2199023285874|13194139574299|1651330757537|siblings
2199023285874|6597069797662|1604362654455|friends
10995116318082|10995116288526|1618992653136|friends
13194139553635|8796093052882|1628501546429|friends
13194139553635|31028|1639691467241|business associate
6597069796979|21990232576221|1671745697910|business associate
28587302372499|17592186104950|1669847040018|other relatives
28587302392499|13194139554099|1667713771757|friends
26388279076948|4398046521450|1657653612645|other relatives
21990232595844|20288|1650144870289|friends
19791209350292|4398046561161|1663239792019|friends
19791209350292|15393162849974|1666886057633|friends
21990232595845|6597069837548|1650401799963|parents
24189255861397|19791209320910|1664294209233|business associate
24189255861397|6597069817469|1663274497868|business associate
26388279066950|6597069807510|1666532157026|parents
26388279066950|13194139574394|1670111878582|friends
21990232565846|26388279097162|1659350074593|parents
21990232565846|24189255841786|1671165881862|friends
28587302352502|26388279127828|1666573840573|parents
28587302352502|17592186044500|1670537028583|business associate
24189255851398|71104|1654808414072|friends
24189255851398|15393162829882|1661506429555|friends
13194139553639|21990232586324|1648356302280|business associate
17592186084743|24189255831744|1655105013623|friends
2199023305879|30786325608610|1670203902081|parents
2199023305879|24189255831136|1666954739232|siblings
24189255881399|28587302382637|1670805637946|business associate
24189255881399|8796093033054|1652395021196|siblings
21990232555848|17592186065405|1649049468139|friends
21990232555848|17592186065313|1664280491127|business associate
26388279076952|15393162799980|1668134535335|business associate
26388279076952|26388279137228|1667300555550|parents
21990232575848|21990232625630|1652938889917|siblings
28587302392504|10485|1668830640164|parents
26388279126953|10995116347886|1663199337878|siblings
26388279086954|10978|1662000648929|friends
40330|8796093082746|1628172273136|business associate
26388279136954|8796093093267|1665935066990|siblings
26388279136954|17592186074642|1671112823269|parents
26388279066955|17592186075306|1669842837814|other relatives
19791209330299|19791209300632|1649633339408|other relatives
19791209330299|19791209340439|1670347726040|siblings
40331|30786325578280|1671745895095|friends
19791209300300|2199023256011|1667109364158|friends
19791209300300|26388279086760|1667128711850|siblings
15393162829196|15393162859212|1667597419911|business associate
15393162829196|17592186094606|1644031462476|siblings
10995116328092|21990232626268|1664177983630|business associate
10995116328092|4398046521629|1623822438751|friends
6597069826988|6597069817397|1612780558036|friends
21990232555853|10995116318406|1670749972450|friends
4398046531437|28587302343286|1672453834008|friends
4398046531437|40097|1657657807846|friends
6597069796989|8796093082974|1635317259254|friends
17592186094749|24189255811812|1656171004590|parents
17592186094749|8796093022827|1639915018083|parents
30786325648061|50442|1671450506042|friends
26388279066958|2199023286398|1663376725991|parents
26388279066958|19791209310351|1666990772976|business associate
13194139543646|15393162809641|1655906518231|business associate
13194139543646|26388279117611|1671319240958|other relatives
13194139563646|6597069807858|1630640479212|friends
50334|4398046572124|1603671179675|friends
70334|8796093052645|1615079409410|friends
13194139563647|31144|1658626247972|friends
2199023315887|19791209361106|1666898070983|friends
13194139603647|24189255861849|1660637866638|siblings
13194139603647|21990232556712|1650562510778|siblings
8796093032544|26388279076723|1662051174418|other relatives
8796093032544|4398046522115|1651465606170|business associate
15393162819200|26388279076998|1664881946070|parents
15393162819200|21990232616618|1668061079088|friends
8796093072544|21990232596027|1664774784217|parents
8796093072544|15393162789716|1665539881883|friends
6597069796993|21990232566187|1663626938762|friends
6597069796993|10995116307834|1657356043498|siblings
4398046561441|28587302372821|1672488189331|friends
60337|19791209320026|1658801670052|siblings
60337|2199023265827|1617224062473|friends
8796093022546|24189255862216|1655084791525|business associate
8796093022546|24189255821076|1670286902269|business associate
10338|10995116327899|1630517047148|business associate
6597069786994|10995116348575|1672507936974|business associate
4398046521443|15393162859212|1638768419996|business associate
4398046521443|28587302332976|1669909972740|parents
8796093042547|6597069786925|1636299248245|other relatives
8796093042547|8796093072321|1620887372037|siblings
15393162859203|26388279087370|1662044827025|friends
15393162859203|13194139604027|1662685625591|business associate
28587302342516|13194139563707|1668156108617|parents
2199023305892|24189255871947|1665916589866|business associate
15393162849204|21990232555944|1654678812048|business associate
15393162849204|24189255872260|1655248294262|other relatives
20341|15393162798962|1638047378584|parents
26388279106965|8796093082550|1663087223244|business associate
30786325648069|19791209340883|1672253431711|friends
10342|8796093062903|1659299937558|business associate
21990232575862|10995116298359|1647422243278|friends
21990232625862|24189255832147|1654702288029|friends
21990232625862|4398046561850|1659296009306|business associate
15393162799207|4398046581142|1641323140455|siblings
15393162839207|19791209300175|1647582998490|business associate
24189255871415|13194139543817|1658211829903|friends
6597069767000|684|1611248264225|business associate
8796093032552|19791209310717|1655273575874|siblings
19791209360312|30786325628537|1671169691801|friends
19791209360312|4398046572028|1661046936610|siblings
28587302322521|15393162839207|1668957580890|siblings
28587302322521|17592186055255|1671479983097|business associate
21990232605865|26388279086898|1663825727693|siblings
21990232605865|4398046541560|1647723648097|parents
10995116278106|26388279087288|1664549650789|business associate
10995116278106|19791209370879|1653522959079|siblings
4398046521450|10995116348070|1626121905545|other relatives
4398046521450|26388279097615|1661412391831|business associate
13194139563658|15393162829886|1670780922407|business associate
13194139563658|40097|1668088712878|parents
26388279106970|4398046561496|1658003432425|friends
26388279106970|30786325618971|1672406427932|friends
24189255841419|15393162839570|1662887115218|siblings
70347|8796093062244|1645135437154|friends
8796093042556|2199023326011|1641006456311|business associate
8796093042556|4398046511878|1645131617982|business associate
10995116318108|24189255881826|1658430029083|friends
10995116318108|4398046521217|1631344573421|other relatives
21990232585869|60434|1646002815538|siblings
26388279126973|21990232625522|1671308827085|siblings
17592186064766|26388279126907|1663255647918|friends
19791209330318|26388279117324|1671081814950|other relatives
19791209330318|31043|1663621768662|friends
8796093092558|10995116298086|1636967200431|business associate
2199023305903|13194139564338|1634581321664|parents
10995116308112|6597069796858|1645015968056|parents
4398046571456|4398046511838|1599314277919|friends
4398046571456|10995116338505|1617420164137|siblings
8796093032561|17592186085028|1646196364685|business associate
4398046531457|30786325608385|1672344979216|siblings
8796093052561|26388279067181|1659049626759|friends
8796093052561|10995116298359|1619946448411|friends
10995116318113|19791209309997|1672400565532|other relatives
60353|13194139534561|1660354962911|other relatives
60353|8796093073083|1627650429584|siblings
2199023325905|70412|1618576116382|siblings
354|17592186064674|1661854974914|parents
13194139563666|24189255812269|1670109643615|friends
13194139563666|8796093022820|1670984730905|parents
13194139603666|26388279107253|1669643047544|friends
2199023275907|13194139584273|1633136691825|friends
2199023275907|26388279136993|1665699810472|siblings
13194139583667|21990232575829|1659083293514|friends
6597069837011|19791209330296|1669346776692|friends
6597069837011|19791209330074|1671769492284|parents
10995116298116|21990232556205|1653902234057|business associate
4398046561460|8796093032730|1627958156730|parents
6597069827012|17592186085224|1638219669001|business associate
20357|26388279087656|1663954841740|friends
19791209320326|6597069786719|1649413189305|business associate
19791209320326|13194139604316|1641960360680|parents
21990232605878|26388279097717|1670382810641|business associate
19791209300327|2199023305974|1645747512731|friends
19791209300327|8796093042394|1643478840804|friends
24189255821431|13194139584459|1662991317747|business associate
24189255821431|8796093022729|1666401593245|parents
2199023285911|6597069837523|1604864827161|parents
2199023285911|21990232586148|1655495679001|other relatives
2199023295912|24189255851914|1663467959896|friends
2199023295912|26388279097408|1670085732317|business associate
13194139603672|24189255871880|1667503387937|siblings
8796093032569|21990232625748|1657256041160|business associate
8796093032569|4398046551926|1623115935299|other relatives
15393162809225|17592186064823|1638316967304|friends
24189255851433|30786325618773|1670753760173|other relatives
13194139553674|17592186045368|1663437233025|parents
363|21990232605914|1645734513520|parents
19791209360331|13194139544185|1668283694261|friends
6597069837019|30786325598927|1672453110277|siblings
13194139533676|17592186115251|1649529539780|business associate
13194139533676|21990232586489|1668388798812|parents
8796093032572|50678|1669785900133|friends
8796093032572|8796093072458|1649365662565|business associate
26388279096988|640|1670789892249|business associate
6597069817020|17592186115297|1661649922575|business associate
13194139563677|24189255862138|1666318930021|business associate
30786325628093|24189255831702|1672467688492|siblings
6597069777022|15393162789144|1661611774330|friends
6597069777022|4398046581216|1662721882931|business associate
21990232615886|24189255862313|1659634724035|siblings
26388279136990|2199023305892|1663922073833|parents
21990232555887|26388279117833|1669086066320|parents
21990232555887|4398046512075|1649329528561|parents
8796093072575|2199023256119|1661350223223|friends
6597069827023|8796093072758|1631473887303|siblings
6597069827023|4398046511409|1654729710811|siblings
8796093042576|28587302342658|1667329639486|business associate
8796093082576|8796093032620|1633567408366|business associate
8796093082576|6597069807457|1611428404167|other relatives
19791209370336|13194139543661|1656981996294|parents
19791209370336|28587302343161|1667201860087|siblings
19791209300337|6597069827319|1670414573149|siblings
19791209300337|26388279096945|1664070057658|siblings
19791209310337|8796093022214|1661001897391|other relatives
6597069817025|21990232606164|1663669196245|business associate
6597069817025|10995116298477|1649104220222|other relatives
26388279136993|8796093043381|1669789243504|other relatives
21990232555890|13194139564038|1646895944683|friends
21990232555890|2199023326221|1659355552874|parents
8796093032578|15393162849485|1659160329398|friends
8796093032578|17592186085391|1637274547243|business associate
21990232615890|21990232565967|1667830498163|business associate
2199023325922|6597069807079|1640936160962|parents
2199023325922|24189255841609|1656702312279|siblings
6597069777027|2199023255682|1613654230061|business associate
15393162809235|24189255822170|1670588274808|siblings
15393162809235|10995116338266|1652893323321|friends
21990232595891|26388279127536|1669139248164|friends
21990232595891|8796093073034|1671283164366|friends
26388279136995|15393162789544|1662416063488|friends
26388279136995|8796093072340|1661653011104|business associate
26388279106996|10995116278072|1665457391474|parents
26388279106996|21990232606674|1666422445819|parents
24189255831445|2199023305958|1666532354094|other relatives
24189255831445|19791209341169|1668545217239|parents
4398046541477|19791209309982|1642099313339|business associate
40373|28587302343168|1666773350222|friends
6597069827029|24189255841937|1670960291304|business associate
6597069827029|24189255811460|1662472837495|other relatives
26388279076998|10995116287788|1664577525327|friends
26388279076998|24189255881189|1663108393768|friends
13194139553686|30786325598765|1671835376977|friends
13194139553686|8796093063048|1651514593424|business associate
10995116308134|6597069797244|1641444515839|friends
17592186094790|6597069817596|1664277551121|parents
17592186094790|24189255831265|1670721692638|parents
13194139593686|6597069837059|1661331849446|parents
15393162859238|2199023315745|1653582813382|parents
15393162859238|28587302373264|1670175828802|other relatives
13194139543687|19791209361006|1672088649759|siblings
13194139543687|6597069837541|1622746174941|siblings
30375|21990232565657|1658228922029|siblings
30375|19791209351141|1651180009336|siblings
2199023275928|17592186054577|1634612329482|friends
2199023275928|26388279137776|1670371936478|siblings
24189255851448|20122|1658137761040|siblings
70376|13194139573942|1648327875645|siblings
6597069807033|21990232626268|1653220169884|business associate
6597069807033|17592186084666|1656607664266|business associate
19791209360345|2199023276237|1649547291946|friends
21990232625897|71165|1645687127135|other relatives
30378|28587302342695|1665792141142|friends
30378|19791209350759|1664702434678|parents
21990232595898|6597069777688|1670290092530|parents
8796093082586|28587302382688|1667659987933|business associate
10995116348138|21990232556265|1658338219033|friends
10995116348138|26388279077543|1665238318733|business associate
8796093022587|19791209320039|1653367852606|siblings
8796093022587|24189255822148|1655787758660|friends
17592186054795|4398046561275|1639970045557|business associate
10995116298139|19791209321003|1649319445588|business associate
10995116318139|17592186074591|1648379819342|other relatives
10995116318139|17592186075065|1647902451950|other relatives
15393162839243|2199023286159|1650602234838|friends
15393162839243|2199023326396|1672341638327|friends
13194139593691|28587302362490|1671438393040|business associate
17592186114796|2199023266755|1645913318056|parents
2199023265933|10995116297799|1663723783378|siblings
10995116298141|24189255882100|1660941233109|business associate
10995116298141|2199023266449|1617105938173|siblings
24189255851453|21990232596576|1658989602155|siblings
24189255851453|6597069817787|1660819198843|parents
30786325638109|4398046521217|1670394961115|parents
30786325638109|15393162839027|1670092216878|other relatives
19791209300350|2199023265848|1643798009462|business associate
19791209300350|8796093052974|1642289195919|business associate
2199023275934|2199023266596|1608912517799|other relatives
10995116308142|8796093073097|1664649085312|friends
10995116308142|10995116298016|1654668383638|siblings
2199023295934|6597069836916|1654255101084|siblings
2199023295934|50077|1650308821849|parents
19791209350350|28587302382398|1667589445369|friends
19791209350350|30786325638710|1671895033353|siblings
2199023325934|4398046561492|1623974512470|parents
4398046531487|21990232606224|1654905752752|siblings
4398046531487|2199023296626|1624374550043|friends
26388279097007|13194139563367|1665917972535|other relatives
26388279097007|10995116278153|1663265921572|parents
19791209350351|24189255821518|1658631643766|business associate
17592186114799|15393162789283|1633002115085|siblings
30786325608112|8796093062938|1670601109363|parents
30786325608112|15393162839294|1671816984427|friends
4398046551488|10995116318520|1657034280509|friends
4398046551488|8796093062642|1653359936304|parents
26388279067009|6597069817194|1660732933412|other relatives
26388279067009|2199023316625|1664810560226|parents
2199023265937|19791209360032|1658289002046|business associate
13194139553697|24189255881702|1652506839458|friends
13194139553697|15393162818993|1650751604658|parents
6597069797041|6597069807614|1665867299947|business associate
17592186114801|28587302323116|1669255920159|siblings
6597069777042|28587302322936|1671673824687|parents
4398046551490|28587302332847|1671228066753|friends
4398046551490|8796093063441|1623341376648|business associate
6597069827042|21990232555566|1651520371568|parents
6597069827042|17592186045286|1640418718328|parents
6597069767043|15393162838901|1671732012567|siblings
6597069767043|6597069807545|1621812393812|friends
2199023285939|24189255861799|1661257310050|business associate
2199023285939|8796093033366|1669079056694|friends
50387|21990232556070|1656107783340|friends
50387|15393162819622|1651430376084|business associate
26388279077012|6597069807630|1672358296991|parents
26388279077012|4398046551333|1668188531583|friends
15393162809252|4398046551117|1661355489552|other relatives
19791209360356|21990232576594|1669121749253|friends
19791209360356|2199023256228|1668991053245|business associate
2199023325940|21990232595855|1644779630977|siblings
19791209320358|13194139543687|1669591376112|friends
17592186094806|24189255841423|1664952565263|siblings
17592186094806|19791209310937|1651978887736|parents
19791209370358|21990232605575|1658210979858|parents
19791209370358|26388279067630|1660411313104|parents
24189255811464|4398046551556|1658734556371|business associate
28587302342568|8796093052882|1667678012666|friends
28587302342568|19791209301098|1666595044591|siblings
21990232585912|24189255822264|1668227757404|friends
21990232585912|21990232556563|1669250252347|friends
15393162849256|30786325648466|1672289809520|siblings
15393162849256|15393162849871|1671648069622|friends
13194139553705|6597069837531|1655211801815|siblings
28587302362569|20697|1665479765077|siblings
4398046561497|26388279127497|1666906172193|other relatives
70393|2199023315570|1665302619303|friends
2199023285946|17592186045413|1665853554130|siblings
2199023285946|8796093092976|1610528728952|other relatives
28587302322571|17592186065405|1665940069530|friends
13194139563707|21990232606138|1663185061410|business associate
19791209340363|28587302353232|1668667134465|siblings
19791209340363|6597069837548|1666532093491|other relatives
50395|70393|1655713060023|other relatives
50395|24189255822148|1662155007708|friends
28587302392571|30786325597816|1672414488148|business associate
28587302392571|13194139534558|1668920857459|parents
17592186044812|15393162849411|1648066807262|business associate
17592186044812|19791209320358|1638417010062|other relatives
8796093062604|26388279137058|1662014197884|friends
60396|8796093093238|1627628279934|parents
60396|6597069796664|1637266280083|siblings
24189255881468|4398046571307|1660118262273|friends
15393162839261|21990232585544|1649546919390|business associate
15393162839261|26388279096870|1659532275026|friends
24189255881469|2199023295952|1668094397762|parents
24189255881469|15393162860099|1659023687840|business associate
15393162789262|6597069777757|1653477965214|parents
15393162789262|19791209300374|1656941901287|siblings
6597069787054|21990232576271|1672015618243|siblings
6597069787054|4398046531368|1620084035982|siblings
6597069807054|19791209320776|1644170269392|friends
6597069807054|50873|1644708230108|friends
15393162839262|6597069806711|1639168013068|friends
15393162839262|8796093092339|1652666972178|siblings
6597069767055|26388279076877|1664820136302|parents
6597069767055|8796093053008|1635104968617|other relatives
2199023265951|60768|1604174083747|friends
4398046531503|26388279066866|1666832866438|friends
4398046531503|6597069826988|1647201163130|parents
28587302362575|26388279087430|1670508892237|siblings
17592186104815|28587302333071|1669541062061|other relatives
17592186104815|15393162799980|1634430199193|friends
2199023325951|30786325578903|1672301711884|siblings
10995116298160|28587302333159|1668142206852|friends
10995116298160|40179|1626539070087|business associate
24189255841472|15393162809268|1670226909183|business associate
24189255841472|19791209330369|1666521940850|business associate
2199023295952|26388279077568|1663536440095|siblings
2199023295952|26388279066700|1663600364896|business associate
17592186044817|2199023286167|1664842966744|siblings
17592186044817|4398046531999|1644118292977|siblings
10401|4398046511885|1670233905973|friends
10401|6597069777892|1659760882601|parents
19791209330369|50537|1647566299569|parents
21990232565922|19791209360053|1656772422633|siblings
10995116318162|21990232606174|1670735680543|parents
10995116318162|21990232555647|1645963920430|friends
19791209370370|21990232566602|1658483565658|friends
28587302332579|2199023295912|1667485917584|friends
26388279107027|17592186085429|1671879430469|business associate
26388279107027|6597069817847|1659738023764|parents
17592186104819|19791209370879|1644674842809|siblings
17592186104819|10995116318411|1639079964466|friends
6597069837059|2199023255844|1624867031110|parents
6597069767060|2199023275639|1664301795567|parents
6597069767060|24189255862093|1653246199175|parents
17592186084820|13194139583883|1666973188010|parents
17592186084820|28587302323090|1670680322342|other relatives
17592186094820|28587302352603|1672010849519|business associate
13194139603716|24189255831342|1663369453530|friends
13194139603716|13194139604536|1672184713661|friends
6597069787061|28587302322992|1667878260749|parents
8796093062613|6597069786704|1648313197229|parents
8796093062613|28587302382966|1671077542827|friends
19791209310375|6597069776894|1640934834286|parents
17592186064823|19791209350666|1649590540536|siblings
40407|13194139593526|1647129969884|business associate
19791209370375|26388279067009|1663178505456|business associate
10995116278168|10995116278292|1623086368164|parents
10995116278168|24189255851093|1666556375287|other relatives
2199023275960|21990232585909|1658610626049|friends
6597069827064|24189255841333|1657887931191|parents
15393162859272|26388279076877|1664513633093|friends
15393162859272|4398046581620|1637550923544|friends
10995116338169|28587302382647|1672359314654|friends
8796093092617|17592186104555|1645794758792|business associate
8796093092617|26388279117185|1672065649441|friends
10410|50730|1652903637774|friends
10410|13194139603666|1624743550021|other relatives
19791209300379|19791209371018|1660978165728|friends
19791209300379|4398046541630|1646009504360|friends
4398046561515|26388279116879|1666698662386|business associate
4398046561515|13194139533696|1658161690473|siblings
24189255881483|13194139564153|1665133542773|friends
8796093032620|28587302362222|1671101878125|business associate
21990232595932|15393162859600|1655721711727|business associate
10995116338172|17592186094832|1651141387354|friends
70412|15393162829935|1661237717876|friends
70412|21990232556018|1648872676073|business associate
6597069767069|26388279137440|1664932664307|siblings
4398046531517|24189255821842|1660097552621|other relatives
17592186084829|19791209300632|1647797971224|siblings
17592186084829|2199023316775|1661682965321|siblings
19791209360381|19791209370428|1643971149705|business associate
26388279137037|6597069766911|1665259382646|parents
26388279137037|17592186054793|1659629752433|friends
13194139573726|17592186045328|1661570419957|parents
13194139573726|10995116278780|1641181148428|friends
10995116338174|8796093062582|1645671203142|siblings
10995116338174|6597069837228|1671595387365|parents
4398046511519|24189255861852|1664223957561|friends
28587302322592|8796093063154|1670940586540|business associate
28587302362592|60336|1669852777726|siblings
28587302362592|10995116338226|1668310997742|business associate
17592186094832|8796093092560|1641414876921|parents
17592186094832|6597069796979|1666501214457|other relatives
8796093082624|2199023316713|1667119480745|friends
8796093082624|50852|1660332123508|parents
26388279067041|17592186095256|1669707741361|friends
4398046531521|10995116347978|1646690628986|parents
6597069827073|13194139593742|1640363994044|parents
6597069827073|26388279116828|1667031718758|parents
15393162859281|40447|1627810389492|friends
19791209350386|60090|1656394887059|other relatives
19791209350386|24189255812269|1658972798967|parents
21990232585939|28587302332847|1668889683444|siblings
21990232585939|60823|1667035112404|siblings
17592186084835|24189255862024|1672249278878|friends
17592186084835|50|1641023169288|parents
26388279127043|6597069767760|1663995861481|business associate
30786325608148|2199023296542|1672098468664|business associate
2199023295972|21990232595719|1656865090463|business associate
2199023295972|2199023306697|1608682045648|friends
60420|26388279117599|1671550316811|parents
8796093022629|10995116347767|1640645486466|siblings
8796093022629|4398046521563|1644523282944|other relatives
8796093052629|8796093022698|1625476220665|friends
8796093052629|17592186115333|1650561454518|business associate
13194139593733|10995116298345|1642523897358|friends
19791209370389|15393162829325|1669728675547|siblings
2199023305974|2199023326726|1589276523662|friends
2199023305974|30786325598172|1672037560534|siblings
21990232575943|21990232595625|1670917543758|other relatives
6597069807079|15393162829111|1634441003796|siblings
6597069807079|21990232595848|1651459894476|other relatives
26388279107048|8796093032936|1665614996530|friends
19791209320393|17592186064511|1657854319250|parents
10995116308185|15393162838934|1660251888576|friends
10995116308185|6597069817272|1616956153715|friends
2199023305977|19791209350928|1662122428281|siblings
2199023305977|19791209310937|1647305954846|friends
13194139603737|24189255882031|1661736462317|other relatives
13194139543738|2199023265575|1630363663396|friends
4398046571530|15393162859203|1640465323314|parents
24189255821499|19791209310230|1660723418565|siblings
28587302352603|28587302362741|1670779678425|friends
15393162839291|24189255811885|1667251140379|friends
21990232615947|21990232616361|1669987442248|business associate
10995116278188|15393162839585|1630098149851|friends
26388279077052|26388279117567|1671285960262|business associate
26388279077052|10995116288196|1664061174869|siblings
24189255841500|6597069826815|1670572438949|business associate
21990232605948|13194139593557|1670511860949|friends
21990232605948|6597069777826|1668847851606|friends
4398046581532|4398046522070|1623112465616|friends
4398046581532|50749|1614790538297|other relatives
24189255811501|8796093092795|1666029770993|parents
24189255811501|10995116318301|1655657902780|parents
30786325608157|15393162858867|1671519665560|other relatives
13194139573741|2199023286669|1648782971172|business associate
19791209360397|17592186084876|1662889267251|business associate
21990232595950|15393162789372|1665269726242|siblings
21990232595950|2199023306278|1645845697804|friends
13194139593742|24189255861363|1655481072617|parents
30786325608159|8796093062301|1672237679445|other relatives
30786325608159|21027|1672288448038|other relatives
8796093062639|10995116278947|1617175659498|other relatives
15393162799296|28587302382473|1669553946943|parents
15393162799296|8796093073252|1670182433736|parents
17592186064848|15393162819999|1670455934580|business associate
17592186064848|4398046511629|1639680392770|business associate
17592186074848|30728|1644713663429|parents
24189255881504|6597069827067|1664687829868|friends
24189255881504|10995116288276|1656681705935|siblings
26388279087057|2199023285964|1660430058315|siblings
2199023285985|26388279077087|1663390469521|other relatives
2199023285985|24189255812169|1663922908733|parents
15393162829297|26388279087388|1663171867773|parents
15393162829297|4398046561466|1670939499581|friends
13194139603745|8796093083417|1646396619801|business associate
26388279097058|28587302372268|1667642787381|business associate
60434|26388279116714|1670629051701|business associate
26388279137058|8796093042361|1667920918359|friends
26388279107059|15393162789511|1667795503042|siblings
26388279107059|10995116308512|1670036998748|friends
21990232615955|10995116328197|1650439201524|business associate
17592186044852|4398046542152|1659354373348|business associate
8796093042644|24189255871580|1661288195185|other relatives
8796093042644|20848|1655525471197|business associate
28587302382612|21008|1670876476778|parents
28587302382612|24189255881898|1671419668801|business associate
13194139603748|26388279077166|1672010472109|siblings
13194139603748|6597069766710|1629347397424|friends
17592186044853|4398046561237|1646165948600|parents
17592186044853|2199023265784|1640527397348|parents
21990232595957|4398046571161|1664916589648|siblings
21990232595957|13194139604172|1669794236643|friends
10995116328197|17592186045638|1649114339633|friends
10995116328197|6597069837246|1645693391780|parents
70437|30512|1661207652902|parents
70437|4398046551803|1638973426317|siblings
13194139533750|28587302333380|1667739989952|business associate
26388279087062|15393162809443|1666477871528|friends
26388279087062|15393162819622|1663551191721|business associate
24189255851510|8796093022309|1664718986109|siblings
24189255851510|26388279077372|1661963882834|other relatives
21990232555959|24189255822023|1669956893245|siblings
21990232585959|21990232556159|1665507451398|business associate
24189255851511|15393162819928|1672478812312|other relatives
24189255851511|19791209340749|1658981223760|other relatives
8796093082647|17592186054796|1637390265257|parents
13194139603751|2199023296613|1650306563053|siblings
13194139603751|6597069807413|1629154390698|business associate
2199023265992|4398046582229|1644871399458|siblings
2199023265992|13194139534132|1663892230055|friends
26388279097064|26388279107104|1667364230270|other relatives
2199023295992|10995116328704|1622302715377|siblings
2199023295992|6597069777596|1642419206816|siblings
10995116328200|8796093092398|1671334299856|parents
10995116328200|17592186065089|1641638269386|business associate
24189255871513|24189255841507|1658975879384|friends
24189255871513|10995116278362|1664220986744|business associate
21990232555962|2199023296715|1659509359688|business associate
21990232555962|28587302373098|1668337129805|other relatives
30786325618170|8796093062244|1671228022626|parents
30786325618170|17592186055215|1672280271633|friends
50442|2199023326089|1622249587344|business associate
30443|24189255881158|1672310753722|siblings
30443|10995116287788|1655712299390|parents
13194139563756|8796093062780|1664973851621|other relatives
28587302362620|17592186095018|1671755391383|parents
28587302362620|2199023286362|1672515450221|siblings
19791209300413|4398046541242|1648892654938|business associate
28587302352621|8796093033331|1670508661855|friends
19791209350413|10995116278272|1653857616116|other relatives
40446|26388279077419|1659064649994|business associate
40446|21990232575923|1667716563287|friends
15393162789311|19791209331198|1669928923248|friends
6597069787103|4398046512176|1637298868761|friends
6597069787103|19791209370255|1642773284022|business associate
40447|4398046511393|1592342354407|parents
40447|26388279137377|1660032223776|friends
50447|13194139553798|1662586488386|parents
19791209370415|17592186094899|1643433271576|business associate
19791209370415|30786325608610|1672121680780|siblings
26388279067072|6597069767428|1664062182304|friends
26388279067072|15393162849332|1665301793912|siblings
2199023286000|4398046561344|1630013661549|friends
10995116298209|19791209320961|1661886256652|friends
4398046551553|2199023285732|1658065753321|parents
4398046551553|2199023326535|1617780690939|parents
26388279117073|2199023316019|1669339711834|siblings
26388279117073|26388279137547|1665840655405|business associate
21990232615969|2199023276473|1664929772190|friends
21990232615969|40446|1655222449661|friends
6597069777106|10995116318663|1654442703600|parents
6597069777106|13194139553556|1633435438788|siblings
19791209320418|10995116278763|1667273237981|friends
24189255851522|30966|1658658761835|parents
24189255851522|50831|1668307624729|other relatives
17592186094866|17592186114731|1661580220161|friends
17592186094866|15393162789129|1655239685311|parents
26388279067075|6597069816844|1664750116060|siblings
28587302342627|13194139553552|1668751031237|business associate
8796093052659|21990232616553|1666483781349|parents
4398046531556|28587302342245|1667854064592|parents
4398046551556|21990232605999|1646500131204|other relatives
40453|17592186044853|1640101637821|business associate
40453|2199023256779|1611090426515|friends
13194139573766|4398046531795|1648799032468|parents
28587302392630|26388279076841|1669524745580|parents
24189255811527|15393162809956|1671136818037|business associate
21990232575975|6597069777081|1665191337432|friends
26388279097079|60017|1662460846976|other relatives
26388279097079|30786325608869|1671675343756|other relatives
10995116338215|2199023305778|1665006545547|friends
10995116338215|6597069777074|1630046192755|parents
4398046531560|28587302373297|1665240126146|parents
30786325578185|30786325598488|1672337837455|other relatives
17592186054873|24189255881349|1656945541012|friends
2199023296009|8796093063138|1616105981115|parents
10995116328217|28587302392226|1670068611277|friends
24189255811530|10995116287958|1668776333741|siblings
6597069777114|24189255861626|1654907887260|friends
6597069777114|2199023266086|1649789937827|friends
21990232575978|8796093062886|1670276940620|friends
13194139563770|26388279077006|1664792681561|parents
15393162829322|263|1630652328326|friends
15393162829322|8796093023358|1646550446230|parents
19791209350426|28587302372895|1665474209444|friends
4398046521563|24189255831202|1665809553087|friends
15393162809323|13194139564038|1660672083342|other relatives
17592186074875|17592186095084|1655587846742|siblings
17592186074875|19791209310458|1666793530476|parents
19791209340427|4398046561633|1654787520850|parents
19791209300428|26388279106766|1665814413393|parents
4398046541564|8796093032426|1653833312465|other relatives
4398046541564|28587302372440|1663923107985|friends
24189255811533|26388279117612|1667774164921|business associate
24189255811533|15393162830054|1661336009675|other relatives
4398046521565|8796093092754|1613284786656|friends
13194139583773|41249|1664351428227|siblings
13194139583773|24189255841991|1670075374493|business associate
15393162809326|28587302372440|1667970269437|siblings
40462|15393162829111|1648645730880|parents
21990232605982|26388279126995|1663457688458|siblings
8796093082670|19791209310962|1648940788402|parents
8796093082670|21990232626400|1654771502156|business associate
28587302392638|70854|1672402762071|business associate
15393162789327|21990232555817|1662971377412|business associate
6597069787119|28587302382688|1671558488888|siblings
6597069787119|26388279127536|1669648427502|friends
13194139563775|15393162799277|1656107532603|parents
60463|13194139533398|1640417953402|friends
4398046581567|6597069767544|1632206793466|siblings
4398046581567|6597069806854|1626095674530|business associate
4398046531568|4398046572336|1628487988221|other relatives
4398046531568|17592186065240|1657610245360|friends
26388279137088|13194139534515|1666966256726|friends
30786325578193|6597069837075|1671506906372|friends
19791209320433|2199023265718|1653921929750|siblings
13194139573777|30786325617799|1670060756052|siblings
6597069827121|21990232626353|1654643675731|siblings
6597069827121|6597069826951|1668542973851|friends
2199023326017|10995116338540|1651687352645|other relatives
2199023326017|10995116308432|1634933321562|parents
21990232585986|28587302392481|1666164074340|parents
21990232585986|15393162839597|1663265726543|parents
10995116328226|28587302323192|1671588132698|friends
10995116328226|13194139534222|1643212682354|business associate
10995116338226|15393162830033|1642009005433|friends
10995116338226|30904|1665493587546|siblings
15393162829331|2199023285857|1631729468014|friends
15393162829331|26388279097399|1661594537733|parents
13194139533780|4398046521245|1623340794078|friends
8796093032676|13194139573881|1659760208601|friends
8796093032676|30786325608562|1670901382246|friends
28587302332645|20022|1666158909668|friends
28587302332645|4398046572168|1671441925766|friends
28587302362645|8796093022417|1671126264904|friends
13194139603781|19791209341081|1663611220317|friends
13194139603781|21990232616196|1668103174131|other relatives
10995116278230|30786325647742|1669438592408|business associate
21990232565990|19791209370707|1655924321842|business associate
24189255831542|24189255841773|1658635384507|other relatives
24189255831542|4398046531368|1669184090044|siblings
24189255851542|19791209300528|1662063444571|friends
24189255811543|4398046581879|1654585665923|business associate
24189255811543|10030|1660884365036|friends
17592186094887|2199023256301|1640835663041|business associate
28587302382647|26388279117681|1664975542178|siblings
28587302382647|8796093052882|1670718188516|siblings
28587302322648|6597069767827|1671187486259|other relatives
28587302322648|6597069786925|1669787514935|siblings
13194139593784|6597069827025|1654633011734|siblings
15393162859336|30786325598172|1672368909183|parents
15393162859336|17592186105374|1636507699872|business associate
4398046521577|24189255832218|1671554414090|siblings
17592186094889|24189255811568|1653947217722|business associate
28587302382649|4398046531336|1666642191264|parents
2199023326025|15393162859843|1657040229765|other relatives
6597069767130|19791209370851|1648357698244|friends
26388279137098|26388279127084|1665764621553|siblings
26388279137098|4398046581324|1666786721757|friends
30786325588203|26388279137574|1672522395941|siblings
30786325588203|28587302362741|1672499656777|friends
28587302352651|19791209360556|1671272878642|other relatives
17592186084891|2199023286613|1635263958738|business associate
13194139583787|10995116318350|1632084532899|friends
21990232615995|28587302383015|1666383888600|friends
10476|6597069767446|1660253088367|business associate
13194139563788|13194139563439|1627837267739|friends
13194139563788|28587302342648|1671043068191|siblings
8796093092684|6597069797703|1671496436097|parents
8796093092684|28587302332579|1668009854709|business associate
477|17592186084739|1637653380169|friends
477|26388279067518|1670409542549|parents
19791209310445|17592186055504|1647708676538|parents
19791209310445|17592186104560|1641429683456|business associate
30477|4398046522301|1672275564453|siblings
50477|4398046582058|1594755756414|business associate
8796093092685|6597069787699|1669205288857|parents
24189255831550|15393162829808|1668867954734|parents
24189255831550|30786325598787|1671879248708|friends
24189255851550|8796093053357|1668892466848|business associate
15393162829343|28587302342989|1671607572869|other relatives
21990232605999|4398046552256|1668326721570|business associate
21990232605999|13194139554380|1654206184927|friends
4398046531584|8796093042255|1651135450562|friends
24189255841552|21990232576200|1662099160207|siblings
24189255881552|13194139563594|1667687010039|siblings
24189255881552|6597069816924|1651569754177|other relatives
26388279087105|4398046532158|1664942961111|other relatives
26388279087105|19791209351066|1666773161770|friends
15393162859345|10995116278547|1656638817497|parents
13194139573794|21990232595898|1649266126125|siblings
13194139573794|13194139604503|1659719270961|business associate
10995116328242|15393162819314|1655382347260|friends
13194139533795|8796093092714|1624719639605|siblings
13194139533795|15393162859336|1665254616665|other relatives
17592186084899|21990232576396|1646919404950|friends
17592186104899|6597069836720|1647817620853|parents
70483|17592186074508|1665818184133|friends
15393162829348|24189255871886|1662258008122|siblings
15393162829348|30786325628769|1671860776396|friends
8796093082692|2199023275741|1624353929516|siblings
8796093082692|4398046581395|1625372867865|siblings
8796093022693|24189255841878|1654764859445|siblings
10485|19791209320435|1659456218317|siblings
10485|4398046541158|1670102731256|siblings
19791209320453|19791209350014|1658964174682|parents
2199023316037|71042|1637177375921|friends
21990232566006|4398046552227|1664086659296|friends
6597069807142|21990232595929|1663211778791|friends
6597069807142|2199023255836|1667107744330|friends
28587302332663|15393162788995|1669017409557|friends
19791209330455|19791209350021|1663345845308|parents
19791209330455|15393162798992|1648083639222|business associate
28587302382663|6597069807490|1670628128687|parents
28587302382663|24189255842320|1671666748067|siblings
28587302332664|4398046572192|1663112529173|business associate
28587302332664|6597069837322|1666916837656|friends
19791209340456|30786325638373|1671855145678|business associate
19791209340456|6597069806861|1647654788190|parents
30786325648216|24189255861201|1670869167571|parents
10995116288249|24189255872050|1662564862008|parents
10995116288249|19791209350998|1669953957484|business associate
21990232586009|10995116278072|1665044235536|parents
21990232586009|24189255811445|1654275740379|siblings
2199023326041|2199023306472|1608145777358|parents
19791209310458|2199023256734|1656613176331|parents
19791209310458|26388279097502|1665767471784|business associate
30786325608218|28587302332740|1672303309510|parents
8796093062698|2199023266316|1627880097976|friends
8796093062698|26388279076978|1661352234491|siblings
26388279067115|28587302342337|1670382146266|siblings
26388279067115|4398046531556|1672381935527|siblings
19791209310459|30786325587809|1672408570036|siblings
19791209310459|4398046581765|1645218413775|business associate
15393162809355|2199023325622|1665266242847|business associate
15393162809355|13194139604381|1658130531379|friends
21990232606011|21990232566479|1665762205385|siblings
21990232586012|15393162799864|1649210452439|business associate
28587302392668|15393162838901|1669825699618|friends
28587302392668|24189255831278|1668432500196|parents
24189255811565|10995116287788|1667983004391|siblings
2199023266045|19791209360856|1669002233558|friends
10995116318253|19791209370603|1640273943134|parents
6597069817149|13194139554268|1625102377427|siblings
6597069817149|21990232576594|1660977559389|business associate
13194139603805|19791209320464|1666522098426|friends
13194139603805|28587302332733|1671227333318|parents
19791209320462|10995116327791|1645996397159|siblings
19791209320462|21990232596490|1651287505367|friends
2199023326046|28587302353404|1670379672414|friends
2199023326046|15393162809105|1655770778372|friends
13194139543807|17592186085542|1650638904355|siblings
15393162809359|60946|1644193889281|business associate
15393162839359|8796093042822|1656041005278|other relatives
6597069837151|17592186095311|1669400049401|other relatives
19791209320464|8796093082818|1653517034977|friends
19791209320464|17592186084720|1645980279279|parents
6597069837152|21990232596402|1671129868227|business associate
6597069837152|19791209320108|1667593639725|friends
26388279107121|17592186084722|1664419519151|parents
26388279107121|6597069827023|1659084450088|parents
28587302372673|24189255811256|1665134020736|parents
28587302372673|24189255871873|1672438352170|siblings
2199023316049|19791209341116|1672329030495|friends
10995116288258|4398046542199|1631928984257|business associate
10995116288258|13194139564163|1624078001872|siblings
28587302352674|2199023295953|1667393009754|parents
28587302352674|17592186054612|1668754813635|parents
2199023296050|17592186055481|1669695757401|friends
2199023296050|17592186114799|1642066587984|parents
15393162839362|10995116338689|1624070898189|siblings
15393162839362|10995116278794|1656937516617|business associate
13194139603810|6597069836923|1643593659760|siblings
28587302352675|2199023276093|1667847672890|friends
50500|24189255852306|1663436940705|business associate
15393162849364|30786325628769|1671916551682|parents
15393162859364|17592186055338|1639553662706|siblings
13194139553813|15393162819916|1625254792552|siblings
13194139553813|28587302392180|1669914661239|other relatives
17592186104917|19791209340434|1652499617904|friends
17592186104917|24189255881453|1661007207618|siblings
13194139553814|19791209370428|1652687417583|parents
19791209310471|31144|1644259098827|siblings
19791209310471|10995116308185|1644306407130|business associate
20503|31193|1612873358370|parents
20503|13194139543704|1628187971899|other relatives
24189255841575|19791209370953|1667291476698|parents
6597069807159|26388279106689|1670684339712|business associate
8796093072711|10995116318650|1668354127828|business associate
8796093072711|4398046521685|1649745372234|parents
26388279127127|2199023275741|1665352441483|friends
26388279127127|28587302332434|1667185372176|siblings
24189255811576|6597069807468|1666921353789|other relatives
24189255811576|10995116307830|1659158087847|parents
28587302332680|30786325618950|1671927012168|parents
4398046541608|6597069766773|1631432072144|business associate
17592186094920|2199023286334|1654403542206|friends
17592186094920|21990232555607|1649316370611|business associate
13194139533817|26388279127368|1668358131720|siblings
13194139543817|2199023316474|1644026840764|parents
6597069807161|28587302383176|1667000153843|friends
6597069807161|19791209320824|1672389408417|parents
28587302392681|4398046582297|1669049987934|friends
8796093022714|4398046511409|1605014506620|friends
507|28587302322245|1669834632454|business associate
507|21990232556268|1654976805058|friends
24189255821579|21990232596635|1670801653313|friends
24189255821579|19791209340356|1671825656239|parents
13194139553819|30866|1666727354613|business associate
13194139553819|8796093032911|1634399220140|siblings
8796093082715|19791209320776|1657050929482|parents
6597069837163|6597069827067|1611324419605|siblings
6597069837163|28587302342627|1668559551568|parents
17592186054924|28587302382485|1666756995609|siblings
17592186054924|21990232585909|1654520352181|business associate
10995116318268|8796093083432|1621958524302|parents
17592186094924|21990232615622|1655372109104|friends
24189255871580|6597069767485|1650607693864|business associate
28587302322685|6597069807719|1669905349204|friends
28587302322685|17592186114713|1666558035046|siblings
8796093032717|2199023286109|1659968541157|friends
21990232576029|2199023266460|1662110713368|other relatives
21990232576029|28587302392291|1671428575805|other relatives
24189255861581|24189255841773|1660896355500|siblings
24189255861581|8796093093060|1658351153346|parents
30786325638237|15393162849677|1672315263110|parents
30786325638237|17592186055252|1671924837347|siblings
19791209300478|8796093042412|1655942264370|siblings
19791209300478|21990232616668|1657567719122|siblings
6597069777166|19791209320541|1654987242266|business associate
19791209340478|13194139543561|1643871613586|siblings
2199023306062|10995116288564|1644246015835|other relatives
10995116278271|17592186095230|1641927023905|business associate
10995116278271|28587302382537|1668484131377|siblings
4398046521615|17592186085408|1645240149184|friends
19791209330479|21990232615733|1671093504237|other relatives
19791209330479|21990232566692|1646825856607|friends
26388279107135|24189255852249|1663967555707|friends
2199023316063|21990232566069|1661127039407|friends
2199023316063|4398046531901|1627186200446|siblings
10995116278272|19791209330645|1672294448431|friends
30512|30786325598889|1672450344407|business associate
30512|19791209361073|1656261558017|parents
6597069817168|10995116277974|1631867559385|business associate
6597069817168|8796093052371|1607532869902|other relatives
28587302382688|40097|1670154636114|friends
2199023286065|17592186115030|1645563446362|siblings
24189255861585|24189255832213|1669857740712|friends
24189255861585|19791209350959|1664338968903|friends
60513|21990232586183|1656451596314|parents
30514|50598|1644974637868|business associate
30514|19791209320758|1657409401903|business associate
17592186084930|4398046551613|1659125926290|siblings
17592186084930|17592186054730|1669599905057|friends
21990232626034|8796093053334|1660195171120|siblings
21990232626034|17592186104866|1666189441023|business associate
4398046541619|10995116298413|1663806080028|parents
4398046541619|15393162849592|1665490898411|other relatives
17592186084931|4398046511249|1652585767171|friends
24189255811588|17592186094492|1661528707365|friends
24189255811588|10977|1661436904549|other relatives
10995116288276|21990232596522|1646553494120|parents
15393162819380|2199023275587|1645823586402|friends
26388279117140|2199023316588|1665530683986|parents
26388279117140|11027|1660391478942|parents
10995116278277|8796093093238|1622459981951|parents
24189255831589|8796093023418|1655817046459|friends
4398046541621|17592186115492|1664717039153|friends
15393162839381|13194139594141|1655413287064|friends
15393162839381|17592186055630|1642245876348|siblings
21990232616037|4398046521450|1649944522182|siblings
21990232616037|19791209331008|1664769301088|siblings
4398046511622|4398046561497|1650705427718|other relatives
4398046511622|10995116298139|1614509219964|siblings
2199023286070|2199023316149|1600779521483|business associate
24189255851590|19791209350995|1667351868127|other relatives
19791209360486|8796093062448|1658774832261|other relatives
17592186044935|4398046552282|1649182844981|business associate
6597069777175|8796093032351|1616734500731|business associate
6597069777175|21990232566419|1670411564741|siblings
28587302342695|28587302352502|1667211384316|friends
28587302342695|26388279107437|1669575808177|business associate
28587302352695|13194139544522|1670232101339|other relatives
2199023266072|30786325598339|1671778021555|business associate
2199023266072|21990232586541|1662367271717|friends
19791209350488|26388279106865|1669925344818|friends
21990232626040|19791209330587|1661450334587|other relatives
21990232626040|13194139594412|1652841300344|business associate
4398046531625|6597069777706|1650749932806|siblings
6597069817177|26388279126659|1668500605876|business associate
6597069767178|6597069837203|1652990917631|parents
19791209340490|13194139583390|1657451878368|business associate
19791209340490|24189255871917|1661322897080|friends
21990232616042|28587302353345|1669863173753|other relatives
21990232616042|6597069807783|1645167509610|friends
8796093092730|24189255812207|1653639648303|siblings
8796093092730|26388279127828|1667059915455|friends
28587302322699|10995116298036|1668117079846|siblings
28587302322699|24189255811083|1665170000469|friends
19791209310491|70114|1647171410681|friends
19791209310491|4398046542038|1648436845012|friends
24189255841595|26388279107422|1669441718564|friends
24189255841595|15393162859310|1654249358787|siblings
15393162849388|17592186074868|1645280026264|parents
13194139603836|17592186105097|1662161476808|business associate
4398046521629|15393162818945|1630948057270|friends
4398046521629|13194139603710|1623381347745|siblings
17592186064941|17592186065091|1668952496273|parents
13194139563837|19791209320433|1651592070029|siblings
13194139563837|10995116308683|1638924495904|siblings
6597069837181|15393162859364|1637152109099|friends
8796093022734|13194139533649|1627103354271|friends
8796093022734|2199023306747|1637314982099|parents
10526|4398046521934|1592559973016|siblings
4398046541630|2199023276700|1636775655229|parents
6597069827182|24189255831949|1656201842960|parents
19791209300495|26388279096837|1668479967484|parents
19791209300495|24189255811917|1662239339466|other relatives
17592186094943|24189255851697|1657289776493|friends
17592186094943|6597069837531|1642683503877|business associate
15393162859391|8796093022538|1652132331104|friends
15393162859391|30786325598339|1671086175474|siblings
15393162789392|30786325648668|1672394602161|business associate
15393162789392|15393162859110|1669219341609|siblings
10528|15393162809689|1632737970081|siblings
10995116318288|13194139563508|1630147284462|business associate
8796093022737|21990232576254|1662395285555|siblings
8796093022737|21990232605661|1667241620005|business associate
24189255831601|15393162799794|1658033183570|siblings
10995116278290|30786325598478|1672382111425|siblings
10995116278290|2199023325595|1623794568217|siblings
30786325588258|8796093032984|1671804321139|friends
30786325588258|28587302362924|1670442358193|business associate
13194139533843|2199023265657|1621442190305|parents
13194139533843|4398046511240|1626109757009|siblings
10531|4398046572325|1622244686831|friends
24189255851603|4398046531560|1661986884044|friends
24189255851603|6597069796776|1658534824293|other relatives
21990232606051|17592186095481|1650549514928|siblings
13194139593843|10995116298507|1635564045668|friends
8796093092739|6597069777242|1643743622907|friends
8796093092739|4398046562310|1669450041351|friends
6597069777188|21990232596402|1649786755484|friends
30786325648260|4398046551827|1671923938449|siblings
13194139533845|21990232616721|1669740133699|other relatives
13194139533845|10995116328333|1635603460045|friends
30786325588261|8796093072897|1670089280891|business associate
19791209320501|4398046582182|1647720011083|business associate
19791209320501|19791209321040|1648916362027|siblings
2199023306085|30786325648830|1670067115822|friends
2199023306085|17592186055475|1643881978210|business associate
4398046581637|2199023305568|1596535187284|friends
4398046581637|51235|1669999872390|friends
2199023266086|8796093092753|1667344989932|other relatives
24189255841606|21990232625748|1660616134122|parents
24189255841606|8796093093253|1669416043724|business associate
4398046551638|4398046522182|1642172416465|siblings
4398046551638|6597069766710|1651480404666|parents
24189255821607|2199023275934|1652701407809|business associate
24189255821607|28587302322451|1666598422611|parents
30786325608263|13194139593971|1672279448122|friends
28587302372711|28587302352191|1670497149646|other relatives
2199023306088|24189255841947|1664471525675|business associate
2199023306088|8796093043381|1670301397068|friends
13194139593848|26388279117116|1666178009312|parents
30786325648264|19791209330180|1671356445866|siblings
28587302342713|2199023316705|1670164849499|business associate
28587302342713|8796093023393|1670795671704|friends
24189255841609|4398046541771|1667249457815|other relatives
10538|2199023306278|1669554232063|siblings
10538|19791209331008|1661640921425|friends
21990232596058|26388279086692|1663414895930|siblings
21990232596058|6597069817045|1667731201065|friends
28587302392714|21990232615896|1671215633305|friends
28587302392714|26388279107252|1671016643156|business associate
21990232566059|30786325648484|1671717468504|siblings
19791209330507|2199023285939|1663644677659|business associate
21990232616059|15393162830008|1655990332433|friends
21990232616059|28587302382974|1671201441764|friends
10995116348299|21990232605914|1648106502535|business associate
19791209300508|20016|1670257263450|friends
15393162809404|26388279126659|1663746257972|friends
19791209340508|10995116338828|1658009643859|friends
19791209340508|2199023286641|1655987715622|business associate
4398046571644|10995116288027|1633877123717|parents
4398046571644|4398046511296|1656548439308|business associate
21990232556061|4398046521350|1647836587046|friends
21990232556061|28587302322878|1670208266219|friends
28587302382717|70944|1671066753747|friends
8796093092749|17592186105638|1643895201468|parents
6597069767198|15393162858965|1662889027849|siblings
26388279077166|30786325627897|1670771482053|parents
17592186064958|4398046582229|1642035976193|parents
17592186064958|10224|1637887673988|friends
19791209320511|28587302372421|1672154957411|parents
19791209320511|17592186095652|1660021905397|parents
28587302352719|6597069787117|1670279051907|parents
28587302352719|2199023256779|1670597510148|siblings
6597069807199|8796093092344|1657537724766|friends
50543|17592186095516|1645336136723|other relatives
50543|2199023255682|1660761862018|friends
8796093022752|61008|1607462774968|other relatives
4398046521648|28587302382271|1672523208845|friends
30544|10995116328868|1644864431314|business associate
60544|28587302343150|1672202328758|business associate
13194139563857|15393162799420|1652901326698|parents
13194139563857|2199023286141|1641652922555|friends
4398046521650|6597069826781|1662805476367|siblings
19791209320514|19791209361166|1663256251652|friends
50546|26388279097443|1668621328255|parents
50546|8796093023186|1661275935578|business associate
21990232556067|24189255881220|1660890470720|parents
8796093032755|6597069767524|1665375083191|parents
8796093032755|15393162799254|1663813936779|siblings
2199023276099|8796093092878|1607497473650|parents
2199023296099|10995116278271|1625428172472|siblings
2199023296099|8796093043171|1657584136806|parents
19791209350515|2199023266072|1652981542482|other relatives
19791209350515|28587302342337|1672382635053|siblings
15393162849411|70699|1659282744769|business associate
8796093082756|26388279066866|1660870901683|friends
21990232566069|8796093022799|1656187250690|other relatives
26388279127173|8796093082941|1668122109938|friends
26388279127173|13194139534220|1671623717134|other relatives
8796093072758|6597069786783|1626397122287|other relatives
8796093072758|10995116288195|1653478979875|business associate
2199023316102|40217|1612925502303|siblings
2199023316102|61142|1667779649820|friends
17592186054967|28587302392480|1671222673777|business associate
17592186084967|21990232576479|1656103377477|siblings
24189255871623|51235|1659368988407|siblings
24189255871623|11073|1653588145100|friends
17592186064968|10995116298336|1656399237641|other relatives
17592186064968|28587302333301|1669491544482|business associate
2199023326104|13194139554360|1632350731108|siblings
15393162789417|28587302322219|1665740804651|business associate
21990232586073|17592186085620|1650711310083|friends
21990232586073|13194139573881|1646060094051|business associate
19791209300522|21990232606317|1666993102145|parents
13194139543866|13194139593814|1640483926178|parents
13194139543866|10995116338390|1621964222453|other relatives
8796093052762|10995116328674|1644268869493|siblings
8796093052762|2199023256174|1664747675437|business associate
6597069827210|8796093033230|1651340102161|siblings
6597069827210|28587302322328|1669373207434|parents
30786325648282|10995116318350|1672305505225|business associate
21990232566075|19791209300552|1645182674373|parents
21990232566075|10995116328195|1657228848043|siblings
2199023276107|4398046541138|1641287274897|friends
2199023276107|28587302382876|1668832647044|parents
21990232586075|13194139584502|1658362003797|business associate
17592186084971|13194139603805|1650214826478|business associate
24189255881627|10995116278292|1668890368477|business associate
24189255881627|4398046551553|1670074598899|siblings
15393162799420|13194139544466|1630659495187|friends
26388279097180|19791209350244|1664630655991|friends
26388279097180|21990232585544|1669597065913|friends
10995116318316|21990232615960|1663126482813|parents
10995116318316|17592186064753|1651415440054|friends
15393162839420|26388279097820|1667834557438|parents
26388279067181|19791209370867|1665923624376|friends
4398046571661|21990232615677|1653327149659|siblings
17592186044974|6597069827012|1644523503731|friends
17592186044974|4398046511885|1653503313548|business associate
26388279087182|6597069837466|1667492474104|parents
26388279087182|13194139554050|1666585319178|parents
28587302382734|2199023276670|1672161181638|parents
28587302382734|8796093092739|1664655359899|siblings
13194139603870|26388279126872|1663998909054|business associate
13194139603870|28587302332847|1670472614832|other relatives
21990232586079|10995116348299|1665784355707|other relatives
21990232586079|26388279077648|1667970542812|friends
21990232606079|17592186084971|1664489907911|siblings
21990232606079|21990232615706|1659583981134|business associate
21990232616079|10589|1653392523750|friends
21990232616079|6597069767047|1663151254568|parents
24189255841632|17592186104478|1655870765027|other relatives
24189255841632|17592186064823|1651255904553|business associate
10995116348320|26388279117264|1660139126514|friends
10995116348320|10995116348147|1620572641055|parents
26388279117185|24189255821857|1668125947606|parents
8796093092769|21990232596336|1653502111844|siblings
2199023256114|28587302392792|1671297705871|friends
15393162809426|50500|1639790515312|friends
15393162809426|24189255831721|1657292100509|business associate
4398046541666|8796093052974|1615983736598|parents
13194139553875|6597069827423|1652318950617|siblings
4398046551667|19791209300914|1642505927634|siblings
4398046551667|2199023306571|1628282623825|friends
19791209300532|2199023306077|1663838688315|friends
19791209300532|2199023296783|1646357207580|siblings
30786325618292|21990232605533|1670712504841|other relatives
8796093072772|26388279066759|1670598243194|siblings
6597069777221|26388279067387|1664562436485|friends
6597069777221|8796093072772|1646280957108|siblings
30786325628293|10995116338540|1672361096945|parents
30786325628293|26388279097374|1672071437513|friends
60565|10995116328868|1669399311168|siblings
26388279097190|30192|1662658253724|siblings
8796093072774|21990232605655|1664267106750|siblings
17592186104982|26388279127731|1670832842894|parents
17592186104982|26388279107497|1659924615792|siblings
2199023306119|6597069807540|1645120631253|siblings
2199023306119|4398046561632|1618212609394|other relatives
4398046581671|2199023326123|1654646690322|business associate
4398046581671|30512|1635236486167|parents
4398046511672|11218|1633345347449|business associate
4398046511672|4398046582009|1629583058366|parents
21990232606088|6597069826796|1646838436069|parents
24189255871640|26388279067075|1663215124276|friends
24189255871640|6597069797615|1658913665095|parents
13194139573881|19791209320932|1669774888244|friends
24189255881641|70741|1662742078491|siblings
24189255881641|6597069827751|1657243937376|business associate
8796093022778|15393162829084|1665422445776|parents
19791209320538|26388279107518|1670405961685|siblings
19791209320538|24189255852122|1669912264534|siblings
19791209350538|40838|1640289542720|siblings
19791209350538|26388279136954|1669969552994|parents
4398046581674|6597069817634|1652666560774|business associate
4398046531675|17592186084457|1658649034180|friends
4398046541675|21990232555740|1658397286259|friends
4398046541675|19791209360098|1647988063961|friends
13194139583883|6597069797539|1654911232884|other relatives
15393162809436|4398046551578|1650038783886|friends
8796093082780|24189255841469|1666381265973|friends
8796093082780|19791209361151|1664553221184|other relatives
6597069767229|70334|1614352112885|business associate
6597069767229|21990232555555|1652678884274|friends
17592186104989|2199023315744|1661093677883|business associate
26388279137197|24189255821407|1666734927194|friends
26388279137197|15393162849096|1663333675900|parents
10995116318334|13194139603993|1647733180236|parents
10995116318334|17592186075137|1661734819442|siblings
21990232626094|6597069837059|1653428241390|parents
30786325578303|26388279107728|1670807350243|friends
30786325578303|8796093022496|1671154316027|parents
28587302342751|4398046571193|1671954666373|siblings
28587302342751|21135|1668191882128|business associate
6597069797231|28587302363387|1665388062738|siblings
15393162839439|28587302362222|1669773418045|siblings
15393162839439|6597069787054|1666656262612|siblings
15393162829440|50310|1666916320752|siblings
15393162829440|26388279087755|1670028338922|siblings
19791209350544|13194139553411|1671100320716|business associate
19791209350544|4398046512027|1647236826801|parents
24189255821649|8796093092473|1668707917870|other relatives
24189255831649|30786325588338|1672416607567|business associate
60577|6597069766710|1656899005044|parents
6597069827234|26388279087788|1658919663311|parents
10995116288339|24189255831850|1658815867060|business associate
10995116288339|4398046511393|1646292072807|other relatives
15393162809443|21990232605594|1651646107944|business associate
19791209330547|30786325628684|1672251847375|business associate
19791209330547|19791209330309|1644568545747|parents
4398046561683|21990232616137|1662068344132|friends
580|11131|1661784072548|parents
580|17592186094645|1641287863740|siblings
2199023266132|26388279117522|1667427201091|friends
2199023266132|70183|1599580713777|siblings
17592186084996|26388279117813|1664185831812|parents
50580|10995116298009|1671538682919|business associate
50580|26388279136664|1656630141501|business associate
4398046521685|26388279137795|1668854276583|friends
4398046521685|19791209340427|1671456140717|friends
8796093042789|13194139543933|1652967779667|siblings
21990232586101|13194139593692|1667973823025|friends
21990232586101|13194139574192|1670498550214|siblings
13194139573893|50712|1640663325561|other relatives
13194139573893|26388279117383|1671102422177|friends
10582|17592186045453|1663975797960|siblings
10582|30786325578738|1671684227887|siblings
30786325608310|21990232596428|1672202290523|business associate
30786325608310|28587302363321|1671861528542|siblings
15393162839446|8796093092878|1669344317376|friends
19791209300551|10995116308105|1664671461724|parents
6597069787239|6597069807159|1654188887001|siblings
17592186084999|60840|1668609174858|other relatives
4398046521688|51077|1597789956041|parents
15393162809448|19791209369969|1650927014051|business associate
15393162809448|24189255852122|1656575629192|business associate
8796093052792|2199023256612|1664461416377|siblings
2199023296136|21990232576576|1668215180505|business associate
10995116328344|13194139583773|1622839731877|business associate
10995116328344|21990232586053|1664297388108|business associate
70584|4398046581765|1615554174459|business associate
70584|17592186044664|1669209490660|siblings
4398046511689|15393162839887|1668897819857|siblings
4398046511689|17592186054961|1656682166175|business associate
15393162799449|10995116278846|1645498910988|business associate
10995116328345|4398046582229|1671495726194|parents
4398046571689|10995116297912|1661959121853|business associate
4398046571689|6597069796832|1616257676611|friends
2199023326137|17592186084436|1645067408757|friends
2199023326137|15393162810070|1628652219812|siblings
10995116278346|13194139574019|1666075356885|friends
10995116278346|4398046531587|1665831462007|business associate
60586|30786325587919|1672379387794|friends
6597069767243|8796093062829|1643059427988|siblings
6597069767243|8796093092730|1620188761511|friends
8796093032795|28587302333050|1665615113424|siblings
8796093032795|26388279107426|1670659632786|parents
24189255841659|2199023255742|1657008519221|siblings
24189255841659|2199023265848|1670219622100|siblings
10995116318347|17592186064921|1642041291544|parents
10995116318347|26388279076981|1663154764020|parents
13194139593899|2199023305874|1641527381290|business associate
10995116288348|8796093033151|1664459540524|business associate
13194139533901|19791209340079|1667634122909|business associate
13194139533901|17592186095009|1634880361530|business associate
19791209320557|26388279086676|1668351500260|business associate
2199023286141|2199023285732|1663594996334|friends
26388279137213|19791209320202|1661618141146|friends
26388279137213|28587302353086|1669390977000|friends
8796093042798|30786325608157|1671402694571|friends
17592186075006|6597069766957|1643987866296|business associate
8796093082798|21990232586456|1650790029420|friends
8796093082798|24189255841632|1667460015712|friends
8796093022799|24189255811101|1662909134024|business associate
10995116288351|19791209320331|1643126372139|friends
30786325608319|10995116287923|1672523444636|other relatives
40591|15393162799671|1651848273279|parents
40591|60679|1586692044452|siblings
4398046511696|28587302362490|1669893008833|siblings
4398046511696|6597069767376|1623249886995|business associate
19791209330560|13194139543663|1640097470687|parents
26388279137216|19791209350133|1670975339819|friends
26388279137216|15393162789372|1665166339118|other relatives
4398046551697|28587302382463|1668215522433|siblings
4398046551697|21990232556070|1658616769243|friends
17592186095009|4398046571180|1671967198001|siblings
17592186095009|8796093053008|1661018028264|other relatives
10995116338353|10995116288249|1642616843836|parents
2199023326145|50266|1652228114745|friends
28587302322770|13194139593480|1670280266131|business associate
28587302322770|8796093053318|1672440238690|friends
24189255821666|28587302332271|1668910470687|business associate
8796093052802|8796093093355|1645697713698|business associate
8796093052802|17592186074602|1662325340989|friends
13194139583906|13194139534019|1644601773558|parents
26388279127218|10995116318113|1669383972253|siblings
13194139533907|21990232555566|1668701262975|parents
13194139533907|4398046521130|1631508073193|parents
21990232596115|30786325578380|1672279184794|parents
21990232596115|24189255881731|1667282147444|parents
26388279117219|24189255881483|1661467560990|friends
26388279117219|2199023275818|1670147018734|friends
26388279137219|26388279117377|1661975637147|siblings
26388279137219|50|1669610986891|parents
28587302322772|4398046552282|1667678350911|other relatives
10995116298356|13194139533817|1656807989422|business associate
17592186085012|30786325587765|1670548224894|siblings
17592186085012|10995116328445|1652039025711|friends
8796093082804|13194139574177|1657498502032|friends
8796093082804|26388279067657|1669989648170|business associate
28587302362773|21990232576265|1672300768543|friends
26388279097222|28587302323421|1667692301021|other relatives
21990232626118|19791209340245|1660941144458|parents
21990232626118|28587302372711|1671187430374|parents
6597069837255|8796093022700|1665307359879|friends
6597069837255|28587302343011|1665432688096|business associate
30786325578328|13194139543524|1671695563983|friends
28587302332776|2199023316238|1670252453558|business associate
17592186065016|21990232575829|1666825631126|friends
17592186065016|10995116277884|1655739488732|business associate
8796093062808|61082|1656306143681|business associate
19791209350568|24189255871149|1652084136700|siblings
19791209350568|24189255821713|1671711824434|business associate
26388279097225|10995116347942|1662305280126|siblings
26388279097225|17592186045044|1671342472163|siblings
8796093072809|4398046561862|1627122426181|parents
2199023266154|19791209351141|1656248191669|friends
2199023266154|24189255812308|1665264337243|parents
17592186095018|28587302363200|1670985178290|siblings
17592186095018|4398046582241|1648824470890|friends
10995116338362|30255|1636906252071|parents
8796093032811|28587302393421|1667350788078|friends
8796093032811|19791209300727|1671086765881|siblings
24189255831675|10995116287923|1664913105217|siblings
24189255831675|21990232555744|1662927125432|parents
17592186095019|19791209360462|1665351843455|business associate
21990232626123|10995116338540|1661349855994|siblings
21990232626123|8796093062938|1652725993938|other relatives
19791209300572|26388279136647|1663278871471|parents
19791209300572|30786325588371|1670993484406|siblings
13194139563916|10995116318795|1668682874177|siblings
17592186105020|26388279067010|1668401432751|parents
17592186105020|10995116338752|1654913467920|parents
26388279137228|24189255871993|1668001577781|parents
26388279137228|19791209310964|1667064288771|parents
19791209310573|13194139594008|1648011509591|friends
10995116298365|26388279137521|1658991877787|parents
10995116298365|26388279097328|1664237733327|siblings
6597069797261|28587302343246|1671300790292|business associate
6597069797261|13194139553552|1663345543310|friends
40605|8796093042976|1635647824247|siblings
6597069827261|30243|1613339440471|business associate
21990232556126|28587302343369|1671992658464|parents
21990232556126|28587302352657|1669811528822|parents
28587302332782|28587302322521|1669132480724|business associate
10995116298366|2199023316102|1628366676925|business associate
24189255851678|8796093032676|1669716665329|friends
26388279067231|19791209300528|1668623424125|friends
8796093042815|10995116298507|1638677519805|siblings
8796093042815|6597069807623|1659110378078|other relatives
2199023286159|4398046542107|1667432066325|other relatives
50607|21990232555698|1649217089850|friends
13194139603919|8796093022225|1621505064153|siblings
13194139603919|15393162849024|1637396954717|parents
6597069777264|19791209310174|1639222842224|business associate
6597069777264|4398046572168|1625214816871|parents
13194139553920|2199023306402|1661582065855|siblings
13194139553920|10995116298507|1665726823536|business associate
15393162819472|26388279117381|1658891083889|parents
13194139573920|19791209301098|1647371405077|parents
13194139573920|26388279137515|1672340140997|business associate
8796093082816|19791209310366|1643200928913|other relatives
2199023266161|28587302383355|1667503566192|siblings
26388279097233|15393162809797|1661357652619|friends
15393162849473|26388279117111|1663700701818|siblings
15393162809474|10995116338822|1648749662224|friends
15393162809474|21990232596499|1660557521157|business associate
6597069797266|40347|1630653107362|other relatives
6597069817266|20138|1621303620424|siblings
6597069817266|15393162839639|1653714663722|friends
8796093082818|26388279116636|1666940661175|business associate
26388279077235|4398046551149|1671338758870|friends
26388279077235|8796093083195|1667148831319|parents
30786325598339|2199023306157|1671542941395|parents
30786325598339|19791209360024|1671550461572|siblings
26388279107235|21990232566602|1662653487457|parents
24189255881683|26388279097378|1672228636037|friends
24189255881683|26388279097675|1666540914626|siblings
8796093032820|28587302372544|1672008157503|parents
8796093032820|8796093082970|1646598012840|siblings
10995116308372|19791209340922|1646457293026|friends
10995116308372|2199023306380|1620288204530|friends
17592186095028|28587302353319|1668130958099|friends
17592186095028|19791209370680|1646541013860|siblings
2199023316164|28587302342949|1670005584040|friends
2199023316164|2199023256343|1652878799767|other relatives
26388279077237|8796093092265|1663892815798|business associate
6597069807269|26388279107183|1667744554169|other relatives
6597069807269|10995116278510|1670249116554|business associate
50613|2199023326347|1640111553587|friends
50613|28587302382295|1671363215679|business associate
8796093082821|19791209370785|1642375827152|business associate
24189255811686|19791209360331|1651766097011|parents
8796093042822|8796093032373|1623785015634|parents
8796093042822|21990232616488|1663300405594|friends
10995116328374|10995116298493|1657229826336|business associate
21990232556135|10995116317818|1649948314648|other relatives
21990232556135|17592186094924|1666413206064|siblings
10995116288375|26388279077182|1657759086770|parents
10995116288375|2199023276572|1660973775993|friends
6597069787271|6597069806925|1631455025407|friends
21990232606135|28587302363183|1669913521318|parents
21990232606135|8796093092395|1665949653076|business associate
13194139593927|2199023276153|1632186248890|friends
10616|4398046532232|1623605611771|siblings
26388279087240|28587302343323|1671571375353|siblings
30616|24189255862313|1656779434362|siblings
30616|8796093083198|1625195368346|siblings
60616|26388279137559|1671735979007|siblings
60616|19791209330265|1648044719174|parents
15393162809481|17592186065362|1644652280802|other relatives
15393162809481|6597069817089|1659491760325|siblings
28587302392793|8796093022566|1668710864422|friends
28587302392793|24189255881349|1669452964864|friends
4398046511722|21990232626118|1670227081996|siblings
20618|4398046522257|1648790791267|friends
28587302352794|10995116327886|1671671275552|siblings
28587302352794|28587302332663|1669336011927|friends
21990232606138|21990232615568|1669452054511|business associate
6597069827274|24189255881683|1672201144162|business associate
6597069827274|24189255871130|1657047825782|other relatives
15393162859482|4398046531517|1656194619469|siblings
15393162859482|19791209331133|1656848987334|siblings
8796093032827|10995116328120|1612796594761|siblings
10995116338379|19791209301098|1661631821494|business associate
28587302342796|19791209341160|1671443100264|parents
28587302342796|4398046511689|1669113340309|friends
13194139573932|4398046561262|1651495195790|siblings
10995116348380|50749|1657260779307|business associate
4398046511725|21990232616309|1656657768805|siblings
4398046511725|15393162839588|1653109529201|other relatives
2199023286173|26388279117293|1668118111111|business associate
8796093062829|2199023275960|1639290739953|siblings
8796093062829|21990232585892|1664161986922|siblings
24189255811695|19791209340828|1657931939701|friends
24189255811695|4398046581461|1655124611940|business associate
6597069777279|6597069777188|1661774536901|other relatives
6597069777279|8796093093260|1648775527113|business associate
4398046531727|26388279096870|1661218715698|siblings
4398046531727|17592186085437|1646676873086|friends
6597069807279|24189255881279|1670893949162|business associate
6597069807279|26388279067293|1666014800316|friends
28587302322800|17592186065089|1671584107127|friends
28587302322800|21990232556635|1672246984976|business associate
8796093032832|19791209300194|1665904413626|friends
8796093032832|8796093062567|1672309942573|parents
8796093072833|24189255851572|1669323857952|friends
21990232556146|4398046532301|1655993532189|other relatives
15393162809490|15393162849485|1635599126904|other relatives
17592186105042|4398046561627|1671377603251|friends
10995116348386|21990232576157|1658234912523|parents
30627|15393162819542|1644569959972|other relatives
8796093032836|30786325588391|1672006275971|business associate
8796093032836|2199023316515|1614299229269|other relatives
21990232586148|13194139563935|1667298484205|siblings
24189255861700|24189255811501|1659023362224|siblings
26388279097253|125|1663755885150|siblings
15393162839493|28587302322699|1671356594795|business associate
15393162839493|24189255812123|1669935600522|parents
13194139593941|50873|1634604439174|other relatives
13194139593941|15393162839639|1669888173028|parents
13194139543942|21990232605578|1665674462642|siblings
24189255831702|8796093052479|1670335961970|other relatives
13194139573942|24189255811588|1663815290782|siblings
24189255881702|6597069837256|1661213001022|siblings
21990232566151|13194139533901|1670202174867|other relatives
4398046531735|10995116277833|1636983653029|parents
4398046531735|4398046511672|1646760922975|friends
17592186095047|19791209310458|1667537222680|siblings
8796093032840|21990232626554|1669368525954|siblings
17592186085048|8796093063441|1639927667762|other relatives
13194139583944|8796093022495|1624905607208|friends
13194139583944|8796093022425|1651526931210|business associate
21990232616152|24189255882088|1665688899112|siblings
21990232616152|4398046532292|1656331590305|business associate
26388279137256|13194139564319|1670832041260|business associate
2199023266185|8796093042351|1607317602693|parents
6597069807289|26388279087046|1666957839365|parents
21990232626153|8796093062916|1657258566654|friends
15393162799498|50441|1635931063624|other relatives
15393162799498|11005|1631898210366|business associate
8796093042842|13194139603414|1671535259363|parents
6597069797290|2199023326373|1608576167660|friends
6597069797290|13194139574275|1642056279175|friends
28587302382810|6597069827649|1671510725964|parents
13194139533947|6597069837631|1627472622152|parents
13194139533947|24189255881317|1658868697712|parents
28587302332811|28587302342949|1670681777609|business associate
10995116308395|21990232585823|1646399956296|siblings
10995116308395|30786325648654|1672436421132|friends
19791209370603|6597069777095|1655664252794|parents
4398046531740|2199023256785|1635876753142|parents
4398046531740|21990232566445|1659407092290|friends
10995116318396|26388279137289|1665024114289|siblings
10995116318396|10995116278645|1656244654454|other relatives
21990232626156|21990232555688|1645989424955|parents
21990232576157|15393162789666|1659300879267|parents
21990232576157|2199023316505|1670342600460|siblings
15393162819501|30786325638085|1672019511120|parents
30786325628365|8796093092919|1672439061359|friends
2199023326189|6597069817708|1623765116994|business associate
2199023326189|70827|1654490736802|siblings
6597069767294|17592186084891|1646877612583|friends
6597069767294|6597069817621|1639672486630|business associate
21990232576158|26388279117705|1668416239462|business associate
21990232576158|28587302362385|1668882666115|siblings
17592186075054|15393162849745|1663695618360|other relatives
17592186075054|26388279097513|1667157472115|parents
10995116318398|24189255812022|1660129978434|parents
10995116338398|28587302373388|1668693883391|friends
28587302392814|10995116328309|1672439336804|friends
28587302392814|30786325648652|1671608989714|friends
28587302362815|17592186054961|1666793685617|business associate
28587302362815|28587302373277|1669324463075|other relatives
50639|4398046512151|1618145487819|parents
50639|21990232626359|1664733261121|friends
13194139593951|15393162808929|1652878047180|business associate
13194139593951|24189255831542|1668712939484|siblings
30786325588368|21990232606369|1672172961349|business associate
30786325588368|17592186045638|1672221323376|parents
24189255831712|41173|1661898090496|friends
13194139573952|10995116348456|1659764264878|parents
8796093092848|21990232556712|1649384292970|business associate
15393162789505|15393162798865|1651239009821|business associate
15393162789505|28587302353232|1669253431962|business associate
24189255821713|6597069837601|1663731994393|friends
24189255821713|13194139594239|1657320682876|siblings
21990232576161|26388279077182|1666606640837|business associate
24189255841713|21990232555826|1660275505370|business associate
24189255841713|13194139533489|1658385854939|other relatives
28587302332818|2199023296321|1672065418128|parents
28587302332818|26388279086636|1672461997271|parents
24189255831714|21990232566692|1661127858909|parents
28587302322819|24189255831538|1667951541639|friends
2199023286195|743|1606939671696|friends
2199023296195|17592186045180|1632745621461|siblings
24189255871715|4398046542056|1659852298991|parents
24189255871715|30301|1669754762908|friends
2199023326195|6597069777596|1624601441769|friends
2199023326195|19791209320501|1661407020758|friends
6597069767300|28587302392180|1671390278355|friends
10644|21990232556563|1652514188438|siblings
15393162809508|28587302352794|1672418080118|business associate
26388279097268|13194139574001|1667715317620|siblings
4398046511749|15393162819136|1636067814574|friends
10995116298405|17592186054924|1650700929847|siblings
10995116288406|28587302343249|1670553060508|parents
10995116288406|13194139593337|1664659881353|business associate
15393162789511|2199023325645|1653101633323|other relatives
15393162789511|2199023275853|1641253828157|parents
6597069777303|24189255811305|1660180838458|friends
6597069777303|2199023306747|1616837835974|other relatives
26388279087271|13194139604215|1660371521949|siblings
26388279087271|15393162809169|1658578636210|business associate
4398046561751|19791209310202|1657229868686|parents
4398046561751|10995116317986|1645538208884|friends
24189255881719|19791209311026|1669370901503|business associate
648|10995116298643|1637752800613|friends
648|13194139564238|1660746867934|parents
24189255851720|19791209371052|1665214409749|siblings
13194139593960|26388279107661|1665312262454|friends
24189255831721|26388279107059|1665790926885|parents
24189255831721|24189255851096|1656281260455|business associate
26388279097274|30786325608973|1672318464982|friends
26388279097274|4398046522289|1668775148679|siblings
28587302362826|24189255851716|1672057091318|other relatives
28587302362826|28587302352552|1669632774167|friends
15393162839514|17592186094792|1651496910820|parents
15393162839514|8796093073113|1643054409020|friends
4398046571754|17592186115096|1666699622063|siblings
4398046571754|2199023266232|1599213850906|siblings
2199023326202|4398046571595|1599124786743|business associate
2199023326202|13194139573794|1630801316368|parents
24189255811723|10995116347801|1668735593685|other relatives
8796093092859|13194139534373|1646104430736|friends
8796093092859|24189255881807|1655244203567|business associate
15393162819516|21990232576227|1650246482225|friends
17592186105068|30786325587919|1669977917747|business associate
30786325588381|10437|1672372532285|siblings
30786325588381|24189255882249|1672162157855|friends
10995116298413|15393162809404|1655847623035|friends
8796093052861|40255|1615536939727|parents
8796093052861|26388279107854|1662172614385|siblings
17592186085069|2199023316102|1667192172631|other relatives
19791209370621|21990232576221|1651401289225|parents
19791209370621|17592186094470|1642996993692|other relatives
6597069777310|13194139533522|1651156866176|business associate
13194139563966|26388279116945|1669932334322|siblings
15393162829518|21990232606612|1660378595136|business associate
15393162829518|13194139564168|1651257787751|other relatives
21990232606174|10995116308683|1650794687156|siblings
26388279067279|51038|1662479317903|siblings
17592186065071|21990232555903|1665093513961|parents
2199023286207|24189255851205|1666300300762|friends
50655|8796093053067|1658723336270|parents
2199023326207|19791209300020|1666496628412|friends
10995116328416|13194139543422|1651568524852|parents
2199023256209|21990232575557|1665003504010|friends
21990232566177|26388279087864|1659678360472|other relatives
30786325608385|19791209370093|1671110138195|parents
26388279107281|4398046511622|1671453823493|parents
6597069817313|24189255871880|1658242706602|business associate
6597069817313|2199023255790|1623948206536|parents
8796093082865|6597069777757|1670841040421|siblings
4398046521762|17592186065129|1638716977025|business associate
4398046521762|2199023325647|1595557991164|business associate
15393162829522|8796093043252|1663411854730|business associate
15393162829522|4398046561244|1665349198448|other relatives
19791209360626|19791209320108|1650228662965|parents
19791209360626|6597069837602|1670442224242|siblings
4398046581762|15393162799091|1667976911398|parents
4398046581762|21990232605642|1668107250270|parents
19791209310627|19791209300917|1659840993541|parents
26388279087283|30693|1669148074291|siblings
26388279087283|13194139593576|1669071407860|parents
28587302352835|13194139603737|1670990167332|business associate
28587302352835|19791209361097|1664614464808|friends
21990232596179|2199023295953|1652534780738|friends
21990232596179|2199023255992|1668869088716|friends
19791209350627|15393162789837|1661069513151|siblings
19791209350627|10995116328034|1667380225705|business associate
13194139593971|26388279136899|1664922404227|siblings
13194139593971|15393162789311|1644866452762|siblings
24189255881731|2199023326563|1657677384824|siblings
2199023256212|17592186114796|1637464681653|friends
2199023256212|24189255861895|1655963855645|business associate
10995116288420|6597069807490|1667658222301|friends
20660|10995116318290|1638415532002|business associate
20660|8796093072713|1644200576549|siblings
26388279097284|30786325648178|1670229449054|business associate
26388279097284|10995116278901|1668639440950|other relatives
17592186085076|8796093052762|1646061121341|siblings
17592186085076|24|1672367968710|business associate
4398046561764|10995116308385|1620476906154|business associate
8796093052869|8796093052478|1642423671990|friends
8796093052869|4398046522150|1638713179108|business associate
50661|6597069807289|1627567006177|parents
50661|30786325608439|1672111717390|siblings
17592186075078|19791209340922|1657632142645|friends
10995116328422|10995116298678|1621505071760|siblings
21990232626183|10870|1647228783166|parents
21990232626183|26388279067782|1668847871220|friends
19791209310632|10995116328401|1649724014405|parents
26388279087288|26388279106846|1671331372289|friends
26388279087288|17592186074848|1670283840798|friends
2199023286216|24189255841621|1667094053056|parents
15393162849528|21990232556302|1667775348164|other relatives
26388279137289|10995116308971|1671003148778|siblings
19791209300634|10995116297874|1671381991250|parents
19791209300634|2199023285632|1651655831978|business associate
13194139543978|2199023326716|1624346249465|business associate
13194139543978|19791209320797|1667468695599|other relatives
8796093062874|13194139573738|1635156489856|other relatives
6597069837322|8796093023450|1618572319431|friends
26388279137291|2199023256574|1661532201696|friends
26388279137291|30551|1667096630104|siblings
668|13194139584545|1644175715093|parents
668|26388279097180|1664780533417|other relatives
21990232566188|24189255851678|1668097937266|friends
21990232566188|6597069796853|1663007684989|friends
26388279087292|15393162789862|1670505388416|siblings
4398046581772|28587302323274|1671102368081|parents
24189255841741|10701|1660800208981|friends
21990232556190|4398046561390|1653931040910|business associate
21990232556190|19791209300622|1646607360514|siblings
15393162799534|13194139544127|1630077762273|siblings
21990232616190|10995116328019|1651884754493|parents
21990232616190|24189255821713|1659288134960|business associate
21990232576191|10995116278774|1653496088218|business associate
21990232576191|21990232556427|1660365407052|friends
10995116308431|8796093053092|1655006845469|business associate
60671|15393162799133|1638985735243|other relatives
24189255831744|8796093022643|1659653498388|siblings
10995116308432|10995116278725|1620389611913|siblings
10995116308432|8796093042865|1651879987108|parents
24189255851744|17592186045638|1665373863306|business associate
26388279117296|10995116288037|1670088892444|other relatives
30786325638400|13194139543556|1670754835318|siblings
17592186065089|6597069776917|1654859402410|business associate
24189255841745|6597069836823|1664450301364|business associate
4398046511778|21990232626696|1657498123698|siblings
28587302332850|24189255871149|1669200091269|siblings
675|10995116348104|1660092366810|friends
17592186065091|4398046571536|1633576738311|friends
17592186065091|26388279117746|1671957750572|other relatives
2199023256228|50831|1657652500772|business associate
4398046521780|17592186104478|1658008757190|friends
17592186095092|30895|1635054672196|siblings
26388279077301|15393162859805|1664590951970|friends
20677|20138|1632550783913|business associate
20677|15393162789892|1661824294062|parents
15393162839541|10437|1648010912153|siblings
26388279127301|10995116278540|1671424739905|friends
26388279127301|28587302322203|1668356764603|parents
15393162799542|24189255822003|1654398131391|siblings
8796093062886|17592186045553|1634854160319|siblings
8796093062886|17592186084502|1657261404597|parents
26388279137302|24189255862150|1669672227871|parents
2199023276231|17592186085408|1654604973997|friends
2199023276231|19791209350568|1652473085933|business associate
6597069817335|26388279067655|1657264606002|parents
6597069817335|28587302333069|1670119454141|business associate
60679|19791209321040|1643323383619|friends
21990232626199|10995116348507|1668992695289|parents
21990232626199|21990232616087|1656998866639|siblings
15393162789544|21990232586364|1652120038819|friends
21990232576200|17592186084820|1668648213437|business associate
21990232576200|30786325637777|1672066641453|friends
10995116308440|17592186085447|1661635328923|business associate
24189255851752|17592186044812|1665083190134|business associate
24189255851752|4398046531518|1662735242673|business associate
17592186115096|6597069836707|1655622158616|friends
17592186115096|21990232596732|1657787087090|business associate
13194139553993|26388279077840|1658340901647|siblings
13194139553993|8796093072544|1646205003147|friends
4398046551785|19791209370117|1669704014165|friends
4398046551785|28587302382647|1664793667322|business associate
28587302322858|26388279137424|1669464837084|friends
28587302352858|4398046571689|1666907577379|siblings
28587302352858|13194139574192|1666380874721|other relatives
2199023326234|4398046521276|1670585402644|siblings
2199023326234|17592186105353|1656215752434|other relatives
8796093032891|8796093033115|1645199328785|other relatives
8796093032891|26388279097014|1662285121731|friends
6597069797339|4398046521986|1629136352610|friends
6597069797339|17592186074868|1647582123126|parents
19791209340651|6597069806929|1667910227323|parents
19791209340651|6597069777466|1647341652367|siblings
15393162859547|21990232576364|1665871246517|friends
15393162859547|4398046552202|1655226623296|parents
4398046541788|15393162809963|1634519082115|business associate
21990232556205|17592186065485|1648093104109|friends
2199023276237|17592186065313|1666702194709|other relatives
28587302362861|20812|1671615735615|parents
24189255841758|8796093073438|1655731050654|business associate
28587302342863|26388279137734|1668650285196|friends
28587302342863|4398046561232|1668817417950|parents
30687|24189255861756|1672530004490|business associate
30687|24189255882079|1651364843535|siblings
13194139603999|6597069767300|1641635911694|business associate
10995116288448|10995116297874|1651915068948|friends
19791209320656|26388279117847|1661814507303|siblings
19791209320656|2199023265806|1657094917238|parents
28587302352864|6597069827559|1668553569335|siblings
10995116328448|19791209320729|1654899774847|siblings
10995116328448|426|1637706234778|business associate
10995116348448|10995116318650|1633861867909|parents
10995116348448|10995116308971|1667424922866|siblings
4398046531793|17592186055486|1643920782464|business associate
13194139574001|21990232606674|1670443024726|friends
13194139574001|17592186095133|1642223762728|friends
8796093072897|21990232566189|1666119989540|parents
26388279077314|15393162848934|1659749014477|friends
21990232576210|26388279097443|1662543760748|friends
15393162859554|28587302382918|1670948224476|siblings
15393162859554|6597069807783|1666117254766|siblings
4398046531795|24189255861678|1658591731729|siblings
4398046531795|13194139593480|1663890840113|friends
24189255841763|19791209370370|1661731404255|siblings
24189255841763|26388279107104|1669517715340|other relatives
19791209350659|10995116307931|1666866546287|siblings
19791209350659|13194139534193|1666700905414|siblings
19791209300660|26388279106890|1660302866997|parents
19791209300660|15393162809783|1668506666288|parents
26388279077316|28587302333085|1667110574205|friends
17592186075108|15393162789129|1663097891539|business associate
17592186075108|10995116278794|1649487537719|business associate
40692|24189255881612|1660718942723|friends
17592186095108|10644|1654954038912|friends
17592186095108|26388279087274|1666251331756|parents
10995116338452|24189255881483|1664233295693|business associate
6597069837348|24189255851603|1670125028643|friends
6597069837348|17592186095009|1668716545602|friends
28587302342869|10995116308243|1671029332441|parents
30693|21990232566419|1656600999215|parents
30693|4398046522124|1606648003620|siblings
15393162829557|19791209301068|1671239059845|friends
17592186095109|26388279127353|1666358945562|business associate
17592186095109|10995116297827|1635912923352|friends
17592186055110|26388279116831|1670918325465|business associate
24189255841766|17592186084624|1671061031401|business associate
24189255841766|21990232556061|1670321112744|business associate
26388279117318|8796093082494|1668862796278|business associate
26388279117318|26388279137313|1661033115517|friends
2199023316246|17592186065168|1642784421002|other relatives
2199023316246|17592186095027|1639774594006|siblings
24189255811767|21990232575829|1672176836556|siblings
24189255811767|8796093092850|1665946775625|friends
28587302342871|6597069777596|1670048519584|siblings
8796093062903|17592186094470|1665777518471|business associate
17592186095111|30786325628093|1671866131204|business associate
17592186095111|13194139573952|1636885862363|friends
15393162819560|4398046561342|1659471675429|other relatives
17592186085112|60600|1650359772768|other relatives
17592186085112|2199023316708|1645774230887|parents
28587302372872|31193|1670626728666|friends
28587302372872|24189255812065|1669524645133|siblings
13194139594008|8796093093267|1649117998609|friends
13194139594008|13194139603836|1656233662221|parents
2199023256249|17592186055348|1669204457728|business associate
20697|6597069837362|1644009638018|business associate
26388279097321|21990232615697|1669594305200|siblings
26388279097321|13194139603968|1665191831881|siblings
8796093062905|51058|1620440144373|business associate
17592186115113|4398046541254|1649097017702|other relatives
24189255811770|26388279126795|1666090105192|business associate
24189255811770|6597069826825|1666326502121|friends
2199023276250|21990232596607|1666449090333|parents
4398046521803|28587302323271|1666537259920|siblings
4398046551803|26388279077568|1660945091057|siblings
19791209350667|28587302332197|1664347426205|business associate
70699|2199023276099|1635660113957|siblings
4398046531804|6597069787699|1611662973006|business associate
15393162819564|26388279127828|1668014033771|business associate
26388279117324|19791209351133|1663960791712|friends
21990232626220|8796093042313|1670309065947|business associate
10701|10995116308009|1633001577099|business associate
21990232576221|19791209371052|1648150877261|parents
4398046571805|849|1671537115695|friends
4398046531806|21990232576227|1652272743853|parents
4398046531806|30786325588371|1669978290989|other relatives
4398046541806|10995116298774|1646894710701|parents
17592186095118|21990232586364|1648017296503|parents
17592186095118|28587302382974|1672374249384|siblings
21990232626222|26388279106908|1662568130067|business associate
21990232626222|4398046531616|1652699916748|siblings
13194139534015|6597069797628|1645875017424|siblings
13194139534015|8796093023270|1636921618261|business associate
8796093032911|19791209350741|1666770457257|friends
8796093032911|10513|1614148595664|parents
17592186075119|8796093092739|1645003228232|siblings
17592186075119|10745|1641640360377|parents
21990232596223|6597069787709|1657186915054|friends
4398046581807|24189255851741|1663318399302|other relatives
10704|17592186084999|1656047153073|business associate
26388279097328|15393162859843|1668874575201|business associate
26388279097328|26388279136702|1668660016847|siblings
17592186085120|8796093053279|1661388766951|parents
17592186085120|21990232595796|1651297012329|business associate
30705|20016|1597835973090|business associate
30705|8796093082624|1671067341302|business associate
10995116348465|2199023286469|1625659093080|friends
10995116348465|21990232615868|1650693216917|friends
2199023256258|17592186084624|1653070770524|siblings
10995116298466|21990232625820|1652415593267|siblings
10995116298466|19791209320514|1638728112665|siblings
15393162839570|19791209360812|1672313871609|parents
21990232576227|17592186095009|1648552032065|friends
21990232576227|20268|1645565836882|friends
26388279137331|4398046581449|1659093578829|parents
30786325578436|4398046561764|1671928302545|business associate
2199023266260|4398046512027|1643378399481|siblings
2199023266260|21990232566088|1660985021866|friends
10709|21990232586088|1657592694330|friends
6597069787365|21990232586015|1651001186548|business associate
6597069787365|24189255871253|1652060836049|friends
17592186075125|19791209330199|1671788044292|other relatives
2199023256262|13194139533676|1664050878368|friends
26388279127334|2199023266368|1666963810270|siblings
15393162799575|50661|1635462459387|siblings
26388279087335|15393162819459|1662909865117|friends
8796093072919|10995116317761|1665109208130|parents
19791209360679|13194139564509|1663122686790|siblings
19791209360679|8796093062526|1651726291528|parents
8796093092919|6597069837541|1652011616046|business associate
26388279087336|24189255831496|1663103091286|other relatives
6597069827368|30786325598036|1670431844710|friends
6597069827368|15393162849505|1635718702437|friends
28587302322889|26388279107345|1669152474856|business associate
28587302322889|21990232606698|1666290226764|siblings
17592186065129|28587302322710|1670018051896|siblings
17592186065129|4398046511731|1661512963522|parents
2199023286265|26388279136995|1659449230576|business associate
26388279117337|15393162809776|1668900113564|friends
21990232616233|4398046561276|1661438797567|friends
6597069837369|26388279077182|1670706418375|other relatives
6597069837369|4398046582241|1631100328994|siblings
26388279097339|6597069777188|1666957429124|business associate
26388279097339|28587302382286|1667792746193|parents
15393162829579|15393162839333|1640133973819|siblings
13194139604027|10995116338563|1663028841925|other relatives
13194139604027|10995116348824|1670229311872|parents
15393162789580|4398046561632|1644472182486|parents
28587302332892|4398046571874|1667726964211|parents
21990232576236|13194139583613|1653824809654|business associate
21990232576236|26388279107461|1665167833155|friends
30786325618444|26388279097007|1672180352157|business associate
30786325618444|21990232626555|1671668396984|business associate
4398046561820|26388279136935|1666807311260|other relatives
17592186115132|19791209340656|1651419845725|business associate
10995116298477|8796093042798|1650337329496|parents
10995116298477|13194139593510|1664818150596|friends
2199023286269|2199023316102|1589680278911|parents
2199023286269|28587302363315|1667722184247|friends
17592186095133|10995116278498|1666625614334|friends
17592186095133|4398046571456|1667896882267|other relatives
19791209300686|10995116297987|1660666618136|friends
19791209300686|4398046532324|1664516094842|friends
24189255841790|17592186095323|1659942371801|friends
15393162859582|19791209360150|1659774242016|parents
15393162859582|28587302323325|1669370250729|parents
28587302332895|13194139544038|1670079601095|friends
2199023286271|17592186095318|1654802188392|business associate
2199023286271|21124|1640715579107|friends
13194139554032|19791209370370|1650649573645|friends
10995116308480|19791209300917|1659389077761|parents
10995116308480|8796093033071|1635475615436|siblings
26388279107345|19791209330384|1665568345814|siblings
15393162839585|24189255861914|1655761192431|friends
2199023326273|19791209360590|1671765958695|business associate
2199023326273|13194139533486|1649050060196|friends
21990232576242|21990232616225|1666814764756|business associate
30722|4398046511208|1649937092870|friends
30722|28587302372458|1670877302492|siblings
24189255851794|30151|1653482679803|parents
24189255851794|15393162848972|1662084164426|business associate
8796093082930|19791209310974|1641083812825|siblings
8796093082930|4398046512058|1637147105822|business associate
19791209330691|24189255881104|1658334413102|siblings
19791209330691|21990232616511|1670479418167|business associate
4398046551827|30698|1666218494071|siblings
4398046551827|10995116288870|1614264723672|other relatives
8796093092931|28587302353091|1670183558364|siblings
8796093092931|70139|1647184670313|other relatives
20724|20022|1580784886413|business associate
15393162849588|2199023296715|1668169215326|other relatives
15393162849588|15393162789590|1655214747912|friends
21990232626244|26388279097328|1670034433914|friends
4398046521829|4398046572325|1667558384077|siblings
13194139564038|24189255821148|1659159963308|siblings
4398046551830|13194139534422|1666537442741|friends
4398046551830|13194139574275|1663443043924|parents
19791209360694|21990232615775|1652964751440|parents
19791209360694|28587302342924|1671535850231|friends
6597069837383|17592186045413|1648447035412|friends
19791209300696|17592186075398|1652944822504|friends
19791209300696|28587302333250|1671934152317|siblings
8796093032936|10995116298202|1637910954911|siblings
8796093032936|13194139603748|1645873437937|friends
21990232576248|4398046511296|1653618462532|friends
26388279117352|19791209370823|1671341579846|friends
26388279117352|17592186105042|1668443085209|siblings
26388279137352|2199023266411|1666817217137|parents
26388279077353|28587302353232|1672464407174|siblings
24189255861801|26388279137485|1664250228953|parents
24189255861801|4398046541285|1650877035696|siblings
21990232556250|6597069817773|1667141069558|siblings
50730|21990232616241|1646814078902|business associate
4398046571834|19791209321112|1666169841783|parents
8796093092938|30514|1667996161254|parents
24189255811803|15393162799174|1656296795761|parents
8796093022940|28587302393395|1667561030731|siblings
17592186055148|26388279107871|1666827389437|friends
17592186055148|19791209350937|1642537658969|parents
10995116338492|10995116278450|1638501940270|parents
6597069837388|6597069817397|1637630349884|friends
19791209310701|21990232586088|1666584100944|friends
19791209310701|13194139533696|1666451061579|parents
19791209340702|21990232566448|1651844752471|parents
19791209340702|15393162849745|1660128183579|parents
28587302382910|21990232626123|1671878840822|parents
28587302382910|28587302362238|1671078510378|siblings
8796093092942|8796093033212|1625266432722|parents
6597069767391|17592186065530|1648736488874|business associate
6597069767391|24189255831382|1665856789399|siblings
4398046521839|13194139584273|1642107756272|siblings
13194139554047|24189255841905|1661609589544|parents
13194139554047|28587302323192|1665773089062|siblings
28587302352911|10995116289000|1671150321921|other relatives
28587302352911|10995116318396|1671700712061|business associate
28587302372911|15393162829516|1664647424169|business associate
28587302372911|6597069797683|1667625830122|siblings
24189255881807|10995116278346|1669009193595|siblings
24189255881807|24189255851084|1660690011614|business associate
15393162789600|8796093052496|1668980275206|siblings
15393162789600|26388279077444|1662591656214|siblings
21990232576256|13194139573597|1650882536325|parents
15393162859600|28587302382463|1669447907343|other relatives
28587302352913|24189255861511|1668973246468|siblings
19791209360705|13194139534414|1656221240940|parents
19791209360705|15393162809766|1661613833347|business associate
10995116278498|24189255831503|1653649987242|parents
4398046541842|26388279137857|1669810093842|siblings
26388279107362|28587302373324|1666359075167|siblings
26388279107362|10995116328299|1672227928961|business associate
10995116328498|8796093052585|1635028665479|friends
10995116328498|28587302363050|1670728677286|friends
21990232616258|20826|1671667202671|business associate
30786325648466|17592186084871|1672417635715|business associate
30786325648466|19791209340281|1672442770417|siblings
40739|4398046581532|1664923297893|siblings
40739|13194139564163|1667579188874|business associate
8796093082947|2199023276430|1664912523761|business associate
8796093082947|50613|1643757604731|parents
19791209370707|13194139554360|1670662252918|friends
2199023286292|21990232615627|1649427931540|business associate
2199023286292|6597069837310|1661471695937|parents
21990232596260|6597069817168|1666610797681|friends
21990232596260|40692|1660190788892|friends
2199023306292|4398046561127|1595887771633|other relatives
2199023306292|24189255851875|1670330024925|friends
21990232556261|28587302342568|1666648121838|friends
21990232556261|2199023266774|1647117699694|business associate
24189255871813|4398046522145|1665705347009|other relatives
13194139544054|28587302363015|1670788718430|parents
4398046521847|10995116318082|1635685159071|business associate
30743|28587302362450|1667060794525|other relatives
30743|26388279107121|1670856989250|friends
19791209340711|19791209361143|1649703012827|siblings
2199023316295|21990232575618|1666154100498|siblings
6597069777400|8796093022710|1630858522582|friends
6597069787400|8796093042342|1614569759282|parents
21990232556265|10995116338506|1658388746613|parents
21990232556265|17592186045137|1647308913223|siblings
13194139584057|4398046551130|1653958356748|siblings
6597069797402|26388279117862|1657963135638|parents
8796093062954|19791209330253|1666567429751|siblings
8796093062954|30786325638135|1672309337890|siblings
26388279137370|13194139573597|1672323075114|friends
26388279137370|28587302362532|1669643638613|other relatives
21990232556268|8796093052478|1664622032086|siblings
21990232556268|2199023316238|1651992647877|other relatives
24189255841820|19791209340778|1668954453111|friends
24189255831821|8796093023018|1668493702501|friends
13194139594061|24189255841575|1666316099140|friends
13194139594061|19791209310594|1664403391969|parents
4398046521854|8796093023159|1640093609233|business associate
4398046521854|24189255842050|1662564633005|friends
30786325598478|8796093053332|1672515987514|parents
30786325598478|15393162848947|1672434098450|friends
26388279097374|19791209360966|1665308815083|friends
26388279097374|19791209350819|1669863507786|other relatives
15393162789615|17592186105246|1638487538041|siblings
15393162789615|19791209300432|1649304466250|friends
8796093032959|15393162839014|1650914040195|friends
8796093032959|19791209340449|1664762578113|friends
21990232576271|6597069836790|1656745089191|siblings
21990232576271|17592186075065|1659573162853|friends
26388279097375|30786325647757|1671620529660|business associate
26388279097375|15393162858876|1661552664863|parents
13194139604063|30786325648918|1671801985630|friends
10752|30501|1634072847303|business associate
17592186065168|10995116298931|1647870496537|siblings
17592186065168|28587302392642|1669748306038|siblings
2199023296304|4398046541608|1625628413227|parents
8796093072960|17592186055446|1650722445111|friends
28587302342929|21990232595848|1672499042073|other relatives
4398046551857|17592186074926|1637573271058|parents
17592186055170|17592186054457|1669506327568|friends
17592186055170|2199023286775|1643740870709|siblings
8796093042962|15393162830109|1642917113303|business associate
8796093042962|28587302382488|1672243984933|other relatives
26388279097378|31073|1660827198138|parents
26388279097378|70229|1669028169539|siblings
21990232606274|10995116338041|1655007462084|friends
30786325638482|8796093093033|1672502827792|friends
24189255881826|26388279116927|1670684867368|parents
24189255881826|2199023296050|1663407581240|other relatives
13194139544067|6597069827198|1651448335124|business associate
13194139544067|26388279117396|1668069742783|siblings
60755|15393162799729|1670434988127|siblings
17592186045172|24189255861233|1662934832168|other relatives
30756|26388279126924|1657526538583|friends
30756|28587302373266|1671134572449|business associate
10995116308517|21990232576248|1657752896181|siblings
15393162819622|4398046531556|1637982569497|friends
19791209300727|30378|1639924695427|parents
10995116318519|30786325588261|1670407550898|other relatives
10995116318519|51070|1663973146325|business associate
30786325638488|28587302363153|1672452446481|siblings
19791209320729|4398046522145|1642356498800|siblings
28587302382937|19791209370536|1669495561980|siblings
28587302382937|21990232585681|1671270565408|business associate
17592186045178|6597069817397|1652630317986|friends
10995116288522|19791209360331|1650515611943|parents
19791209320730|4398046541788|1669955112590|siblings
28587302362939|8796093052619|1669402916708|parents
2199023306315|26388279087575|1670330901568|business associate
17592186045180|4398046552318|1645545543410|parents
17592186045180|17592186065514|1644285106344|friends
17592186085180|17592186085559|1671517931008|siblings
24189255871836|10995116348568|1664095707769|siblings
24189255871836|19791209300285|1665059390959|business associate
2199023266317|8796093063223|1634803085160|siblings
6597069787421|6597069766775|1626115194247|parents
6597069787421|19791209350937|1666537683641|friends
17592186075181|4398046511995|1635122057041|other relatives
17592186075181|17592186094421|1643762087951|friends
10995116288526|21990232606079|1654533643791|friends
10995116298526|13194139554357|1669622368718|business associate
10995116298526|28587302343150|1672505456961|friends
8796093052974|911|1661957650777|parents
15393162829630|28587302372445|1665117756185|siblings
4398046561870|17592186095652|1664839457040|business associate
4398046561870|4398046581652|1641654437748|friends
28587302392942|4398046511457|1665137790266|friends
30786325588495|8796093072382|1671836734647|parents
30786325588495|40701|1672220550394|other relatives
8796093052975|2199023316515|1664453083114|parents
19791209350735|17592186094672|1669820545798|friends
19791209350735|6597069787381|1658277808607|other relatives
8796093092975|21990232596607|1660896236282|siblings
8796093092975|6597069807490|1620048147231|siblings
19791209330736|17592186115317|1659786274366|business associate
19791209330736|26388279136659|1663343913037|business associate
4398046551872|2199023296099|1622527402403|friends
8796093052977|13194139544058|1635553980315|friends
21990232606289|21990232586555|1665520726270|friends
24189255821842|10995116308962|1666459939619|business associate
10995116298530|21990232625522|1644865590307|other relatives
8796093062978|15393162858954|1667518073826|siblings
8796093072978|26388279137256|1667872317695|parents
17592186045187|21990232556151|1655004030621|business associate
17592186045187|28587302362222|1671233384703|parents
28587302342947|24189255851434|1671534144935|siblings
28587302342947|30047|1672314962498|siblings
50771|30786325637757|1672518006063|business associate
28587302392947|4398046541600|1669363551487|other relatives
28587302342948|15393162849066|1668135940343|business associate
28587302342948|10995116327833|1667057008337|parents
24189255851844|10995116338823|1659731400936|other relatives
26388279117396|28587302382734|1668031610679|friends
19791209360740|2199023316429|1669332283140|friends
30786325578501|6597069777892|1671255311608|friends
2199023296325|13194139563770|1631376825585|other relatives
70773|17592186065595|1655105056255|siblings
70773|15393162839439|1663381739420|siblings
30786325598502|10995116318693|1671936866332|friends
30786325598502|19791209320462|1672440874910|parents
28587302352950|19791209310504|1667058912471|other relatives
4398046581878|2199023286373|1605235750912|business associate
28587302332951|10995116307896|1669879044337|friends
28587302332951|28587302342949|1670672322999|siblings
8796093042983|60855|1657376115404|siblings
8796093042983|60052|1658862767940|other relatives
26388279097399|50346|1660947509080|siblings
26388279097399|13194139593568|1666589116079|other relatives
15393162839639|8796093062729|1670630309684|siblings
13194139534088|17592186044545|1659932895000|business associate
13194139534088|10224|1643441457350|parents
2199023286328|6597069767840|1603806659047|siblings
50776|4398046531223|1622000443275|friends
19791209370744|8796093033178|1642478271338|other relatives
19791209370744|6597069816818|1669141542488|siblings
15393162809641|15393162789600|1641816168596|friends
15393162809641|6597069837220|1636383758208|siblings
17592186085193|2199023286652|1642640883243|other relatives
28587302382953|8796093073428|1667632876013|friends
8796093092985|24189255831372|1653973081139|parents
8796093092985|6597069827732|1666741370515|friends
30786325588506|8796093073149|1672189165746|parents
30786325588506|21990232596732|1672133375961|friends
6597069817434|8796093072458|1648433170950|siblings
15393162789643|15393162849771|1631358132545|business associate
10995116288539|6597069837671|1652206160470|business associate
21990232586299|24189255831192|1661068192738|friends
15393162839643|28587302393185|1670395024471|friends
2199023316331|10995116288220|1661934723148|siblings
10995116278540|26388279107703|1658768012476|siblings
13194139554092|15393162809252|1635461490123|business associate
24189255861852|10995116339003|1660415957327|siblings
4398046511885|26388279137594|1664708552516|business associate
8796093032989|26388279127489|1670852789032|business associate
4398046561885|13194139603764|1624354165653|other relatives
21990232576302|10147|1659928490996|other relatives
21990232616302|19791209360966|1651938993605|business associate
21990232616302|4398046541806|1649749360058|siblings
6597069837438|28587302352345|1669533235139|business associate
15393162809647|24189255861266|1657343456239|friends
19791209330751|26388279066716|1664608009816|business associate
19791209330751|19791209340798|1671741042994|friends
26388279107407|8796093052629|1658863224038|business associate
30786325628511|24189255852270|1672192287512|siblings
10995116338543|24189255821393|1666509509553|business associate
10995116338543|6597069836796|1665333614614|parents
15393162859647|28587302343228|1666715412357|friends
15393162859647|4398046511749|1666265956964|business associate
15393162809648|13194139574284|1660030719694|business associate
26388279127408|24189255831265|1662255127426|parents
24189255821857|24189255811482|1658251299662|friends
24189255821857|2199023315880|1665993783204|friends
2199023296337|4398046521221|1655605098643|business associate
2199023296337|26388279067752|1666122640119|friends
4398046581889|13194139593686|1639019386819|parents
4398046581889|24189255862098|1664727896443|business associate
4398046511890|28587302373266|1670571525029|business associate
2199023266338|2199023266269|1630050369065|business associate
2199023266338|19791209310594|1640563173316|siblings
50786|19791209351000|1654207406105|friends
13194139594098|10995116328217|1652950211029|other relatives
13194139594098|13194139543403|1660858377097|siblings
26388279137410|19791209309982|1667833738033|other relatives
13194139554099|24189255851163|1670623930578|parents
13194139554099|19791209300432|1665110201788|siblings
17592186105203|24189255832165|1657326067052|friends
4398046581891|28587302372322|1669873278059|parents
17592186045204|26388279097451|1662877794305|business associate
10788|24189255821387|1666524144122|other relatives
10788|50329|1586060177844|friends
13194139554100|13194139584346|1622955463345|friends
19791209330756|4398046511308|1652250322418|siblings
2199023296340|26388279127497|1658143424860|siblings
2199023296340|13194139574341|1650731696085|siblings
2199023306340|26388279107461|1662379912558|business associate
2199023306340|24189255861852|1664306469065|other relatives
28587302332965|467|1670721662645|parents
28587302332965|26388279097705|1664747441573|other relatives
10995116318549|8796093092685|1624157843079|other relatives
15393162839653|15393162839500|1647516229472|other relatives
15393162839653|2199023326533|1635374889536|friends
28587302392965|26388279117749|1664146583550|parents
19791209320758|21990232615583|1668533461584|friends
19791209320758|19791209370997|1666316147514|friends
21990232606310|10995116288412|1661619836561|parents
21990232606310|13194139563568|1656027960912|friends
28587302382966|13194139593814|1671119375041|business associate
28587302382966|13194139563444|1666160620664|friends
4398046581894|28587302382355|1669304004452|parents
2199023256343|19791209370957|1658597702295|siblings
13194139554103|10360|1656441831587|friends
8796093062999|10513|1659468884980|parents
8796093062999|2199023285736|1611163340422|parents
28587302382967|15393162859482|1670132655847|business associate
2199023266344|4398046541891|1647778775900|friends
2199023266344|4398046521986|1609431020164|friends
8796093043000|24189255831572|1658253260847|other relatives
8796093043000|19791209341038|1671122424522|business associate
4398046561896|10995116287794|1628049720358|other relatives
4398046541897|17592186095256|1656915905880|friends
15393162829657|30786325598851|1671747836959|siblings
15393162829657|10995116297849|1654982076419|friends
40794|24189255811621|1661010825068|business associate
40794|17592186065623|1642567945321|business associate
24189255881866|19791209300175|1666036416480|business associate
8796093023003|10995116298978|1635898278894|friends
2199023306347|2199023256553|1599221270797|friends
4398046571899|10995116328374|1620680034850|friends
2199023326347|15393162809241|1666330611908|parents
2199023326347|30756|1636414737968|siblings
21990232556316|19791209330192|1661598882603|friends
21990232556316|8796093052975|1669331993881|business associate
21990232586316|13194139563465|1667116592032|siblings
21990232586316|24189255811554|1664777266723|siblings
21990232606316|21990232606760|1658511756062|parents
26388279067421|2199023265908|1669935737755|business associate
13194139564109|24189255811214|1664578180770|friends
13194139564109|8796093052363|1669191551292|siblings
21990232606317|4398046521839|1654148039114|friends
21990232606317|28587302343070|1667754934422|parents
30786325638525|28587302383293|1671005382875|parents
30786325638525|60438|1671700755776|siblings
17592186065214|28587302382612|1670735987312|friends
26388279067423|10995116348575|1664506945497|siblings
26388279067423|6597069827166|1672458991664|other relatives
8796093063007|4398046531587|1635445816600|friends
8796093063007|17592186094634|1653611079562|siblings
28587302372975|2199023256678|1671564499009|business associate
28587302372975|2199023326221|1665625977025|siblings
17592186115215|6597069777134|1656423590550|siblings
28587302332976|21990232555566|1671397909467|siblings
8796093053008|10149|1659218978341|other relatives
6597069807456|4398046572285|1609525161441|parents
6597069807456|30786325628511|1672235531791|siblings
4398046521905|8796093023351|1609333689997|friends
13194139564113|6597069767513|1625678884837|parents
13194139564113|6597069806998|1648061712338|siblings
6597069807457|21990232595681|1668055452025|business associate
24189255871873|4398046541526|1670893006741|friends
24189255871873|17592186064807|1659530531914|siblings
17592186065218|30320|1670881751881|siblings
50802|24189255841212|1659444233858|siblings
50802|19791209300634|1659317916910|other relatives
6597069827458|2199023305899|1667065362507|friends
803|26388279127081|1665485910376|friends
2199023306355|13194139603840|1666116352751|business associate
10995116338563|4398046512151|1654284091018|friends
21990232586324|15393162789794|1649898439613|friends
21990232586324|19791209350819|1661995314640|parents
6597069807460|19791209320961|1655740741296|other relatives
6597069817460|6597069796896|1603626892728|other relatives
6597069817460|10995116348062|1647696283135|siblings
2199023306357|15393162809709|1657590384644|friends
2199023306357|31152|1665772096187|friends
26388279087430|10995116318396|1661267566695|parents
26388279087430|13194139563433|1669276824507|siblings
17592186105222|30809|1638542457677|parents
17592186045223|8796093082670|1664844678161|friends
15393162799671|6597069797648|1644028229691|business associate
19791209320776|8796093082821|1659966914468|siblings
8796093073016|10995116318177|1632209430285|business associate
2199023276361|19791209331086|1670654778838|parents
8796093083017|30786325617868|1670163964373|other relatives
6597069777466|4398046552031|1647029507727|siblings
6597069777466|10995116278947|1669504386722|friends
2199023286362|15393162818939|1663747892799|siblings
2199023286362|24189255821501|1667470538097|business associate
17592186095226|50607|1639116524839|parents
8796093023019|6597069807062|1624498345716|friends
8796093023019|40821|1666811525474|siblings
30786325588539|6597069777134|1671713338095|friends
30786325588539|15393162859666|1671701776136|friends
6597069827467|13194139534373|1647144404355|siblings
6597069827467|30786325628293|1672126030359|friends
6597069777468|4398046541771|1618897739461|business associate
6597069777468|21990232556456|1663213548122|other relatives
6597069807468|17592186075137|1654090010121|friends
6597069807468|50858|1657704755793|parents
21990232616332|2199023285871|1668813714592|friends
21990232616332|13194139533750|1662585426212|parents
17592186115228|26388279087575|1672364422142|parents
17592186115228|15393162848888|1667017890620|friends
24189255811885|26388279067075|1663657518362|other relatives
28587302332989|17592186095500|1670991841801|friends
28587302332989|17592186084446|1671966179015|friends
10995116308573|4398046581114|1665857388561|parents
10995116308573|4398046582277|1638401647824|siblings
6597069817469|15393162799482|1637887124725|siblings
15393162849677|21990232606674|1662791443347|parents
30786325598542|13194139534088|1672197468995|friends
24189255881886|21990232556481|1668760513216|friends
24189255881886|28587302383015|1665883277024|siblings
13194139544127|8796093072833|1622153426480|siblings
13194139544127|13194139594469|1670535293550|parents
26388279087439|19791209330192|1670713269483|siblings
26388279087439|28587302343228|1666358407767|business associate
24189255851887|13194139573889|1656473375353|friends
10995116348575|15393162849828|1640176251992|business associate
10995116348575|26388279126799|1660812055364|business associate
28587302322992|17592186095047|1668477086857|parents
2199023266368|19791209351141|1658370560891|siblings
2199023266368|21990232615868|1670048921355|parents
13194139554128|17592186104478|1664458410291|siblings
13194139554128|10995116348917|1668145365116|siblings
26388279137440|8796093063051|1670961159550|friends
26388279137440|30786325647820|1672519986765|parents
13194139534129|2199023326396|1620291252138|friends
24189255821889|8796093092330|1661526418974|friends
24189255821889|50802|1662104717490|friends
24189255851889|24189255881189|1654581502619|business associate
24189255851889|19791209331102|1655880758273|friends
17592186105233|21990232616258|1659492508069|business associate
17592186105233|28587302353345|1666458101498|other relatives
19791209370785|28587302353232|1666166277347|other relatives
19791209350786|24189255841171|1672200314385|siblings
19791209360786|17592186055338|1654642053261|siblings
26388279097443|8796093033030|1671209962037|parents
13194139584131|10995116288183|1651609513488|siblings
13194139584131|21990232595841|1660146195701|parents
60819|17592186095166|1649443723318|friends
2199023326371|30786325578185|1672357391381|other relatives
13194139534132|30977|1620840290316|parents
26388279077444|499|1666620306576|parents
26388279077444|50652|1672147627180|business associate
2199023276372|17592186104560|1636171353984|other relatives
13194139584132|125|1628192603610|friends
17592186045237|19791209300894|1667318064657|friends
2199023286373|13194139604377|1662682863430|business associate
40821|24189255881591|1661996889680|siblings
40821|10995116318288|1623871714787|parents
21990232616341|4398046552289|1666863798583|other relatives
15393162819686|19791209360141|1643547774451|siblings
15393162819686|24189255842104|1657388043364|business associate
4398046551926|6597069767710|1667807553516|siblings
4398046551926|28587302392680|1671835284915|parents
6597069837478|24189255811885|1668677611287|business associate
10995116288583|6597069807006|1653019122972|siblings
10995116288583|17592186085458|1659348252142|business associate
4398046541927|4398046522145|1670153623525|siblings
4398046541927|30786325648840|1672393097267|other relatives
21990232596343|17592186065362|1671434374576|friends
6597069777480|10995116288645|1627106684869|siblings
6597069777480|20372|1637238775510|siblings
17592186065240|28587302362246|1665229316377|friends
13194139574136|13194139574214|1657406492402|parents
13194139574136|19791209330944|1663386356893|business associate
26388279117448|1052|1661149050802|other relatives
26388279117448|2199023325647|1669287961448|business associate
17592186045241|21990232606224|1657499367285|other relatives
17592186045241|28587302353127|1670049706994|siblings
10995116288585|26388279126973|1665570055986|friends
10995116288585|13194139563445|1656340176792|business associate
15393162809689|10625|1636091985772|siblings
15393162809689|15393162819671|1650032570444|friends
24189255861897|24189255821371|1671352863984|parents
24189255861897|2199023326104|1666533650784|friends
20826|19791209330893|1661726934058|siblings
20826|24189255841216|1659023887688|business associate
30786325638554|24189255881137|1670815616310|business associate
24189255881898|6597069767513|1667501476671|business associate
24189255881898|19791209340490|1666911281340|friends
10995116278587|6597069776917|1614132589851|friends
15393162799691|19791209361166|1654560967307|business associate
15393162799691|10410|1653947152399|friends
26388279097451|19791209320975|1664412779738|parents
26388279097451|4398046552121|1671992135819|friends
10995116338587|4398046581148|1645989903519|friends
70827|13194139583606|1665517481865|parents
70827|30728|1633610085309|business associate
2199023256380|15393162799943|1631213512750|business associate
21990232586348|24189255862248|1655553508809|siblings
21990232586348|30596|1657275075153|friends
6597069767485|28587302362350|1668450263317|friends
2199023326381|60528|1654376292618|siblings
26388279067454|21990232615775|1666977481529|parents
4398046521934|19791209371087|1668721497500|other relatives
4398046521934|17592186065455|1664600474077|other relatives
13194139554142|30786325617893|1670613050230|friends
13194139534143|2199023306483|1624792061291|siblings
13194139534143|17592186065218|1633435959261|business associate
26388279077456|8796093062244|1671307691544|other relatives
13194139554144|8796093052942|1647593015329|other relatives
13194139554144|675|1624000254473|business associate
30786325608560|17592186045187|1670854702726|siblings
30786325608560|17592186074591|1670529153933|siblings
40832|28587302372544|1670224215051|business associate
24189255841905|19791209350261|1665859219334|friends
24189255841905|70276|1661001671545|friends
30786325618561|21990232555660|1672273296984|business associate
30786325618561|10995116318288|1671468253545|business associate
28587302383009|19791209340860|1666489608160|friends
28587302383009|28587302392311|1670898431261|siblings
21990232566354|982|1658172333564|friends
20834|30786325648728|1672355904882|parents
20834|10880|1663420660373|business associate
30786325608562|2199023306491|1670835444132|parents
30786325608562|19791209360486|1671410372544|other relatives
10995116328594|13194139603993|1671731954244|parents
10995116328594|19791209320501|1643785913241|business associate
15393162859698|4398046521329|1642363244055|parents
10835|13194139584267|1627179665435|friends
24189255851907|13194139543871|1654784969786|business associate
19791209350803|6597069836923|1668638726707|siblings
19791209350803|28587302322992|1668333890413|parents
17592186055252|26388279067072|1671905702087|parents
21990232606356|17592186085103|1666568292970|other relatives
21990232606356|4398046531957|1668171285017|other relatives
13194139594148|21990232595681|1649426469480|parents
13194139594148|6597069777764|1671392354519|parents
8796093093044|15393162799542|1655006718618|parents
15393162819701|19791209340356|1644051653551|other relatives
15393162819701|24189255872113|1654763959260|siblings
26388279107461|20016|1665471790008|siblings
26388279107461|30786325608394|1672322942529|parents
28587302373013|21990232555772|1670429164153|siblings
24189255871909|17592186104447|1663128198203|business associate
24189255871909|19791209331102|1654468255743|other relatives
6597069837493|4398046551667|1615203035497|friends
26388279067462|4398046521577|1663890667541|business associate
17592186065254|2199023265565|1648629056062|siblings
17592186065254|21990232556427|1648995550857|business associate
4398046561942|21990232625595|1649972813072|parents
4398046561942|28587302362294|1670598591188|business associate
4398046571942|13194139544321|1627079890868|siblings
4398046571942|19791209360590|1661117833898|business associate
21990232626359|10995116318588|1657241263123|business associate
21990232626359|13194139543524|1656546778228|parents
26388279077464|24189255841996|1660896839582|business associate
26388279077464|2199023286045|1671506865652|friends
17592186065256|19791209350975|1658122174160|other relatives
21990232586360|17592186085048|1650089362931|friends
60840|6597069787169|1656714365706|friends
15393162789705|19791209370290|1658777624995|parents
15393162789705|6597069767823|1664297282056|friends
10995116318601|10995116297849|1624128760099|other relatives
10995116318601|2199023265710|1663691573564|friends
21990232616361|2199023276767|1659626972955|friends
21990232616361|2199023306119|1660842562665|business associate
15393162789706|17592186064547|1651177205554|siblings
15393162789706|13194139583883|1650824475327|business associate
28587302333020|30301|1672439415918|business associate
17592186095260|4398046581216|1647139540960|business associate
17592186095260|4398046521221|1661126635749|friends
19791209360812|2199023256309|1650806676493|friends
24189255811917|13194139564128|1665638508979|friends
24189255811917|17592186115215|1658462133510|friends
4398046511950|17592186064985|1667128061072|friends
8796093033054|21990232576242|1660028985169|business associate
8796093033054|17592186084820|1662056816587|friends
8796093083054|26388279107792|1665515903366|parents
8796093083054|8796093022774|1626642825309|friends
13194139574159|28587302343110|1672267532335|business associate
13194139574159|4398046521329|1629565064826|other relatives
2199023316399|26388279137440|1669952703096|business associate
2199023316399|4398046521986|1616991029566|business associate
8796093023056|17592186074575|1657110864317|friends
20848|17592186075181|1654395000085|friends
13194139584160|15393162818896|1654438272833|friends
19791209330817|2199023276463|1641344121562|siblings
19791209370817|19791209320435|1647513027508|parents
19791209370817|28587302363137|1671576348011|business associate
6597069767506|24189255832213|1662398870639|siblings
6597069767506|4398046521297|1642242387358|business associate
17592186105266|10995116308385|1636601551279|business associate
2199023256403|8796093062344|1623541342186|friends
2199023276403|20021|1641934035517|friends
2199023276403|6597069796833|1610201986535|business associate
60851|6597069797787|1604610919766|business associate
10995116298612|21990232615690|1671955051495|siblings
10995116298612|21990232616073|1669201070559|siblings
10995116338612|6597069787054|1668125595912|siblings
10995116338612|30786325648216|1671369569842|parents
6597069767509|6597069837671|1650433373405|parents
6597069777509|10995116288734|1668166312853|business associate
6597069777509|28587302343110|1666114846206|parents
4398046531957|6597069807238|1661508795620|business associate
4398046551957|10995116298463|1665807040362|business associate
19791209350821|10995116327971|1671624427587|friends
19791209350821|13194139534039|1670962692445|siblings
2199023316405|13194139533389|1635738079589|parents
2199023316405|8796093042644|1627307921904|siblings
17592186115269|15393162809842|1641731219066|parents
17592186115269|2199023326726|1657561955453|friends
2199023256406|15393162849592|1634977843581|other relatives
10995116288614|17592186095380|1671733291738|siblings
19791209330822|4398046531568|1660700134184|business associate
19791209330822|17592186055398|1665735381366|siblings
17592186095270|30786325648570|1670588336532|other relatives
6597069827510|17592186055272|1644064761535|friends
6597069827510|26388279067731|1658623994413|friends
70854|26388279137377|1670480929426|siblings
70854|21990232585672|1647284023340|parents
26388279067479|71123|1669951100153|siblings
6597069807511|15393162800025|1663894826420|business associate
2199023306407|17592186094889|1640103021777|parents
2199023306407|21990232555996|1654638270164|parents
60855|30786325588381|1672351210888|friends
60855|15393162819828|1656954903853|siblings
6597069767512|24189255861506|1665838397477|parents
13194139564168|17592186054564|1659803550123|friends
26388279107480|2199023256575|1663342055435|business associate
26388279107480|6597069797676|1662231675574|siblings
28587302373032|2199023316260|1667625184940|other relatives
21990232566377|19791209370255|1652442988848|siblings
21990232576377|28587302382295|1669094149243|parents
10995116338617|26388279096670|1665064176563|business associate
10995116338617|17592186045178|1670586768623|siblings
8796093093065|26388279117794|1661904629793|siblings
30786325588586|8796093073107|1671791317936|siblings
26388279097482|26388279137095|1672473058402|parents
10995116338618|19791209370823|1646195067822|siblings
10995116348618|24189255861700|1657106888715|other relatives
10995116348618|6597069787608|1670115188682|siblings
2199023266411|6597069767815|1612561483011|siblings
8796093053067|21990232576086|1662324609426|other relatives
8796093053067|257|1637930046731|friends
21990232596379|13194139554280|1666215617673|parents
21990232596379|13194139553388|1650046545643|business associate
60859|26388279137424|1669264240186|siblings
60859|4398046541848|1635883742164|friends
26388279137483|13194139604255|1671910533348|parents
26388279137483|13194139534013|1662002100627|siblings
30786325628588|4398046561262|1672525946605|parents
30786325628588|13194139583560|1671344871555|siblings
15393162849724|4398046572052|1641857675361|business associate
15393162849724|4398046511588|1665913993765|friends
13194139604172|21990232606274|1653869585636|parents
10995116278621|30786325618201|1671930206749|parents
10995116278621|4398046521297|1629622655462|business associate
26388279137485|26388279067287|1672209103020|siblings
26388279137485|15393162839513|1671111585262|business associate
17592186055278|19791209300691|1667425766364|business associate
17592186055278|19791209340260|1661914271884|business associate
19791209330830|4398046581411|1644686006447|business associate
19791209330830|4398046532101|1665656698074|business associate
28587302363038|15393162859784|1671162397200|friends
8796093033071|61149|1659400748441|siblings
30786325598591|10995116288638|1671514928950|friends
10995116348623|19791209320319|1644340369134|friends
10995116348623|1026|1636271292740|friends
28587302323040|10995116338617|1667054662832|siblings
21990232566384|10995116297987|1648110121672|siblings
21990232566384|4398046551338|1653723432841|friends
28587302353040|2199023285867|1672002596722|business associate
28587302353040|26388279137410|1668435963770|other relatives
8796093063072|15393162829639|1659954996363|other relatives
13194139534177|17592186084510|1655080891334|business associate
24189255841937|6597069817775|1653537483701|business associate
26388279127489|10995116298614|1668420321421|friends
26388279127489|19791209340275|1670739486755|parents
28587302393041|13194139604474|1671336565543|friends
28587302393041|10995116287864|1669644037028|siblings
4398046531970|17592186104816|1661265940561|friends
4398046531970|13194139594452|1660401679241|friends
8796093093074|2199023325655|1648151540491|friends
8796093093074|10995116298014|1668499782385|friends
2199023296419|21990232625522|1659865730593|parents
21990232606387|19791209310168|1671903079346|parents
21990232606387|28587302353192|1669797776271|siblings
13194139584180|19791209349974|1665431013704|parents
15393162849732|28587302322337|1670108016474|business associate
15393162829733|13194139574275|1625589106438|friends
15393162829733|19791209370406|1672302525267|business associate
28587302383045|28587302353268|1669807033948|other relatives
70869|4398046571429|1641165927417|siblings
70869|21990232556597|1652261492145|parents
10995116298630|30922|1611497700087|business associate
10995116298630|8796093073252|1626047945531|parents
26388279097494|21990232576578|1664678217221|business associate
26388279097494|28587302323336|1671140885437|business associate
60870|19791209320538|1641459651590|friends
70870|8796093022225|1611959184773|parents
70870|26388279087724|1663372909116|siblings
2199023286423|28587302342370|1670017527792|other relatives
2199023286423|8796093042983|1667477622668|business associate
15393162829735|15393162789144|1647890380191|friends
15393162829735|15393162848934|1656927615415|parents
8796093073079|8796093042412|1660047496960|siblings
10872|10995116308834|1648503977811|parents
26388279097496|41|1663558440750|parents
26388279097496|15393162810073|1657494985659|friends
15393162829736|24189255851782|1670046983655|friends
10995116348632|17592186094504|1645858946345|siblings
8796093023081|15393162859110|1672399261097|other relatives
20873|24189255862179|1665600985151|parents
30786325608601|30786325637882|1671992573212|siblings
30786325608601|24189255831802|1672150542307|parents
13194139554186|2199023316595|1629057622081|business associate
13194139554186|17592186085656|1654106601020|friends
70874|4398046512292|1601898727925|siblings
28587302333051|13194139583883|1668163938352|siblings
28587302333051|4398046571661|1668808808366|other relatives
21990232576395|2199023285871|1651918274382|siblings
21990232576395|21990232596578|1668675796066|business associate
8796093073083|61238|1637523388537|other relatives
8796093073083|8796093092560|1672219463855|friends
6597069797532|17592186054623|1656010075591|siblings
6597069797532|17592186044464|1668823419253|siblings
28587302323053|15393162829084|1667660757288|friends
24189255831949|24189255841423|1657456906237|friends
24189255831949|13194139604377|1658225827747|friends
6597069817533|10995116298354|1636348030065|friends
2199023316429|19791209349989|1645950293404|business associate
2199023316429|8796093043400|1635156421914|siblings
10995116288638|28587302382397|1669355723689|friends
10995116288638|30786325607787|1671244629633|business associate
2199023276430|8796093072772|1625891574161|parents
2199023276430|60434|1652261353469|business associate
21990232596398|15393162808926|1670534658186|business associate
13194139594190|40453|1631592334336|friends
17592186045295|28587302323020|1670655079795|other relatives
17592186045295|28587302382355|1672154935036|friends
28587302343055|4398046572307|1669597852892|siblings
30786325618607|4398046561919|1671705114959|siblings
30786325618607|10995116328374|1671992513609|friends
8796093023088|4398046581324|1654663305816|parents
17592186075296|6597069817068|1640467903836|business associate
17592186075296|24189255861363|1661558084418|friends
13194139574192|24189255831202|1668289643925|parents
13194139574192|4398046571755|1646343103076|business associate
21990232626400|8796093042394|1655519866712|other relatives
21990232626400|28587302353232|1670266346566|parents
882|28587302382876|1666886279098|siblings
882|2199023285867|1618944474863|siblings
15393162849746|30786325628946|1672331152963|friends
15393162849746|30786325607858|1672384963826|friends
26388279137506|13194139603737|1658898895378|business associate
26388279137506|8796093022495|1668122503820|other relatives
19791209310851|2199023286159|1655753882360|other relatives
19791209310851|21990232595829|1671250228397|other relatives
10995116298643|13194139543434|1641620542902|friends
19791209370851|28587302393185|1671498755669|other relatives
19791209300852|19791209300901|1658358119224|friends
6597069807540|15393162849921|1648384812580|friends
26388279117508|2199023326145|1666116516844|siblings
60884|17592186055630|1669070037798|other relatives
60884|26388279106756|1667445635510|friends
15393162859748|6597069776889|1670054667554|other relatives
26388279087509|21990232565791|1663882812611|friends
26388279087509|26388279086928|1672233607748|parents
6597069807541|28587302392291|1670193831860|parents
6597069807541|8796093022698|1663353170704|siblings
2199023256438|28587302342808|1670564276465|siblings
2199023256438|20724|1654122346563|business associate
28587302373062|13194139553894|1669827484176|other relatives
28587302373062|10995116318139|1667659076373|other relatives
6597069827542|13194139573777|1665970234773|other relatives
17592186065303|6597069837098|1658692732803|parents
17592186085303|6597069806884|1671075992809|parents
21990232616407|8796093082715|1653884622915|business associate
19791209350856|10995116298964|1661119872119|friends
19791209350856|19791209360816|1663726817583|business associate
19791209360856|24189255861634|1656918112924|siblings
30786325648616|28587302363331|1672503021002|siblings
6597069807545|19791209320152|1667254168098|other relatives
6597069837545|13194139533432|1619740180640|parents
6597069837545|13194139564163|1645754741331|friends
10995116298650|28587302372421|1667531564639|parents
10995116328650|6597069827522|1648636112105|friends
10995116328650|2199023265567|1624718523564|business associate
21990232616410|2199023316302|1663778232950|friends
15393162809755|8796093092749|1670152249531|business associate
24189255851963|24189255871909|1666758561214|siblings
26388279137515|10995116318290|1665511559383|siblings
28587302323068|6597069787506|1662998430161|parents
2199023266444|15393162839514|1656304625909|siblings
17592186065308|17592186074461|1635300696610|siblings
17592186065308|19791209320197|1658425891954|business associate
19791209340860|4398046521687|1643344652312|friends
6597069837548|19791209371153|1668701171828|siblings
6597069837548|21990232576597|1648687225173|siblings
26388279067518|17592186054465|1666617979475|friends
26388279067518|17592186065362|1667733539351|friends
24189255821966|24189255822234|1657486952276|business associate
24189255821966|17592186075309|1661258261898|business associate
28587302343070|30786325588203|1671343476899|parents
28587302343070|24189255831649|1671701280301|parents
24189255841966|17592186095166|1672414364317|parents
24189255841966|50409|1667474749840|parents
17592186045311|28587302342863|1667941486265|friends
28587302333071|4398046562259|1671451809022|business associate
28587302333071|24189255861139|1665837471480|business associate
30895|70646|1633177809575|siblings
13194139574207|10995116288629|1622847745779|friends
17592186095311|21990232565846|1645923251359|siblings
24189255821968|4398046511274|1664298302181|parents
6597069767553|10995116337936|1669116504846|siblings
6597069767553|2199023265902|1648541111417|business associate
2199023266449|24189255811358|1659922466921|business associate
2199023266449|10995116338398|1639150365429|business associate
21990232586417|13194139594351|1668368706883|friends
21990232586417|28587302382937|1672300193620|siblings
28587302363073|28587302323406|1672433292933|friends
8796093073105|10995116348201|1672289490989|siblings
8796093073105|19791209370851|1667799006590|siblings
28587302383073|2199023306483|1672055355589|siblings
28587302383073|17592186044694|1671944011819|business associate
26388279137521|50613|1658655468577|business associate
26388279137521|24189255871198|1665313305163|business associate
28587302323074|21990232556686|1669736795039|friends
28587302323074|10798|1671478654408|siblings
15393162799762|20138|1669308778350|other relatives
15393162799762|6597069807033|1664507662436|business associate
21990232576418|13194139584385|1653012588433|friends
21990232576418|17592186105355|1656761237776|friends
28587302353074|13194139563602|1670527343409|business associate
28587302353074|28587302393255|1671022132783|friends
28587302383074|19791209360812|1665685584296|other relatives
28587302383074|28587302343313|1665533489193|friends
30786325608627|13194139573597|1672077874748|friends
30786325608627|2199023286269|1672412410899|business associate
26388279127523|6597069797648|1666517817654|siblings
26388279127523|8796093073244|1669091712744|siblings
26388279067524|19791209360493|1668685442286|parents
26388279067524|6597069817654|1672079039755|siblings
24189255831972|2199023286469|1659689941590|business associate
17592186075316|19791209320453|1649308087497|parents
17592186075316|10995116308142|1669724574527|parents
40900|8796093063154|1661832390812|friends
40900|21990232576234|1649264021679|business associate
17592186075317|2199023255783|1657625974495|siblings
21990232616421|4398046531188|1653290546582|business associate
10995116288662|41027|1643892436214|friends
10995116288662|13194139574275|1621224180989|friends
13194139574214|21990232586401|1650777473357|business associate
4398046572006|28587302382737|1671267405870|parents
21990232566423|28587302323303|1668373071586|parents
21990232566423|684|1671083944793|business associate
28587302343079|26388279137058|1671606073137|parents
10995116328663|4398046521221|1641862704955|siblings
10995116328663|2199023295934|1614164528483|friends
13194139604215|15393162790053|1649184122101|parents
17592186045320|26388279067454|1664546245396|siblings
2199023316456|13194139593526|1644629430855|siblings
2199023316456|15393162829892|1634020273556|other relatives
8796093073113|4398046551890|1667041216046|parents
8796093073113|13194139534221|1669203099857|friends
4398046582009|19791209330369|1661325364775|parents
4398046582009|6597069807054|1631135865909|parents
28587302343082|21990232616421|1668598042698|friends
28587302343082|8796093082258|1667198965953|siblings
2199023286458|26388279117828|1668364143388|friends
24189255861978|10995116317797|1663802169951|friends
8796093083114|28587302322737|1667763389171|business associate
4398046582010|10995116347767|1634639517320|business associate
21990232556427|13194139594008|1647731974882|friends
8796093033115|26388279067010|1670073698383|siblings
28587302363083|2199023266436|1669373941729|friends
28587302363083|8796093063138|1665096500754|siblings
15393162849771|2199023266069|1646853968041|other relatives
15393162849771|4398046531578|1665162569191|business associate
20908|15393162859406|1636331203071|siblings
10995116308668|8796093023331|1613941978167|business associate
10995116308668|60438|1651171508130|business associate
24189255861980|2199023296440|1656246096881|parents
17592186115324|2199023326688|1657531762289|business associate
13194139534221|4398046552097|1656282559449|siblings
13194139534221|15393162799832|1671480860353|business associate
21990232576429|6597069827323|1657878962402|siblings
60909|10995116278112|1645082341881|friends
8796093033119|13194139544075|1632648887676|siblings
8796093033119|13194139584257|1668612181486|business associate
2199023306463|15393162789767|1650967118777|parents
2199023306463|28587302373388|1669197875294|other relatives
19791209370879|26388279087575|1671131340708|friends
19791209370879|60819|1649302852726|business associate
17592186045328|24189255861952|1658861655436|other relatives
15393162809776|15393162800030|1642669840772|friends
4398046562016|19791209330746|1645995040424|friends
21990232566433|19791209340079|1659664645985|friends
24189255831985|15393162829923|1658794942593|parents
19791209340881|6597069807710|1658838862065|friends
19791209340881|4398046522208|1650581306385|parents
17592186075330|17592186074710|1669718298690|friends
17592186075330|30920|1643370474153|friends
2199023296466|8796093062223|1615475856829|parents
10995116328674|13194139534088|1652013711987|friends
6597069767571|15393162789365|1626249884960|friends
6597069787571|19791209330751|1666497546564|parents
6597069787571|24189255882073|1672301603203|business associate
4398046562019|19791209330044|1672310339579|business associate
21990232566436|24189255871432|1666861976208|business associate
21990232566436|28587302352414|1667196380706|business associate
24189255851989|2199023296288|1658759823870|parents
10918|21990232585796|1665134046498|parents
40918|19791209350282|1652060158778|parents
15393162789783|6597069777027|1672496034043|parents
15393162789783|6597069786774|1644052960458|other relatives
26388279077543|8796093092694|1664104842013|friends
26388279077543|28587302362741|1670294652215|parents
15393162809783|2199023296626|1659508905859|siblings
15393162809783|24189255811394|1653252583662|business associate
24189255841991|10995116327833|1666151831969|other relatives
50919|6597069827403|1601317442779|friends
10995116348679|70740|1646291930984|other relatives
8796093043128|40189|1657144535763|friends
30920|30786325598478|1672421354869|friends
2199023306472|2199023256266|1617278882634|parents
2199023256473|28587302343376|1668792348458|business associate
2199023256473|10995116347854|1612289639701|siblings
2199023276473|26388279106996|1665728875446|siblings
15393162829785|21990232575617|1670852309522|business associate
15393162829785|2199023286373|1669852436941|siblings
24189255871993|26388279117549|1668385585301|siblings
24189255871993|6597069777042|1662410192377|siblings
30922|24189255851091|1655875927967|siblings
30922|10995116327784|1648288511183|friends
21990232596442|4398046531518|1657958511365|other relatives
28587302373098|10995116307931|1671415586118|parents
2199023316474|17592186045069|1638073339456|friends
4398046512027|2199023276237|1661112837750|friends
4398046512027|15393162789767|1652156450029|friends
19791209310891|4398046531927|1644253141151|business associate
19791209310891|21990232606317|1671266359743|business associate
8796093083131|30786325598103|1669497012354|other relatives
8796093083131|13194139593951|1639655839076|parents
28587302333100|2199023316183|1668320426361|siblings
28587302333100|6597069806800|1667575668886|siblings
17592186065340|8796093023436|1665908787362|friends
40924|17592186065362|1653171959750|parents
19791209350892|19791209300572|1650295966190|friends
26388279117549|6597069796776|1666994041672|friends
19791209300894|30786325627803|1672373248461|friends
19791209300894|10995116338856|1658536021695|parents
6597069787582|15393162829972|1652725742964|siblings
6597069787582|21990232616361|1656736259916|siblings
10995116288687|24189255852158|1658449660777|friends
10995116288687|26388279066700|1671063486662|parents
30927|2199023315803|1619492118806|other relatives
30927|61045|1668880928075|business associate
10995116328687|10476|1646005354871|other relatives
10995116328687|6597069807141|1651458272451|siblings
28587302393103|21990232606759|1666320577264|parents
60928|6597069787091|1620521999027|business associate
17592186115344|70410|1663469436044|siblings
26388279117554|26388279117827|1657549278877|friends
30786325648658|13194139534143|1671845158363|friends
30786325648658|17592186054822|1670897906230|friends
931|15393162828936|1627442348467|siblings
10995116338691|2199023256380|1653744753317|other relatives
10995116338691|10995116318686|1649687707426|friends
19791209360900|26388279087039|1667115426802|friends
10995116318693|21990232586230|1669114915845|friends
10995116318693|26388279076888|1664355872775|siblings
2199023316485|4398046581891|1664179390786|business associate
28587302323110|10995116308634|1670863201394|friends
26388279077558|4398046571307|1662289837195|business associate
26388279077558|21990232625722|1669417255465|other relatives
4398046542038|10995116318751|1633906946436|friends
40934|24189255861978|1666895278858|friends
40934|26388279117833|1670844259380|parents
26388279117558|15393162809023|1669093525498|friends
4398046572038|6597069797683|1619515523180|parents
4398046572038|2199023266385|1616388344588|friends
21990232586456|8796093092617|1662195763950|friends
28587302363112|28587302373306|1671939378363|other relatives
8796093083144|19791209341104|1642861735885|other relatives
28587302333113|15393162829172|1668024324081|siblings
19791209350905|28587302362754|1666913598619|parents
17592186105353|15393162849656|1670140523747|friends
17592186105353|28587302322578|1671316446914|parents
15393162789802|4398046561967|1631583949758|parents
15393162789802|4398046571984|1638183621660|friends
28587302353114|26388279097108|1670597126475|parents
28587302353114|15393162839736|1669732924243|parents
2199023296490|21990232626459|1667238693563|business associate
2199023296490|20236|1659303921119|business associate
24189255862010|10995116338828|1668433599458|business associate
24189255862010|24189255851657|1663348653774|other relatives
10995116338698|19791209310967|1643299219837|siblings
70938|26388279127334|1664117515177|other relatives
30939|13194139544533|1642665826752|parents
28587302323116|17592186045044|1670259808349|parents
26388279087564|13194139564168|1662742266566|friends
26388279087564|26388279067181|1669449067912|siblings
10995116308700|2199023305903|1662037719157|siblings
10995116308700|28587302372278|1671729343767|business associate
15393162849804|15393162829937|1655787138510|friends
15393162849804|26388279067010|1661438410027|siblings
30786325648668|28587302362438|1672475748942|siblings
28587302343117|24189255832118|1672327002392|siblings
15393162849805|26388279126659|1659403636221|other relatives
15393162849805|6597069797770|1667456568127|business associate
15393162859805|17592186114799|1648118741354|friends
15393162799806|4398046551815|1641814386225|siblings
15393162799806|28587302352552|1670853484140|friends
8796093033151|17592186055398|1652295850991|siblings
4398046552047|4398046522070|1608736652448|siblings
4398046552047|13194139543524|1656711901222|other relatives
26388279117567|30947|1666553480428|business associate
13194139604255|28587302343038|1670292926798|friends
13194139604255|60563|1632507334199|friends
15393162829808|8796093022410|1627013785942|parents
15393162829808|28587302353306|1663941494692|siblings
10995116328704|15393162859623|1639322470949|parents
10995116328704|21990232605865|1667513536759|business associate
13194139594256|21990232605891|1661228903555|business associate
13194139594256|26388279067234|1669098956798|parents
8796093023153|26388279137219|1662189751656|business associate
8796093023153|4398046582321|1610596657961|siblings
30786325598673|4398046581972|1671917820388|siblings
4398046552049|28587302373397|1666852369029|business associate
4398046552049|8796093033366|1663312781369|friends
6597069837601|20908|1636664615946|siblings
4398046522050|6597069826698|1669837487513|friends
4398046522050|21990232605661|1652946924360|siblings
17592186065362|10008|1661229193370|friends
17592186065362|28587302393395|1665282393835|business associate
8796093063154|2199023286651|1636002134903|business associate
8796093063154|15393162839334|1635137697272|friends
2199023296499|21990232565791|1665429789776|parents
13194139604259|4398046531594|1661688829817|siblings
10948|6597069797532|1670598109099|friends
10948|2199023326688|1648131932568|friends
4398046542052|15393162828936|1656068425430|friends
15393162829812|15393162858920|1650018514249|friends
15393162819813|17592186094792|1631381905401|siblings
15393162819813|6597069807265|1666315114119|business associate
26388279117573|28587302382521|1669576119483|business associate
21990232616469|21990232615627|1663125469019|friends
21990232616469|19791209330547|1650888589395|siblings
6597069797606|26388279117549|1670021366400|siblings
17592186085366|2199023326666|1644367369691|siblings
8796093023159|15393162808917|1627794020790|friends
26388279087575|30786325628933|1672421336941|friends
26388279087575|26388279116919|1661512274902|siblings
26388279127575|26388279127008|1662197961823|business associate
26388279127575|24189255842245|1667634005148|friends
70951|28587302322863|1671149794816|parents
70951|17592186114548|1658667989998|parents
17592186045368|15393162809653|1640358167885|friends
26388279077576|60528|1670247641588|parents
15393162829816|24189255871909|1652027842254|friends
24189255862024|28587302392389|1670915888001|business associate
24189255862024|26388279107703|1670928328319|friends
21990232616472|17592186104815|1662004020617|siblings
30786325648680|28587302392616|1672441426097|siblings
30786325648680|17592186045137|1672418985000|parents
4398046512057|6597069767710|1644156038199|siblings
4398046512057|20020|1638490524868|friends
2199023286505|24189255871550|1671676190909|parents
2199023316505|28587302342394|1671544508854|siblings
4398046512058|8796093043381|1635500489170|parents
4398046512058|8796093053092|1606635479911|friends
17592186055370|15393162849332|1640872105682|friends
6597069797610|10995116328369|1666606933009|other relatives
4398046582058|60855|1667299193927|parents
4398046582058|2199023326627|1603464272825|siblings
24189255822027|2199023286458|1667498267665|parents
24189255822027|10995116338059|1654411078598|business associate
17592186075371|8796093023152|1638271234468|business associate
13194139584267|26388279137773|1663923819725|friends
13194139594267|19791209350666|1657056686669|business associate
13194139534268|50373|1622223025468|friends
13194139534268|2199023266669|1637824471717|siblings
17592186085372|2199023266665|1651002824669|siblings
8796093083164|28587302382312|1671007875224|friends
957|17592186055499|1657750586271|business associate
19791209350925|21990232585659|1669785482088|siblings
19791209350925|30786325607858|1672071742265|siblings
8796093093165|6597069817388|1646863693367|siblings
8796093093165|10995116278183|1661567054797|friends
24189255832030|13194139574407|1669902398283|parents
24189255832030|28587302372278|1669337064549|siblings
15393162859822|10995116308916|1640540493400|siblings
10995116278719|15393162859321|1661888014600|friends
10995116278719|26388279126953|1671473517658|siblings
21990232576479|4398046521753|1672499392236|siblings
6597069797615|10995116308395|1664022699091|parents
6597069797615|8796093052977|1645263720875|other relatives
30786325628687|19791209370817|1672399254927|friends
30786325628687|13194139553840|1672368854578|siblings
26388279087584|19791209370227|1666330468218|other relatives
13194139574272|28587302332469|1665977012807|siblings
13194139574272|8796093063293|1639738127778|business associate
17592186055377|19791209361134|1669577468667|other relatives
13194139564273|6597069817857|1665250955625|parents
13194139564273|13194139534443|1654691500718|parents
28587302363137|236|1668561538184|friends
28587302333138|24189255831459|1671637776807|business associate
28587302333138|13194139533380|1672350363919|friends
28587302333139|10995116288183|1667041112394|business associate
28587302333139|15393162809355|1670071708102|parents
8796093043171|21990232566377|1649010665188|friends
8796093043171|30786325607962|1672444643345|business associate
17592186075379|10995116278168|1632298758824|siblings
17592186075379|21990232605657|1647715737753|siblings
50963|30786325648419|1672526773627|parents
19791209320932|13194139533556|1652230821524|siblings
19791209320932|19791209320167|1665283068864|business associate
24189255852036|20660|1659675277801|business associate
24189255852036|28587302322275|1670245437840|friends
17592186095380|13194139603968|1669105194463|other relatives
19791209370932|10995116298593|1655608778040|friends
19791209370932|107|1641344777245|friends
6597069817621|6597069767646|1600060647554|friends
6597069817621|4398046531927|1606318208408|business associate
13194139604277|4398046531804|1625717411141|friends
13194139604277|28587302353091|1670293627662|other relatives
4398046512070|2199023326682|1607842561750|other relatives
4398046522070|28587302373358|1664840643423|siblings
4398046522070|13194139553447|1659967912398|business associate
6597069817622|28587302332716|1669885945275|parents
6597069817622|30020|1624740535430|parents
6597069777623|13194139563677|1622260973096|business associate
4398046582071|372|1610175058985|business associate
24189255812040|10995116289000|1668583291715|friends
24189255812040|28587302343410|1667443104905|siblings
13194139554280|19791209330779|1662831373321|friends
13194139554280|6597069817361|1630528906967|friends
2199023296520|13194139604397|1654523385013|parents
21990232616488|15393162809403|1654830912853|business associate
4398046512073|28587302333322|1670228635807|business associate
4398046512073|30786325578806|1670709007429|other relatives
19791209310937|24189255831868|1663328477665|business associate
13194139554281|19791209370095|1660952304149|friends
19791209350937|10149|1654115892903|other relatives
19791209350937|6597069777107|1654241414711|siblings
13194139534282|6597069837388|1648795444318|siblings
13194139534282|21990232566002|1653905466429|friends
2199023276522|6597069837523|1633823387942|friends
6597069797626|21990232596662|1661480687375|siblings
6597069797626|26388279126795|1668796969816|friends
24189255872042|60145|1657480376502|friends
24189255872042|2199023276200|1660522745106|parents
4398046512075|28587302392481|1667720602207|friends
4398046512075|30786325598412|1672084102324|parents
2199023266523|10995116308683|1665912151227|parents
2199023266523|26388279137272|1667111312391|business associate
8796093053179|26388279086629|1672317756594|friends
30786325578700|4398046581296|1670631206539|business associate
30786325578700|6597069796849|1670251675047|friends
10972|28587302333223|1671705125215|parents
10972|4398046532101|1598828412878|friends
17592186055389|21990232586079|1672299420014|friends
6597069787629|10123|1605349119005|friends
10995116288734|4398046571427|1657530822879|parents
19791209330942|10995116298009|1653895184141|parents
19791209360942|19791209360141|1648500512859|friends
19791209360942|8796093022747|1653604832537|business associate
8796093023183|41248|1638775085651|business associate
8796093023183|8796093022566|1659213274790|business associate
21990232576495|28587302382649|1670813448873|parents
21990232576495|26388279117594|1664943516774|business associate
17592186085391|13194139554531|1672383600027|parents
17592186085391|6597069837378|1667380707718|business associate
26388279117599|30786325608885|1672431965376|parents
21990232616495|10995116328214|1668318017342|friends
6597069837631|8796093063117|1640427367156|friends
4398046522080|2199023306599|1672366354909|other relatives
4398046522080|13194139553697|1662212207287|siblings
8796093043184|8796093022416|1670342699327|friends
8796093043184|21990232626118|1665260330566|siblings
10995116328736|26388279097745|1664556535976|business associate
24189255872048|17592186094536|1660563722929|other relatives
24189255872048|19791209320107|1660088080998|parents
30977|15393162809947|1660451352072|other relatives
30977|10995116318783|1649026722292|siblings
8796093073185|8796093092521|1669645664681|parents
28587302383153|30786325597761|1672017090517|business associate
30786325648705|4398046562259|1671707226805|parents
30786325648705|13194139574211|1671800009031|siblings
8796093023186|10995116338398|1614249590726|friends
8796093023186|21990232566521|1665312519039|friends
15393162809842|30786325608385|1671256127699|friends
6597069817634|6597069836929|1670075765359|siblings
21990232596499|10995116288448|1660273600934|friends
21990232566500|2199023256473|1660019595491|siblings
10995116328740|13194139564067|1667877302955|friends
10995116328740|30786325618941|1671763868086|siblings
8796093093188|6597069767571|1605323916066|other relatives
8796093093188|60565|1658148865672|other relatives
17592186075397|15393162838945|1669173169536|friends
17592186075397|24189255852036|1652908780208|friends
50981|10995116298274|1615690310057|siblings
21990232616501|50963|1668776374058|business associate
2199023326533|15393162859041|1638294097050|parents
17592186055398|15393162809508|1653555857831|parents
17592186055398|10995116288539|1672423888305|siblings
17592186075398|28587302323362|1670053478964|friends
17592186085398|4398046582059|1643588343794|friends
17592186085398|2199023256536|1663158771043|parents
30786325638710|17592186075177|1670679444601|siblings
30786325638710|4398046541848|1671247751753|other relatives
2199023326534|4398046542289|1617179340047|business associate
2199023326534|4398046541740|1649547348503|other relatives
28587302333159|10995116298507|1669678052552|friends
21990232596504|6597069837163|1649669610866|other relatives
21990232596504|10995116318510|1671838653072|parents
28587302373160|50228|1670498752996|friends
19791209370952|21990232586742|1671342611676|other relatives
19791209370952|2199023265678|1662471336037|business associate
19791209370953|10338|1659347961330|siblings
10995116308746|24189255861233|1661708668708|friends
24189255852058|4398046551815|1671814408266|business associate
24189255852058|24189255861980|1672289460052|friends
15393162849850|21990232555962|1667297735604|friends
15393162849850|17592186094735|1644877580005|friends
30786325648714|28587302372384|1672421151935|friends
19791209300955|26388279106766|1662766902774|siblings
19791209300955|26388279136804|1669389222910|friends
15393162809851|28587302322699|1670856677222|friends
24189255842059|2199023266512|1670853560626|siblings
13194139574299|19791209369996|1642340466405|other relatives
13194139574299|8796093032991|1639636398383|parents
15393162809852|21990232615697|1653556257384|siblings
26388279127612|26388279136993|1667314011865|parents
26388279127612|30786325648680|1672447174102|friends
10995116348748|4398046551512|1626177252670|business associate
10995116348748|15393162839460|1632739439925|friends
24189255822061|26388279066958|1670482613711|friends
30786325608717|24189255842066|1672314826403|friends
2199023306541|30786325648714|1672496113674|business associate
2199023306541|26388279116932|1660432330941|other relatives
10995116288750|6597069817825|1652689105052|friends
10995116288750|50381|1666305278591|friends
15393162819854|28587302323040|1668523320946|business associate
15393162819854|8796093022218|1654550937018|other relatives
2199023296542|6597069776656|1633160628364|business associate
2199023296542|15393162809374|1633495793109|siblings
24189255822063|10995116307978|1655036673896|friends
24189255822063|8796093073105|1668113916028|friends
19791209350959|21990232565672|1670883334140|business associate
21990232556512|19791209330386|1665920488299|siblings
21990232556512|6597069836916|1656737473236|parents
28587302343168|28587302323074|1668735291778|parents
6597069797648|10995116328967|1624580551625|other relatives
6597069797648|19791209340798|1653069155336|siblings
28587302373168|30786325608595|1671923525443|friends
24189255812065|17592186115608|1672044873632|siblings
24189255812065|21990232616543|1664396183390|other relatives
19791209310961|15393162799794|1644457819821|parents
19791209310961|60420|1650797329067|parents
4398046552097|15393162819560|1667799021025|business associate
4398046552097|15393162859805|1626298702521|parents
50993|10995116278549|1631866612117|parents
6597069827649|21990232595719|1651875064180|siblings
28587302323170|10008|1670322210161|other relatives
24189255842066|26388279066681|1669262895308|business associate
24189255852066|30786325648570|1671701369696|parents
10995116328754|17592186084829|1654797475544|friends
19791209360962|28587302362680|1669257418223|siblings
19791209360962|26388279117360|1660239623842|parents
21990232626514|21990232586256|1658863296464|siblings
21990232626514|10995116338986|1658745416064|other relatives
4398046522099|26388279077558|1664705181612|parents
19791209350963|2199023305850|1653764049597|siblings
60995|13194139553558|1635212487403|other relatives
60995|4398046531587|1658439903574|other relatives
30786325578724|10995116348062|1671146611097|friends
6597069787652|60815|1669567466771|siblings
24189255842068|8796093072382|1655631388561|friends
26388279117620|17592186085447|1658629806346|other relatives
26388279117620|13194139544321|1665709507680|other relatives
4398046582100|6597069827183|1660302564713|friends
17592186045413|8796093083144|1662103568763|siblings
17592186045413|13194139563518|1632847039127|business associate
15393162849861|8796093032783|1644705914966|parents
26388279137621|28587302373179|1672241777465|parents
26388279137621|13194139554429|1669899947003|siblings
4398046532102|21990232555740|1652371385440|friends
4398046532102|2199023276746|1622111646556|friends
8796093053206|6597069826735|1637128967010|siblings
8796093053206|15393162809448|1660805417820|siblings
4398046582102|26388279107235|1660578605132|business associate
4398046512103|15393162809414|1631530229134|friends
15393162839863|24189255851448|1669282831320|parents
15393162839863|6597069806998|1671326550559|other relatives
2199023256552|26388279096881|1668493629602|other relatives
2199023256552|20426|1593703161533|parents
6597069807656|13194139544038|1626368241860|siblings
6597069807656|19791209310178|1659613494951|parents
13194139584312|4398046551891|1642668552597|parents
2199023256553|40836|1662419004127|siblings
13194139584313|24189255831459|1671348910375|parents
10995116278763|4398046541842|1615068450399|other relatives
10995116278763|6597069787414|1623741850230|friends
17592186055419|2199023256765|1671429847067|other relatives
4398046542107|26388279126868|1669164345660|parents
28587302373179|21990232605754|1670998692252|friends
8796093033212|2199023306747|1662129522106|friends
21990232576524|30786325608905|1671117910425|parents
8796093053212|21990232605656|1671701985370|friends
8796093053212|26388279137611|1661649590581|parents
13194139604316|2199023265806|1665143465047|friends
19791209340973|13194139573861|1669733231191|parents
19791209340973|2199023306171|1660129758872|siblings
21990232606525|15393162829059|1650309565155|parents
21990232606525|13194139543561|1661928020837|friends
15393162859869|13194139573531|1664996585918|business associate
26388279067630|19791209301098|1662279999220|friends
26388279067630|4398046531487|1666805509418|business associate
6597069797662|2199023295708|1649930408447|parents
6597069797662|17592186064540|1646345628402|other relatives
61006|26388279087509|1669896709248|friends
61006|2199023306077|1610666256862|business associate
21990232566527|50607|1660610818195|parents
13194139564319|477|1642687751648|friends
28587302363183|28587302382488|1671934331403|siblings
28587302363183|2199023256258|1668166453813|friends
15393162849871|24189255811101|1664657290250|parents
1008|15393162840088|1666708139314|friends
11008|13194139604499|1671466377889|parents
11008|19791209311143|1665924911378|friends
21008|21990232556135|1649788553541|business associate
4398046582112|26388279067033|1671239637187|siblings
4398046582112|10995116318740|1641536213258|parents
24189255852081|28587302322665|1669053881759|business associate
28587302393185|17592186104709|1669602114309|parents
30786325578738|8796093083259|1672133792161|friends
30786325578738|8796093072498|1671735792207|friends
4398046542114|21990232595887|1659487577307|business associate
4398046542114|10995116328497|1626034715327|business associate
13194139574322|17592186044592|1659916147064|friends
13194139574322|4398046532281|1662629240409|parents
19791209370978|13194139554106|1659390280935|friends
19791209370978|13194139534171|1665546729782|friends
10995116278771|10995116318065|1670401458741|parents
6597069827668|10995116307786|1632205646741|business associate
6597069827668|4398046531999|1616677784696|other relatives
2199023266565|17592186084899|1661917313392|friends
21990232576533|8796093073369|1668791657185|business associate
21990232576533|28587302342907|1670470310505|parents
28587302353189|6597069766687|1671327664810|business associate
17592186085429|19791209320435|1670566357145|business associate
10995116278774|26388279086641|1670660294762|business associate
10995116278774|28587302372422|1667757519292|parents
24189255852086|8796093062260|1657196502776|friends
24189255852086|28587302362455|1672326392011|parents
4398046522119|28587302333117|1669161692237|other relatives
4398046522119|28587302392954|1667452687011|business associate
24189255832087|6597069837369|1655173767548|business associate
2199023306567|11005|1647483678510|friends
2199023306567|24189255871427|1663991698589|business associate
6597069837671|10995116338452|1672283055040|parents
6597069837671|24189255842320|1670754919439|parents
17592186065432|13194139574198|1668570108479|siblings
17592186065432|26388279107104|1668283415930|other relatives
24189255852088|30786325648260|1672190720087|friends
24189255852088|17592186094570|1653052569582|parents
4398046562120|28587302392481|1664141356716|other relatives
61016|6597069827300|1661380012965|friends
61016|26388279117198|1657914757560|siblings
21990232576537|6597069777843|1646594101120|parents
21990232576537|6597069817155|1667501622763|siblings
30786325608745|10995116298429|1672500861337|parents
4398046552121|24189255822148|1662313012151|parents
4398046552121|15393162809516|1666045953290|parents
17592186105433|6597069807176|1667403463200|siblings
19791209320986|2199023276295|1645349760427|friends
19791209320986|26388279097190|1666184530457|parents
17592186075434|13194139583768|1647080316648|friends
17592186075434|8796093033326|1662350205037|siblings
2199023316570|10228|1592868653312|other relatives
24189255882090|4398046582241|1660997267355|business associate
24189255882090|13194139534143|1654884880723|friends
13194139534331|15393162849898|1642777524694|parents
13194139534331|28587302393255|1671328951051|friends
6597069807675|19791209330198|1646962422050|business associate
6597069807675|24189255862051|1667367371745|business associate
2199023306571|26388279136629|1666313950350|friends
2199023306571|13194139543881|1666742402150|business associate
10995116338779|6597069816889|1614992073049|friends
2199023326571|26388279116876|1667275270386|business associate
2199023326571|24189255831872|1669361387125|parents
10995116278780|648|1663598539971|other relatives
2199023276572|26388279077301|1669834463019|friends
4398046572124|8796093053318|1651988748675|siblings
19791209370988|28587302362438|1667612014163|business associate
19791209370988|17592186084999|1660143612902|other relatives
21990232556541|10995116348882|1645915241184|friends
21990232586541|15393162849953|1660422950987|business associate
21990232586541|28587302323303|1671283409748|siblings
17592186085437|6597069806772|1664362180913|friends
24189255862093|15393162819509|1671195608741|friends
24189255862093|6597069777568|1660071902107|friends
8796093033230|6597069787604|1619227498099|other relatives
21022|17592186094721|1638676661942|business associate
21022|21990232615947|1668463069516|business associate
24189255842094|17592186074508|1663383331009|friends
2199023256575|24189255831649|1661854420720|parents
2199023256575|4398046561885|1626626658658|friends
8796093053231|24189255831426|1665158179789|siblings
8796093053231|26388279137125|1666930526684|friends
10995116318783|30786325617893|1672184856551|business associate
10995116318783|21990232576055|1671367907915|parents
15393162839887|30000|1660563252475|friends
15393162839887|19791209370165|1671478937574|business associate
21990232616543|26388279107027|1663492051907|friends
21990232616543|28587302362532|1669564918854|friends
24189255882095|30786325588645|1671793334436|friends
10995116308784|15393162809157|1627716913287|parents
10995116308784|6597069837246|1628175731559|siblings
10995116328784|26388279106683|1657773018724|friends
17592186105440|21990232576601|1665008948658|business associate
17592186105440|6597069837874|1649651742516|siblings
28587302333201|21990232605820|1672364503797|siblings
17592186065441|30786325578328|1671330824945|parents
10995116338785|17592186084899|1637086881929|other relatives
10995116338785|6597069807079|1657416653217|parents
30786325648753|8796093053357|1672444454455|friends
30786325648753|41102|1672432510538|friends
15393162799890|13194139533515|1645346859857|parents
2199023276578|2199023255767|1625401462297|business associate
2199023326578|17592186094749|1643091920235|business associate
2199023326578|19791209361131|1670264162087|parents
11027|15393162808917|1640459902422|business associate
11027|24189255821371|1658065381681|friends
2199023266580|2199023255992|1621460837109|friends
2199023266580|24189255861585|1664626075809|business associate
21028|4398046561466|1602516202913|business associate
21028|21990232576219|1671171966676|siblings
31028|2199023306569|1597096788817|friends
15393162829892|8796093092474|1656463760701|business associate
15393162829892|24189255851448|1663315630684|friends
26388279127652|19791209350095|1663362036613|friends
26388279127652|10292|1669852584676|friends
24189255882100|28587302383143|1664621152280|siblings
24189255882100|2199023286469|1666108692874|friends
21990232556549|2199023266044|1658214942057|business associate
21990232556549|17592186055150|1663983981957|siblings
26388279077653|15393162859903|1666554515910|parents
19791209330997|28587302352719|1666846245962|parents
19791209330997|24189255811214|1666722294554|siblings
19791209370997|30627|1667847365546|siblings
6597069767686|28587302392642|1667189087954|parents
6597069767686|24189255851320|1661286445935|parents
17592186085446|13194139533843|1657705502883|business associate
17592186085446|4398046511703|1660001475554|friends
30786325638758|11186|1672132984505|siblings
26388279067655|26388279117318|1663743581576|friends
26388279067655|4398046551522|1660764775107|friends
19791209330999|17592186104819|1649911180955|parents
24189255842104|26388279066950|1667514169148|friends
19791209351000|13194139604259|1641345865004|parents
17592186105448|4398046571536|1656046773553|siblings
26388279067657|8796093042822|1663780085112|parents
26388279067657|21990232615698|1670190254110|business associate
28587302333209|10995116348968|1667344580540|business associate
28587302333209|30786325608796|1671493620965|business associate
13194139554345|26388279087439|1666654644443|friends
13194139554345|2199023325571|1659952923864|friends
8796093063241|21990232576673|1652347823237|siblings
10995116278795|2199023286265|1625327473467|siblings
10995116278795|17592186055372|1656041546269|business associate
30786325638763|26388279117833|1671634922053|parents
21990232626555|17592186084445|1669935142036|friends
21990232626555|24189255842050|1653840526089|parents
8796093043244|15393162819966|1651448170557|other relatives
8796093043244|15393162790004|1662319746519|friends
10995116308796|19791209310491|1660033146634|parents
10995116308796|17592186055170|1658336156449|friends
17592186045453|24189255812163|1658574710112|friends
8796093033245|30786325587794|1671569589274|siblings
30786325598765|24189255851697|1671941189297|business associate
30786325598765|8796093053406|1671841414125|siblings
19791209331005|10995116338763|1665844273350|parents
19791209331005|13194139573911|1643757545504|friends
2199023326589|28587302383237|1670733491771|siblings
10995116278798|6597069817417|1670399843786|friends
10995116278798|13194139593387|1639988015556|parents
10995116278799|21990232555539|1657437058520|siblings
10995116278799|2199023305874|1638657298344|friends
8796093033247|4398046562187|1624949184919|friends
17592186065455|26388279076972|1667778380533|friends
10995116318799|19791209350138|1665876518671|siblings
15393162859903|24189255871333|1668598102750|friends
15393162859903|21990232596343|1657427621513|other relatives
21040|26388279107135|1666316036888|business associate
19791209341008|30786325578280|1671604695780|parents
4398046582144|28587302383176|1669141287720|friends
4398046522145|40096|1599498003865|other relatives
2199023276593|19791209360542|1669534684501|other relatives
13194139574353|10995116327886|1655275576308|parents
30786325628769|19791209320514|1671737154638|business associate
24189255872113|6597069766877|1668910882680|parents
8796093023250|19791209320809|1663947034683|friends
8796093023250|21990232575862|1659936145891|parents
30786325608770|13194139593941|1671983259104|other relatives
30786325608770|2199023305868|1670736937232|parents
17592186085458|19791209300551|1649092301497|friends
17592186085458|17592186084796|1637925000839|parents
4398046572146|10995116298138|1642460640396|parents
4398046572146|13194139564128|1663715822275|parents
21990232556563|2199023306062|1663011869163|friends
21990232556563|2199023265910|1656605217084|friends
6597069787699|24189255821148|1652786079192|siblings
6597069787699|17592186115608|1668829821829|other relatives
2199023266596|24189255841238|1668967457752|friends
13194139564356|26388279076666|1672430561596|business associate
8796093073252|26388279097705|1666810318043|siblings
24189255812117|13194139543871|1667465384324|siblings
13194139554357|24189255851089|1656352140269|friends
13194139554357|26388279077353|1665069887032|parents
17592186075461|17592186075236|1660813451970|other relatives
13194139584357|15393162829229|1657604959286|business associate
13194139584357|21990232555831|1655689185076|friends
10995116278806|10995116328226|1628785600789|friends
8796093053254|4398046531251|1669389418437|friends
10995116338806|2199023326607|1640047977282|friends
10995116338806|60851|1657044265669|siblings
15393162859910|13194139553840|1668606020442|other relatives
15393162859910|24189255831985|1668085823045|siblings
28587302333223|30786325578328|1671346316672|siblings
28587302333223|6597069827300|1666121532588|business associate
15393162849911|8796093072212|1663759892649|parents
15393162849911|6597069837877|1647021530823|friends
10995116348807|21990232555959|1658667363209|friends
8796093033256|6597069817469|1658459832958|siblings
15393162829912|21990232586515|1671061105031|business associate
15393162829912|26388279136993|1663579315784|parents
19791209371016|4398046571644|1653650101177|business associate
21990232566569|26388279086898|1669002579158|siblings
41049|30786325638237|1670487887294|friends
17592186095465|17592186075279|1645337088476|friends
21990232576570|17592186084749|1661257605334|business associate
21990232576570|19791209350959|1671140241133|business associate
24189255852122|26388279077166|1667175582752|friends
24189255852122|10995116328311|1658169589457|friends
4398046572154|13194139533426|1671731528584|friends
8796093063259|21990232625545|1648759648242|business associate
26388279117675|2199023266269|1668654859059|other relatives
8796093083259|10224|1656685275433|friends
8796093083259|17592186044488|1650687110975|business associate
10995116338812|30786325628684|1672095369870|friends
8796093023261|10995116278153|1624993625153|friends
6597069787709|6597069766852|1670082275600|business associate
31053|13194139593784|1628103897187|parents
31053|2199023316766|1628759639538|friends
17592186085469|10995116339000|1663368880500|business associate
17592186085469|4398046511689|1671136894487|other relatives
19791209351021|17592186075346|1665895814887|business associate
21990232616573|10995116318751|1669727199592|friends
21990232616573|60577|1649989712281|parents
19791209371021|2199023326574|1647530553886|siblings
6597069767710|8796093042983|1666542017736|other relatives
4398046532158|6597069837203|1663646455249|business associate
4398046532158|6597069787224|1620003302203|friends
17592186075470|4398046571584|1641629500946|parents
24189255872126|6597069806711|1657450823126|business associate
24189255872126|24189255852221|1662003502419|friends
11055|6597069807849|1651309420285|parents
11055|24189255842304|1666610385048|parents
2199023286607|17592186084999|1655899640113|business associate
2199023286607|17592186095166|1661715838538|siblings
8796093073263|17592186074422|1665295354448|parents
8796093073263|26388279126632|1665129528264|friends
2199023316607|4398046581411|1664094666765|business associate
26388279067680|6597069797848|1665610806426|friends
21990232576576|28587302383296|1668784695366|business associate
28587302353232|4398046561998|1668019183330|parents
1057|2199023276250|1664510902667|business associate
1057|28587302382324|1672043882546|friends
10995116288817|8796093022309|1645148165650|siblings
15393162809921|24189255841486|1671907993909|siblings
10995116318817|8796093092694|1671421211954|business associate
15393162849921|19791209350133|1669414551681|business associate
15393162849921|28587302323325|1672281808049|friends
2199023256610|30786325608148|1671814769650|friends
21990232576578|6597069816815|1659573588717|siblings
21990232576578|6597069767360|1658625809946|parents
31058|30786325608669|1670965494626|parents
31058|17592186064631|1670154749019|friends
51058|17592186065243|1647333465914|business associate
51058|19791209320735|1662961065079|parents
6597069837714|2199023256553|1606585081150|parents
6597069837714|24189255832096|1657650066344|business associate
17592186055475|19791209300091|1644092417792|parents
17592186055475|50472|1658125882431|parents
2199023256612|4398046511412|1657869981654|friends
2199023256612|30087|1656004870943|friends
21990232566580|10995116297987|1662350498515|parents
17592186065476|60781|1669970359643|parents
17592186065476|28587302333347|1672264117377|friends
26388279107684|10995116328859|1671202612286|friends
26388279107684|30786325598851|1671769645202|siblings
6597069817716|13194139603668|1662402784443|siblings
6597069817716|4398046561262|1662324439629|friends
28587302383236|8796093022417|1670533468629|parents
4398046562165|10995116278072|1617612578864|parents
4398046562165|13194139563347|1668063853304|friends
8796093023270|24189255841606|1667266757325|other relatives
8796093023270|6597069807435|1659649534641|business associate
28587302343238|2199023255682|1671088559231|parents
28587302343238|40179|1668171784864|parents
8796093053270|24189255831670|1671948209733|business associate
8796093053270|24189255852036|1659354483761|business associate
21990232606582|8796093032246|1652541098308|business associate
19791209311031|21990232556729|1660545048976|siblings
19791209311031|50655|1638465759805|business associate
19791209331031|15393162839493|1646512895112|business associate
19791209331031|60718|1655025307627|parents
10995116338823|10995116298593|1670254207081|siblings
10995116338823|26388279067697|1671087404208|friends
17592186115479|13194139584462|1672060926356|business associate
17592186115479|26388279097443|1672274190735|parents
2199023276616|13194139584173|1649280700381|friends
2199023276616|30786325638010|1670351498579|parents
15393162839928|26388279137197|1668930376569|business associate
15393162839928|2199023306381|1646917518348|other relatives
4398046572168|8796093052999|1643082153504|siblings
4398046572168|21990232596578|1647894992677|siblings
17592186055481|6597069797598|1644967744892|siblings
21990232576585|6597069817596|1648889664479|business associate
4398046542169|17592186084820|1643739892533|friends
26388279107689|2199023305632|1658220400355|siblings
2199023316617|26388279077166|1666415249242|business associate
4398046512170|13194139563754|1655636378869|business associate
4398046512170|6597069787393|1632277934537|business associate
6597069787722|2199023276231|1653345712072|siblings
15393162829930|60226|1649408861730|siblings
15393162829930|10995116318262|1648432145578|parents
24189255862138|2199023265659|1653039803126|parents
24189255862138|30786325638109|1672116798913|siblings
6597069827723|70024|1627862973133|other relatives
15393162799932|13194139534314|1659866583183|parents
26388279117692|17592186084524|1669033144431|other relatives
19791209301037|21990232586073|1661223365991|parents
17592186065485|26388279087463|1659864267378|siblings
17592186065485|24189255831572|1669853481857|business associate
15393162819933|13194139553905|1651133294562|siblings
13194139604381|2199023306157|1629294753284|other relatives
21990232556590|28587302372384|1671020067176|business associate
21990232556590|24189255861626|1659260065415|parents
51070|24189255812163|1666502124880|other relatives
17592186065487|19791209310492|1670193743831|parents
15393162829935|4398046571427|1670142302471|siblings
15393162829935|21990232626662|1671009658091|friends
24189255862143|2199023255589|1671289863653|friends
4398046512176|13194139553813|1634077541748|business associate
10995116288832|2199023265982|1637886757412|friends
19791209321040|10995116317785|1664207077535|business associate
19791209321040|26388279137734|1664277941186|other relatives
17592186095488|21990232555566|1658211421966|friends
13194139604384|17592186045638|1641680527626|friends
13194139604384|8796093043456|1619442343260|friends
11073|24189255851096|1654333765200|friends
28587302343249|19791209340248|1670963384715|business associate
28587302343249|13194139573806|1670022686049|friends
31073|17592186095323|1663880034375|business associate
31073|21990232596260|1645564083967|parents
15393162829937|4398046561466|1668320425886|parents
13194139604385|28587302342948|1671702787736|business associate
13194139604385|61239|1639813928592|friends
28587302333250|26388279086692|1667011251008|friends
28587302333250|8796093022737|1671802801353|siblings
21990232576594|8796093032627|1665046125724|siblings
21990232576594|17592186085180|1658774142216|siblings
10995116308834|30020|1634712077789|friends
10995116308834|10995116278741|1633603547064|friends
2199023296626|28587302322337|1666363470774|business associate
2199023326627|13194139603919|1650120258077|business associate
2199023326627|21990232556067|1651306612161|friends
2199023296628|10995116299003|1630127644907|parents
28587302373252|10995116327811|1666667422225|siblings
28587302373252|24189255861581|1670934591585|friends
21990232576597|8796093082559|1653953118212|siblings
21990232576597|4398046542289|1662409950868|business associate
19791209331045|21990232626514|1657008182186|business associate
19791209331045|28587302362818|1670141893624|business associate
21990232596597|6597069836765|1649688448706|friends
51077|26388279067613|1660285681940|friends
6597069837733|8796093072383|1639198754454|friends
6597069837733|21990232586709|1668941035814|friends
21990232576598|17592186074479|1661593973232|parents
24189255862150|17592186064921|1661602806822|siblings
10995116338838|6597069836898|1632242081604|parents
10995116338838|28587302372268|1672192682017|friends
15393162799943|8796093032730|1635921767829|parents
28587302393255|15393162830033|1671490611964|siblings
21990232576600|10995116298839|1667384799626|friends
21990232576600|17592186064599|1651303807149|siblings
2199023306632|8796093082500|1668583774744|friends
2199023306632|28587302342337|1669195752354|friends
6597069827736|26388279087100|1663659624607|friends
21990232556601|2199023286362|1669283488106|friends
26388279097705|28587302333005|1666337386687|business associate
28587302383257|675|1668104544883|parents
28587302383257|4398046581242|1671772073302|friends
26388279117706|10995116298314|1667156986253|friends
26388279117706|4398046562187|1662581909486|parents
4398046582186|26388279107027|1670212724584|friends
24189255812155|21990232575826|1661471390040|business associate
15393162809947|4398046551281|1634028020733|parents
15393162809947|10995116328364|1650951057198|other relatives
21990232586603|13194139543941|1655506192283|business associate
15393162829947|13194139543721|1670753677641|parents
15393162829947|6597069806944|1668028014355|friends
17592186115499|28587302392793|1670301601272|parents
11084|21990232565605|1670131424503|parents
26388279087708|10995116338336|1670371040534|parents
26388279087708|15393162849204|1669526473078|friends
31084|6597069836916|1645751029399|parents
21990232596604|21990232606612|1654670628168|friends
21990232596604|15393162849686|1654659560139|friends
17592186095500|6597069807627|1633433034149|other relatives
17592186095500|6597069807199|1633372623778|parents
21990232576605|6597069807510|1659372078187|friends
28587302373261|24189255862101|1670233051716|friends
28587302373261|10995116278072|1668516621115|friends
10995116278846|24189255881185|1663387307203|friends
24189255852158|13194139604029|1672142243075|friends
24189255852158|10995116338064|1655898905157|siblings
30786325628815|10995116348917|1672224928082|friends
30786325628815|8796093092354|1672317719442|friends
4398046512192|24189255861363|1655892945586|business associate
4398046512192|775|1665464154019|business associate
17592186055504|6597069826836|1667893604958|parents
4398046572192|6597069787054|1646315829180|friends
4398046572192|28587302323272|1666679985370|other relatives
2199023286641|6597069816880|1664069741990|siblings
6597069837745|28587302363083|1670248190972|business associate
24189255852162|61154|1670635603555|parents
24189255852162|17592186064941|1660246619600|friends
26388279137714|40523|1668198787533|other relatives
26388279137714|13194139573911|1657007301750|parents
24189255812163|19791209360862|1655594778882|friends
28587302343267|19791209351141|1670062959521|business associate
28587302343267|26388279127523|1670044205212|siblings
8796093063299|24189255861351|1671329291955|siblings
10995116348851|13194139534268|1626827305759|parents
28587302353268|21990232616511|1670203837936|parents
28587302353268|10995116327965|1667916586768|other relatives
13194139534405|2199023326089|1624458127669|friends
13194139534405|30786325608770|1672231791141|business associate
24189255832165|17592186094466|1658451845496|business associate
26388279097717|4398046521930|1671380652269|friends
2199023326645|4398046551268|1608005540050|friends
2199023326645|17592186094425|1660850759822|friends
17592186045510|19791209340922|1649428001941|siblings
10995116288854|15393162829396|1655862024909|friends
10995116288854|11073|1647564977775|parents
24189255842166|13194139564168|1657498993517|business associate
30786325618822|20618|1670802255481|siblings
13194139584406|8796093073029|1632944254704|friends
13194139584406|2199023255992|1667732151222|friends
15393162849958|17592186065559|1672085621056|friends
8796093093302|28587302342948|1669902674443|parents
8796093093302|6597069787169|1646494550506|business associate
13194139574407|15393162829261|1644990643083|friends
13194139574407|10995116297976|1667492253185|friends
4398046562199|28587302372258|1669870732785|business associate
4398046562199|19791209359984|1644418561251|friends
6597069827751|15393162859364|1633441702602|business associate
30786325648823|6597069787352|1672479814638|business associate
30786325648823|6597069767803|1672490361620|friends
28587302323272|6597069787061|1672135399485|business associate
13194139574408|6597069796658|1662785458638|friends
10995116338856|24189255871199|1659793920669|friends
24189255812169|15393162819325|1657716601330|siblings
24189255812169|6597069766820|1663936348921|friends
13194139564409|30151|1664851721006|siblings
4398046552201|13194139583814|1623316903902|friends
24189255822170|15393162789590|1663052843292|parents
24189255822170|20732|1659838139822|business associate
19791209351066|2199023316766|1656880423818|siblings
19791209351066|26388279137302|1662859764028|friends
21990232616618|28587302362455|1669886571135|siblings
21990232616618|8796093033392|1666649425130|friends
19791209311067|13194139534199|1649803598449|siblings
2199023286651|21990232596058|1651707496431|friends
28587302363275|2199023306463|1669936653322|business associate
28587302363275|26388279087336|1667749564676|friends
13194139604411|13194139574532|1645048683548|friends
19791209301068|8796093092477|1646175059209|business associate
17592186095516|10995116278277|1672247203862|siblings
17592186095516|2199023275886|1656371506709|other relatives
13194139594412|17592186055218|1670323139735|siblings
2199023276653|13194139554144|1661516803006|business associate
2199023286653|26388279127497|1667382253270|friends
2199023286653|10995116298925|1637175394541|other relatives
17592186085517|15393162789869|1654598689843|siblings
17592186085517|24189255841469|1662463104277|siblings
28587302373277|17592186065209|1665425308831|other relatives
28587302373277|4398046571429|1665642401163|parents
6597069827757|2199023326754|1627444611349|business associate
13194139534414|19791209340336|1647700985524|siblings
30786325648830|6597069787571|1669474950553|parents
30786325648830|4398046512148|1670670490778|friends
2199023256655|19791209360548|1656719927755|siblings
6597069777759|6597069776740|1604676923778|siblings
26388279117727|8796093092330|1671261089767|business associate
26388279117727|10995116297826|1664262229761|friends
2199023286656|2199023296370|1652036961485|parents
26388279107728|21990232576256|1672215009102|business associate
26388279107728|20834|1666571810383|siblings
6597069827760|24189255811767|1668728109148|friends
26388279067729|40641|1665920170589|siblings
17592186055521|30786325648658|1671664323884|parents
24189255832177|17592186095047|1653760496643|other relatives
24189255832177|26388279096703|1666561584258|siblings
26388279097729|24189255832177|1670213094200|friends
26388279097729|19791209330736|1662862284909|siblings
28587302363281|24189255851550|1670101118705|business associate
19791209321074|13194139543997|1648199770837|friends
4398046542210|8796093052230|1635501970570|business associate
4398046542210|6597069786925|1609873443265|siblings
19791209341074|10995116338506|1664780345759|other relatives
19791209341074|24189255831347|1657502448787|parents
26388279127730|19791209360928|1663067380130|business associate
26388279127730|13194139573818|1670900099753|parents
4398046542211|24189255851500|1655918995781|parents
4398046542211|8796093082731|1640531580465|business associate
26388279127731|10995116338059|1668555442790|business associate
21990232576628|2199023286216|1663946779516|other relatives
21990232576628|28587302363326|1665956180629|friends
17592186115524|26388279086628|1662275464771|friends
8796093043317|2199023266366|1621537801729|friends
21990232596629|19791209310594|1649708993005|other relatives
21990232596629|26388279087584|1661990771575|friends
28587302373285|8796093043456|1671374126507|parents
28587302373285|24189255811565|1665450730848|friends
13194139594421|17592186074422|1639256894739|friends
13194139594421|19791209340922|1653076732313|parents
8796093093317|24189255811083|1671378108416|business associate
8796093093317|2199023276791|1662140950761|friends
13194139534422|21990232576325|1661332475112|business associate
13194139534422|26388279067421|1668232277921|other relatives
15393162849974|6597069787604|1665810811893|other relatives
15393162849974|4398046581216|1659221555555|parents
26388279077735|19791209300691|1667225553000|parents
26388279077735|26388279116831|1666644101574|business associate
2199023276663|19791209320326|1647241168546|parents
4398046572215|8796093093355|1627286053183|siblings
2199023326663|8796093093435|1658405301872|business associate
10995116278873|21990232586299|1672357303925|friends
10995116278873|19791209371173|1658810367379|siblings
8796093073321|26388279116709|1670835251110|friends
8796093073321|28587302372846|1671644526039|friends
6597069797770|13194139533348|1646016439611|friends
6597069797770|24189255812163|1658308815227|siblings
24189255852186|30786325608148|1672490089527|friends
24189255852186|10995116318956|1653641523196|business associate
19791209351082|70256|1643000497482|other relatives
19791209351082|8796093032847|1650708815185|friends
30786325638842|31162|1670906842589|other relatives
8796093043323|2199023316063|1628895145776|business associate
8796093043323|4398046582332|1638247210901|friends
26388279127739|21990232616668|1670399823633|parents
26388279127739|10995116338172|1664327822109|friends
31116|8796093072711|1622917043941|friends
31116|19791209350454|1648153952764|parents
24189255862188|19791209341160|1652498702988|siblings
24189255862188|4398046561967|1662162357794|friends
24189255882188|26388279066851|1666017744180|friends
2199023286669|6597069837152|1628190495167|friends
71117|17592186115324|1647876732573|business associate
71117|26388279096796|1664489741522|other relatives
24189255862190|21990232576628|1656071376182|siblings
24189255862190|2199023326356|1660477407863|parents
13194139534431|6597069827238|1664382066391|friends
13194139534431|24189255842285|1655341040894|siblings
13194139544431|10995116327771|1665560340407|business associate
13194139544431|19791209300080|1655346702471|parents
4398046542223|4398046541403|1646090441490|parents
6597069817775|21990232575931|1646764186091|friends
19791209351088|40083|1653011414789|other relatives
19791209351088|8796093023385|1646752401220|friends
28587302383296|10995116339000|1670065900454|siblings
28587302383296|2199023286070|1668889906760|siblings
19791209341089|6597069827542|1671676992953|business associate
19791209341089|15393162800025|1646888613179|friends
13194139594433|17592186055222|1633083618033|siblings
13194139594433|8796093062391|1627619830481|business associate
2199023326673|60296|1616561570682|parents
2199023326673|28587302373013|1671687327067|siblings
4398046522226|21990232615995|1660208935628|friends
4398046522226|17592186064493|1637307516505|other relatives
21990232586642|21990232616407|1670679517764|business associate
21990232586642|8796093082818|1671440257883|friends
26388279117746|26388279116945|1664908873126|siblings
71123|6597069817177|1665927833412|friends
71123|24189255851741|1665650330721|friends
13194139544436|26388279066773|1669358937130|parents
21124|19791209320521|1641806600339|siblings
21124|19791209320735|1645999186118|business associate
6597069807780|19791209350904|1651448990760|friends
6597069807780|24189255852036|1662992964830|parents
24189255862196|28587302352564|1669673789411|siblings
24189255862196|26388279077006|1661932164569|friends
13194139534437|2199023315803|1635069364165|siblings
28587302333301|10995116288034|1667100181518|siblings
28587302333301|70512|1669526605144|parents
15393162819989|2199023275907|1668736600154|friends
15393162819989|17592186064921|1650945426091|other relatives
26388279117749|8796093032381|1664987183822|siblings
26388279117749|6597069776833|1668756431728|business associate
8796093083333|8796093032928|1655502913708|siblings
8796093083333|61241|1614563656602|business associate
4398046582229|17592186095481|1646069179026|friends
4398046582229|8796093062938|1665956383714|other relatives
10995116298886|17592186075295|1649561834268|friends
4398046562230|420|1649292252610|business associate
4398046562230|21990232616420|1661658123210|siblings
10995116338886|8796093022729|1665981277814|siblings
28587302323303|40230|1671046514221|friends
28587302323303|50787|1670798708392|parents
26388279067752|6597069777307|1664469831681|business associate
4398046532232|15393162819302|1646328794314|friends
19791209341096|15393162859698|1671432486500|siblings
15393162849992|4398046521753|1660818715357|friends
15393162849992|10995116338054|1659966255778|siblings
8796093023337|6597069807457|1653442619686|friends
26388279097753|13194139543721|1669475836366|friends
26388279097753|26388279076720|1660478200371|other relatives
17592186085545|30786325638299|1672330658344|siblings
17592186085545|19791209300533|1668236557030|business associate
28587302343306|24189255832154|1668732220387|friends
28587302343306|4398046561275|1671885275654|friends
28587302373306|28587302382485|1670222905993|friends
28587302373306|70055|1671859001999|business associate
6597069827786|6597069777533|1654303091172|business associate
26388279087755|19791209320362|1666816575140|business associate
26388279087755|17592186084891|1663587012627|friends
6597069797787|15393162788943|1653880658650|friends
6597069797787|31053|1666511372227|siblings
1132|13194139573584|1659689551673|siblings
1132|10995116327971|1654292275624|business associate
26388279097756|6597069776844|1668056437770|business associate
26388279097756|30786325648840|1670914430567|parents
26388279117756|8796093022359|1669340440307|friends
26388279117756|808|1668570447708|siblings
15393162789997|4398046541343|1670892159782|parents
6597069777789|15393162799137|1659737868101|friends
6597069777789|24189255881114|1659187691774|siblings
17592186095549|30786325608717|1672208708699|business associate
2199023326685|2199023275800|1622321878786|business associate
2199023326685|8796093033030|1642363638322|parents
4398046512238|10995116337951|1617731086947|siblings
8796093043342|24189255812236|1660308574331|parents
19791209331102|24189255841773|1664161058440|friends
24189255812207|26388279137691|1671954941409|business associate
10995116288895|4398046531328|1621735557757|friends
21135|28587302353319|1668524353607|parents
21135|13194139593692|1656074063078|friends
15393162819999|6597069827867|1629922717850|siblings
2199023316687|8796093042854|1611254992376|other relatives
2199023316687|19791209330077|1659415129715|siblings
4398046582239|15393162809426|1639623754483|parents
4398046582239|26388279086905|1661932419334|business associate
2199023266688|4398046562032|1651549145086|business associate
2199023266688|6597069787677|1641042086217|friends
10995116298896|4398046511120|1646102586866|business associate
19791209341104|28587302393419|1671397804423|parents
19791209341104|19791209320464|1656967716471|business associate
17592186045553|4398046541269|1651857783180|friends
17592186045553|21990232626719|1667871011202|business associate
11137|6597069837877|1616658600572|business associate
11137|8796093082731|1635896811334|business associate
24189255842209|70139|1661925607222|siblings
24189255842209|13194139594292|1659346381172|siblings
26388279127761|13194139534080|1669429815747|parents
4398046582241|15393162858879|1648713794461|business associate
4398046512242|19791209340726|1653119302908|siblings
6597069777794|10292|1618052569363|friends
6597069777794|28587302323274|1670109435760|parents
6597069797794|70173|1647937728212|siblings
6597069797794|30786325608601|1671324104856|business associate
10995116348898|13194139564522|1653021373466|other relatives
24189255832211|19791209350420|1662779768054|parents
17592186095555|8796093073185|1667270928077|other relatives
13194139594451|17592186085140|1670830123606|business associate
13194139594451|17592186065487|1643267401481|friends
19791209321108|17592186095384|1659014908466|business associate
19791209321108|24189255871695|1661382996527|parents
10995116278901|17592186045285|1640260498969|other relatives
51141|6597069837877|1637912477484|parents
15393162850005|30786325647757|1670888458063|friends
8796093023350|21990232566470|1652907241751|business associate
6597069777798|30786325608112|1672239717838|siblings
6597069777798|28587302362307|1669338571363|siblings
21990232586662|4398046561342|1661539393308|parents
21990232586662|4398046581557|1669600802690|siblings
17592186065559|40821|1663802183066|siblings
17592186085559|26388279076843|1671322597885|parents
28587302383319|24189255881114|1671774582056|business associate
15393162860007|26388279076978|1662940461401|business associate
15393162860007|10995116297988|1640765831009|friends
21990232566664|6597069837869|1660393225027|business associate
21990232566664|24189255852221|1657438640253|friends
15393162830008|6597069807159|1628878021467|parents
28587302363321|26388279107586|1669155203728|siblings
28587302363321|30786325628157|1670759279027|siblings
21990232626665|17592186114713|1653145601386|parents
21990232626665|8796093092698|1668511037975|parents
28587302333322|8796093073343|1670750943259|siblings
28587302333322|13194139544321|1671161124309|business associate
51146|21990232596402|1646312236097|business associate
4398046582250|4398046561515|1669428121459|parents
4398046522251|17592186075663|1640075621896|friends
28587302343323|13194139594539|1667610889820|parents
28587302343323|10995116338680|1668401438879|friends
4398046542251|60815|1616245530743|siblings
13194139584459|13194139564409|1638467150048|business associate
8796093053356|19791209330296|1653752099566|business associate
21990232616668|4398046571755|1657929291085|parents
19791209371116|13194139533750|1659871460453|business associate
19791209371116|17592186065624|1670460926324|friends
24189255852221|17592186094457|1664020410741|friends
4398046562253|21990232575746|1659155237548|parents
8796093023358|30818|1670235619642|business associate
8796093023358|15393162809913|1624596269331|siblings
30786325638878|28587302352603|1670968618827|friends
4398046582254|28587302392180|1672097735623|friends
8796093023359|19791209311128|1651473168217|other relatives
8796093023359|4398046582186|1663472910541|siblings
21990232566671|2199023316429|1658520697799|friends
21990232566671|2199023306088|1660296780098|friends
8796093043359|6597069807490|1629439568220|parents
13194139534464|8796093073074|1670498206306|siblings
13194139534464|19791209340283|1641078799789|business associate
4398046522257|10995116338226|1647786562733|siblings
4398046522257|20908|1598933818070|parents
21990232626673|6597069767294|1652228878063|parents
21990232626673|4398046532325|1659785200208|friends
26388279067778|2199023265925|1662982376851|friends
13194139544466|6597069806854|1637530914011|parents
13194139554466|28587302322292|1671688659556|friends
13194139554466|13194139593742|1640478791541|other relatives
2199023296706|10995116298593|1662166245906|siblings
71154|17592186085208|1653668372541|parents
28587302363331|15393162859843|1670752764947|business associate
28587302363331|4398046582082|1672090808285|friends
6597069837811|13194139593848|1670554376787|business associate
6597069837811|15393162829396|1629991253727|business associate
13194139534468|26388279136914|1662767398714|siblings
24189255832228|21990232596489|1659656915301|business associate
10995116308916|26388279116879|1671893967662|friends
10995116308916|10995116318693|1661881379962|parents
2199023316708|2199023306315|1616327694913|parents
21990232626676|26388279077078|1665076955079|friends
21990232556677|30786325588381|1672279169857|friends
21990232556677|6597069797615|1656599776474|business associate
10995116288917|40180|1656593843597|friends
13194139554469|10995116288960|1630858877624|siblings
13194139554469|10995116328474|1633475730049|parents
13194139594469|13194139604411|1637165344567|siblings
13194139594469|15393162789420|1650892164661|business associate
26388279067782|30786325628924|1672374846775|friends
6597069817814|40345|1627354621873|business associate
6597069817814|28587302393419|1671714765697|friends
28587302383334|28587302323271|1670102539344|friends
26388279137782|20873|1666412153680|friends
26388279137782|28587302323336|1666180027946|friends
17592186075575|26388279117612|1662708066929|friends
17592186075575|8796093092474|1648120925429|business associate
51159|28587302322284|1671213264228|parents
51159|6597069797532|1669357308323|other relatives
19791209311128|21990232566217|1666248089201|other relatives
10995116298920|70699|1653531463003|friends
21990232606680|6597069827383|1662180113443|siblings
21990232606680|2199023306198|1656858245125|siblings
24189255842233|10995116287777|1667365052728|business associate
24189255842233|15393162809359|1664571943400|business associate
61162|26388279097710|1662453155657|friends
61162|6597069787117|1672306362353|business associate
13194139604474|10995116328088|1658075501081|friends
13194139604474|26388279126825|1663578346375|other relatives
28587302323339|8796093022799|1669567015879|siblings
6597069777819|6597069837388|1647179995204|friends
28587302353339|60134|1669639788114|siblings
28587302353339|10995116318663|1668722964313|business associate
2199023296715|21990232575826|1663473549741|business associate
2199023296715|30786325588371|1670186450161|business associate
6597069837819|70393|1660608424380|parents
24189255812236|61058|1664518465362|parents
24189255812236|13194139564168|1655197615674|parents
2199023266716|30756|1625047833619|friends
15393162820028|30786325608219|1672238581080|business associate
15393162820028|6597069797339|1649154975016|parents
2199023306716|28587302322302|1670128349198|business associate
2199023306716|6597069787608|1632751936564|siblings
26388279127788|17592186104948|1664289812955|other relatives
26388279127788|10995116277850|1661224451268|business associate
24189255812237|28587302363281|1672172247240|parents
17592186055581|30786325638525|1671059004575|other relatives
19791209331133|19791209300175|1643175739292|other relatives
15393162800030|19791209340227|1665470595786|parents
21166|21990232586348|1658292920411|business associate
21166|21990232625641|1670234011817|friends
21990232586686|21990232596499|1666414898355|other relatives
21990232586686|19791209300226|1659933917995|siblings
19791209341134|17592186084676|1647254118534|parents
15393162860030|17592186055581|1654960277064|siblings
15393162860030|13194139594387|1662567286179|business associate
6597069767823|13194139543344|1624279842365|parents
6597069767823|13194139593960|1665542166135|business associate
15393162840031|8796093082756|1661694468227|business associate
10995116348927|26388279096670|1664070222950|business associate
28587302343344|8796093053318|1666171670336|other relatives
26388279107792|2199023286607|1658932249290|friends
26388279107792|30786325648401|1672246985008|business associate
10995116338928|30020|1646967149135|siblings
10995116338928|19791209340356|1646070425284|parents
13194139534481|4398046521260|1660808731146|business associate
13194139554481|13194139593356|1626760905552|parents
28587302353345|10995116288420|1665780533817|business associate
28587302353345|30916|1670920510858|siblings
15393162830033|10995116328740|1647701461862|siblings
6597069817825|13194139563666|1647628668364|business associate
6597069817825|24189255841171|1658975688696|business associate
21990232626689|4398046541197|1650158662485|siblings
17592186045586|2199023286084|1669328862506|siblings
24189255842242|13194139543871|1667863437620|friends
24189255842242|26388279107581|1671759099409|parents
19791209341138|26388279137483|1663173367975|siblings
26388279117794|2199023256765|1666019172675|siblings
26388279117794|4398046561216|1670285546264|business associate
28587302333347|6597069836689|1671394337941|friends
28587302333347|21990232596336|1671764038672|business associate
10995116298931|8796093023183|1640673015622|business associate
51171|17592186065256|1663848830987|friends
51171|19791209370093|1653393741565|friends
26388279137795|24189255861272|1657700223433|other relatives
21990232566692|21990232596223|1663248434837|friends
21990232566692|13194139563433|1653459204958|business associate
19791209321140|10431|1671326404754|other relatives
19791209321140|70944|1663625202361|siblings
2199023286724|30214|1596548388042|friends
17592186095588|2199023315917|1664502249196|siblings
4398046572276|10995116307978|1670531723844|friends
30786325648900|24189255841609|1670468148702|business associate
4398046512277|15393162800089|1664311643564|parents
8796093043381|19791209311067|1666452708750|business associate
8796093043381|21990232615606|1645836211846|siblings
41173|2199023266665|1618768200781|siblings
19791209351141|4398046561244|1660930493900|friends
19791209351141|50712|1649685612697|parents
4398046582277|2199023315650|1600586905570|parents
4398046582277|6597069837877|1610503827511|parents
28587302323350|15393162830017|1668499292798|friends
21990232566694|31193|1651106984769|siblings
26388279087798|4398046531518|1670398381057|friends
6597069797830|8796093072534|1610361721220|friends
6597069797830|6597069797402|1648991178666|friends
10995116318934|15393162859526|1632204916379|friends
2199023326726|26388279137098|1662058830810|parents
19791209311143|6597069796853|1651621268041|siblings
19791209311143|10995116288554|1638649799410|business associate
8796093043383|17592186045329|1645356611853|parents
26388279117799|6597069837545|1664821539770|friends
26388279117799|24189255831282|1669902717444|parents
19791209361143|30786325607858|1671997802850|business associate
15393162800040|17592186045204|1665595570545|other relatives
21990232576696|15393162849588|1649012226908|friends
17592186075592|24189255851782|1671793393952|siblings
17592186075592|4398046531901|1646175019621|business associate
8796093023385|28587302383019|1672122042530|other relatives
2199023266729|24189255871127|1664179650910|friends
2199023266729|10995116298274|1658140863756|other relatives
30786325608905|8796093092985|1670756217475|siblings
24189255852249|17592186105042|1667032774418|siblings
15393162840041|10995116278101|1640202171636|siblings
26388279097802|775|1667220156376|friends
8796093083386|10995116338886|1660653766247|friends
8796093083386|15393162809355|1659116908644|business associate
2199023326730|17592186075486|1651740404110|friends
2199023326730|4398046571193|1633934972653|business associate
17592186065595|2199023256612|1637721940062|siblings
17592186065595|17592186044959|1658953595618|other relatives
2199023286731|4398046521472|1648052307548|parents
2199023286731|6597069826791|1607497565183|siblings
28587302383355|19791209320039|1667057912842|friends
28587302383355|28587302392291|1671803439224|other relatives
6597069787836|4398046552202|1650604050375|parents
6597069787836|26388279106689|1668400504707|friends
2199023256733|13194139563852|1625928644860|parents
10995116298941|26388279126693|1671682934014|friends
10995116308941|15393162800089|1669224787841|parents
8796093073389|70376|1668930593966|friends
8796093073389|24189255841495|1656012776969|parents
28587302393357|2199023286505|1665106895860|parents
26388279077806|8796093042683|1668300374432|parents
8796093053390|2199023286005|1645765830416|siblings
8796093053390|21990232626676|1649478723158|business associate
28587302373358|15393162839441|1670250467066|other relatives
28587302373358|17592186115524|1666982787984|friends
19791209301151|26388279077576|1667895464109|other relatives
19791209301151|26388279077024|1662728106549|siblings
10995116288943|4398046582182|1630294207384|business associate
19791209361151|2199023326195|1648280769250|business associate
19791209361151|6597069807368|1643432355455|siblings
8796093033392|2199023306267|1625745559686|other relatives
21990232606704|6597069787592|1663476518388|parents
21990232606704|13194139533843|1652036101269|siblings
21990232616704|21990232626519|1665696670604|parents
21990232616704|6597069827132|1668264325805|parents
8796093023393|26388279117020|1662102022763|business associate
8796093023393|21990232616469|1668692553909|friends
4398046552289|28587302322445|1670298127975|other relatives
19791209361153|15393162849656|1654304654747|business associate
28587302343362|6597069796752|1672412649374|parents
28587302343362|2199023256343|1668355986962|siblings
15393162820050|28587302362546|1667533531508|friends
26388279137810|13194139573316|1659783081135|friends
26388279137810|8796093043128|1669726968215|business associate
10995116278947|26388279127652|1664595808526|business associate
6597069777843|19791209360800|1656800446544|siblings
19791209361155|6597069767509|1654887395738|parents
15393162790053|24189255841758|1660658141206|parents
21990232586709|13194139593692|1658378819130|parents
21990232586709|28587302392502|1665423967903|parents
26388279117813|19791209320511|1657577012385|friends
26388279117813|13194139563594|1667984811962|business associate
13194139594501|28587302392244|1671759067487|friends
10995116348949|28587302353416|1671314971308|parents
1190|28587302333005|1671886734403|friends
1190|6597069817773|1633755442095|friends
15393162830054|4398046551638|1631515234431|siblings
15393162830054|30786325638085|1672355736061|business associate
6597069777847|8796093092684|1659726308534|friends
30786325608919|17592186054781|1670941675993|parents
6597069817847|15393162809956|1672112756052|parents
21990232556712|10140|1657491766405|business associate
21990232556712|4398046521216|1664354334411|business associate
24189255822264|24189255862196|1662552229948|siblings
24189255822264|2199023306092|1668315346039|other relatives
8796093043400|51134|1612984691546|parents
8796093043400|30786325628511|1672376663266|friends
28587302373368|10995116348807|1666345416976|friends
28587302373368|19791209341175|1670913972066|business associate
17592186115608|21990232585959|1655816035595|friends
17592186115608|30786325618773|1670540959522|other relatives
6597069807849|19791209341175|1655377088949|parents
6597069807849|21990232605891|1645404400904|parents
2199023306745|2199023306716|1590207796345|siblings
2199023306745|6597069837523|1629487022405|parents
4398046582297|28587302322425|1671065725135|business associate
8796093023402|21990232586709|1646368388618|siblings
30786325588922|24189255851572|1672265890640|siblings
30786325588922|24189255861852|1671075197950|friends
15393162850058|28587302352267|1670157380063|siblings
15393162850058|13194139574044|1670187047570|friends
30786325588923|8796093023358|1672278356169|siblings
30786325588923|4398046531518|1672356303855|parents
2199023306747|19791209330074|1655714192713|business associate
2199023306747|17592186114600|1662433347397|friends
2199023316747|17592186094645|1659485962928|business associate
2199023316747|24189255851735|1669435181737|friends
15393162860059|26388279107176|1662429338429|other relatives
15393162810060|15393162819542|1647840096963|friends
4398046522301|8796093022482|1666176397446|business associate
4398046522301|24189255881399|1665905693948|siblings
4398046532301|28587302332183|1667527806524|friends
4398046532301|6597069786925|1604727693232|business associate
19791209361165|6597069827029|1642137239130|friends
8796093033406|11218|1649309386420|other relatives
8796093033406|50730|1633748932208|business associate
8796093053406|10995116318650|1622708348831|siblings
24189255852270|13194139584057|1662340181791|friends
19791209361166|2199023326247|1654981294819|siblings
19791209361166|26388279097253|1671562238305|parents
30786325598927|24189255811358|1672443943002|parents
13194139584511|21990232575733|1651335736265|parents
13194139584511|15393162849104|1628765046752|parents
61199|15393162849528|1629245190309|friends
61199|13194139584132|1650552401288|siblings
21990232626719|13194139594412|1659518025313|friends
10995116288960|19791209350095|1637137958790|parents
15393162820064|15393162849394|1632738978627|business associate
17592186085616|6597069837098|1641858054147|parents
10995116328960|30786325627923|1669933481951|other relatives
28587302393376|2199023326485|1667475810021|parents
28587302393376|13194139534177|1667873469283|friends
15393162800065|50446|1670124357683|parents
15393162800065|4398046552000|1633595085927|other relatives
31201|70644|1586946564742|friends
31201|24189255812278|1655928544452|parents
6597069817857|17592186045204|1647378442255|siblings
21990232616721|70129|1670061268898|siblings
71201|6597069817716|1607919677766|friends
24189255832274|15393162840030|1670526202742|parents
24189255832274|2199023315612|1662718385994|business associate
10995116308962|40331|1662188160912|siblings
10995116308962|13194139583729|1665072595110|business associate
19791209351170|10995116298347|1640783335718|siblings
19791209351170|2199023285857|1663981077979|friends
2199023326754|2199023326137|1603355236734|other relatives
17592186075619|24189255871339|1655114612115|siblings
26388279117827|28587302373324|1667745679739|siblings
4398046572307|13194139544335|1667180104762|business associate
8796093093411|31043|1610961812231|parents
26388279067828|17592186044664|1665008435398|siblings
26388279067828|2199023305893|1667261564104|friends
28587302333380|60565|1668810074682|friends
28587302333380|15393162809105|1669695530545|business associate
10995116298964|10995116347794|1626927037163|business associate
10995116298964|26388279117856|1660745869554|parents
26388279117828|24189255852088|1664680888090|business associate
26388279117828|6597069776811|1667544018025|parents
26388279127828|40616|1662378459398|business associate
26388279127828|24189255881629|1665428754096|business associate
4398046522309|10995116348059|1662107683237|other relatives
2199023286757|6597069797848|1628417717460|friends
2199023286757|24189255832177|1664241744828|parents
30786325628933|30786325648635|1671891169028|friends
19791209371173|6597069836835|1654971491279|friends
19791209371173|17592186045383|1663082480903|siblings
24189255812278|6597069827757|1656930003351|friends
24189255812278|50661|1659884909166|business associate
15393162850070|13194139573942|1650286360573|business associate
15393162850070|28587302342949|1669630526917|parents
1207|17592186115076|1658253871374|parents
24189255822279|6597069827884|1666297484328|business associate
17592186065623|28587302332434|1670956285199|parents
17592186065623|21990232595914|1668437083628|siblings
13194139564519|17592186095256|1652823720897|business associate
13194139564519|2199023256262|1632983475527|friends
10995116328967|30786325597959|1671263043733|friends
13194139594519|6597069767219|1648303690781|business associate
6597069767864|6597069837541|1613722489581|friends
6597069767864|349|1667552237127|other relatives
21990232606728|21990232626696|1646682749485|friends
10995116348968|24189255841300|1655511646072|siblings
6597069777865|17592186084592|1643179958990|other relatives
15393162810073|2199023276413|1629902798013|parents
15393162810073|13194139563821|1658732425272|parents
2199023286761|15393162849771|1670972960824|other relatives
26388279117833|28587302352414|1669481728853|siblings
2199023326761|15393162828989|1646347591447|business associate
2199023326761|28587302382825|1669508589273|business associate
8796093073418|8796093062874|1656863792387|siblings
71210|2199023316206|1658041796536|business associate
17592186055627|21990232555903|1667254441850|parents
19791209321179|24189255862150|1665178795750|parents
19791209321179|6597069797415|1646742298255|siblings
11212|24189255821387|1659169667925|friends
11212|4398046542194|1601923226896|siblings
28587302343388|15393162829816|1671897054141|friends
28587302343388|2199023265936|1669299843903|parents
15393162800077|6597069777027|1648871503962|friends
15393162800077|2199023325845|1648616558625|friends
6597069787869|13194139554357|1626468933302|parents
24189255842285|26388279117558|1668182902126|other relatives
4398046572317|2199023326356|1628475989729|parents
4398046572317|17592186054509|1667871520174|parents
6597069837869|15393162809921|1660231523937|friends
6597069837869|24189255872057|1654846480548|friends
30786325598942|6597069797615|1671219630385|friends
30786325598942|8796093023330|1671121499490|siblings
28587302323391|8796093042313|1665373461056|parents
2199023276767|15393162829389|1668986607865|siblings
17592186045632|6597069817434|1648896396471|parents
15393162840080|6597069797628|1656735905099|business associate
15393162840080|40692|1663175319316|friends
2199023316768|6597069776889|1618162042930|friends
2199023316768|19791209370117|1646434228152|friends
26388279137840|15393162839460|1669273420990|friends
11217|20225|1632514329008|friends
11217|15393162829325|1648655238475|other relatives
24189255832289|15393162859539|1656995472553|parents
24189255832289|17592186055372|1671810875210|friends
17592186095633|24189255871934|1671919809698|friends
61217|15393162809355|1665162515269|other relatives
4398046582321|10995116288943|1627239139648|business associate
11218|15393162819302|1644256750149|friends
11218|21990232626673|1659128781991|siblings
26388279097842|28587302333347|1670296689724|parents
2199023296770|19791209310698|1645783690469|friends
6597069837874|15393162809225|1655237390060|parents
6597069837874|15393162789155|1658519559833|friends
31219|30786325598642|1671291834667|friends
31219|28587302372203|1666847858113|parents
26388279107843|15393162798865|1664815752888|business associate
26388279107843|26388279097292|1663585223724|siblings
2199023316771|13194139554360|1669205680711|siblings
8796093073428|28587302322297|1668669662721|business associate
8796093073428|28587302363154|1669769154576|business associate
2199023256773|15393162820010|1660173633506|business associate
13194139544533|8796093073321|1626555066256|friends
13194139544533|4398046542152|1656394789010|other relatives
28587302373397|50873|1670982712792|siblings
28587302373397|28587302392681|1670533657433|business associate
4398046572325|10995116277884|1633348266503|parents
6597069837877|24189255882116|1662833786051|business associate
2199023266774|26388279097029|1659483132070|siblings
28587302373398|20848|1671845863056|business associate
2199023316775|28587302343058|1670967864275|friends
19791209311192|2199023316456|1667230119693|siblings
6597069797880|28587302352414|1668970670050|parents
6597069797880|21990232625641|1659651891125|business associate
8796093083432|17592186095028|1669469838182|siblings
21990232576745|10995116348059|1653196931553|siblings
13194139574537|4398046571754|1654787626851|siblings
4398046572329|2199023265772|1641042847403|friends
21990232566746|4398046581621|1668826780428|friends
2199023276778|13194139603615|1665860339850|friends
2199023276778|13194139604536|1626081393846|other relatives
15393162820090|13194139543862|1669336848092|friends
15393162820090|4398046512188|1659913336286|business associate
10995116318986|4398046561870|1641511252871|friends
10995116318986|70584|1621604875860|business associate
15393162800091|17592186054796|1664044758490|siblings
2199023276779|24189255881469|1671799287466|parents
2199023276779|30786325637827|1671786290618|siblings
4398046552331|8796093092739|1630844218296|business associate
8796093093435|50310|1660243090553|friends
8796093023436|17592186094866|1666675644836|business associate
10995116298988|13194139603999|1630103970714|parents
28587302353404|28587302332811|1669113840337|business associate
28587302353404|24189255822234|1665843443445|friends
13194139574540|19791209359982|1666530089439|friends
6597069827884|13194139543422|1646070869118|friends
6597069827884|15393162830087|1638123070896|friends
15393162800093|26388279116739|1659729320827|parents
15393162800093|2199023326730|1635086727299|friends
17592186115645|19791209371018|1642514611177|siblings
28587302323406|2199023276370|1669273451538|friends
19791209331198|6597069827152|1660003050393|business associate
19791209331198|2199023256252|1648878928642|parents
26388279107854|17592186075065|1667352852626|friends
26388279107854|2199023326260|1663694873828|siblings
8796093073438|61071|1660102818584|other relatives
10995116338990|13194139534186|1661374226866|siblings
13194139544543|6597069826944|1638978286289|friends
13194139544543|44|1659755828975|friends
2199023296783|28587302353144|1670659630167|friends
2199023296783|6597069836716|1625758167279|friends
4398046582335|21990232616721|1651300952651|siblings
4398046582335|6597069827510|1606060031948|friends
6597069777888|24189255862225|1664374797949|friends
6597069777888|8796093072978|1636812959744|friends
26388279117856|26388279077103|1668984120303|parents
26388279117856|4398046571175|1669802857091|parents
4398046572336|6597069776932|1643781324409|siblings
4398046572336|15393162829307|1629492043552|parents
13194139604544|50|1623161160255|parents
13194139604544|6597069827370|1664789918898|parents
28587302333409|30904|1668654993817|parents
4398046542337|24189255852152|1664756977886|siblings
13194139584545|2199023255992|1633606883287|siblings
13194139584545|24189255861511|1670190710460|siblings
24189255852306|24189255811977|1658621221051|parents
24189255852306|30786325608367|1672107746064|friends
6597069797891|17592186055215|1653630338522|business associate
51235|15393162860007|1637033912280|parents
51235|19791209311019|1663906965289|friends
6597069777892|17592186105042|1664057896606|business associate
6597069777892|10673|1619709056061|siblings
31236|2199023306077|1634435907767|friends
17592186095652|15393162819622|1637835712702|friends
19791209361204|21990232566671|1662558763201|business associate
21990232626756|26388279097808|1667174932438|friends
21990232626756|13194139583642|1660021207687|siblings
10995116278997|21990232596597|1667152229066|parents
6597069787893|21990232626123|1647326375454|other relatives
6597069787893|8796093032755|1640764041549|other relatives
4398046562341|6597069797244|1629321516577|parents
4398046532342|19791209300020|1644992942730|siblings
4398046532342|2199023326606|1667755136076|business associate
17592186075654|10995116287969|1654965702472|parents
61238|2199023296468|1615771328664|business associate
19791209371206|24189255821431|1661585524079|business associate
13194139544551|6597069797049|1622344676642|friends
13194139544551|30786325598642|1672420310538|parents
26388279097863|20030|1668071339116|siblings
13194139574551|10995116328803|1625535899356|other relatives
21990232606759|2199023315735|1665768375958|parents
21990232556760|21990232556677|1647293451820|friends
21990232556760|28587302332886|1669466304668|siblings
10995116289000|24189255821774|1667023087321|siblings
10995116289000|13194139543456|1633727136741|friends
26388279087864|17592186095109|1666001703511|parents
26388279087864|4398046551512|1664159009462|business associate
17592186085656|19791209340363|1642048598127|parents
17592186085656|19791209310298|1661023581839|parents
21990232606760|6597069767646|1664157924927|siblings
21990232606760|21990232605971|1658384094681|business associate
10995116339000|4398046572154|1669414243334|friends
2199023276794|28587302332664|1663335278198|friends
15393162820106|17592186065274|1667781756919|siblings
21990232596762|24189255811482|1660612755650|other relatives
21990232596762|26388279137331|1670262061689|friends
13194139594554|2199023255682|1659478208833|friends
10995116299003|8796093042746|1617480894788|siblings
10995116299003|10995116298744|1666754669549|business associate
30786325618971|6597069807587|1672470087768|business associate
30786325618971|26388279137430|1672423298905|friends
24189255822316|30786325608475|1671872084210|business associate
24189255822316|28587302353404|1665247569624|friends
24189255872316|10995116318871|1670327506760|business associate
15393162830109|24189255821404|1667755370662|other relatives
21990232606765|4398046541264|1663090774154|parents
28587302393421|6597069816818|1672123494986|parents
28587302393421|185|1668587438031|business associate
13194139534558|30786325648260|1671340897096|parents
13194139534558|13194139573470|1646788736074|parents
15393162800110|6597069766941|1672060034218|friends
15393162800110|2199023265607|1643149350766|business associate
28587302373422|26388279136914|1671370096553|friends
6597069827902|4398046511663|1640984762794|friends
6597069827902|19791209340922|1655257243766|friends
21990232626766|10995116318650|1660321711607|siblings
21990232626766|15393162789118|1655071290350|friends
26388279087871|8796093072919|1663453754747|parents
17592186075663|24189255831150|1669429361713|siblings
17592186075663|2199023256210|1668496663719|friends
2199023266800|4398046561627|1638509815518|friends
2199023266800|28587302322451|1668619614000|parents
24189255842320|21990232555853|1660202030889|friends
24189255842320|21990232556193|1658904803456|siblings
41248|24189255851511|1664063493869|siblings
26388279087873|6597069816836|1661906873218|siblings
26388279087873|70063|1669075150458|business associate
