personId|loanId|loanAmount|createTime|org
13194139538312|4801119777265287168|23269131,00|1636108852041|Fundbox
13194139538312|4854037072886890497|70659198,00|1652320818888|Wells Fargo
13194139538312|4843341023771885570|19696701,00|1649032699622|RealtyMogul
15000|4648278864911400963|90538536,00|1589105413069|SoFi
25000|4849814948236230660|52392920,00|1651038055622|Bank of America
25000|4799430927405023237|75471699,00|1635596987402|Upstart
13194139568312|4867266396792291334|36215858,00|1656367031140|Patch of Land
8796093067208|4821667450565165063|35086187,00|1642387701015|Wells Fargo
8796093067208|4918213367576920072|46273521,00|1672070489325|SunTrust
8796093077208|4914272717902970889|94836710,00|1670843837735|US Bank
30786325642728|4918213367576920074|99210816,00|1672039577573|Peerform
19791209374968|4851503798096494603|92459501,00|1651590864096|Marcus by Goldman Sachs
30786325582729|4918494842553630732|42437986,00|1672156430590|American Express
2199023300553|4671922762955096077|65406356,00|1596404444418|SoFi
2199023300553|4687403886674182158|20253163,00|1601121499217|Funding Circle
15393162863865|4783105378755805199|30811958,00|1630580445980|OneMain Financial
15393162863865|4780009154011987984|97906839,00|1629632880436|State Farm Bank
24189255836074|4908924693345468433|1658262,00|1669243486140|SunTrust
17592186079418|4863325747118342162|44392527,00|1655202327293|US Bank
24189255856074|4919339267483762707|36273033,00|1672375100270|OnDeck
24189255856074|4917650417623498772|57335073,00|1671881381726|TD Bank
24189255856074|4909206168322179093|17442247,00|1669316474894|Chase Bank
24189255856074|4918494842553630742|43380910,00|1672158808156|Earnest
2199023320554|4820541550658322455|2338223,00|1642016072236|LendingPoint
8796093027211|4821667450565165080|34298727,00|1642372055016|Avant
13194139548315|4786201603499622425|37951139,00|1631525387270|US Bank
13194139548315|4805904851869368346|21259919,00|1637583001827|RealtyMogul
13194139548315|4777757354198302747|7481348,00|1628876533725|Wells Fargo
13194139548315|4798305027498180636|77017773,00|1635223900140|Funding Circle
28587302347179|4907517318461915165|21799053,00|1668784896385|Fundbox
28587302347179|4910613543205732382|38072541,00|1669702569078|Capital One
10995116322763|4782260953825673247|51087566,00|1630299211021|Rocket Loans
21990232560524|4834333824517144608|7772269,00|1646313024392|Avant
26388279081628|4879932770744270881|58804685,00|1660257803259|Upgrade
26388279081628|4913428292972838946|2407404,00|1670604260529|SoFi
2199023280556|4675300462675623971|25108231,00|1597382630628|Kabbage
2199023280556|4648841814864822308|36593317,00|1589259249669|American Express
8796093057212|4809282551589896229|22561020,00|1638613003014|SunTrust
8796093057212|4816600900984373286|61985825,00|1640853346057|Capital One
13194139578316|4840526274004779047|31572076,00|1648205527243|Peerform
28587302377180|4919057792507052072|28989807,00|1672312021940|Fundrise
6597069841660|4725121533553410089|2356932,00|1612742456169|Discover
6597069841660|4710203359787745322|26535222,00|1608184517174|Bank of America
15393162793869|4790986678103703595|16771659,00|1632983109185|Fundrise
15393162793869|4800556827311865900|7822117,00|1635887342297|State Farm Bank
21990232570525|4843622498748596269|16323202,00|1649097298066|Chase Bank
21990232570525|4887532595115458606|28027383,00|1662603016369|BlueVine
21990232570525|4892317669719539759|46820385,00|1664112387127|Citibank
21990232570525|4872051471396372528|7155372,00|1657892390290|State Farm Bank
4398046536109|4692751911231684657|40087738,00|1602746977836|Patch of Land
4398046536109|4889502919952433202|33767212,00|1663274871235|OneMain Financial
35005|4704855335230242867|93422993,00|1606537501837|Fundrise
19791209364973|4907798793438625844|35532301,00|1668838360545|SunTrust
28587302327182|4905265518648229941|13466584,00|1668120406002|RealtyMogul
28587302327182|4902169293904412726|4205683,00|1667095250277|PNC Bank
28587302327182|4912302393065996343|59945265,00|1670258584180|Rocket Loans
6597069781662|4897102744323620920|8899169,00|1665540951726|Upgrade
6597069781662|4702040585463136313|65364209,00|1605608579997|LendingPoint
24189255836078|4913709767949549626|2013322,00|1670659638822|Wells Fargo
6597069821662|4713862534484983867|95944271,00|1609275439963|TD Bank
6597069821662|4804778951962525756|73249881,00|1637189161772|Prosper
6597069821662|4726810383413674045|43004696,00|1613206769401|American Express
6597069821662|4757209680898424894|74134182,00|1622552546495|LightStream
28587302387182|4904139618741387327|13839600,00|1667696983712|LightStream
28587302387182|4906954368508493888|11103576,00|1668575942412|Roofstock
28587302387182|4911739443112575041|30614588,00|1670074244566|Upgrade
13194139608318|4754676406108028994|20822771,00|1621820460351|Avant
13194139608318|4782823903779094595|76795577,00|1630464352515|Prosper
13194139608318|4755520831038160964|72315197,00|1622070340174|Rocket Loans
13194139608318|4874021796233347141|68191054,00|1658514121805|Marcus by Goldman Sachs
4398046516111|4724558583599988806|51281529,00|1612597266406|Patch of Land
28587302337183|4912865343019417671|83859239,00|1670372612761|Patch of Land
28587302337183|4915680092786524232|64148337,00|1671281002654|OneMain Financial
28587302337183|4918494842553630793|16577879,00|1672132152679|OneMain Financial
28587302337183|4908080268415336522|47712120,00|1668927581750|Roofstock
6597069791663|4889221444975722571|59902616,00|1663139217445|LendingPoint
15393162833871|4879932770744270924|70257098,00|1660305379237|Peerform
15393162833871|4892880619672961101|99477102,00|1664261693679|Earnest
28587302387183|4915961567763234894|29448060,00|1671327744797|TD Bank
28587302387183|4903576668787966031|46700231,00|1667532845141|Upstart
28587302387183|4917368942646788176|94834647,00|1671795384546|Upgrade
26388279141631|4908080268415336529|81242397,00|1668912291994|SoFi
13194139538320|4761994755502506066|55790278,00|1624064877672|Best Egg
13194139538320|4824763675308982355|29133587,00|1643346612595|Upstart
13194139538320|4786764553453043796|42181244,00|1631655513718|OneMain Financial
13194139548320|4917087467670077525|44457812,00|1671732946853|Upstart
13194139548320|4759742955688820822|62334557,00|1623383736672|Wells Fargo
13194139548320|4785075703592779863|77768082,00|1631108167986|Navy Federal Credit Union
2199023300560|4787890453359886424|42856072,00|1632031946007|Peerform
2199023300560|4851503798096494681|60949463,00|1651548986771|Capital One
75008|4881621620604534874|84259152,00|1660795343777|SunTrust
75008|4668545063234568283|37293633,00|1595361929808|Prosper
15393162793873|4826452525169246300|72021158,00|1643859742645|Upgrade
15393162793873|4852348223026626653|64217889,00|1651848097947|PNC Bank
15393162793873|4803934527032393822|88440982,00|1636975809081|TD Bank
15393162793873|4855725922747154527|76507617,00|1652874766054|Kabbage
15393162803873|4797460602568048736|33865376,00|1634931526750|Rocket Loans
15393162803873|4837711524237672545|98758914,00|1647355815393|RealtyMogul
15393162803873|4801964202195419234|82807618,00|1636381193444|Avant
6597069791665|4697818460812476515|78111119,00|1604355125310|SunTrust
28587302357185|4912865343019417700|78745485,00|1670388591598|BlueVine
28587302357185|4901324868974280805|31540551,00|1666879777597|Prosper
26388279121633|4919339267483762790|18355733,00|1672367725707|Citibank
26388279121633|4913991242926260327|39230238,00|1670773097254|OnDeck
4398046586113|4837148574284251240|81390155,00|1647186583541|LightStream
24189255816082|4879651295767560297|30576421,00|1660212970582|Fundrise
24189255816082|4906109943578361962|66516334,00|1668379919824|Capital One
10995116292770|4913146817996128363|91779138,00|1670528591061|SoFi
15393162823874|4906672893531783276|7465688,00|1668529334560|OnDeck
15393162823874|4779446204058566765|33171329,00|1629447920768|SoFi
2199023310562|4722869733739724910|93035116,00|1612071309679|Best Egg
2199023310562|4673893087792070767|26806796,00|1596993071530|RealtyMogul
2199023310562|4870362621536108656|93823466,00|1657362548946|PNC Bank
17592186109426|4864170172048474225|60691007,00|1655425338309|LendingClub
17592186109426|4913146817996128370|25190469,00|1670535418754|LightStream
30786325652738|4919339267483762803|2191613,00|1672362619977|Discover
5011|4767905730013429876|83600277,00|1625906505253|Marcus by Goldman Sachs
30786325592739|4915680092786524277|13385615,00|1671253034750|American Express
30786325592739|4915398617809813622|98424297,00|1671205536825|US Bank
30786325592739|4915398617809813623|64303998,00|1671177970061|Best Egg
19791209344979|4904421093718098040|96315354,00|1667835251986|SunTrust
2199023310563|4914272717902971001|84145579,00|1670868178744|Prosper
2199023310563|4787327503406465146|73473802,00|1631857833385|Bank of America
2199023310563|4875147696140189819|46020748,00|1658815531536|Wells Fargo
13194139598323|4751861656340922492|75546433,00|1620926586539|Kabbage
13194139598323|4763120655409348733|52213729,00|1624384667500|BlueVine
13194139598323|4761994755502506110|64872910,00|1624073415869|Patch of Land
13194139598323|4899917494090727551|67559611,00|1666464551102|OnDeck
28587302337188|4910050593252311168|17429420,00|1669558617796|LendingPoint
28587302337188|4910332068229021825|69902967,00|1669612141681|OneMain Financial
28587302337188|4911176493159153794|21201422,00|1669906660619|OnDeck
4398046556116|4685152086860497027|38106557,00|1600447328835|Bank of America
4398046556116|4773816704524353668|19581023,00|1627716892266|OneMain Financial
4398046556116|4847000198469124229|91414539,00|1650173294926|Peerform
4398046556116|4814630576147398790|90548187,00|1640248292892|Marcus by Goldman Sachs
10995116332772|4750172806480658567|83884806,00|1620411475914|Prosper
10995116332772|4854037072886890632|3868403,00|1652356975467|SoFi
10995116332772|4882184570557956233|76770624,00|1661012600314|US Bank
19791209364980|4909769118275600522|14855111,00|1669430280754|PNC Bank
19791209364980|4915398617809813643|84499247,00|1671174543751|Capital One
19791209364980|4856570347677286540|93344451,00|1653121087727|RealtyMogul
26388279101637|4895132419486646413|54356997,00|1664982188014|OneMain Financial
26388279101637|4909206168322179214|4490605,00|1669289102405|SunTrust
17592186099429|4817163850937794703|82700759,00|1640982312995|Prosper
17592186099429|4858540672514261136|49918598,00|1653726404358|Upgrade
17592186099429|4918213367576920209|77147536,00|1672025759431|Rocket Loans
24189255876085|4875147696140189842|59632671,00|1658786167356|BlueVine
24189255876085|4902450768881123475|8091556,00|1667212604276|Peerform
4398046586117|4723151208716435604|63715641,00|1612140931016|Discover
4398046586117|4779727679035277461|63337562,00|1629513523422|American Express
2199023260566|4861355422281367702|74808634,00|1654582101394|American Express
2199023260566|4813786151217266839|82355431,00|1639964591623|Prosper
21990232600534|4866703446838870168|30085160,00|1656268647481|Roofstock
28587302387190|4914272717902971033|67420372,00|1670887398834|Patch of Land
15393162803879|4812378776333713562|81309624,00|1639518624976|Fundrise
15393162803879|4772972279594221723|16730462,00|1627452374193|Roofstock
15393162803879|4886688170185326748|84169513,00|1662398423999|Earnest
10995116302775|4785075703592779933|35255272,00|1631167083076|Chase Bank
10995116302775|4871769996419661982|12414242,00|1657827764348|Kabbage
21990232610535|4866703446838870175|90979955,00|1656264184177|Wells Fargo
65015|4655597214305878176|46798294,00|1591384849122|TD Bank
65015|4751017231410790561|49897210,00|1620705104701|Kabbage
65015|4772409329640800418|3105359,00|1627296884591|Funding Circle
4398046586119|4691063061371420835|80214993,00|1602297582213|SoFi
4398046586119|4905265518648230052|84100501,00|1668093496305|BlueVine
5016|4696129610952212645|57684813,00|1603842823759|Capital One
5016|4653626889468903590|5878221,00|1590787318575|BlueVine
5016|4834052349540434087|91520390,00|1646198948520|Roofstock
25016|4806186326846079144|69723909,00|1637653439429|LendingClub
17592186099432|4830393174843195561|96243698,00|1645085377979|SoFi
30786325642744|4919620742460473514|18466235,00|1672470125986|RealtyMogul
30786325642744|4919057792507052203|60808692,00|1672316376165|Chase Bank
30786325652744|4914835667856392364|81258599,00|1671050053977|LightStream
4398046516121|4758054105828556973|19271499,00|1622884920064|PNC Bank
4398046536121|4761150330572374190|82777504,00|1623800073536|Chase Bank
4398046536121|4845592823585570991|48753010,00|1649750319428|Rocket Loans
4398046536121|4868673771675844784|28034039,00|1656845961685|Earnest
4398046536121|4740321182295785649|29910653,00|1617432271453|Chase Bank
21990232590537|4882466045534666930|12262444,00|1661108651031|Marcus by Goldman Sachs
21990232590537|4881340145627824307|10256592,00|1660741580030|PNC Bank
21990232590537|4898228644230463668|11021685,00|1665927819017|Bank of America
19791209344985|4834615299493855413|13072420,00|1646394855042|Capital One
2199023320569|4895976844416778422|46279354,00|1665200398519|Peerform
2199023320569|4682900287046811831|59470184,00|1599790920395|Chase Bank
2199023320569|4694159286115238072|54581828,00|1603215910840|BlueVine
2199023270570|4737224957551968441|4055728,00|1616467517251|RealtyMogul
4398046536122|4665730313467461818|27175294,00|1594451201066|Citibank
4398046536122|4751298706387501243|7267503,00|1620789633715|RealtyMogul
15393162833882|4891754719766118588|71106381,00|1663905841850|RealtyMogul
30786325632746|4916805992693366973|44459728,00|1671636525333|Patch of Land
30786325632746|4916524517716656318|3660666,00|1671495049190|US Bank
30786325632746|4913146817996128447|52134595,00|1670536770353|Earnest
28587302387194|4915398617809813696|36538769,00|1671198396769|Earnest
28587302387194|4913709767949549761|81352165,00|1670638681519|LendingClub
28587302387194|4906954368508494018|82889566,00|1668634378750|Upstart
13194139608330|4761150330572374211|91023101,00|1623788076058|SoFi
24189255826091|4897947169253753028|79921951,00|1665825154012|Avant
25019|4823919250378850501|4326199,00|1643061468898|Navy Federal Credit Union
13194139568331|4916243042739945670|44274815,00|1671443703135|Prosper
13194139568331|4771846379687379143|50584064,00|1627077888842|Upgrade
13194139568331|4861073947304657096|93540904,00|1654504789959|LendingPoint
21990232600539|4907235843485204681|46554849,00|1668691599774|BlueVine
19791209354987|4894569469533225162|49874026,00|1664822113145|Marcus by Goldman Sachs
19791209354987|4903295193811255499|19843091,00|1667448279578|PNC Bank
19791209354987|4831519074750038220|75948881,00|1645415821220|RealtyMogul
26388279071644|4890628819859275981|29643279,00|1663559685014|Bank of America
26388279071644|4905828468601651406|88384261,00|1668280078574|US Bank
2199023300572|4894569469533225167|55585647,00|1664831994096|Discover
2199023300572|4857696247584129232|63806137,00|1653494731766|RealtyMogul
2199023300572|4658974914026406097|50754662,00|1592369830660|American Express
2199023300572|4811534351403581650|90934766,00|1639289483794|Peerform
10995116332780|4822511875495297235|5357775,00|1642610950935|LightStream
65020|4796897652614627540|94126427,00|1634818105060|Navy Federal Credit Union
19791209374988|4825326625262403797|59449395,00|1643553102290|LightStream
19791209374988|4893162094649671894|5977059,00|1664393724802|Upgrade
13194139578333|4835178249447276759|98063970,00|1646527492288|Avant
13194139578333|4750172806480658648|35936561,00|1620410991391|OnDeck
13194139578333|4792675527963967705|18634435,00|1633444631720|Peerform
4398046566125|4905828468601651418|59520341,00|1668278796703|Discover
4398046576125|4869518196605976795|76308790,00|1657054738081|Funding Circle
10995116352781|4889502919952433372|52756383,00|1663258782813|OneMain Financial
10995116352781|4781698003872252125|76014998,00|1630082590623|Upgrade
10995116352781|4832644974656880862|98805527,00|1645752853333|Peerform
10995116352781|4777194404244881631|94791280,00|1628758616564|State Farm Bank
19791209304990|4837992999214383328|41324005,00|1647413912137|Marcus by Goldman Sachs
17592186069438|4825889575215825121|35628263,00|1643706911875|Navy Federal Credit Union
17592186069438|4885280795301773538|96778250,00|1661970762085|Funding Circle
17592186069438|4807875176706343139|40955492,00|1638190613617|OnDeck
19791209334990|4868955246652555492|37777405,00|1656961841988|Rocket Loans
19791209334990|4898228644230463717|23735046,00|1665954365508|Best Egg
19791209334990|4851785273073205478|53236695,00|1651629571873|Earnest
13194139578334|4852066748049916135|28215213,00|1651753442653|Fundbox
28587302377198|4902732243857834216|28464566,00|1667299560073|Discover
28587302377198|4919620742460473577|85621817,00|1672530638035|American Express
28587302377198|4894850944509935850|15464332,00|1664917067123|Fundrise
13194139598334|4796334702661206251|79431178,00|1634614828658|LightStream
13194139598334|4790705203126993132|589250,00|1632885502194|OneMain Financial
8796093097230|4748483956620394733|66780948,00|1619883370307|LightStream
6597069791679|4705699760160375022|31441067,00|1606741293916|State Farm Bank
10995116332783|4881621620604535023|98949497,00|1660785276658|Navy Federal Credit Union
26388279131647|4876836546000453872|85590619,00|1659342211210|Rocket Loans
26388279131647|4911739443112575217|9627462,00|1670044756080|LendingPoint
26388279131647|4903013718834544882|98219152,00|1667416754546|Kabbage
26388279131647|4883028995488088307|4660627,00|1661260796459|Discover
10995116352783|4750454281457369332|99679453,00|1620482862045|Patch of Land
10995116352783|4860510997351235829|75123064,00|1654354573070|Avant
10995116352783|4837711524237672694|65877903,00|1647353365805|Rocket Loans
4398046526128|4757772630851846391|87307252,00|1622765448511|LightStream
4398046526128|4774098179501064440|46456736,00|1627768535907|Upstart
28587302347200|4915680092786524409|69035168,00|1671264841863|Bank of America
28587302347200|4911457968135864570|86687269,00|1669945291780|SunTrust
28587302347200|4909206168322179323|53146960,00|1669245006496|Peerform
28587302347200|4914272717902971132|18458409,00|1670861177016|TD Bank
17592186089440|4909769118275600637|89244951,00|1669443470702|Bank of America
17592186089440|4881621620604535038|34902569,00|1660783929482|State Farm Bank
17592186089440|4885843745255194879|56430467,00|1662072337588|Patch of Land
17592186089440|4818289750844637440|86302320,00|1641383331304|Wells Fargo
55024|4736662007598547201|66428978,00|1616286422935|LightStream
55024|4773535229547643138|51464114,00|1627569842094|Upstart
8796093097232|4715269909368537347|52568019,00|1609707653269|US Bank
28587302327201|4917368942646788356|86080333,00|1671814400170|US Bank
28587302327201|4918494842553630981|2369471,00|1672156160366|US Bank
28587302337201|4918494842553630982|31205618,00|1672114060942|Bank of America
17592186069441|4822793350472007943|91273973,00|1642782035453|Marcus by Goldman Sachs
17592186069441|4866703446838870280|25376412,00|1656212976001|LightStream
17592186069441|4897102744323621129|60083806,00|1665538559087|American Express
17592186069441|4839963324051357962|45965808,00|1648037826379|Fundbox
2199023290577|4752143131317633291|37789816,00|1621047660951|Patch of Land
6597069811681|4742854457086181644|22989903,00|1618143615936|LightStream
6597069811681|4729343658204070157|58720985,00|1614030591839|Rocket Loans
6597069811681|4813786151217266958|63566340,00|1639962284029|Citibank
4398046576129|4687403886674182415|87406897,00|1601130283697|BlueVine
4398046576129|4846718723492413712|26035827,00|1650100471359|Roofstock
4398046576129|4714425484438405393|86332082,00|1609419739657|Wells Fargo
4398046576129|4891754719766118674|80345787,00|1663966442333|Roofstock
26388279141649|4897384219300331795|48771140,00|1665694651297|TD Bank
17592186049442|4816037951030952212|81003642,00|1640657496956|Roofstock
13194139548338|4801964202195419413|40719959,00|1636316602646|Navy Federal Credit Union
13194139548338|4814349101170688278|55498714,00|1640169942109|PNC Bank
17592186069442|4816319426007662871|9118381,00|1640717362845|State Farm Bank
28587302357202|4913428292972839192|48713879,00|1670602895369|Citibank
26388279111650|4908643218368758041|1774388,00|1669143666807|Discover
15393162863890|4868392296699134234|2533966,00|1656741746070|State Farm Bank
15393162863890|4793801427870810395|25206136,00|1633846645550|Earnest
15393162863890|4787046028429754652|39525913,00|1631735864761|Navy Federal Credit Union
15393162863890|4801401252241998109|78162918,00|1636189791874|Rocket Loans
19791209304995|4917931892600209694|43392866,00|1671928063951|US Bank
28587302357203|4911739443112575263|73854803,00|1670036820566|Earnest
28587302357203|4918776317530341664|48153742,00|1672192692407|Best Egg
28587302357203|4915680092786524449|81176151,00|1671271844674|SunTrust
17592186099443|4906672893531783458|41427643,00|1668503634430|Prosper
17592186099443|4914835667856392483|38571565,00|1670989048531|Peerform
19791209364995|4881340145627824420|18839497,00|1660707023101|Wells Fargo
4398046526132|4781135053918830885|2100747,00|1629897502043|LightStream
4398046526132|4719492034019197222|20050701,00|1610974957539|State Farm Bank
4398046526132|4867547871769002279|34494235,00|1656491480310|OnDeck
30786325602756|4918494842553631016|58986287,00|1672128432598|Best Egg
30786325602756|4916805992693367081|46552550,00|1671605989092|Discover
21990232590548|4879369820790849834|43559633,00|1660143237568|Roofstock
13194139598340|4895413894463357227|32190439,00|1665027367673|OneMain Financial
17592186119444|4818571225821348140|27248712,00|1641457804879|Navy Federal Credit Union
28587302347205|4901606343950991661|27661022,00|1666920583480|BlueVine
28587302347205|4907798793438626094|59607477,00|1668831438732|Peerform
17592186089445|4908643218368758063|93835328,00|1669113192916|Patch of Land
28587302387205|4898791594183885104|76901158,00|1666129166075|Funding Circle
26388279141653|4901324868974281009|77641507,00|1666890018786|Roofstock
26388279141653|4917087467670077746|70494356,00|1671671558610|Capital One
26388279141653|4877680970930585907|25986837,00|1659561688005|TD Bank
4398046516134|4803090102102262068|26610295,00|1636677582437|OneMain Financial
4398046516134|4737787907505389877|50527053,00|1616613012219|Rocket Loans
4398046516134|4863325747118342454|55921758,00|1655195039159|SoFi
21990232570550|4908080268415336759|22468949,00|1668902404186|Chase Bank
21990232570550|4910895018182443320|95069911,00|1669815198825|State Farm Bank
8796093057238|4772690804617511225|41493372,00|1627324009925|SoFi
8796093057238|4790423728150282554|47137945,00|1632822318692|LendingClub
10995116342790|4861918372234789179|92264409,00|1654756074642|Roofstock
24189255886102|4861636897258078524|2020542,00|1654656921250|Prosper
24189255886102|4898228644230463805|22527256,00|1665901984239|Upgrade
13194139548343|4849814948236230974|3956501,00|1651022868022|Chase Bank
8796093047239|4771001954757247295|76961567,00|1626803225695|Navy Federal Credit Union
15393162833895|4905265518648230208|79655092,00|1668079146327|Chase Bank
13194139588343|4843059548795175233|28660144,00|1648995416669|LendingPoint
13194139588343|4779164729081856322|81355966,00|1629329896066|Upgrade
13194139588343|4904139618741387587|34850848,00|1667726113774|Discover
4398046576135|4835741199400698180|75417533,00|1646692976781|Fundbox
4398046576135|4758335580805267781|82684835,00|1622906592119|Fundrise
24189255886103|4876555071023743302|77366147,00|1659254786178|Kabbage
15393162793896|4885843745255194951|88147685,00|1662129160678|Fundrise
6597069791688|4695566660998791496|5956882,00|1603654817574|Marcus by Goldman Sachs
8796093057240|4787608978383176009|36631740,00|1631967264009|BlueVine
17592186099448|4787046028429754698|85355912,00|1631743011965|Marcus by Goldman Sachs
17592186099448|4827296950099378507|90626531,00|1644088147428|BlueVine
17592186099448|4864733122001895756|43707901,00|1655642362373|LendingClub
17592186099448|4919620742460473677|27811177,00|1672518031316|SoFi
30786325652760|4919057792507052366|99847593,00|1672281459945|Marcus by Goldman Sachs
10995116292793|4798867977451602255|88151222,00|1635359389918|TD Bank
10995116292793|4840244799028068688|78925501,00|1648110866375|BlueVine
4398046536137|4811815826380292433|21304006,00|1639363562281|Upgrade
4398046536137|4776068504338039122|42334942,00|1628366871884|Prosper
4398046536137|4796616177637917011|39150230,00|1634678289861|Roofstock
4398046536137|4856007397723865428|96211242,00|1652975339441|OnDeck
19791209345001|4866140496885449045|33897147,00|1656099455545|Wells Fargo
10995116342793|4801401252241998166|98785801,00|1636164252159|Kabbage
10995116342793|4803371577078972759|7302999,00|1636737376222|US Bank
10995116342793|4808156651683053912|94282546,00|1638217246191|Fundrise
10995116342793|4915117142833103193|3435231,00|1671143421708|Capital One
2199023260586|4742572982109471066|29734956,00|1618081229404|Earnest
2199023260586|4726528908436963675|42077203,00|1613128892755|LendingPoint
2199023260586|4894006519579803996|48239794,00|1664586207710|Navy Federal Credit Union
6597069791690|4816037951030952285|55745543,00|1640633091400|Fundbox
6597069831690|4795771752707785054|56703112,00|1634468663552|Upgrade
6597069831690|4746232156806709599|90857804,00|1619247008110|Marcus by Goldman Sachs
17592186119450|4899636019114017120|1649840,00|1666387739907|Navy Federal Credit Union
17592186119450|4902169293904413025|51675103,00|1667129115772|Funding Circle
17592186119450|4895413894463357282|30698625,00|1665013532864|LendingPoint
4398046516139|4701759110486425955|60614833,00|1605596059961|BlueVine
4398046516139|4718647609089065316|52425733,00|1610728633740|Bank of America
4398046516139|4743980356993024357|95910515,00|1618484794209|Peerform
4398046516139|4785920128522912102|67251581,00|1631382513696|Avant
28587302337211|4913428292972839271|65153551,00|1670606332980|Discover
10995116302795|4829830224889774440|76623064,00|1644865070263|Navy Federal Credit Union
10995116302795|4772690804617511273|51256330,00|1627363919532|Fundrise
10995116302795|4774379654477775210|83378683,00|1627858301037|Marcus by Goldman Sachs
13194139578347|4903295193811255659|86819217,00|1667513363602|US Bank
13194139578347|4868392296699134316|20073541,00|1656734068669|Peerform
30786325642763|4915398617809813869|97193648,00|1671158775437|LendingPoint
21990232630555|4875429171116900718|35203376,00|1658948629282|OneMain Financial
15393162793900|4857696247584129391|80205205,00|1653464881034|BlueVine
15393162793900|4839118899121226096|5104541,00|1647747921524|Rocket Loans
15393162793900|4837711524237672817|35511407,00|1647297554375|Fundrise
17592186069452|4913428292972839282|36673852,00|1670595592616|SoFi
19791209345004|4837711524237672819|42138956,00|1647353192834|US Bank
19791209345004|4818008275867926900|58951383,00|1641295156879|Avant
19791209345004|4843059548795175285|95725193,00|1648946314201|Earnest
19791209345004|4830674649819906422|36548379,00|1645185157070|Navy Federal Credit Union
21990232610556|4832644974656881015|11354574,00|1645784611503|Fundbox
21990232610556|4872051471396372856|4054900,00|1657849625421|PNC Bank
21990232610556|4896539794370199929|32898853,00|1665391140086|Capital One
10995116342796|4730751033087623546|32716888,00|1614451622046|American Express
17592186119452|4809845501543317883|33596248,00|1638735945605|SoFi
19791209305005|4832082024703459708|9807745,00|1645620205596|American Express
19791209305005|4832644974656881021|54670659,00|1645739535339|Kabbage
19791209305005|4904139618741387646|86770300,00|1667759499310|Funding Circle
19791209305005|4856288872700576127|86250579,00|1653037911684|Upgrade
6597069791693|4909769118275600768|70123541,00|1669441694140|PNC Bank
24189255866109|4905265518648230273|26567085,00|1668087847109|Capital One
24189255866109|4857133297630708098|78884068,00|1653272143970|RealtyMogul
24189255866109|4870644096512819587|549778,00|1657448366228|Fundbox
24189255866109|4917931892600209796|32228953,00|1671985598945|Peerform
4398046586141|4734973157738283397|9310925,00|1615729542183|Navy Federal Credit Union
26388279091662|4906672893531783558|31695441,00|1668529270474|Bank of America
26388279091662|4883028995488088455|84114696,00|1661228477640|Wells Fargo
26388279091662|4902169293904413064|42575751,00|1667139790535|Rocket Loans
26388279091662|4903858143764677001|23808949,00|1667672929075|Capital One
21990232590558|4861355422281367946|61099960,00|1654571675897|RealtyMogul
21990232590558|4848126098375967115|40780083,00|1650517503898|Citibank
24189255856110|4869236721629266316|36105387,00|1656984721684|Bank of America
24189255856110|4884436370371641741|17808351,00|1661717736912|Discover
30786325652766|4919620742460473742|58230937,00|1672468610165|Chase Bank
6597069771695|4853755597910180239|36744601,00|1652222439525|PNC Bank
6597069771695|4767624255036719504|63469559,00|1625790161546|Best Egg
6597069771695|4739758232342364561|37768945,00|1617217975474|US Bank
6597069771695|4738913807412232594|45372221,00|1616952042618|Discover
15393162803903|4799430927405023635|46067309,00|1635566304054|BlueVine
15393162813903|4908080268415336852|29875043,00|1668942907934|Marcus by Goldman Sachs
15393162833903|4870925571489530261|53931676,00|1657513562474|State Farm Bank
55039|4899354544137306518|15552489,00|1666257101147|PNC Bank
55039|4739476757365653911|87817662,00|1617110292500|SunTrust
28587302387215|4916805992693367192|46314433,00|1671662370021|SunTrust
10995116292800|4898510119207174553|65832178,00|1666040861358|Best Egg
8796093077248|4896539794370199962|33292176,00|1665423200182|Earnest
21990232630560|4913709767949549979|24413517,00|1670635700007|Peerform
21990232630560|4864451647025185180|46997951,00|1655515658906|Kabbage
21990232630560|4904702568694808989|80187953,00|1667870210500|Citibank
19791209305009|4808156651683053982|89355572,00|1638266134880|Kabbage
28587302337217|4913991242926260639|38134217,00|1670782109484|Discover
15393162833905|4785075703592780192|10051637,00|1631124199573|Bank of America
6597069821697|4844466923678728609|10005520,00|1649381796424|Roofstock
75041|4834333824517144994|35554669,00|1646293036868|SoFi
6597069781698|4725403008530121123|83144872,00|1612829203716|Navy Federal Credit Union
25042|4691626011324842404|29439438,00|1602400773842|LightStream
25042|4764809505269612965|97597717,00|1624923969753|BlueVine
25042|4796897652614627750|88881618,00|1634762707348|PNC Bank
25042|4848126098375967143|46448260,00|1650535500839|SoFi
2199023300594|4685715036813918632|31808339,00|1600619269871|Rocket Loans
2199023300594|4680648487233126825|23790449,00|1599097317634|Marcus by Goldman Sachs
2199023300594|4789860778196861354|94646099,00|1632610632689|Fundrise
2199023300594|4692751911231685035|42426399,00|1602792901023|Upstart
10995116332802|4834052349540434348|28021843,00|1646208110326|Best Egg
17592186109458|4816319426007663021|12599417,00|1640747483884|Fundrise
17592186109458|4795771752707785134|7888490,00|1634440378661|Patch of Land
17592186109458|4874584746186768815|80029301,00|1658646933170|LendingClub
17592186109458|4900761919020859824|88714623,00|1666691475250|BlueVine
21990232630562|4843622498748596657|77755554,00|1649154102327|RealtyMogul
21990232630562|4887251120138748338|72652806,00|1662559310678|Fundrise
21990232630562|4908643218368758195|30391917,00|1669139262138|RealtyMogul
5043|4781135053918831028|43478017,00|1629943749621|Marcus by Goldman Sachs
5043|4689655686487867829|55022135,00|1601833229218|Best Egg
15393162803907|4891191769812697526|13612711,00|1663781676606|Peerform
15393162803907|4919057792507052471|578539,00|1672338942580|Navy Federal Credit Union
15393162803907|4812941726287135160|98807981,00|1639754179763|RealtyMogul
30786325602771|4913709767949550009|39854472,00|1670665019075|Best Egg
28587302357219|4912865343019418042|31950709,00|1670403864542|LightStream
28587302357219|4906391418555072955|25882384,00|1668439583261|Patch of Land
28587302357219|4895132419486646716|28744469,00|1664987174741|Patch of Land
28587302357219|4908924693345468861|36853701,00|1669219838309|Prosper
30786325622771|4912020918089286078|97149616,00|1670113129820|Funding Circle
30786325622771|4914272717902971327|5570437,00|1670865088631|Discover
30786325622771|4916524517716656576|94392891,00|1671563090957|Upgrade
26388279091668|4911457968135864769|29701694,00|1669977947977|Prosper
45044|4721462358856171970|32812054,00|1611607168858|Navy Federal Credit Union
15393162843908|4853474122933469635|99683297,00|1652164724272|Earnest
15393162843908|4872614421349794244|82754996,00|1658020791096|Upstart
19791209365012|4869518196605977029|70255062,00|1657066850258|Fundbox
19791209375012|4917931892600209862|93627168,00|1671935547744|Prosper
19791209375012|4874021796233347527|9333842,00|1658507687609|LightStream
19791209375012|4845311348608860616|82741729,00|1649681496496|Upgrade
19791209375012|4879369820790849993|32119369,00|1660134504873|Upgrade
8796093027253|4736943482575258058|22534319,00|1616332794824|Funding Circle
15393162803909|4792112578010546635|12506163,00|1633329180678|OneMain Financial
15393162803909|4892599144696250828|83500164,00|1664154804126|RealtyMogul
6597069821701|4747639531690262989|1650844,00|1619675641987|SunTrust
6597069821701|4810408451496739278|16693912,00|1638894483769|Peerform
6597069821701|4755239356061450703|63089892,00|1621952058292|Patch of Land
24189255876117|4917087467670077904|49215849,00|1671728632049|Bank of America
24189255876117|4875429171116900817|93439647,00|1658902106780|TD Bank
24189255876117|4896539794370200018|89049398,00|1665397822122|Avant
19791209375013|4871488521442951635|53090679,00|1657736317719|LendingClub
19791209375013|4888658495022301652|36097128,00|1662972322800|Upstart
19791209375013|4827015475122667989|77191099,00|1644015490876|Upstart
8796093027254|4910332068229022166|81934929,00|1669612982227|RealtyMogul
30786325612774|4915961567763235287|89768899,00|1671365597401|Wells Fargo
30786325612774|4917087467670077912|76932037,00|1671719657228|SoFi
30786325612774|4916243042739945945|14704536,00|1671444652594|SoFi
30786325612774|4919057792507052506|31968850,00|1672316993671|Discover
8796093067254|4789297828243440091|21534115,00|1632462781413|TD Bank
24189255876118|4911176493159154140|61528988,00|1669862909854|LendingPoint
2199023290599|4706262710113796573|76018505,00|1606950915089|Roofstock
45047|4664322938583908830|16784236,00|1594041118139|Kabbage
45047|4726528908436963807|42145089,00|1613205006285|Bank of America
45047|4759180005735399904|69813831,00|1623208432522|Navy Federal Credit Union
75047|4725403008530121185|63194947,00|1612843247493|US Bank
75047|4685996511790629346|71640604,00|1600744243004|LendingClub
15393162793912|4799712402381734371|82442164,00|1635664609383|Upstart
4398046526152|4707107135043928548|87910177,00|1607196215549|RealtyMogul
4398046526152|4825889575215825381|71436253,00|1643674326366|Citibank
4398046526152|4700070260626162150|48660308,00|1604997813106|Fundrise
4398046526152|4761150330572374503|96723347,00|1623774872937|OnDeck
15393162813912|4843059548795175400|35234021,00|1648939641000|LendingPoint
15393162813912|4858540672514261481|67628369,00|1653707498100|Capital One
15393162813912|4896258319393489386|9674877,00|1665309483129|RealtyMogul
8796093067256|4894850944509936107|90219699,00|1664851135102|Earnest
8796093067256|4801964202195419628|87922039,00|1636379634345|Kabbage
8796093067256|4821948925541876205|24048221,00|1642501978810|Prosper
10995116332808|4786201603499622894|94652812,00|1631480933805|OnDeck
10995116332808|4727936283320517103|35854599,00|1613568143868|LendingPoint
10995116332808|4846155773538992624|97624404,00|1649953874964|US Bank
10995116332808|4848970523306099185|16953368,00|1650818148653|Rocket Loans
15393162853912|4788453403313308146|56626896,00|1632231136190|Fundbox
15393162853912|4800275352335155699|70314395,00|1635849153833|American Express
15393162853912|4866703446838870516|38339729,00|1656243064013|OnDeck
13194139608360|4889502919952433653|95127356,00|1663193212054|Funding Circle
13194139608360|4804497476985815542|85534135,00|1637152580335|Kabbage
13194139608360|4799430927405023735|88225264,00|1635592767619|Upgrade
13194139608360|4845311348608860664|91183580,00|1649664900468|RealtyMogul
21990232560569|4839118899121226233|74075629,00|1647797794595|American Express
21990232560569|4861918372234789370|134672,00|1654794036749|Marcus by Goldman Sachs
21990232560569|4834333824517145083|27673091,00|1646309061560|Kabbage
13194139548361|4882747520511377916|27767716,00|1661191607271|Funding Circle
13194139548361|4881058670651113981|95560746,00|1660678761209|Marcus by Goldman Sachs
45049|4688811261557735934|31087660,00|1601566558173|Peerform
45049|4695285186022081023|54600268,00|1603551148015|Marcus by Goldman Sachs
45049|4857696247584129536|70617429,00|1653439051824|RealtyMogul
15393162843913|4908643218368758273|15235087,00|1669148108728|OnDeck
15393162843913|4836022674377409026|67197182,00|1646779524636|Kabbage
15393162843913|4782823903779095043|7165072,00|1630501555976|Avant
26388279141673|4886969645162037764|86401755,00|1662478458256|Prosper
26388279141673|4893162094649672197|37047396,00|1664334906437|SoFi
26388279141673|4891473244789408262|12898721,00|1663816460170|RealtyMogul
8796093027258|4888095545068880391|73229636,00|1662769176638|Marcus by Goldman Sachs
8796093027258|4728780708250649096|98339880,00|1613837732618|BlueVine
17592186059466|4815193526100820489|95074937,00|1640429474760|Rocket Loans
17592186059466|4845029873632150026|79518655,00|1649590092069|Wells Fargo
17592186059466|4874866221163479563|45534128,00|1658763494652|Upgrade
25050|4911176493159154188|10375520,00|1669930529502|LendingPoint
25050|4735536107691704845|66773233,00|1615893629292|Patch of Land
10995116322810|4843059548795175438|13824378,00|1648942374715|LightStream
10995116322810|4802527152148840975|22161121,00|1636511119549|Best Egg
10995116322810|4827859900052800016|34634742,00|1644316738227|Patch of Land
10995116322810|4850659373166363153|19310692,00|1651278114026|Rocket Loans
2199023310602|4671641287978385938|87131110,00|1596320130991|OnDeck
2199023310602|4772690804617511443|75789905,00|1627305847770|Fundbox
10995116282811|4855725922747154964|97236205,00|1652835824632|SunTrust
10995116282811|4853192647956759061|67792263,00|1652037219321|Earnest
10995116282811|4772690804617511446|90566474,00|1627360805420|BlueVine
10995116282811|4847000198469124631|77632351,00|1650190201655|American Express
17592186059467|4790986678103704088|82364906,00|1632967957876|Discover
28587302347227|4901887818927702553|98648931,00|1667073444366|LendingClub
24189255846123|4872051471396373018|87153464,00|1657877694312|US Bank
21990232610571|4886688170185327131|23466876,00|1662378120700|State Farm Bank
21990232610571|4863888697071763996|79325862,00|1655337763479|Wells Fargo
21990232610571|4859103622467682845|96859995,00|1653918530019|RealtyMogul
21990232610571|4884717845348352542|42142002,00|1661745958893|Kabbage
13194139598363|4828985799959642655|57759610,00|1644610579181|Roofstock
13194139598363|4894569469533225504|60625357,00|1664805399734|OnDeck
13194139598363|4910613543205732897|90595888,00|1669703070374|PNC Bank
24189255846124|4848689048329388578|96837234,00|1650710109525|Navy Federal Credit Union
21990232600572|4868955246652555811|1770317,00|1656940428091|Peerform
21990232600572|4847281673445835300|53458669,00|1650296062936|American Express
21990232600572|4875992121070322213|72124909,00|1659104291871|Avant
21990232600572|4895976844416778790|53201228,00|1665243397408|Funding Circle
10995116352812|4763120655409349159|12701431,00|1624432292330|PNC Bank
19791209305021|4904984043671519784|33346603,00|1668026199255|BlueVine
19791209305021|4841089223958200873|79712130,00|1648335532892|Fundbox
19791209305021|4875429171116900906|62789239,00|1658936186710|Citibank
19791209305021|4869236721629266475|19951297,00|1657024743005|Capital One
21990232570573|4919057792507052588|71526558,00|1672357210842|Chase Bank
21990232570573|4906954368508494381|72979099,00|1668596628707|Marcus by Goldman Sachs
10995116312813|4849814948236231214|3203776,00|1651021593697|Roofstock
6597069821709|4898791594183885359|37382540,00|1666097705483|Funding Circle
10995116342813|4919620742460473904|84988295,00|1672509676314|SoFi
10995116342813|4789016353266729521|85688191,00|1632392764377|OnDeck
10995116342813|4846718723492414002|17978975,00|1650047916206|Kabbage
10995116342813|4882747520511377971|44720586,00|1661181886026|American Express
2199023330605|4777475879221592628|31347159,00|1628775842958|Fundrise
2199023330605|4918213367576920629|49080392,00|1672077548902|SoFi
2199023330605|4773816704524354102|59240166,00|1627669269962|Avant
8796093027262|4755239356061450807|6143581,00|1622004474203|Best Egg
8796093037262|4814349101170688568|668974,00|1640129673502|Funding Circle
8796093037262|4834333824517145145|39288799,00|1646279958689|Chase Bank
8796093037262|4701759110486426170|65733235,00|1605564631160|Prosper
15393162813918|4879932770744271419|74644554,00|1660275221390|Fundbox
15393162813918|4797742077544759868|87443086,00|1635005853911|Fundbox
15393162813918|4805623376892658237|30713411,00|1637504820192|Citibank
24189255846126|4855162972793733694|93814356,00|1652662936774|Chase Bank
65054|4816600900984373823|66108824,00|1640855001472|Fundbox
65054|4813223201263845952|51436590,00|1639757112930|TD Bank
65054|4803653052055683649|56076630,00|1636860331684|Upstart
65054|4828422850006221378|8338986,00|1644435307125|SunTrust
2199023330606|4914272717902971459|64529595,00|1670831881369|Rocket Loans
2199023330606|4889221444975723076|84535738,00|1663115557278|OneMain Financial
2199023330606|4882184570557956677|33034356,00|1660968712016|Marcus by Goldman Sachs
2199023330606|4732158407971177030|33613382,00|1614913922981|SunTrust
2199023260607|4771001954757247559|33843512,00|1626787006455|PNC Bank
2199023260607|4809282551589896776|13335112,00|1638591136208|LendingPoint
13194139558367|4889784394929144393|95086065,00|1663295003120|Roofstock
10995116312815|4903576668787966538|8194495,00|1667551722819|Discover
24189255866127|4892880619672961611|39421221,00|1664285430555|Discover
28587302387231|4913709767949550156|46048981,00|1670680929627|Best Egg
28587302387231|4916243042739946061|61345086,00|1671475079372|SoFi
28587302387231|4919339267483763278|93934390,00|1672416862587|Prosper
24189255886127|4888939969999012431|34783679,00|1663063749281|SunTrust
24189255886127|4893162094649672272|63779182,00|1664388501754|Fundbox
24189255886127|4875429171116900945|870168,00|1658918134886|Capital One
24189255886127|4858540672514261586|41518385,00|1653727171436|TD Bank
24189255846128|4869518196605977171|88865270,00|1657066206989|Chase Bank
28587302367232|4911457968135864916|34949707,00|1669982628036|Fundrise
28587302367232|4912020918089286229|966628,00|1670130511498|Bank of America
28587302367232|4911457968135864918|7270217,00|1669955930880|SunTrust
28587302367232|4912302393065996887|38902677,00|1670266706385|OnDeck
26388279121680|4909487643298890328|8531979,00|1669411135809|Wells Fargo
26388279121680|4915961567763235417|78179150,00|1671331691917|Prosper
26388279121680|4893725044603093594|38241449,00|1664523409989|State Farm Bank
4398046536161|4728780708250649179|85954985,00|1613827653002|Prosper
4398046546161|4759742955688821340|41011799,00|1623398098516|SunTrust
4398046546161|4709640409834324573|73447486,00|1607931554128|RealtyMogul
4398046546161|4715551384345248350|21341885,00|1609771554657|LightStream
2199023300609|4708514509927481951|6607668,00|1607659832371|Peerform
2199023300609|4764528030292902496|13849319,00|1624807427477|Prosper
26388279121681|4915398617809814113|79599590,00|1671159227788|LendingClub
24189255876129|4895695369440068194|96544514,00|1665136142494|BlueVine
24189255876129|4900480444044149347|65886222,00|1666645375884|LightStream
24189255876129|4864733122001896036|75439325,00|1655618487174|Bank of America
24189255876129|4875429171116900965|70857016,00|1658867598060|Discover
6597069771714|4824763675308982886|23676732,00|1643321440525|Marcus by Goldman Sachs
6597069771714|4875992121070322279|8243283,00|1659076812564|OnDeck
6597069771714|4725403008530121320|63481968,00|1612846918602|Chase Bank
2199023290610|4883591945441509993|83303502,00|1661431662382|LendingPoint
4398046566162|4853755597910180458|75259102,00|1652252996425|Peerform
75058|4900198969067438699|20746076,00|1666516063564|Fundbox
75058|4687966836627604076|22811304,00|1601312738614|Upgrade
75058|4634205116075868781|13811910,00|1584808558210|Fundrise
75058|4875710646093611630|12005634,00|1658982856075|OneMain Financial
10995116322819|4874303271210058351|24327693,00|1658528869486|Bank of America
10995116322819|4783668328709227120|60203878,00|1630683053675|Fundrise
10995116322819|4886406695208616561|32311317,00|1662246563923|Prosper
4398046566163|4727373333367095922|35660727,00|1613449915413|Upstart
4398046576163|4705699760160375411|55089918,00|1606735650936|Marcus by Goldman Sachs
17592186119475|4836867099307541108|43007565,00|1647082671844|Peerform
19791209315028|4886969645162037877|91477810,00|1662456612408|Discover
19791209315028|4909769118275601014|2605469,00|1669463374803|Bank of America
19791209315028|4869799671582687863|39043010,00|1657138177231|BlueVine
26388279111684|4879369820790850168|30059472,00|1660129372529|Earnest
4398046566164|4754113456154608249|87797657,00|1621654664013|Discover
4398046566164|4696411085928923770|85059332,00|1603899650480|LightStream
65060|4888939969999012475|90714668,00|1663027497256|LendingPoint
65060|4739476757365654140|63944821,00|1617134662028|Fundrise
5061|4648841814864822909|11828300,00|1589291499337|BlueVine
5061|4696129610952213118|22275972,00|1603857892459|Bank of America
5061|4894287994556514943|87373127,00|1664739084989|SunTrust
5061|4784794228616069760|28419179,00|1631025433118|LightStream
2199023270613|4895413894463357569|55230646,00|1665034461180|PNC Bank
24189255836133|4876555071023743618|35194315,00|1659252867754|American Express
24189255836133|4887532595115459203|77046971,00|1662597811274|Avant
28587302357237|4919057792507052676|14270584,00|1672273337433|Discover
28587302357237|4908924693345469061|21074937,00|1669217596623|Citibank
28587302357237|4914835667856392838|55793777,00|1670998419570|Chase Bank
28587302357237|4906954368508494471|34407891,00|1668631595598|LightStream
30786325632789|4917931892600210056|73425334,00|1671931500654|Funding Circle
30786325632789|4919339267483763337|15235522,00|1672397915924|Citibank
30786325632789|4912302393065996938|88325974,00|1670227170624|LendingPoint
15393162863925|4778601779128435339|56837012,00|1629188960886|Peerform
6597069781718|4825608100239114892|24854698,00|1643585737061|PNC Bank
26388279091686|4898510119207174797|84191991,00|1665982774475|Marcus by Goldman Sachs
26388279091686|4908924693345469070|4600397,00|1669160752017|Discover
6597069801718|4830393174843196047|76571436,00|1645087353281|Earnest
6597069801718|4832363499680170640|30788847,00|1645718908875|OnDeck
6597069801718|4750454281457369745|46692990,00|1620536330275|LightStream
6597069801718|4818852700798059154|85646549,00|1641539456086|Earnest
13194139578374|4892036194742829715|55902894,00|1664031864306|US Bank
10995116342822|4915117142833103508|11324890,00|1671134503216|Capital One
15063|4851785273073205909|69442486,00|1651633132785|Marcus by Goldman Sachs
15063|4794082902847521430|6017727,00|1633958801291|Fundrise
15063|4856570347677287063|80601870,00|1653080750005|LendingClub
4398046546167|4774661129454486168|63615861,00|1627979400432|OnDeck
4398046556167|4818571225821348505|24057387,00|1641434288101|Bank of America
19791209355031|4865859021908738714|2618458,00|1655982528112|Marcus by Goldman Sachs
65063|4780009154011988635|77362049,00|1629580237898|SoFi
65063|4823637775402140316|37489226,00|1642994878870|TD Bank
65063|4752143131317633693|50081741,00|1620998359887|OnDeck
65063|4792675527963968158|37039100,00|1633461589001|TD Bank
6597069781720|4772409329640800927|28076119,00|1627289889228|Patch of Land
6597069781720|4691063061371421344|85722658,00|1602308367394|Roofstock
4398046536168|4804216002009105057|91807338,00|1637069568327|Best Egg
4398046536168|4698662885742609058|41864832,00|1604571953074|Wells Fargo
4398046536168|4725121533553410723|69501285,00|1612766099226|Peerform
4398046536168|4698944360719319716|21229918,00|1604650211702|SunTrust
19791209335032|4832644974656881317|52587004,00|1645789553671|Upstart
24189255856136|4894287994556514982|46371268,00|1664671305274|TD Bank
24189255856136|4863607222095053479|51968326,00|1655316396151|Citibank
24189255856136|4866140496885449384|80920495,00|1656047411232|Fundrise
13194139598376|4824482200332272297|42412500,00|1643265550697|US Bank
4398046526169|4916805992693367466|4146875,00|1671610312645|Capital One
8796093087273|4840244799028069035|47472064,00|1648131406115|BlueVine
8796093087273|4858259197537551020|46934225,00|1653638222382|TD Bank
2199023260618|4676989312535888557|65560670,00|1597977864391|Rocket Loans
2199023260618|4772690804617511598|54739325,00|1627307478160|Peerform
2199023260618|4744261831969735343|76692439,00|1618630777650|BlueVine
6597069781722|4763683605362770608|92016721,00|1624564651062|LendingClub
6597069781722|4893725044603093681|27998416,00|1664512941540|Avant
6597069781722|4803934527032394418|63464431,00|1636978485200|PNC Bank
6597069781722|4726247433460253363|75176815,00|1613061090194|Roofstock
25066|4794645852800942772|43206620,00|1634102708223|Capital One
4398046546170|4767905730013430453|80984781,00|1625859807243|Navy Federal Credit Union
8796093087274|4716677284252091062|3998010,00|1610173051215|SunTrust
17592186119482|4905265518648230583|17594958,00|1668115449188|OneMain Financial
17592186119482|4835459724423987896|72402694,00|1646609669582|TD Bank
17592186119482|4816319426007663289|56101142,00|1640720767334|Chase Bank
17592186119482|4906391418555073210|17092171,00|1668407684200|Patch of Land
21990232560587|4835178249447277243|66709440,00|1646580295859|LendingClub
21990232560587|4906954368508494524|78242580,00|1668566337669|Avant
21990232560587|4890910294835987133|41728304,00|1663655431346|OnDeck
21990232560587|4894006519579804350|32213238,00|1664661171936|Discover
28587302337243|4912865343019418303|11858612,00|1670373769379|Upgrade
4398046546171|4687966836627604160|68269766,00|1601287305304|OnDeck
26388279121691|4885562270278484673|86295393,00|1662056400050|RealtyMogul
26388279121691|4912302393065996994|61774888,00|1670215359320|SoFi
19791209365035|4868955246652555971|1245988,00|1656960460453|American Express
19791209365035|4821104500611744452|92161091,00|1642224409434|Kabbage
19791209365035|4818852700798059205|75761192,00|1641508267717|Prosper
19791209365035|4823356300425429702|51030994,00|1642908097965|SunTrust
30786325612796|4916243042739946183|82746100,00|1671440536161|Navy Federal Credit Union
4398046556172|4666856213374304968|11563963,00|1594862046361|Fundrise
4398046556172|4911457968135865033|61574056,00|1669944612058|SoFi
4398046556172|4792394052987257546|54203181,00|1633396376827|Citibank
4398046556172|4696129610952213195|92391878,00|1603802904749|American Express
19791209365036|4856007397723865804|87875875,00|1652918312975|Roofstock
19791209375036|4840526274004779725|13749422,00|1648154230654|US Bank
19791209375036|4918213367576920782|1408387,00|1672068211249|US Bank
19791209375036|4900198969067438799|93510220,00|1666486263892|Chase Bank
17592186059485|4799712402381734608|63839443,00|1635627118497|PNC Bank
17592186059485|4884154895394931409|4316217,00|1661621366139|TD Bank
10995116302829|4769313104896983762|17001777,00|1626305928359|RealtyMogul
10995116302829|4753269031224476371|83798089,00|1621342614283|SunTrust
10995116302829|4889502919952433876|26378191,00|1663191606764|SoFi
10995116302829|4745950681829999317|91746099,00|1619148197482|SunTrust
8796093057277|4725965958483542742|43460869,00|1613027191687|Rocket Loans
2199023310621|4752424606294344407|90123732,00|1621123370701|Fundrise
2199023310621|4714144009461695192|57103410,00|1609343779161|LightStream
2199023310621|4877962445907296985|49105332,00|1659697518860|Discover
13194139598381|4913991242926260954|67697913,00|1670760984306|Bank of America
13194139598381|4837148574284251867|98730024,00|1647182275591|Avant
17592186119485|4831800549726749404|61514010,00|1645509927808|Citibank
21990232560590|4864451647025185501|54659080,00|1655528144117|Peerform
21990232560590|4911176493159154398|92812252,00|1669862413954|Upgrade
8796093037278|4870081146559398623|33181585,00|1657227350072|Kabbage
8796093037278|4773816704524354272|50874867,00|1627658220554|Avant
8796093037278|4859666572421104353|64295841,00|1654099716704|RealtyMogul
13194139568382|4777194404244882146|19083067,00|1628690703524|US Bank
13194139608382|4874021796233347811|46900369,00|1658503547349|OnDeck
6597069771727|4690500111418000100|17058290,00|1602088065198|Upgrade
24189255826143|4893725044603093733|33753581,00|1664526598029|Kabbage
24189255826143|4919339267483763430|90063504,00|1672373201725|Avant
24189255826143|4880214245720982247|56440620,00|1660345947557|OnDeck
24189255826143|4919339267483763432|57229190,00|1672416811851|LendingPoint
4398046536175|4674456037745492713|90896498,00|1597187957043|Upgrade
13194139568383|4787046028429755114|41952511,00|1631739498392|BlueVine
13194139568383|4817445325914505963|27749983,00|1641138055112|SoFi
19791209355039|4919620742460474092|70878609,00|1672503518392|SoFi
65071|4891754719766119149|64752087,00|1663926426073|Chase Bank
65071|4670233913094832878|17457602,00|1595907064298|Wells Fargo
65071|4833770874563724015|49900337,00|1646103636943|Marcus by Goldman Sachs
65071|4784512753639359216|17984610,00|1630985441528|LightStream
8796093097279|4883873420418220785|28556595,00|1661478122784|LendingClub
24189255816144|4887251120138748658|39403967,00|1662505227345|Upgrade
24189255816144|4906391418555073267|44347561,00|1668390099981|Patch of Land
24189255816144|4879369820790850292|9258715,00|1660139812357|Bank of America
2199023290624|4794927327777653493|91584541,00|1634177145994|TD Bank
10995116332832|4892880619672961782|49859218,00|1664273925629|Patch of Land
24189255876144|4881058670651114231|19078041,00|1660609434127|BlueVine
24189255876144|4854037072886891256|26237652,00|1652362551552|TD Bank
24189255876144|4868110821722424057|17989410,00|1656676276755|US Bank
4398046586176|4778320304151724794|94995324,00|1629086298103|SunTrust
4398046586176|4690500111418000123|16978152,00|1602098833626|Avant
4398046586176|4751298706387501820|53350987,00|1620752002592|American Express
6597069781729|4880777195674403581|22097621,00|1660568488633|Earnest
8796093047281|4756646730945004286|43401912,00|1622423846037|Roofstock
26388279111697|4895413894463357695|18453646,00|1665068636774|OnDeck
26388279111697|4894850944509936384|30421733,00|1664877060381|LendingClub
2199023310625|4707951559974060801|92451089,00|1607471337842|SoFi
2199023310625|4729343658204070658|42619350,00|1614001729744|Upstart
2199023310625|4719210559042487043|30659480,00|1610947036981|OneMain Financial
30786325652801|4916243042739946244|98139014,00|1671472077034|SunTrust
25074|4811815826380292869|39737626,00|1639325882800|Chase Bank
15393162823938|4904702568694809350|39510694,00|1667944417156|Avant
15393162823938|4798586502474892039|18379947,00|1635341040594|TD Bank
8796093067282|4867829346745713416|68586729,00|1656594338625|RealtyMogul
5075|4908643218368758537|51383362,00|1669133430779|Rocket Loans
2199023280627|4709358934857614090|57467954,00|1607874693694|Avant
35075|4826734000145957643|978805,00|1643970829748|LendingClub
2199023300627|4903295193811256076|58446572,00|1667507376334|OnDeck
55075|4704573860253532941|93953463,00|1606418038253|BlueVine
15393162793940|4816600900984374030|31135887,00|1640801561604|Peerform
13194139548388|4844748398655439631|97947052,00|1649445455595|TD Bank
13194139548388|4867547871769002768|35410435,00|1656515144128|Best Egg
13194139548388|4871769996419662609|58130702,00|1657781437972|Funding Circle
17592186079492|4905546993624941330|21429736,00|1668202070844|Rocket Loans
17592186079492|4901606343950992147|61801338,00|1666915492338|Bank of America
17592186079492|4861355422281368340|29231909,00|1654627059565|Citibank
17592186079492|4809282551589896981|94848585,00|1638607784189|Marcus by Goldman Sachs
15393162833940|4856570347677287190|25390948,00|1653123717281|US Bank
15393162833940|4802527152148841239|34727182,00|1636491088294|Capital One
15393162833940|4805623376892658456|8454547,00|1637484320438|Navy Federal Credit Union
15393162833940|4814349101170688793|85584725,00|1640142311601|LendingClub
15393162843940|4851222323119784730|73599181,00|1651452927060|Discover
6597069841732|4909487643298890523|95442001,00|1669376076219|OnDeck
6597069841732|4866140496885449500|15902045,00|1656049722957|SunTrust
6597069841732|4852911172980048669|61364540,00|1651980047488|RealtyMogul
6597069771733|4876555071023743774|33512547,00|1659290039468|US Bank
6597069771733|4839681849074647839|56415832,00|1647960676831|OnDeck
6597069771733|4705136810206954272|49836040,00|1606564511444|State Farm Bank
6597069771733|4742572982109471521|69613613,00|1618075267614|Patch of Land
2199023280629|4833489399587013410|2409880,00|1646030531995|Wells Fargo
2199023280629|4754113456154608419|58636479,00|1621644736021|American Express
21990232590597|4862481322188210980|48148026,00|1654939211360|LendingPoint
21990232590597|4859103622467683109|43762620,00|1653931878004|OnDeck
21990232590597|4916805992693367590|87256532,00|1671651640088|LendingPoint
30786325632805|4914835667856392999|35653250,00|1671009395728|Rocket Loans
30786325632805|4919057792507052840|35547154,00|1672348901086|Funding Circle
30786325632805|4918494842553631529|11379162,00|1672103362951|Chase Bank
30786325632805|4912020918089286442|71880947,00|1670149753112|Marcus by Goldman Sachs
19791209325046|4870362621536109355|9815159,00|1657394737080|BlueVine
19791209325046|4899073069160596268|72062705,00|1666157774263|OnDeck
19791209325046|4856007397723865901|86131071,00|1652978852000|OnDeck
19791209325046|4899636019114017582|36898507,00|1666307508071|Chase Bank
24189255846150|4867547871769002799|52651833,00|1656498497098|Upgrade
24189255846150|4874021796233347888|76437145,00|1658437860973|Chase Bank
24189255846150|4851503798096495409|39661220,00|1651522071288|SoFi
24189255846150|4866984921815581490|77152317,00|1656337916519|OnDeck
13194139578390|4830956124796617523|78153807,00|1645263713311|Roofstock
2199023310630|4790705203126993716|91095520,00|1632922061084|Rocket Loans
2199023310630|4677833737466020661|40176685,00|1598192642932|Capital One
2199023310630|4795208802754364214|79137831,00|1634240943672|Marcus by Goldman Sachs
6597069831734|4734410207784862519|64628976,00|1615586308092|Navy Federal Credit Union
6597069831734|4830111699866485560|14872963,00|1645016033278|LendingClub
30786325652806|4912583868042707769|86636164,00|1670326633334|Chase Bank
30786325652806|4914272717902971706|26670991,00|1670879454329|Peerform
30786325652806|4919339267483763515|12230287,00|1672397865798|Chase Bank
30786325652806|4915117142833103676|20258640,00|1671137754297|Bank of America
15393162803943|4835741199400698685|45052785,00|1646731812865|SoFi
8796093057287|4795490277731074878|39275337,00|1634318265206|Kabbage
8796093057287|4842778073818465087|79046182,00|1648919513935|Fundrise
8796093057287|4764809505269613376|54409636,00|1624891108223|Navy Federal Credit Union
8796093057287|4810971401450160961|11017885,00|1639134967947|US Bank
21990232600599|4908361743392047938|98681823,00|1669042566979|RealtyMogul
21990232600599|4902169293904413507|28229985,00|1667130831843|Patch of Land
19791209365047|4876836546000454468|32727772,00|1659332776620|Upgrade
19791209365047|4883310470464799557|55945890,00|1661364378415|Best Egg
24189255886151|4918213367576920902|32797858,00|1672078484009|Marcus by Goldman Sachs
24189255886151|4917087467670078279|42882744,00|1671710739136|Peerform
15393162793944|4814630576147399496|69711084,00|1640274211420|Funding Circle
15393162793944|4801401252241998665|43501266,00|1636172890868|Peerform
15393162793944|4792394052987257674|20408423,00|1633397791375|Marcus by Goldman Sachs
15393162793944|4883591945441510219|69773413,00|1661461630387|Upgrade
10995116302840|4850096423212942156|92115860,00|1651169061518|Avant
24189255846152|4892599144696251213|67040372,00|1664168601518|Roofstock
24189255846152|4907798793438626638|11587709,00|1668888248109|Chase Bank
24189255846152|4903576668787966799|67303742,00|1667519877258|Best Egg
26388279111704|4915680092786525008|92071202,00|1671249303584|Patch of Land
26388279111704|4905546993624941393|11983207,00|1668152195451|LendingClub
26388279121704|4901043393997570898|82780250,00|1666749402718|US Bank
17592186119496|4797460602568049491|29838241,00|1634928567198|OnDeck
28587302327257|4915117142833103700|53664221,00|1671090244065|Roofstock
15393162803945|4904139618741388117|84562809,00|1667748655208|Navy Federal Credit Union
4398046536185|4763120655409349462|50085686,00|1624400385806|Marcus by Goldman Sachs
4398046536185|4692188961278264151|21371316,00|1602621583518|Earnest
4398046536185|4906954368508494680|5684642,00|1668588328284|Prosper
28587302357257|4909487643298890585|54396083,00|1669357827535|Kabbage
28587302357257|4907798793438626650|26251005,00|1668842816651|Prosper
10995116332841|4804497476985815899|79397187,00|1637132343879|Patch of Land
10995116282842|4869799671582688092|49428664,00|1657209998579|TD Bank
10995116282842|4740039707319075677|28513877,00|1617284684708|Kabbage
10995116282842|4743980356993024862|3589760,00|1618505162670|Marcus by Goldman Sachs
10995116282842|4861073947304657759|3482344,00|1654515773482|Funding Circle
17592186059498|4860510997351236448|45207998,00|1654304059531|RealtyMogul
30786325602810|4916524517716656993|76190366,00|1671520202670|American Express
30786325602810|4916524517716656994|15556950,00|1671529902923|TD Bank
30786325602810|4919620742460474211|21402517,00|1672463323996|Bank of America
26388279101706|4902169293904413540|40686432,00|1667102204239|Roofstock
26388279101706|4899073069160596325|98690631,00|1666202699921|Wells Fargo
26388279101706|4910050593252311910|55413920,00|1669525156626|Fundrise
26388279101706|4895695369440068455|36054000,00|1665115320198|SoFi
10995116282843|4770439004803826536|50717384,00|1626620158625|Citibank
8796093047291|4794645852800942953|89317613,00|1634102574178|American Express
8796093047291|4883591945441510250|93509963,00|1661416134996|LightStream
8796093047291|4737224957551969131|23749995,00|1616464875164|Upstart
8796093047291|4779446204058567532|31444657,00|1629384362132|Upgrade
15393162833947|4844748398655439725|61778410,00|1649485871172|Funding Circle
15393162833947|4784512753639359342|45220046,00|1630999481231|Capital One
10995116352843|4889502919952434031|3822224,00|1663206125871|Avant
4398046526188|4795208802754364272|87707574,00|1634305166186|RealtyMogul
19791209325052|4885280795301774193|14131583,00|1661940196891|Kabbage
13194139568396|4910332068229022578|65400466,00|1669652092636|Chase Bank
13194139568396|4832363499680170867|34797062,00|1645667385264|US Bank
13194139568396|4757209680898425716|14740841,00|1622594712877|LightStream
2199023300636|4709640409834324853|83264304,00|1608006778285|Earnest
2199023300636|4754957881084740470|326017,00|1621931548370|Fundrise
2199023300636|4876555071023743863|54617266,00|1659264450714|BlueVine
24189255866156|4883028995488088952|30742860,00|1661285993133|Peerform
24189255866156|4862481322188211065|83189448,00|1654953643572|Marcus by Goldman Sachs
21990232620604|4857133297630708602|8043196,00|1653253247558|Chase Bank
21990232620604|4913146817996129147|41741610,00|1670474387893|OneMain Financial
28587302397260|4912583868042707836|96714838,00|1670345431669|Citibank
28587302397260|4904984043671520125|77681357,00|1668021996040|Capital One
28587302397260|4908643218368758654|15174864,00|1669074308163|LendingClub
28587302397260|4917650417623499647|90162406,00|1671896380059|OneMain Financial
30786325582813|4918494842553631616|18343191,00|1672163005096|Fundbox
28587302337261|4916805992693367681|14221074,00|1671651967406|OnDeck
28587302337261|4909206168322179970|30748678,00|1669261198640|Patch of Land
28587302337261|4905265518648230787|55984710,00|1668063261323|Upgrade
28587302337261|4912302393065997188|71852538,00|1670211044814|Chase Bank
28587302367261|4903295193811256197|32087456,00|1667511445812|SunTrust
28587302367261|4908924693345469318|24713648,00|1669243412790|LightStream
28587302367261|4901043393997570951|98733085,00|1666781285437|Citibank
28587302367261|4906954368508494728|65920116,00|1668626910699|Rocket Loans
19791209365053|4886406695208616841|20759985,00|1662258882118|SoFi
19791209365053|4893725044603093898|15624926,00|1664507252684|Bank of America
19791209365053|4860510997351236491|74301626,00|1654338484793|State Farm Bank
19791209365053|4868673771675845516|81585973,00|1656829871384|Roofstock
19791209305054|4829830224889774989|92653103,00|1644886808045|Prosper
24189255826158|4914272717902971790|70569388,00|1670876285395|Upgrade
24189255826158|4894569469533225871|8919563,00|1664768269228|Chase Bank
24189255826158|4863044272141632400|49693497,00|1655089721430|Avant
24189255826158|4916805992693367697|81746019,00|1671652204682|LendingClub
26388279101710|4898791594183885714|87901338,00|1666114216801|PNC Bank
26388279101710|4918776317530342291|30242586,00|1672256689937|State Farm Bank
13194139598398|4802527152148841364|27189680,00|1636536952949|Wells Fargo
13194139598398|4819415650751480725|25641004,00|1641712811660|Bank of America
13194139598398|4828141375029511062|89591070,00|1644404079044|Fundbox
13194139598398|4872332946373084055|70799571,00|1657989376483|Discover
75086|4809845501543318424|11138817,00|1638729436673|Roofstock
4398046516191|4729625133180781465|22055939,00|1614149419410|Citibank
4398046516191|4882184570557957018|15630417,00|1660970881414|Chase Bank
21990232570607|4853474122933470107|48143018,00|1652193819010|Citibank
21990232570607|4905265518648230812|85058752,00|1668057004748|Roofstock
26388279111711|4892317669719540637|15546569,00|1664061154362|BlueVine
26388279111711|4892317669719540638|4823276,00|1664102748282|LendingPoint
26388279111711|4916243042739946399|12230345,00|1671451276801|Wells Fargo
10995116332847|4882747520511378336|73509976,00|1661197141033|PNC Bank
30786325642815|4917087467670078369|97672892,00|1671720822713|LendingClub
30786325642815|4918776317530342306|3543233,00|1672189686012|Fundrise
30786325642815|4918494842553631651|75285906,00|1672104993500|Bank of America
26388279071712|4883310470464799652|82152106,00|1661337936183|Navy Federal Credit Union
28587302347264|4916243042739946405|35128296,00|1671444816942|Kabbage
26388279101712|4886688170185327526|89810007,00|1662351276536|American Express
30786325642816|4915117142833103783|92055747,00|1671086606953|State Farm Bank
10995116352848|4899917494090728360|53328770,00|1666454583977|Fundrise
6597069781745|4737787907505390505|98737579,00|1616596530009|Avant
6597069781745|4787327503406465962|25226323,00|1631864742768|SoFi
30786325602817|4918494842553631659|99932467,00|1672161558748|US Bank
21990232590609|4862481322188211116|89409,00|1654969994817|LendingClub
21990232590609|4832926449633592237|75303456,00|1645859750274|RealtyMogul
21990232590609|4837992999214384046|13440745,00|1647408883584|Wells Fargo
21990232610609|4888939969999012783|90362927,00|1663062486851|Peerform
6597069831745|4719773508995908528|34713838,00|1611096599967|Upgrade
10995116282850|4900761919020860337|56969308,00|1666665498153|LendingPoint
8796093037298|4778320304151724978|5375251,00|1629046032854|Fundrise
8796093037298|4746513631783420851|49633028,00|1619262183600|Wells Fargo
15393162813954|4847000198469125044|71216842,00|1650157196533|American Express
15393162813954|4873177371303216053|65155934,00|1658250094759|OneMain Financial
15393162813954|4872332946373084086|24874612,00|1657918040497|Rocket Loans
26388279111714|4917087467670078391|83715766,00|1671728982610|Capital One
26388279111714|4892317669719540664|90505910,00|1664136220484|American Express
8796093087298|4884154895394931641|18492119,00|1661557264967|Wells Fargo
2199023330642|4917650417623499706|11839792,00|1671874479214|TD Bank
15393162793955|4869518196605977531|39228613,00|1657114669363|TD Bank
2199023280643|4852066748049916860|83860749,00|1651746442366|SunTrust
2199023280643|4803371577078973373|39218804,00|1636761516200|Avant
2199023280643|4753550506201187262|94958466,00|1621507167121|Best Egg
2199023280643|4675018987698914239|35243355,00|1597375350456|US Bank
26388279101715|4879932770744271808|11160725,00|1660258858465|Citibank
26388279101715|4904421093718098881|96063149,00|1667833178317|TD Bank
26388279101715|4903858143764677570|63450237,00|1667617503501|PNC Bank
19791209355059|4896821269346911171|53433492,00|1665477291134|State Farm Bank
2199023320643|4769594579873694660|33565269,00|1626417375590|Funding Circle
2199023320643|4714144009461695429|1974909,00|1609348317167|Funding Circle
2199023320643|4799712402381734854|19692640,00|1635653234072|SunTrust
2199023320643|4780572103965410247|37628170,00|1629754621274|PNC Bank
4398046526196|4762839180432638920|60336848,00|1624322911132|Capital One
4398046526196|4808156651683054537|70507071,00|1638275643101|Fundbox
4398046526196|4699788785649451978|67768967,00|1604976649121|Marcus by Goldman Sachs
4398046526196|4850377898189652939|23759036,00|1651212839048|Peerform
17592186059509|4834896774470566860|53137152,00|1646439286229|Best Egg
17592186059509|4866984921815581645|20314881,00|1656288525328|Funding Circle
4398046536197|4680085537279706062|83263630,00|1598930721317|Roofstock
4398046536197|4870081146559398863|39364267,00|1657294301575|American Express
4398046536197|4816882375961084880|99473742,00|1640951039509|Kabbage
4398046536197|4756083780991583185|89423313,00|1622204997724|Bank of America
2199023300645|4794082902847521746|2206449,00|1633920519262|Funding Circle
2199023300645|4774942604431197139|20165134,00|1628014853843|Avant
2199023300645|4852066748049916884|70883472,00|1651729090739|BlueVine
19791209375061|4915961567763235797|96038126,00|1671384352912|Funding Circle
19791209375061|4906391418555073494|13450686,00|1668443874258|Patch of Land
19791209375061|4855725922747155415|25150151,00|1652841377174|Upstart
10995116282854|4814349101170688984|29713949,00|1640184442483|Fundbox
30786325592822|4918776317530342361|36128812,00|1672187909891|Rocket Loans
2199023280646|4725403008530121690|4188144,00|1612853341293|Upgrade
6597069801750|4830111699866485723|84919983,00|1645011066119|OneMain Financial
19791209345062|4843341023771886556|11432819,00|1649010743529|RealtyMogul
21990232610614|4866140496885449693|27854117,00|1656051943075|PNC Bank
21990232610614|4912583868042707934|95099662,00|1670304051898|BlueVine
21990232610614|4903858143764677599|99720486,00|1667618663535|LendingClub
21990232610614|4900761919020860384|88296510,00|1666689778153|Wells Fargo
21990232560615|4872051471396373473|36238863,00|1657883095483|LendingPoint
21990232560615|4844748398655439842|45839857,00|1649451067247|Fundrise
21990232560615|4882184570557957091|45561129,00|1660947878977|Fundbox
21990232560615|4861355422281368548|98689119,00|1654588561110|Discover
6597069781751|4834052349540434917|67314440,00|1646178121790|Avant
35095|4659537863979828198|67428784,00|1592601946062|Marcus by Goldman Sachs
35095|4665730313467462631|40145095,00|1594447360427|State Farm Bank
10995116322855|4821385975588455400|33330916,00|1642301102940|SunTrust
55095|4722025308809593833|64670399,00|1611756636412|LendingPoint
75095|4841089223958201322|47344598,00|1648356363780|Rocket Loans
25096|4834333824517145579|22346800,00|1646311513586|American Express
25096|4626042341751260140|99254227,00|1582323170915|State Farm Bank
25096|4682337337093391341|55856336,00|1599599550994|Patch of Land
13194139568408|4893443569626383342|40125218,00|1664408710430|State Farm Bank
13194139588408|4802527152148841455|7093721,00|1636486636270|Earnest
13194139588408|4834333824517145584|40945970,00|1646309793123|RealtyMogul
13194139588408|4872051471396373489|58332615,00|1657901681102|Upgrade
65096|4808438126659765234|33721003,00|1638304535052|Navy Federal Credit Union
65096|4727091858390385651|59989099,00|1613341614695|Roofstock
65096|4846437248515703796|43482054,00|1649998971069|Funding Circle
65096|4666011788444173301|94826886,00|1594603926131|Avant
2199023330648|4660945238863381494|17594366,00|1593055234404|Fundrise
2199023330648|4869799671582688247|38176364,00|1657199142745|Earnest
2199023330648|4868673771675845624|23220791,00|1656855700478|Fundbox
2199023330648|4783386853732516857|74254225,00|1630674352532|SunTrust
28587302357273|4910613543205733370|14583782,00|1669721236204|Avant
28587302357273|4906672893531784187|51175445,00|1668528481298|TD Bank
28587302357273|4910613543205733372|50621996,00|1669715209761|SoFi
28587302357273|4908924693345469437|62504903,00|1669241613360|Roofstock
15393162833961|4807875176706343934|73180150,00|1638128606256|Prosper
19791209355065|4903858143764677631|18716594,00|1667621585413|SunTrust
75097|4731032508064334848|46213352,00|1614540877853|OneMain Financial
75097|4634768066029290497|60713259,00|1584938228397|Funding Circle
75097|4780009154011988994|33788581,00|1629564453894|State Farm Bank
75097|4853192647956759555|82465353,00|1652118906721|Navy Federal Credit Union
2199023270650|4849814948236231684|54605328,00|1651074561354|Rocket Loans
6597069791754|4781979478848963589|55581696,00|1630167984448|Patch of Land
6597069791754|4755239356061451270|40772247,00|1622005012000|Fundrise
6597069791754|4812097301357003783|51472498,00|1639449557377|TD Bank
6597069791754|4842778073818465288|30238183,00|1648861319435|Earnest
4398046546202|4903576668787966985|7049843,00|1667595190341|American Express
4398046546202|4855444447770444810|54831764,00|1652750194995|Chase Bank
4398046546202|4676707837559178251|15998853,00|1597864313719|RealtyMogul
4398046546202|4747358056713552908|22629641,00|1619572824200|Upgrade
55098|4804778951962526733|65535074,00|1637225469794|American Express
55098|4744261831969735694|63529240,00|1618600206128|Earnest
21990232620618|4876836546000454671|20330672,00|1659349935684|Bank of America
21990232620618|4872895896326505488|94280208,00|1658147961400|Upstart
21990232620618|4880777195674403857|27796891,00|1660541055546|Upgrade
26388279071723|4888658495022302226|88512567,00|1662954299575|Navy Federal Credit Union
13194139548411|4849814948236231699|2811495,00|1651050073350|Marcus by Goldman Sachs
21990232580619|4864733122001896468|20526710,00|1655629874626|PNC Bank
21990232580619|4906954368508494869|39896751,00|1668630723455|Citibank
21990232580619|4908080268415337494|47006314,00|1668937902843|Bank of America
21990232580619|4880495720697693207|38635830,00|1660469843506|LightStream
6597069801755|4877680970930586648|44437416,00|1659597203263|LendingClub
19791209345067|4815475001077531673|63144597,00|1640509128403|Prosper
24189255876171|4900480444044149786|75525641,00|1666633088546|Navy Federal Credit Union
25100|4809282551589897243|60831987,00|1638615263228|Citibank
17592186089516|4898791594183885852|75925331,00|1666123559682|Rocket Loans
17592186089516|4897102744323621917|85319466,00|1665575740212|Roofstock
17592186089516|4908361743392048158|29304327,00|1669007440556|Avant
17592186089516|4844466923678729247|51579966,00|1649418922197|US Bank
13194139598412|4885280795301774368|56211551,00|1661900784009|Prosper
13194139598412|4797460602568049697|77413814,00|1634933617146|Marcus by Goldman Sachs
13194139598412|4863044272141632546|6794709,00|1655144225500|Avant
15393162863964|4910895018182444067|91676442,00|1669779497203|US Bank
15393162863964|4882747520511378468|27662324,00|1661118728767|SoFi
15393162863964|4893162094649672741|28008955,00|1664388850385|OnDeck
26388279071725|4905828468601652262|12090292,00|1668290880207|BlueVine
26388279071725|4917650417623499815|8862677,00|1671858203328|OneMain Financial
26388279071725|4884154895394931752|26941660,00|1661574701398|BlueVine
26388279071725|4915680092786525225|78677387,00|1671277793064|BlueVine
35101|4843903973725307946|74331827,00|1649187182556|RealtyMogul
30786325622829|4915680092786525227|41103207,00|1671251832123|Marcus by Goldman Sachs
24189255866173|4876555071023744044|57277432,00|1659259288986|Funding Circle
65101|4651093614678508589|25258784,00|1589947948643|Fundrise
15393162863965|4784231278662648878|26009913,00|1630864301248|Roofstock
15393162863965|4780572103965410351|11095221,00|1629794591442|Rocket Loans
10995116282862|4843903973725307952|59069759,00|1649186945128|Roofstock
10995116282862|4780290628988699697|89205159,00|1629669774052|Wells Fargo
10995116282862|4820541550658323506|84383301,00|1642036003917|LendingPoint
10995116282862|4735254632714994739|45675428,00|1615863992416|LendingPoint
30786325592830|4918776317530342452|1784157,00|1672263679515|RealtyMogul
30786325592830|4919057792507053109|44724629,00|1672345174463|Best Egg
4398046566206|4877399495953876022|10851707,00|1659507347869|LendingClub
4398046566206|4836867099307541559|16099782,00|1647106297708|American Express
4398046566206|4668545063234569272|58038346,00|1595344059682|US Bank
4398046566206|4715832859321959481|17488735,00|1609861300854|State Farm Bank
15393162863966|4906954368508494906|35025291,00|1668635477328|Capital One
15393162863966|4919057792507053115|58991005,00|1672317403121|LightStream
15393162863966|4778320304151725116|41383284,00|1629100501395|Avant
15393162863966|4799993877358445629|95405412,00|1635757296164|TD Bank
17592186049519|4843903973725307966|38334406,00|1649191223157|RealtyMogul
17592186049519|4803090102102262847|17159460,00|1636678557359|Prosper
17592186049519|4853755597910180928|59749875,00|1652264232412|Funding Circle
13194139548415|4849814948236231745|43755806,00|1651082864784|Peerform
13194139548415|4825326625262404674|54583024,00|1643484424198|Peerform
15393162813967|4873740321256637507|14416365,00|1658388671019|US Bank
15393162813967|4795208802754364484|6244603,00|1634239774222|TD Bank
15393162813967|4809845501543318597|10826741,00|1638756763902|American Express
15393162813967|4809001076613186630|96151399,00|1638482643952|Upstart
30786325612831|4919339267483763783|31263918,00|1672422741811|BlueVine
65103|4836304149354120264|59376189,00|1646911439829|Chase Bank
19791209375071|4823919250378851401|96709694,00|1643042259290|Avant
15393162823968|4767342780060009546|98801010,00|1625695970755|BlueVine
15393162823968|4878525395860718667|55300599,00|1659854565993|PNC Bank
15393162823968|4902450768881124428|3106479,00|1667182019776|Navy Federal Credit Union
26388279121728|4886125220231906381|51370920,00|1662164164377|SoFi
26388279121728|4909769118275601486|8564581,00|1669475084318|LendingClub
26388279121728|4895976844416779343|16799208,00|1665255346649|Upstart
8796093087312|4816882375961085008|52122624,00|1640929967397|LendingPoint
8796093087312|4912020918089286737|30811785,00|1670120713298|Fundbox
21990232570625|4858540672514262098|7538211,00|1653724320168|Citibank
21990232570625|4903576668787967059|63688692,00|1667534514654|Fundbox
21990232570625|4889221444975723604|42238404,00|1663156210115|SoFi
21990232570625|4900198969067439189|31874947,00|1666491301879|Avant
10995116312865|4800275352335156310|73839012,00|1635780309715|Avant
10995116312865|4773253754570933335|12291707,00|1627561739145|SoFi
17592186109521|4888658495022302296|97300594,00|1662962612742|Roofstock
17592186109521|4832644974656881753|981518,00|1645794442444|LendingPoint
17592186109521|4879088345814139994|48443705,00|1660009499668|PNC Bank
5106|4698662885742609499|97151010,00|1604578566604|LendingPoint
28587302337282|4906954368508494940|35218597,00|1668618662985|LendingClub
45106|4901606343950992477|5088851,00|1666973464835|US Bank
13194139608418|4820541550658323550|63709753,00|1642049056862|State Farm Bank
13194139608418|4752706081271055455|48207797,00|1621244803243|Earnest
13194139608418|4860792472327947360|18552775,00|1654447448417|Roofstock
13194139608418|4863044272141632609|91404219,00|1655106468942|Citibank
21990232560627|4856007397723866210|59456463,00|1652919194404|Best Egg
4398046536211|4704573860253533283|63001958,00|1606453612380|Funding Circle
26388279101731|4883873420418221156|18659868,00|1661532438705|LendingPoint
26388279101731|4890347344882566245|71566429,00|1663499296599|Prosper
26388279101731|4914835667856393318|98600128,00|1671015818165|Fundrise
26388279101731|4899354544137307239|91055322,00|1666294003183|Fundbox
13194139578419|4809564026566607976|86315970,00|1638654450498|Wells Fargo
13194139578419|4847000198469125225|95927161,00|1650196247048|LendingClub
21990232610627|4863325747118343274|93915856,00|1655198393992|Chase Bank
21990232610627|4862762797164921963|15563747,00|1655049879276|Peerform
21990232610627|4866140496885449836|400026,00|1656054388473|TD Bank
8796093087315|4894287994556515437|1671687,00|1664708416738|LightStream
19791209375075|4882747520511378542|2051911,00|1661174537863|LightStream
19791209375075|4857977722560840815|72172599,00|1653588565611|Fundbox
19791209375075|4828422850006221936|54747769,00|1644505026159|Prosper
19791209375075|4880777195674403953|30492842,00|1660522024415|PNC Bank
8796093027316|4819697125728191602|61263381,00|1641778555915|Upgrade
8796093027316|4723995633646568563|79522517,00|1612352499787|Marcus by Goldman Sachs
8796093027316|4830111699866485876|48436505,00|1645025836161|Rocket Loans
19791209315076|4903295193811256437|44252337,00|1667445301192|US Bank
19791209315076|4856851822653998198|9152524,00|1653167003558|Discover
6597069791764|4836304149354120311|63973385,00|1646869400250|Chase Bank
28587302357284|4910050593252312184|17987003,00|1669558955842|Peerform
28587302357284|4904984043671520377|54005540,00|1667975397791|US Bank
13194139578420|4757209680898425978|93094919,00|1622557391711|Peerform
30786325632836|4919620742460474491|72005032,00|1672494556226|Best Egg
30786325632836|4919339267483763836|40843929,00|1672370474756|OneMain Financial
19791209365076|4866140496885449853|84064750,00|1656094539928|Discover
21990232570629|4900480444044149886|87349139,00|1666635780462|RealtyMogul
21990232570629|4830674649819907199|88889374,00|1645177807056|Avant
15393162823973|4826734000145958016|89082135,00|1643983069707|State Farm Bank
15393162823973|4861355422281368705|4118965,00|1654569721649|Wells Fargo
15393162823973|4856007397723866242|56931211,00|1652971885030|Navy Federal Credit Union
45109|4676144887605757059|93810479,00|1597662479605|Funding Circle
45109|4830956124796617860|41754440,00|1645231054569|Funding Circle
4398046566213|4675300462675625093|61304486,00|1597466116678|Peerform
21990232630629|4884436370371642502|31613243,00|1661719313240|Funding Circle
15393162793974|4857133297630708871|80666508,00|1653281366272|SoFi
26388279081734|4904984043671520392|80642221,00|1667981715157|Citibank
28587302347286|4898510119207175305|21086098,00|1666020901590|TD Bank
28587302347286|4899636019114017930|9249878,00|1666379176657|Discover
28587302347286|4903295193811256459|37162677,00|1667482199383|Kabbage
28587302347286|4900480444044149900|89050472,00|1666566492522|Fundbox
8796093057318|4749609856527238285|12750655,00|1620249819076|Marcus by Goldman Sachs
8796093057318|4786764553453044878|12302531,00|1631635349194|Citibank
8796093057318|4860510997351236751|83217477,00|1654324427016|Bank of America
8796093057318|4781979478848963728|66376847,00|1630195033163|RealtyMogul
28587302377286|4911739443112576145|91570428,00|1670109023178|Bank of America
2199023320662|4843903973725308050|74371682,00|1649195743782|Fundbox
2199023330662|4659537863979828371|38076590,00|1592545304249|Marcus by Goldman Sachs
2199023330662|4723151208716436628|98890059,00|1612084374515|Fundbox
4398046516215|4759461480712111253|60831382,00|1623264087864|Earnest
4398046516215|4673893087792071830|29288269,00|1597031327196|Avant
24189255836183|4890910294835987607|46157938,00|1663682667936|Discover
24189255836183|4858259197537551512|9435632,00|1653648709880|Discover
24189255836183|4907235843485205657|16261536,00|1668672000035|Chase Bank
24189255836183|4862762797164922010|18489227,00|1655002546477|Capital One
26388279101735|4891473244789408923|74475239,00|1663806504113|SoFi
26388279101735|4895695369440068764|53205666,00|1665164590764|Kabbage
26388279101735|4906391418555073693|44815516,00|1668441733836|LendingPoint
26388279121735|4908080268415337630|37666056,00|1668950949632|Kabbage
28587302397287|4915117142833104031|10255911,00|1671122601246|Fundbox
28587302397287|4899636019114017952|9731840,00|1666353830690|LendingClub
28587302397287|4907798793438626977|2995192,00|1668885552776|Navy Federal Credit Union
8796093057320|4710484834764457122|61127540,00|1608243602307|American Express
28587302367288|4901324868974281891|68030643,00|1666885252865|Fundbox
28587302367288|4918494842553631908|85017813,00|1672129631902|BlueVine
28587302367288|4915961567763236005|25170309,00|1671365440290|SunTrust
17592186049529|4826171050192536742|10811876,00|1643793849562|Roofstock
17592186049529|4849814948236231847|81897725,00|1651010479403|US Bank
17592186049529|4843903973725308072|14889821,00|1649245497198|Patch of Land
13194139548425|4767624255036720297|96809502,00|1625784112186|Fundrise
13194139548425|4785357178569491626|72447133,00|1631226266617|Earnest
15393162813977|4805904851869369515|60286903,00|1637570675116|Citibank
4398046566217|4842496598841754796|70540316,00|1648817936006|Fundbox
4398046566217|4720899408902751405|88787681,00|1611461503480|Peerform
4398046566217|4748765431597106350|21717808,00|1619959097937|Capital One
6597069831769|4842496598841754799|41171754,00|1648835286000|RealtyMogul
6597069831769|4736380532621837488|532110,00|1616182103639|Patch of Land
6597069841769|4902732243857835185|15727594,00|1667327092105|Wells Fargo
6597069841769|4739758232342365362|22890051,00|1617251537149|LightStream
10995116282874|4772127854664090803|56566240,00|1627157878066|State Farm Bank
15393162823978|4819415650751481012|3043308,00|1641737916858|RealtyMogul
21990232600634|4861918372234790069|92122809,00|1654758919351|TD Bank
2199023310666|4727373333367096502|68235742,00|1613439771142|State Farm Bank
19791209365082|4885843745255195831|39141131,00|1662079567428|Citibank
19791209365082|4833770874563724472|37491751,00|1646087058139|Best Egg
8796093027323|4847281673445835961|89081071,00|1650294642645|Wells Fargo
15393162803979|4908080268415337658|95665422,00|1668947673666|SunTrust
15393162803979|4896539794370200763|31518617,00|1665364435677|Navy Federal Credit Union
15393162803979|4819697125728191676|16636165,00|1641822430689|Kabbage
15393162803979|4795490277731075261|29187496,00|1634377601947|State Farm Bank
28587302357291|4901324868974281918|62111737,00|1666837684658|Marcus by Goldman Sachs
28587302357291|4897947169253754047|66586175,00|1665853629759|PNC Bank
19791209355083|4905828468601652416|58593445,00|1668253949835|PNC Bank
13194139608427|4763120655409349825|43695506,00|1624385826972|Funding Circle
13194139608427|4772972279594222786|49660399,00|1627404066727|Wells Fargo
13194139608427|4765653930199745731|15601426,00|1625156518993|US Bank
13194139608427|4906672893531784388|72024128,00|1668551679706|LendingClub
24189255816188|4859666572421104837|24103917,00|1654075887091|Capital One
24189255816188|4874584746186769606|88952121,00|1658679599875|SoFi
24189255816188|4856288872700576967|76015764,00|1653073122241|Best Egg
21990232570636|4833770874563724488|80858558,00|1646093038543|RealtyMogul
21990232570636|4903576668787967177|6931114,00|1667523399491|Capital One
21990232570636|4865577546932028618|97958768,00|1655861883348|Marcus by Goldman Sachs
8796093057324|4879932770744272075|60550875,00|1660278266927|Roofstock
13194139578428|4875710646093612236|92206018,00|1658969227573|American Express
13194139578428|4805341901915948237|32012789,00|1637371700304|Avant
13194139578428|4834615299493856462|35681150,00|1646329533024|Fundrise
19791209355084|4819415650751481039|21730068,00|1641702604487|Prosper
19791209355084|4820823025635034320|29814575,00|1642172570255|Discover
21990232630636|4903295193811256529|38684905,00|1667435968810|SunTrust
21990232630636|4835178249447277778|90455945,00|1646579761402|Wells Fargo
21990232630636|4890065869905855699|81509833,00|1663396412197|Earnest
21990232630636|4897947169253754068|53128420,00|1665789511991|LendingPoint
15393162793981|4890910294835987669|12877520,00|1663624821675|LendingPoint
6597069781773|4848970523306099926|27159937,00|1650768174247|Fundrise
6597069781773|4776912929268171991|65499328,00|1628603242861|Roofstock
6597069781773|4799993877358445784|68752828,00|1635774713150|Patch of Land
26388279101741|4876273596047033561|46151990,00|1659136702951|Earnest
26388279101741|4914272717902972122|90712673,00|1670813906289|TD Bank
26388279101741|4872051471396373723|85836555,00|1657880073040|Bank of America
26388279101741|4900480444044149980|49252669,00|1666599976648|Rocket Loans
13194139588429|4794364377824232669|7027750,00|1633988018867|US Bank
8796093087325|4916524517716657374|31947409,00|1671500801569|Prosper
8796093087325|4742291507132761311|96036184,00|1617980361874|Avant
8796093087325|4897665694277043424|87264973,00|1665754867725|Rocket Loans
24189255886189|4870644096512820449|47654419,00|1657409577709|US Bank
24189255816190|4879651295767561442|21816376,00|1660238861794|Avant
26388279081742|4881621620604536035|93331676,00|1660829581267|Funding Circle
24189255846190|4872051471396373732|18585285,00|1657894621711|PNC Bank
24189255846190|4856288872700576997|19751069,00|1653008416903|Citibank
28587302387294|4910050593252312294|76542744,00|1669581153112|Upstart
28587302387294|4900480444044149991|74916811,00|1666618400587|Fundrise
28587302387294|4912583868042708200|16354721,00|1670288722237|Rocket Loans
28587302387294|4894850944509936873|56720259,00|1664909252803|Navy Federal Credit Union
26388279141742|4899636019114018026|54056904,00|1666317219880|Kabbage
13194139548431|4889221444975723755|22860998,00|1663127512501|Peerform
6597069791775|4718084659135644908|42012212,00|1610578544806|SoFi
6597069791775|4810689926473450733|24490079,00|1639041226260|OneMain Financial
6597069801775|4731313983041045742|12600144,00|1614619138380|PNC Bank
6597069801775|4819134175774770415|55313073,00|1641591956869|LendingPoint
21990232600639|4832926449633592560|44140184,00|1645853782526|Avant
21990232600639|4853474122933470449|89660354,00|1652176836636|Fundbox
21990232600639|4881621620604536050|9506461,00|1660772789325|SunTrust
4398046576223|4694440761091949811|32370351,00|1603308392482|Capital One
4398046576223|4864170172048475380|53236243,00|1655491522171|Wells Fargo
30786325582848|4916524517716657397|52375180,00|1671507122965|Upgrade
4398046526224|4799712402381735158|80324036,00|1635683243197|State Farm Bank
10995116282881|4875710646093612279|34793229,00|1659031703157|Prosper
10995116282881|4854881497817023736|69446741,00|1652598834032|Citibank
10995116282881|4857414772607419641|47743512,00|1653351644782|Patch of Land
4398046526225|4745669206853289210|51706787,00|1619052043924|Patch of Land
4398046526225|4912020918089286907|95519881,00|1670123776434|Citibank
26388279121745|4908080268415337724|59583534,00|1668943020236|Patch of Land
2199023320673|4867547871769003261|69968306,00|1656500448153|Wells Fargo
2199023320673|4744261831969735934|98760675,00|1618629399604|SoFi
2199023320673|4801401252241999103|15329085,00|1636186342988|American Express
24189255886193|4870362621536109824|69242492,00|1657368229254|Avant
24189255886193|4901606343950992641|33961686,00|1666912048096|Fundrise
24189255886193|4899073069160596738|3789402,00|1666148348996|Rocket Loans
24189255886193|4888939969999013123|32413003,00|1663028189656|Earnest
8796093027330|4776349979314750724|14078546,00|1628448140981|Fundrise
8796093027330|4822511875495298309|937846,00|1642641647026|Marcus by Goldman Sachs
8796093027330|4900198969067439366|44713917,00|1666554693694|Marcus by Goldman Sachs
15393162813986|4848126098375968007|38235526,00|1650547886420|Upgrade
15393162813986|4777194404244882696|29730533,00|1628705477728|Best Egg
15393162813986|4828141375029511433|26677320,00|1644408559637|Wells Fargo
15393162813986|4899073069160596746|80531762,00|1666195000753|Capital One
13194139578434|4761994755502507275|79632778,00|1624075515277|Bank of America
13194139588434|4888377020045591820|23148160,00|1662862342511|Marcus by Goldman Sachs
13194139588434|4798023552521471245|62435850,00|1635087575756|TD Bank
13194139588434|4828704324982932750|2883562,00|1644564954056|Discover
30786325592851|4918494842553632015|59023159,00|1672181720205|Fundbox
30786325592851|4916805992693368080|45260579,00|1671588414507|Wells Fargo
30786325592851|4915961567763236113|19206975,00|1671377485650|LendingClub
30786325592851|4916524517716657426|57183412,00|1671546750116|Avant
8796093057331|4815193526100821267|9271927,00|1640432408955|Earnest
26388279111747|4894287994556515604|45403450,00|1664699823226|SunTrust
26388279111747|4885562270278485269|77541731,00|1662047055046|Roofstock
26388279111747|4897665694277043478|57787133,00|1665733474201|SunTrust
55123|4862199847211500823|39724854,00|1654827007331|Avant
55123|4758617055781979416|53059013,00|1623059249436|Kabbage
55123|4723432683693147417|18263009,00|1612224365328|Fundrise
55123|4878243920884008218|59461662,00|1659799837962|Roofstock
6597069831779|4898510119207175451|20235569,00|1665999530936|State Farm Bank
26388279071748|4899354544137307420|8535752,00|1666254191737|Avant
26388279071748|4884999320325063965|7948407,00|1661818032397|BlueVine
26388279071748|4915117142833104158|38957812,00|1671143627269|SoFi
19791209315092|4857133297630709023|72729482,00|1653326366206|LightStream
19791209315092|4847563148422546720|89473164,00|1650337078836|Navy Federal Credit Union
19791209315092|4863044272141632801|83832530,00|1655068738484|Fundbox
19791209315092|4909769118275601698|40341240,00|1669452538410|Capital One
6597069791780|4877680970930586915|5470344,00|1659570498307|SunTrust
6597069791780|4762557705455928612|45734677,00|1624269729329|Funding Circle
6597069791780|4705699760160376101|28634179,00|1606781550161|Chase Bank
2199023290676|4666011788444173606|74330922,00|1594545869094|Fundrise
13194139578436|4761994755502507303|71742260,00|1624018975269|LightStream
13194139578436|4796897652614628648|91194428,00|1634797844502|Citibank
13194139578436|4884999320325063977|97707044,00|1661862765954|Upgrade
8796093087332|4866421971862160682|50719459,00|1656163697425|Citibank
17592186119540|4897665694277043499|79708971,00|1665775887298|Avant
24189255816197|4856570347677287724|87790002,00|1653136316860|LightStream
28587302357301|4918213367576921389|80820512,00|1672047366427|Fundbox
28587302357301|4917087467670078766|58387551,00|1671726080917|PNC Bank
28587302357301|4908080268415337775|81879266,00|1668934121326|Kabbage
4398046556229|4704573860253533488|56563195,00|1606405747334|Upgrade
4398046556229|4718366134112355633|36828456,00|1610696137782|Prosper
4398046556229|4716114334298670386|82138948,00|1609949529172|US Bank
4398046556229|4827015475122668851|23183687,00|1644040008649|Navy Federal Credit Union
21990232610645|4905265518648231220|70026726,00|1668095164007|Best Egg
21990232610645|4868673771675845941|93866985,00|1656854022591|LightStream
13194139548438|4908080268415337782|68577701,00|1668900973823|SunTrust
4398046536230|4893162094649673015|85398121,00|1664386320769|TD Bank
10995116322886|4858259197537551672|61077049,00|1653626661011|Prosper
4398046566230|4784794228616070457|74736675,00|1631036072653|Capital One
75126|4895976844416779578|628456,00|1665217485402|PNC Bank
26388279071751|4894850944509936955|28447925,00|1664905966357|Earnest
26388279071751|4912020918089286972|91676346,00|1670193304124|Earnest
2199023270679|4755239356061451581|21764504,00|1621959045822|TD Bank
2199023270679|4693877811138528574|54453781,00|1603099030600|Best Egg
2199023270679|4875992121070323007|23215121,00|1659072754834|LendingClub
15393162813991|4887532595115459904|91685446,00|1662602746981|Bank of America
15393162813991|4897102744323622209|45710620,00|1665533878994|American Express
15393162813991|4794645852800943426|21048630,00|1634078507251|Chase Bank
28587302357303|4916805992693368131|96758438,00|1671622436066|Discover
28587302357303|4912583868042708292|42745400,00|1670312031170|OneMain Financial
24189255856199|4878806870837429573|57436853,00|1659953065913|Navy Federal Credit Union
24189255856199|4862481322188211526|90685227,00|1654921101387|RealtyMogul
17592186099543|4807312226752922951|5963767,00|1638004375878|Chase Bank
17592186099543|4866984921815582024|19236658,00|1656328911060|Upstart
17592186099543|4884154895394932041|17799341,00|1661565816367|Patch of Land
17592186099543|4803371577078973770|27884573,00|1636767865155|State Farm Bank
28587302387303|4906954368508495179|99403678,00|1668619219138|Bank of America
26388279141751|4903295193811256652|33918200,00|1667513801375|Marcus by Goldman Sachs
26388279141751|4910332068229023053|43946252,00|1669627749129|TD Bank
10995116282888|4751861656340923726|92793627,00|1620961195053|OneMain Financial
10995116282888|4865014596978607439|86345273,00|1655691270497|Peerform
24189255846200|4881340145627825488|84330248,00|1660762240873|LendingPoint
2199023300680|4685152086860498257|57247725,00|1600410073533|Funding Circle
10995116292889|4869236721629267282|72815945,00|1656977372859|US Bank
10995116292889|4747076581736842579|23468092,00|1619440486060|LendingPoint
4398046536233|4692188961278264660|59310280,00|1602594260891|Roofstock
2199023290681|4811534351403582805|22791876,00|1639257286266|Patch of Land
2199023290681|4800556827311867222|85579988,00|1635868407958|US Bank
2199023290681|4829267274936354135|75114944,00|1644713442031|Rocket Loans
19791209345097|4893443569626383704|42986043,00|1664446972218|American Express
17592186099545|4878525395860718937|20555005,00|1659869766417|LightStream
26388279081754|4899636019114018138|22478588,00|1666378678777|OneMain Financial
26388279081754|4883591945441510747|40038381,00|1661446246719|Chase Bank
10995116312890|4879651295767561564|11122521,00|1660248286626|BlueVine
13194139578442|4905828468601652573|94706895,00|1668261170095|RealtyMogul
13194139578442|4848407573352678750|95190442,00|1650630655756|Rocket Loans
13194139578442|4792112578010547551|27474064,00|1633275790041|LendingClub
13194139578442|4804216002009105760|70310372,00|1637069972197|Citibank
21990232610650|4914835667856393569|66564787,00|1671007488653|State Farm Bank
15393162853994|4821948925541877090|41282199,00|1642519937127|Patch of Land
8796093027339|4758898530758690147|75595338,00|1623149273782|Capital One
15131|4891191769812698468|48556992,00|1663736340826|State Farm Bank
15131|4686277986767340901|10611876,00|1600775601074|Wells Fargo
15131|4642086415423767910|43019047,00|1587219647286|LendingClub
4398046536235|4861355422281368935|5695120,00|1654571604536|OnDeck
4398046536235|4732158407971177832|13083229,00|1614880280978|OneMain Financial
4398046536235|4869799671582688617|24211756,00|1657205583173|Funding Circle
26388279111755|4892880619672962410|5698882,00|1664269875058|Citibank
13194139548444|4831237599773328747|72990851,00|1645320753103|Funding Circle
15393162813996|4814630576147400044|14407629,00|1640225608072|Peerform
15393162813996|4830393174843196781|12156302,00|1645061717115|Funding Circle
15393162813996|4913428292972840302|73501840,00|1670556879534|State Farm Bank
15393162813996|4830111699866486127|32828042,00|1644981755965|Capital One
8796093057340|4787608978383177072|61810406,00|1631896235792|Earnest
8796093057340|4919057792507053425|40652034,00|1672296757374|Peerform
8796093057340|4860229522374526322|35728833,00|1654270068942|RealtyMogul
8796093057340|4827578425076090227|5080203,00|1644203166046|Kabbage
45132|4771564904710669684|10842245,00|1626992783574|Navy Federal Credit Union
45132|4776349979314750837|44516746,00|1628504261839|Marcus by Goldman Sachs
45132|4767624255036720502|9978662,00|1625824732811|Patch of Land
19791209375100|4916805992693368183|83558520,00|1671617401936|Upstart
15393162793997|4790705203126994296|490237,00|1632898332155|Earnest
8796093037341|4797179127591339385|86361828,00|1634880813510|Prosper
8796093037341|4904421093718099322|27140895,00|1667841469950|Earnest
8796093037341|4918494842553632123|28324934,00|1672121853697|OneMain Financial
4398046556237|4818008275867927932|43838363,00|1641266713144|SunTrust
10995116332893|4895132419486647677|37912536,00|1664945706551|Bank of America
10995116332893|4776068504338040190|66360130,00|1628414723835|Fundbox
10995116332893|4859948047397815679|29114489,00|1654157614568|Wells Fargo
15393162853997|4840807748981491072|17779031,00|1648298931621|Citibank
28587302327310|4917368942646789505|99073153,00|1671814598972|Earnest
4398046526238|4891754719766119810|51259636,00|1663941501739|Prosper
28587302347310|4912302393065997699|18770300,00|1670281717733|American Express
28587302347310|4910050593252312452|39864969,00|1669511621117|Navy Federal Credit Union
28587302347310|4909487643298891141|65425480,00|1669399170166|Bank of America
28587302347310|4906109943578363270|30685432,00|1668353433429|RealtyMogul
24189255846206|4863607222095054215|9049965,00|1655290759555|TD Bank
24189255846206|4898510119207175560|74904485,00|1666037925270|SunTrust
24189255846206|4905546993624941961|88702396,00|1668168857060|Fundrise
4398046566238|4862762797164922250|9844945,00|1655026654380|Prosper
26388279141758|4890910294835987851|69502372,00|1663628190554|Best Egg
26388279141758|4919339267483764108|66438549,00|1672371440690|Wells Fargo
26388279141758|4892880619672962445|22207566,00|1664282058019|PNC Bank
6597069771791|4692188961278264718|79336358,00|1602586179393|Fundrise
6597069771791|4821385975588455823|11487779,00|1642319137506|Peerform
6597069771791|4759180005735400848|46770482,00|1623221732862|Wells Fargo
19791209325103|4896821269346911633|92574409,00|1665504893671|BlueVine
19791209325103|4917087467670078866|44253985,00|1671696221325|Patch of Land
6597069801791|4740602657272497555|75033785,00|1617447593186|Chase Bank
6597069801791|4880777195674404244|16972751,00|1660519005832|American Express
6597069801791|4831800549726750101|70581135,00|1645531798855|Navy Federal Credit Union
24189255876207|4891191769812698518|86899299,00|1663724627088|Patch of Land
24189255876207|4854600022840313239|87238257,00|1652533634905|Patch of Land
24189255876207|4872614421349795224|11993874,00|1658040136538|American Express
24189255876207|4916805992693368217|13160398,00|1671625020755|Roofstock
17592186119551|4867266396792292762|58362792,00|1656399086941|TD Bank
4398046546240|4752987556247766427|16447624,00|1621325217715|Citibank
4398046546240|4891191769812698524|86112991,00|1663743214873|Prosper
4398046546240|4749328381550527901|97996242,00|1620162258644|Kabbage
4398046546240|4767342780060009886|1296092,00|1625711213759|State Farm Bank
21990232610656|4832926449633592735|80417586,00|1645811295358|Fundbox
13194139608448|4866140496885450144|74848643,00|1656087514362|State Farm Bank
13194139608448|4808719601636476321|37463557,00|1638435195767|Discover
13194139608448|4844748398655440290|21731759,00|1649492229157|Marcus by Goldman Sachs
4398046556241|4761994755502507427|48158873,00|1624066165423|Avant
24189255886209|4901887818927703460|15899038,00|1667065327788|Upgrade
28587302347314|4912020918089287077|16960782,00|1670111931984|Upstart
28587302347314|4914554192879682982|47819931,00|1670918758065|Prosper
19791209345106|4862762797164922279|62912076,00|1654995290583|Earnest
6597069821794|4917931892600210856|72256033,00|1671996438459|Patch of Land
6597069841794|4816319426007664041|36803441,00|1640785774576|State Farm Bank
19791209305107|4822230400518587818|84607503,00|1642562267170|Prosper
19791209305107|4815475001077532075|24669498,00|1640480950459|Peerform
30786325592867|4911176493159155116|12635105,00|1669928784914|Kabbage
8796093047347|4836867099307541933|40818477,00|1647057635213|Bank of America
8796093047347|4905828468601652654|79562184,00|1668248136395|LightStream
8796093047347|4717803184158934447|19863201,00|1610506494780|Earnest
8796093047347|4785075703592781232|57568550,00|1631146151722|Navy Federal Credit Union
19791209335107|4858822147490973105|53753758,00|1653774141805|Upstart
19791209335107|4892880619672962482|24468251,00|1664254756946|Best Egg
19791209335107|4890065869905855923|68372746,00|1663429846652|Discover
19791209335107|4883310470464800180|39906406,00|1661289726149|Prosper
28587302367315|4908924693345469877|20146447,00|1669192376171|RealtyMogul
28587302367315|4907798793438627254|56081870,00|1668886623198|Marcus by Goldman Sachs
28587302367315|4899354544137307575|40147134,00|1666263054480|LightStream
28587302377315|4913428292972840376|48043855,00|1670552427390|TD Bank
28587302377315|4916243042739946937|89001098,00|1671452629725|Prosper
28587302377315|4916524517716657594|22259910,00|1671561295499|Chase Bank
13194139598451|4777757354198304187|8853721,00|1628902193801|Discover
13194139598451|4859948047397815740|72585982,00|1654192434971|SunTrust
13194139598451|4847563148422546877|92937918,00|1650335138487|Fundbox
26388279141763|4913709767949551038|15866971,00|1670684203937|US Bank
26388279081764|4903576668787967423|11236922,00|1667580313382|OneMain Financial
4398046546244|4785638653546202560|91790685,00|1631328300320|PNC Bank
4398046546244|4822511875495298497|50853756,00|1642694093515|LendingClub
4398046546244|4854600022840313282|87334904,00|1652534817322|LightStream
4398046546244|4915680092786525635|41922323,00|1671295417715|Earnest
8796093067348|4733002832901309892|62519528,00|1615162981178|US Bank
24189255876212|4869799671582688709|42540078,00|1657175082820|PNC Bank
24189255876212|4883591945441510854|57708415,00|1661417289564|SoFi
24189255876212|4903013718834546119|44130708,00|1667400171287|SunTrust
13194139608452|4891754719766119880|18859408,00|1663917508111|Navy Federal Credit Union
13194139608452|4886125220231906761|34514387,00|1662167516137|TD Bank
8796093047349|4714988434391827914|34705066,00|1609629074596|Discover
8796093047349|4740039707319076299|54810078,00|1617275066228|Patch of Land
8796093047349|4734691682761573836|14021545,00|1615667596749|US Bank
8796093047349|4779727679035278797|68403787,00|1629530625807|Capital One
4398046556245|4916243042739946958|23424411,00|1671433609472|OnDeck
4398046556245|4822230400518587855|42011814,00|1642557851400|Funding Circle
4398046556245|4915117142833104336|60922350,00|1671080045710|OneMain Financial
55141|4740884132249208273|51322332,00|1617614281067|Capital One
55141|4695285186022082002|84950980,00|1603569457875|Capital One
8796093027350|4838837424144516563|18618697,00|1647682766212|LendingPoint
8796093027350|4831237599773328852|6784133,00|1645372501258|OnDeck
8796093027350|4888939969999013333|9406831,00|1663102074751|State Farm Bank
8796093027350|4869799671582688726|99667827,00|1657216179298|Roofstock
24189255846214|4912020918089287127|9320454,00|1670145464760|SunTrust
24189255846214|4871769996419663320|59927980,00|1657770402471|American Express
24189255846214|4870925571489531353|67148794,00|1657527018768|Wells Fargo
24189255846214|4877962445907297754|92290709,00|1659730187052|OnDeck
21990232600662|4913428292972840411|31688829,00|1670607028489|Fundbox
2199023310694|4823637775402141148|95435506,00|1643010492355|SoFi
2199023310694|4884436370371642845|46715723,00|1661701746594|Rocket Loans
2199023310694|4831237599773328862|29823980,00|1645297033751|Roofstock
2199023310694|4642367890400478687|38706098,00|1587263593270|Navy Federal Credit Union
17592186109558|4881058670651114976|2224659,00|1660652214182|Citibank
17592186109558|4841652173911623137|80109757,00|1648532914178|Wells Fargo
17592186109558|4830674649819907554|32407355,00|1645165164861|Capital One
17592186109558|4915961567763236323|48433277,00|1671382632143|Funding Circle
2199023280695|4751017231410791908|70636923,00|1620669614021|LendingPoint
2199023280695|4753550506201187813|6268602,00|1621437489657|TD Bank
2199023280695|4672485712908518886|28110814,00|1596533686292|Avant
2199023280695|4663197038677067239|393665,00|1593689486631|Navy Federal Credit Union
26388279101767|4887251120138749416|71015260,00|1662573698991|RealtyMogul
2199023300695|4730469558110914025|25135054,00|1614384642611|BlueVine
2199023300695|4856007397723866602|52627558,00|1652971960611|Funding Circle
2199023300695|4759180005735400939|49466983,00|1623211306381|American Express
2199023300695|4774098179501065708|7300939,00|1627816396887|Capital One
8796093077351|4734973157738284525|89784915,00|1615727457431|OnDeck
8796093077351|4917368942646789614|60432258,00|1671765781259|Wells Fargo
2199023320695|4836304149354120687|88475414,00|1646873675259|BlueVine
2199023320695|4918494842553632240|5053732,00|1672153032896|Wells Fargo
10995116352903|4773816704524355057|39286478,00|1627683459753|OneMain Financial
10995116352903|4866140496885450226|60007337,00|1656088877959|Roofstock
10995116352903|4762276230479218163|78874177,00|1624188473542|Capital One
30786325582872|4919339267483764212|23192078,00|1672398787575|LightStream
30786325582872|4915680092786525685|54019014,00|1671269350309|Funding Circle
30786325582872|4918213367576921590|56464308,00|1672054145685|LightStream
30786325582872|4914272717902972407|49444686,00|1670851226838|SoFi
26388279081768|4899917494090728952|4566392,00|1666429890319|Chase Bank
26388279081768|4891473244789409273|62750092,00|1663820271264|LendingPoint
26388279081768|4884717845348353530|99727241,00|1661731436673|PNC Bank
6597069801800|4867829346745714171|53111662,00|1656557584193|PNC Bank
6597069801800|4749609856527238652|10797923,00|1620278366837|Kabbage
8796093077352|4860510997351237117|74529691,00|1654325082895|RealtyMogul
75144|4776631454291461630|29910673,00|1628514209867|Fundbox
75144|4918776317530342911|40769038,00|1672231515151|Roofstock
17592186049561|4810408451496740352|50755514,00|1638954722751|Roofstock
2199023270697|4670515388071544321|46235486,00|1595959427115|Roofstock
13194139568457|4836022674377410050|48477259,00|1646814744702|RealtyMogul
17592186089561|4823356300425430531|73185801,00|1642877979267|TD Bank
17592186089561|4825608100239115780|49166027,00|1643601211132|LendingPoint
8796093077353|4721180883879462405|20092536,00|1611508742368|Avant
19791209365113|4821948925541877254|83157722,00|1642484482746|TD Bank
4398046526250|4711610734671300103|75637704,00|1608593094124|RealtyMogul
10995116312906|4743980356993025544|78424105,00|1618544456060|LendingPoint
17592186089562|4826734000145958409|41674932,00|1643954687090|State Farm Bank
17592186089562|4905265518648231434|52354473,00|1668043108602|RealtyMogul
17592186089562|4912583868042708491|63222343,00|1670293655432|Kabbage
13194139598458|4853755597910181388|72103995,00|1652256545659|Peerform
6597069841802|4723432683693147661|77743673,00|1612241361208|Funding Circle
6597069841802|4845874298562283022|26650847,00|1649811441679|Upgrade
6597069841802|4867547871769003535|20412516,00|1656455617367|State Farm Bank
28587302347323|4901887818927703568|60508444,00|1667044743607|Patch of Land
15393162844011|4862762797164922385|26322361,00|1654996979280|Capital One
4398046516252|4790705203126994450|65221486,00|1632878942187|Avant
4398046516252|4755520831038162451|90560999,00|1622038172223|Discover
4398046516252|4771564904710669844|48571813,00|1626959493104|SoFi
4398046516252|4904139618741388821|69323271,00|1667752779798|Navy Federal Credit Union
8796093037356|4857414772607419926|82835749,00|1653352882058|Fundrise
8796093037356|4768750154943563287|30572345,00|1626115053783|American Express
2199023280700|4853755597910181400|6736120,00|1652213776635|State Farm Bank
2199023280700|4825889575215826457|27357187,00|1643702975813|Upstart
2199023280700|4785357178569491994|71840485,00|1631268270566|State Farm Bank
2199023280700|4916524517716657691|48395234,00|1671563694520|Upgrade
30786325612876|4919620742460474908|33338595,00|1672526738618|Upstart
30786325612876|4919339267483764253|50143924,00|1672425958331|Navy Federal Credit Union
30786325612876|4917650417623500318|65635728,00|1671905146250|Earnest
21990232600668|4916243042739947039|20880724,00|1671461315797|Fundbox
21990232600668|4915117142833104416|43347488,00|1671119037039|Upstart
21990232600668|4911457968135865889|85259581,00|1670019059005|Rocket Loans
21990232600668|4890910294835988002|6486092,00|1663652909602|Citibank
19791209355116|4892317669719541283|73653436,00|1664091201829|Marcus by Goldman Sachs
19791209355116|4868110821722424868|15337275,00|1656650985128|US Bank
26388279141772|4890347344882566693|24286760,00|1663470765387|Rocket Loans
26388279141772|4904421093718099494|49183340,00|1667818222728|Fundbox
26388279141772|4917087467670079015|54367980,00|1671739844825|LendingClub
26388279141772|4918776317530342952|855193,00|1672210483076|American Express
15393162804013|4884436370371642921|73877239,00|1661705358745|Funding Circle
15393162804013|4919057792507053610|20364547,00|1672351450478|OnDeck
2199023280701|4807875176706344491|20307660,00|1638157933154|Fundbox
2199023280701|4767061305083299372|23894562,00|1625601902991|LightStream
2199023280701|4722306783786305069|80551288,00|1611846307679|Best Egg
2199023280701|4852629698003338798|53900149,00|1651875873693|LendingClub
8796093057357|4819134175774770735|54904459,00|1641587135680|SunTrust
8796093057357|4797742077544760880|26386929,00|1635051832208|Upgrade
8796093057357|4831800549726750257|80322662,00|1645522500145|Roofstock
8796093057357|4822793350472009266|69699149,00|1642723588700|SoFi
28587302397325|4918213367576921651|79310608,00|1672064528153|Peerform
28587302397325|4903295193811256884|395512,00|1667440091176|TD Bank
2199023260702|4690781586394711605|69851754,00|1602218201026|SunTrust
2199023260702|4694722236068660790|80252587,00|1603372457744|LendingPoint
2199023260702|4766216880153167415|93280511,00|1625326801167|American Express
2199023260702|4764809505269614136|83881460,00|1624920357064|SunTrust
30786325632878|4918776317530342969|88576141,00|1672242836057|Citibank
10995116352910|4836585624330831418|47767356,00|1646986152400|Fundbox
10995116352910|4845592823585572411|43825719,00|1649761932360|Roofstock
10995116352910|4914554192879683132|88995209,00|1670898323596|Wells Fargo
10995116352910|4765090980246324797|96869995,00|1625027123128|Patch of Land
21990232560671|4835459724423988798|83315556,00|1646670927546|Peerform
21990232560671|4888377020045592127|39214296,00|1662901788550|Patch of Land
15151|4633079216169027136|22592058,00|1584451095310|Citibank
8796093047359|4912020918089287233|35155108,00|1670151219859|Discover
8796093047359|4787327503406466626|14038075,00|1631872951969|US Bank
8796093047359|4731876932994467395|15449639,00|1614786900182|Upstart
8796093047359|4900198969067439684|64923901,00|1666509214278|Rocket Loans
10995116322911|4854318547863602757|67218017,00|1652423261536|LendingPoint
10995116322911|4734128732808152646|83070808,00|1615477561577|Navy Federal Credit Union
10995116322911|4776068504338040391|18213379,00|1628351792034|Peerform
24189255866223|4895976844416779848|74658819,00|1665221184671|BlueVine
17592186119567|4913709767949551177|44303215,00|1670654313509|American Express
17592186119567|4827578425076090442|6901699,00|1644203798454|State Farm Bank
17592186119567|4838274474191095371|21259440,00|1647502720073|Rocket Loans
17592186119567|4852348223026628172|19840639,00|1651821123544|SunTrust
21990232560672|4834896774470567501|25110396,00|1646482029047|Peerform
21990232560672|4904139618741388878|94946563,00|1667688555815|US Bank
8796093047360|4875710646093612623|8366282,00|1658996354635|Bank of America
2199023290704|4856851822653998672|746837,00|1653197961446|Discover
2199023290704|4890347344882566737|29186280,00|1663467771403|Wells Fargo
2199023290704|4651938039608641106|24125761,00|1590287898261|SoFi
13194139578464|4790986678103705171|737757,00|1632973549759|Fundbox
13194139578464|4865577546932029012|12169943,00|1655842447315|BlueVine
19791209355120|4845029873632151125|85387960,00|1649556046038|Earnest
19791209355120|4823919250378851926|13989681,00|1643081413357|PNC Bank
65152|4819415650751481431|4846227,00|1641742033795|LendingClub
65152|4807593701729633880|58351846,00|1638031800926|Best Egg
65152|4763965080339482201|20964495,00|1624660400840|Bank of America
65152|4705699760160376410|82203170,00|1606794159002|Kabbage
4398046586256|4886406695208617563|11059262,00|1662260026774|LendingClub
8796093027361|4725403008530122332|95938488,00|1612805150346|Citibank
6597069781809|4695566660998792797|42469510,00|1603672600307|US Bank
6597069781809|4779446204058568286|93052807,00|1629398622406|Navy Federal Credit Union
6597069781809|4803934527032395359|69909550,00|1636903935439|LightStream
6597069781809|4918213367576921696|58788469,00|1672039150797|Marcus by Goldman Sachs
26388279091777|4913709767949551201|67089592,00|1670697836110|Capital One
13194139568465|4824763675308983906|23506320,00|1643370855168|Wells Fargo
4398046556257|4725684483506832995|44553088,00|1612930040684|PNC Bank
17592186099569|4797460602568050276|74487067,00|1634920489982|BlueVine
17592186099569|4871207046466242149|63493036,00|1657575034602|American Express
17592186099569|4891473244789409382|79463441,00|1663832790026|Peerform
26388279131777|4880214245720983143|64095268,00|1660402140657|Bank of America
13194139538466|4875429171116901992|44385890,00|1658931008180|LightStream
13194139538466|4781979478848964201|87252863,00|1630168939242|Fundbox
13194139538466|4832926449633592938|87621380,00|1645854795936|Upgrade
10995116302914|4779727679035278955|72656137,00|1629476071468|RealtyMogul
10995116302914|4829830224889775724|37291370,00|1644886489960|Avant
10995116302914|4808438126659765869|18966909,00|1638334826260|American Express
10995116302914|4741165607225919086|52502027,00|1617702415371|SoFi
28587302357330|4909206168322180719|15030391,00|1669289370861|Roofstock
6597069821810|4769594579873695344|91818432,00|1626377706533|BlueVine
6597069821810|4857977722560841329|25152348,00|1653579422121|Funding Circle
6597069821810|4783949803685938802|89917805,00|1630789460098|Roofstock
6597069821810|4778038829175015027|42298200,00|1628955156018|LendingClub
13194139598466|4765653930199746164|56937520,00|1625178398117|American Express
13194139598466|4832644974656882293|92389606,00|1645753203455|LightStream
13194139598466|4903295193811256950|90184786,00|1667492728507|Upgrade
13194139598466|4801119777265288823|45234067,00|1636116486997|US Bank
2199023330706|4721180883879462520|17226244,00|1611529938845|Marcus by Goldman Sachs
2199023330706|4895695369440069241|80464417,00|1665149661432|Peerform
2199023330706|4654752789375747706|42741194,00|1591116738388|State Farm Bank
2199023330706|4909206168322180731|27813575,00|1669323309250|OnDeck
28587302327331|4916243042739947132|25792762,00|1671434206765|Roofstock
28587302327331|4916805992693368445|37968412,00|1671624257321|RealtyMogul
28587302327331|4907235843485206142|39558039,00|1668725139480|OneMain Financial
28587302327331|4911457968135865983|36143009,00|1669948755095|BlueVine
35155|4857414772607420032|64025219,00|1653344114418|Chase Bank
28587302367331|4918494842553632385|13467240,00|1672115400519|PNC Bank
13194139588467|4893443569626384002|74910602,00|1664454185570|LightStream
13194139588467|4896821269346911875|28307352,00|1665488813955|Chase Bank
13194139588467|4877399495953876612|18185936,00|1659524564663|Wells Fargo
13194139588467|4909487643298891397|4428027,00|1669343201467|Discover
10995116342915|4874584746186770054|390225,00|1658623693852|SoFi
10995116342915|4778038829175015047|18572023,00|1628955193539|BlueVine
21990232560676|4893443569626384008|24711671,00|1664419063539|Patch of Land
30786325592884|4918776317530343049|58569859,00|1672203340128|Funding Circle
30786325592884|4919339267483764362|37201056,00|1672421628157|Upgrade
17592186079572|4883873420418221707|28200364,00|1661509185368|TD Bank
17592186079572|4794082902847522444|50837933,00|1633921281573|Navy Federal Credit Union
17592186079572|4803090102102263437|69958340,00|1636706946730|LendingClub
24189255856228|4897384219300333198|71213036,00|1665640507569|Chase Bank
24189255856228|4862199847211501199|4109179,00|1654813816934|LendingPoint
24189255856228|4906954368508495504|15089341,00|1668597983174|Best Egg
17592186099572|4903295193811256977|65912504,00|1667514168293|American Express
17592186099572|4848970523306100370|13421358,00|1650758778958|LendingPoint
17592186099572|4895976844416779923|48007721,00|1665193732293|Navy Federal Credit Union
17592186099572|4848689048329389716|96376934,00|1650700250169|Peerform
21990232630676|4858822147490973333|26669702,00|1653769160486|LendingClub
21990232630676|4839681849074648726|20834762,00|1647897490679|Capital One
21990232630676|4856007397723866775|52997962,00|1652909795014|Fundbox
21990232630676|4837430049260963480|9568356,00|1647203784212|Capital One
28587302327333|4906391418555074201|55838769,00|1668419106450|SunTrust
28587302327333|4917650417623500442|13600585,00|1671911726071|Bank of America
28587302327333|4907798793438627483|45062004,00|1668819284135|American Express
28587302327333|4914835667856393884|6863530,00|1671029833446|Bank of America
28587302357333|4911457968135866013|89613403,00|1669976717168|American Express
28587302357333|4902450768881125022|56361287,00|1667173347577|Peerform
8796093067365|4712173684624721567|2944419,00|1608764899969|Kabbage
8796093067365|4794364377824233120|69630975,00|1634029758837|Navy Federal Credit Union
8796093067365|4817445325914506913|67600663,00|1641131585411|US Bank
65157|4702603535416559266|67059626,00|1605837028603|Prosper
65157|4907235843485206179|96045334,00|1668710366054|Upstart
65157|4917650417623500452|48957586,00|1671859323165|TD Bank
8796093097365|4717803184158934693|18628939,00|1610508498847|Roofstock
8796093097365|4803371577078974118|19555485,00|1636791132590|Roofstock
8796093097365|4745950681830000295|63187095,00|1619122032842|OneMain Financial
8796093097365|4880495720697693864|36300826,00|1660470569905|SoFi
8796093027366|4807593701729633961|67106804,00|1638031031406|Kabbage
2199023290710|4918776317530343082|64057481,00|1672236136399|State Farm Bank
2199023310710|4703447960346691243|79968360,00|1606069504412|Upgrade
21990232630678|4888095545068881580|84193071,00|1662765189865|Upgrade
21990232630678|4896258319393490605|34234740,00|1665327088417|OneMain Financial
21990232630678|4905265518648231598|75126207,00|1668041132762|SunTrust
28587302337335|4912020918089287343|91227033,00|1670114437559|Peerform
17592186069575|4860229522374526640|72265087,00|1654215436866|TD Bank
17592186069575|4852066748049917617|56669958,00|1651772278794|SunTrust
17592186069575|4879369820790851250|91138740,00|1660162361957|OneMain Financial
10995116312919|4913709767949551283|59250390,00|1670633535930|Chase Bank
10995116312919|4859666572421105332|47156574,00|1654059907159|RealtyMogul
10995116312919|4893725044603094709|19037602,00|1664533286176|Fundrise
13194139598471|4805904851869370038|2669561,00|1637554166836|OnDeck
17592186119575|4827015475122669239|48143740,00|1644016535825|Chase Bank
30786325582888|4918213367576921784|4469277,00|1672032771650|Chase Bank
30786325582888|4914835667856393913|76506524,00|1671059384485|LendingPoint
30786325582888|4915117142833104570|78063926,00|1671138883952|Earnest
8796093047368|4882747520511379131|59951692,00|1661171396675|Peerform
8796093047368|4722306783786305212|18137701,00|1611890936369|Avant
8796093047368|4880214245720983229|31170599,00|1660403167683|SunTrust
8796093047368|4892317669719541438|40631096,00|1664065839978|State Farm Bank
28587302357336|4910050593252312767|76810880,00|1669546476195|Fundrise
6597069821816|4734128732808152768|57103831,00|1615459029241|OnDeck
24189255876232|4874021796233348801|5763731,00|1658465237392|Rocket Loans
24189255876232|4874866221163480770|93114075,00|1658776963778|Rocket Loans
21990232630680|4831237599773329091|92601077,00|1645334629341|LightStream
15393162794025|4806749276799502020|96525732,00|1637788705554|Peerform
21990232570681|4859666572421105349|3022157,00|1654071729318|LendingClub
21990232570681|4915680092786525894|15056758,00|1671258746264|Bank of America
21990232570681|4855162972793734855|17653438,00|1652652246379|OneMain Financial
21990232570681|4861918372234790600|84789290,00|1654770243155|Kabbage
4398046536265|4706825660067219145|59805176,00|1607150060900|Chase Bank
10995116312921|4754113456154609354|27067060,00|1621670500834|Discover
10995116312921|4834615299493856971|81119143,00|1646336541182|Patch of Land
4398046556265|4843903973725308620|22382157,00|1649183274162|Bank of America
4398046556265|4868955246652557005|69634306,00|1656964574374|Patch of Land
4398046556265|4877962445907297998|84299534,00|1659654060202|OneMain Financial
21990232620681|4848970523306100431|36632278,00|1650796965704|Best Egg
25162|4899917494090729168|84099674,00|1666455742948|Peerform
25162|4650249189748377297|30832429,00|1589689337347|Kabbage
25162|4699788785649452754|57102971,00|1604951787974|Earnest
25162|4714144009461696211|21152273,00|1609378943174|OnDeck
28587302357338|4915680092786525908|47338457,00|1671270454267|Kabbage
19791209345130|4868955246652557013|38425254,00|1656906269374|Upgrade
19791209345130|4818571225821349590|56791871,00|1641412583004|RealtyMogul
19791209345130|4896821269346911959|41239664,00|1665447762349|Fundbox
19791209355130|4908080268415338200|25625791,00|1668911507473|BlueVine
19791209355130|4822793350472009433|79854068,00|1642762859793|Chase Bank
17592186119578|4915398617809815258|46061893,00|1671186107259|State Farm Bank
2199023260715|4776912929268172507|37037184,00|1628606639809|Roofstock
28587302337339|4911457968135866076|27160080,00|1669946447239|Fundrise
65163|4790423728150283997|50477802,00|1632773083294|SunTrust
65163|4731876932994467550|98973255,00|1614829089858|OnDeck
65163|4834615299493856991|16571953,00|1646368671094|Bank of America
65163|4683744711976945376|49789073,00|1600013144178|SunTrust
19791209315132|4814067626193979105|24033641,00|1640062044611|Funding Circle
19791209315132|4898791594183886562|31958970,00|1666093807632|TD Bank
19791209315132|4858259197537552099|5017213,00|1653608941086|American Express
8796093047372|4721462358856173284|83525370,00|1611572340640|Fundrise
8796093047372|4917931892600211173|95618277,00|1671986902058|Marcus by Goldman Sachs
8796093047372|4751580181364213478|40901783,00|1620859802553|Bank of America
19791209345132|4891473244789409511|83186726,00|1663860785567|SunTrust
19791209345132|4814912051124111080|80871770,00|1640343121143|RealtyMogul
19791209345132|4830674649819907817|90709329,00|1645160869160|US Bank
6597069821820|4685433561837209322|40443011,00|1600497778664|Bank of America
6597069821820|4741165607225919211|22725322,00|1617631633357|Citibank
6597069821820|4863044272141633260|68103302,00|1655075863675|Discover
6597069831820|4775224079407908589|49009177,00|1628146780584|Upgrade
6597069831820|4835459724423988974|16590864,00|1646625446579|OnDeck
6597069831820|4748765431597106927|21971573,00|1619976788067|Patch of Land
21990232630684|4910613543205734128|33850042,00|1669748550935|Best Egg
21990232630684|4894006519579805425|66930829,00|1664575516874|RealtyMogul
21990232630684|4884999320325064434|75279148,00|1661887037154|Fundbox
21990232630684|4873177371303216883|80881236,00|1658202721775|Prosper
24189255816237|4876273596047034100|69844144,00|1659195340357|Roofstock
28587302337341|4899073069160597237|60821733,00|1666166565746|Roofstock
26388279091789|4915117142833104630|91369383,00|1671101400016|PNC Bank
4398046546269|4912020918089287415|52242689,00|1670118443069|Best Egg
10995116352925|4803934527032395512|10181981,00|1636902660664|OnDeck
10995116352925|4866140496885450489|64460550,00|1656054540647|Funding Circle
10995116352925|4851785273073207034|7817731,00|1651632178365|Chase Bank
2199023260718|4912865343019419387|71493584,00|1670381055676|RealtyMogul
15393162814030|4867547871769003772|52901736,00|1656519420366|Roofstock
15393162814030|4888377020045592317|71858495,00|1662857352919|Capital One
15393162814030|4829548749913065214|39979844,00|1644793483486|Fundbox
13194139568478|4897102744323622655|38084693,00|1665597385604|OneMain Financial
13194139568478|4895413894463358720|78119623,00|1665086545325|LightStream
24189255876238|4917650417623500545|75311328,00|1671914577060|Wells Fargo
24189255876238|4865014596978607874|27138870,00|1655733079493|SunTrust
13194139538479|4880495720697693955|60907215,00|1660481123770|Chase Bank
17592186079583|4813786151217268484|65532834,00|1639986787321|PNC Bank
28587302367343|4899917494090729221|33279112,00|1666459558397|OnDeck
26388279131791|4900198969067439878|66963720,00|1666545598428|US Bank
19791209325136|4919339267483764487|80092552,00|1672409216093|Peerform
19791209325136|4916524517716657928|11621993,00|1671529670529|Upgrade
19791209325136|4813504676240557833|57794652,00|1639876445825|Capital One
19791209325136|4846437248515704586|43042112,00|1649997771409|American Express
35168|4887251120138749707|97951290,00|1662556875986|Chase Bank
35168|4751580181364213516|61562400,00|1620817872280|SoFi
10995116352928|4837148574284252941|21071682,00|1647155807649|Avant
10995116352928|4763683605362771726|47530248,00|1624610105424|Earnest
10995116352928|4889784394929145615|98818392,00|1663341506955|Capital One
10995116282929|4848689048329389840|4859789,00|1650678752149|Funding Circle
13194139548481|4811815826380293905|29694250,00|1639362118763|Bank of America
13194139548481|4876555071023744786|27694601,00|1659298935358|Discover
8796093047377|4838837424144516883|4458538,00|1647627519401|Capital One
21990232590689|4869236721629267732|243591,00|1657015667923|Capital One
21990232590689|4874021796233348885|75026564,00|1658463212790|Navy Federal Credit Union
21990232590689|4861073947304658710|62488572,00|1654464974848|Discover
21990232590689|4916524517716657943|54145616,00|1671517801070|Avant
19791209345137|4860792472327948056|30903017,00|1654431667216|BlueVine
19791209345137|4834333824517146393|3840488,00|1646252833657|Rocket Loans
19791209345137|4859948047397816090|51260341,00|1654121648240|State Farm Bank
19791209345137|4914554192879683355|5689511,00|1670958657260|Funding Circle
6597069821825|4797742077544761116|60844898,00|1635016783908|Capital One
26388279131793|4888095545068881693|54199119,00|1662790993787|Upstart
17592186119585|4834333824517146398|71779246,00|1646278547391|OneMain Financial
17592186119585|4870925571489531679|79875356,00|1657564291402|Avant
17592186119585|4915398617809815328|43485013,00|1671196312512|OneMain Financial
28587302327346|4908643218368759585|28881070,00|1669154269516|LendingPoint
28587302327346|4912865343019419426|24851935,00|1670382246926|Roofstock
28587302327346|4908361743392048931|95939931,00|1668992117026|Funding Circle
2199023280722|4693596336161818404|38902928,00|1603022627402|Prosper
2199023280722|4763402130386061093|83332896,00|1624472611668|PNC Bank
2199023280722|4633079216169027366|94622712,00|1584455883169|Patch of Land
2199023280722|4858822147490973479|22235410,00|1653843861959|Citibank
15393162834034|4804216002009106216|80445593,00|1637024647063|Wells Fargo
15393162834034|4843059548795176745|39795663,00|1649004261986|Citibank
26388279141794|4897384219300333354|54270641,00|1665692309795|Kabbage
10995116292931|4917368942646789931|56886327,00|1671800117698|RealtyMogul
10995116292931|4906109943578363692|73623333,00|1668373972723|Kabbage
10995116292931|4820823025635034925|67173519,00|1642118005290|Kabbage
24189255836243|4905546993624942382|82440121,00|1668164609390|Fundrise
8796093067379|4749328381550528303|10841026,00|1620195282646|Fundrise
10995116332931|4872051471396374320|91918834,00|1657848652066|SoFi
10995116332931|4875710646093612849|15454007,00|1658990836050|State Farm Bank
10995116332931|4892599144696252210|77327818,00|1664196968606|Fundbox
10995116342931|4861355422281369395|61901256,00|1654559946494|Bank of America
15393162804036|4812660251310425908|2611044,00|1639625405433|Kabbage
15393162814036|4889784394929145653|72264029,00|1663361394714|Peerform
4398046556276|4850940848143075126|53772702,00|1651351004477|Bank of America
4398046556276|4752706081271056183|37394326,00|1621239402063|OneMain Financial
4398046556276|4724558583599990584|1588877,00|1612568268459|Capital One
4398046556276|4803371577078974265|32216396,00|1636793646093|LightStream
21990232620692|4865014596978607930|93275675,00|1655740082567|Fundbox
21990232620692|4912302393065998139|36375414,00|1670232548947|Citibank
10995116282933|4775505554384619324|62588181,00|1628252732216|TD Bank
24189255826245|4903295193811257149|82990133,00|1667479901472|Patch of Land
24189255826245|4904139618741389118|1447865,00|1667731494651|Bank of America
24189255826245|4866703446838871871|46985521,00|1656202937840|American Express
24189255826245|4900480444044150592|59462970,00|1666635495784|Fundbox
2199023280725|4686277986767341377|89234047,00|1600779709765|Capital One
2199023280725|4758335580805269314|60760869,00|1622904667149|Best Egg
2199023280725|4844185448702019395|27604129,00|1649344542819|Patch of Land
17592186079589|4847563148422547268|74011964,00|1650312600530|Rocket Loans
28587302377349|4910050593252312901|62603406,00|1669590388193|Patch of Land
15393162794038|4869518196605978438|52831762,00|1657134539086|Earnest
15393162794038|4911739443112576839|80511801,00|1670090104594|Upgrade
15393162794038|4861636897258080072|78242266,00|1654645676808|State Farm Bank
15174|4696974035882346313|31955180,00|1604082549039|Upgrade
15174|4832082024703461194|76376996,00|1645604419340|SunTrust
15174|4752424606294345547|23713952,00|1621084662907|TD Bank
15174|4637582815796397900|88788642,00|1585872088265|American Express
24189255846246|4889784394929145677|69418768,00|1663297413822|Rocket Loans
26388279131798|4900761919020861262|6638319,00|1666683847434|Rocket Loans
26388279131798|4888939969999013711|12143248,00|1663045195771|Wells Fargo
26388279131798|4894569469533226832|91078976,00|1664828577729|American Express
26388279131798|4888939969999013713|15440055,00|1663071360489|BlueVine
2199023330726|4851503798096496466|9908129,00|1651550799455|Earnest
19791209305143|4872614421349795667|67235968,00|1658074061667|OneMain Financial
19791209305143|4849251998282811220|83560440,00|1650898406507|Peerform
28587302337351|4914272717902972757|14998764,00|1670853179814|Kabbage
28587302337351|4913991242926262102|19005538,00|1670786436508|Best Egg
28587302337351|4918213367576921943|22022497,00|1672052472979|Citibank
28587302337351|4919620742460475224|47451997,00|1672508082738|American Express
6597069791831|4740602657272498009|52321184,00|1617488026249|Citibank
13194139568487|4907517318461917018|68850242,00|1668768259108|US Bank
21990232630695|4906391418555074395|76527113,00|1668388076840|State Farm Bank
21990232630695|4875147696140191580|66882318,00|1658829944120|American Express
21990232630695|4885562270278485853|48295220,00|1662004850644|Kabbage
15393162794040|4872614421349795678|30521464,00|1658067817648|Best Egg
15393162794040|4858259197537552223|22566149,00|1653626948275|Discover
15393162794040|4816600900984375136|44121624,00|1640834732937|Navy Federal Credit Union
15393162794040|4890347344882567009|97018544,00|1663516760729|Navy Federal Credit Union
24189255826248|4874021796233348962|4036835,00|1658492320444|Kabbage
24189255826248|4907798793438627683|55917771,00|1668883871125|Funding Circle
24189255826248|4866984921815582564|36072636,00|1656299453717|LendingClub
24189255826248|4906391418555074405|48335212,00|1668430851097|SunTrust
17592186069592|4852629698003339110|26157374,00|1651947928792|Kabbage
28587302357352|4896539794370201447|96368181,00|1665389777856|LendingClub
28587302357352|4903576668787967848|59382007,00|1667571571207|Avant
15393162834040|4832644974656882537|12908872,00|1645772638695|Upstart
13194139588488|4776349979314751338|11606349,00|1628438044572|LendingClub
65176|4698099935789188971|43885908,00|1604442838828|Avant
65176|4893162094649673580|43642505,00|1664328064653|Upgrade
17592186069593|4825045150285694829|48765592,00|1643396990665|OnDeck
17592186069593|4892880619672962926|79313538,00|1664229484567|PNC Bank
28587302367353|4913991242926262127|88327810,00|1670770842884|SunTrust
21990232610697|4853755597910181744|18237187,00|1652291577796|Avant
21990232610697|4864170172048476017|54952864,00|1655450367827|SoFi
8796093087385|4894006519579805554|34318254,00|1664653497830|Citibank
10995116352937|4740884132249208691|22665207,00|1617587644565|Kabbage
10995116352937|4769313104896984948|97362636,00|1626282567686|Kabbage
10995116282938|4752706081271056245|28518491,00|1621209101859|Upgrade
10995116282938|4865859021908739958|92930447,00|1655947490255|Roofstock
10995116282938|4837711524237674359|33090632,00|1647315549316|Roofstock
10995116282938|4869799671582689144|45840189,00|1657193813225|Fundrise
15393162804042|4886969645162039161|38255808,00|1662420473533|Fundrise
17592186069594|4909769118275602298|14116063,00|1669481624156|Peerform
17592186069594|4914835667856394107|62410407,00|1671060290610|TD Bank
17592186079594|4814630576147400572|83138933,00|1640240685813|Upgrade
17592186079594|4917087467670079357|93386085,00|1671721449327|Chase Bank
45178|4671359813001676670|41246829,00|1596212513519|Earnest
45178|4914835667856394111|53150346,00|1670993704072|LendingClub
45178|4734691682761574272|71491981,00|1615638688990|LightStream
45178|4807312226752923521|87589298,00|1637947836465|OnDeck
15393162844042|4803371577078974338|37740602,00|1636771995822|Rocket Loans
15393162844042|4788734878290020227|65083972,00|1632297392273|Roofstock
8796093097386|4875429171116902276|45568550,00|1658925905503|Fundbox
15393162794043|4809001076613187461|95682929,00|1638468506132|Roofstock
15393162794043|4899917494090729350|47308353,00|1666435104171|Upstart
15393162794043|4829830224889776007|17310386,00|1644864284392|Peerform
26388279081803|4876836546000455560|10255758,00|1659338956049|Upgrade
26388279091803|4896821269346912137|15236821,00|1665440212719|US Bank
26388279091803|4904421093718099850|14543764,00|1667842406902|Kabbage
26388279091803|4890910294835988363|30988308,00|1663665152727|Capital One
26388279091803|4896539794370201484|21434850,00|1665382022845|American Express
45179|4732721357924599693|81603172,00|1615029317413|Upgrade
45179|4798586502474893198|62777921,00|1635283706949|Upstart
45179|4805904851869370255|28432981,00|1637558522044|Fundrise
30786325632907|4917650417623500688|68823469,00|1671925046513|Chase Bank
30786325632907|4917087467670079377|62725923,00|1671690096356|Patch of Land
30786325632907|4917368942646790034|1854147,00|1671832562297|Best Egg
30786325632907|4918494842553632659|37891609,00|1672156845197|SoFi
30786325642907|4915680092786526100|33546463,00|1671247504731|Kabbage
21990232560700|4891754719766120341|38648668,00|1663895141506|TD Bank
21990232570700|4875147696140191638|7505253,00|1658833656280|Chase Bank
28587302377356|4916243042739947415|78205667,00|1671439023990|American Express
28587302377356|4895413894463358872|44891657,00|1665012309477|RealtyMogul
24189255876252|4914554192879683481|22961758,00|1670918211197|Roofstock
24189255876252|4910895018182444954|49110369,00|1669814088614|LendingPoint
26388279141804|4906954368508495771|55201568,00|1668585335892|Peerform
26388279141804|4918494842553632668|2637636,00|1672148834133|Bank of America
26388279141804|4900198969067440029|75285346,00|1666559058720|Marcus by Goldman Sachs
6597069781837|4813786151217268638|19514103,00|1639991644414|Peerform
10995116302941|4826171050192537503|73587475,00|1643785706642|Upstart
8796093077389|4707951559974061984|67831553,00|1607495431125|Discover
6597069771838|4903576668787967905|1787893,00|1667544007227|LendingClub
6597069771838|4736662007598548898|64786553,00|1616294596431|Marcus by Goldman Sachs
6597069771838|4870644096512821155|8325726,00|1657428643406|Avant
2199023300734|4746795106760132516|81865435,00|1619360156340|OnDeck
2199023300734|4662352613746935717|96015542,00|1593406587702|Upstart
2199023300734|4727654808343807910|19018435,00|1613495651060|Funding Circle
2199023310734|4826452525169248167|32263785,00|1643866350501|Avant
2199023310734|4685715036813920168|82352105,00|1600606407510|SoFi
2199023310734|4769031629920274345|41745630,00|1626223975911|Chase Bank
2199023310734|4676426362582468522|70086584,00|1597745206445|Prosper
19791209375150|4905546993624942507|5681075,00|1668152118957|Kabbage
19791209375150|4895695369440069548|99358495,00|1665144435835|LightStream
19791209375150|4911739443112576941|52922679,00|1670031534360|Roofstock
19791209375150|4861355422281369518|46007447,00|1654629020895|Kabbage
25183|4652782464538773423|68487586,00|1590504232186|LendingPoint
25183|4830956124796618672|88813012,00|1645229075035|Citibank
21990232620703|4908643218368759729|57083195,00|1669123777741|American Express
21990232620703|4851503798096496562|4773116,00|1651557650482|Wells Fargo
15393162864047|4780009154011989939|35731832,00|1629556591895|Navy Federal Credit Union
15393162864047|4769031629920274356|73721135,00|1626200732389|Citibank
15393162864047|4768468679966853045|61072522,00|1626048388217|Rocket Loans
15393162864047|4917650417623500726|51749219,00|1671865142120|Fundrise
19791209305152|4836585624330831799|83657156,00|1646938477103|LendingClub
19791209305152|4840807748981491640|12255962,00|1648278400044|Best Egg
19791209305152|4897102744323622841|73079655,00|1665558891026|Fundrise
19791209305152|4860510997351237562|51321624,00|1654288920058|Capital One
4398046526288|4725684483506833339|42124290,00|1612937923408|Prosper
4398046526288|4858822147490973628|23969289,00|1653799702160|Citibank
4398046526288|4737506432528680893|25059760,00|1616554992191|TD Bank
4398046526288|4792112578010548158|69961498,00|1633282163320|Discover
15393162844048|4763402130386061247|27778080,00|1624486105322|Best Egg
28587302387360|4900198969067440064|55708564,00|1666481077145|OnDeck
13194139608496|4883028995488090049|59010536,00|1661271251961|BlueVine
24189255816257|4919057792507054018|2350414,00|1672295396753|LendingClub
24189255816257|4895695369440069571|78540254,00|1665104628844|Earnest
24189255816257|4856851822653999044|80017295,00|1653200412305|Discover
6597069781841|4792675527963969477|51764882,00|1633494069653|Rocket Loans
6597069781841|4819978600704903110|43723039,00|1641860503829|Fundbox
6597069781841|4772127854664091591|85480482,00|1627151238935|Funding Circle
19791209325153|4852066748049917896|90278459,00|1651694254007|Wells Fargo
19791209325153|4832082024703461321|49758876,00|1645556618715|LightStream
19791209325153|4886125220231907274|67951202,00|1662167525024|Chase Bank
19791209325153|4854600022840313803|12515061,00|1652485289871|Kabbage
21990232600705|4919620742460475340|22872421,00|1672465242571|PNC Bank
21990232600705|4911739443112576973|6806326,00|1670068357555|Bank of America
21990232600705|4852066748049917902|65572008,00|1651692975718|SunTrust
24189255876257|4882466045534668751|57248157,00|1661047360638|Avant
24189255876257|4888377020045592528|4634060,00|1662857510103|Fundrise
28587302327362|4904702568694810577|43226317,00|1667904084521|Discover
28587302337362|4897665694277044178|8240509,00|1665725487656|Citibank
28587302337362|4903858143764678611|94924647,00|1667622705818|Upgrade
28587302337362|4911176493159155668|59284816,00|1669878094094|Upgrade
17592186079602|4836022674377410517|58379129,00|1646797740035|Best Egg
17592186079602|4828704324982933462|61928558,00|1644571158846|RealtyMogul
17592186079602|4866703446838872023|16865696,00|1656262050837|Marcus by Goldman Sachs
17592186079602|4862762797164922840|64584390,00|1655047873761|Bank of America
6597069811842|4773816704524355545|55995055,00|1627701161623|LightStream
6597069811842|4697818460812478426|8440248,00|1604317583268|State Farm Bank
6597069811842|4830111699866486747|52437313,00|1644983214325|Citibank
4398046576290|4819697125728192476|73257304,00|1641830313171|TD Bank
4398046576290|4809845501543319517|96644548,00|1638782485807|Fundrise
4398046576290|4686559461744052190|73122202,00|1600881169370|LendingClub
4398046576290|4704573860253534175|70085125,00|1606393506808|Funding Circle
55187|4760587380618954720|25807145,00|1623609582300|SoFi
19791209365155|4917650417623500769|58260847,00|1671893215169|Patch of Land
19791209365155|4864170172048476130|33506076,00|1655458923069|Upstart
5188|4880214245720983523|18419225,00|1660360089028|Citibank
5188|4725403008530122724|66401654,00|1612816880239|Fundbox
6597069781844|4815475001077532645|57385800,00|1640493763714|Upgrade
8796093047396|4725684483506833382|65259449,00|1612895652212|Patch of Land
8796093047396|4843059548795176935|73496543,00|1648932021694|Fundrise
17592186079604|4876273596047034344|25953336,00|1659209604209|SoFi
17592186079604|4804497476985817065|68003347,00|1637136210184|Capital One
17592186079604|4918213367576922090|4126168,00|1672048255111|LightStream
17592186079604|4890628819859277803|77714718,00|1663556845401|LendingPoint
19791209345156|4828704324982933484|66201174,00|1644524998788|Upgrade
6597069831844|4868955246652557293|86251028,00|1656880016326|Earnest
6597069831844|4773535229547644910|82979193,00|1627588668681|Avant
2199023260741|4689655686487869423|71648057,00|1601837404873|Bank of America
2199023260741|4764528030292903920|31066696,00|1624864536840|State Farm Bank
30786325602917|4918494842553632753|49320494,00|1672109046123|American Express
30786325602917|4916243042739947506|65207946,00|1671468524827|Best Egg
2199023290741|4863888697071765491|5275834,00|1655347379320|American Express
2199023290741|4678115212442732532|53349046,00|1598263578787|RealtyMogul
2199023290741|4901887818927704053|18320652,00|1667039975270|Kabbage
13194139578501|4890628819859277814|548761,00|1663581994591|Fundrise
55189|4890628819859277815|30128571,00|1663575257567|LightStream
55189|4634768066029291512|88586718,00|1584946139630|Wells Fargo
15393162794054|4850096423212943353|19221210,00|1651104828311|State Farm Bank
26388279081814|4883873420418222074|7824788,00|1661487750895|Rocket Loans
26388279081814|4910895018182445051|41543649,00|1669787785569|LendingPoint
26388279081814|4876555071023745020|16943253,00|1659287766482|Fundbox
26388279081814|4913709767949551613|28886977,00|1670643717735|Wells Fargo
8796093057398|4810971401450162174|63409516,00|1639076104370|Roofstock
45190|4728499233273939967|24616486,00|1613794491733|LightStream
45190|4797179127591340032|9541701,00|1634911169588|Chase Bank
45190|4761150330572376065|41788029,00|1623810383269|Patch of Land
21990232610710|4847563148422547458|55086328,00|1650335703893|Capital One
21990232610710|4892880619672963075|76520881,00|1664305591110|Fundrise
4398046576294|4667419163327727620|49771604,00|1595045439808|PNC Bank
75190|4655315739329169413|89159677,00|1591250437948|Best Egg
75190|4730469558110914566|81285910,00|1614372424844|Patch of Land
75190|4847844623399258119|51980452,00|1650459255648|OnDeck
75190|4630827416355342344|25030005,00|1583742487853|BlueVine
17592186049607|4805060426939238409|56019063,00|1637299165744|Citibank
17592186049607|4800556827311867914|63722380,00|1635943328721|Kabbage
13194139558503|4909206168322181131|39807554,00|1669271374953|PNC Bank
13194139558503|4847281673445836812|51126440,00|1650240950209|Patch of Land
13194139558503|4875147696140191757|69639173,00|1658805716624|Avant
13194139558503|4893725044603095054|88747517,00|1664561577225|Upstart
17592186079607|4851222323119785999|52325579,00|1651473227244|Prosper
17592186099607|4904984043671521296|28393324,00|1668012473509|Bank of America
17592186099607|4907798793438627857|74062256,00|1668819113302|Earnest
17592186099607|4918213367576922130|47337015,00|1672070576113|LightStream
17592186109607|4906954368508495891|25295061,00|1668602358488|Peerform
24189255886263|4867266396792293396|98809477,00|1656434766019|Roofstock
24189255886263|4898228644230465557|14913271,00|1665944317591|Discover
24189255886263|4917650417623500822|15559817,00|1671890908620|Best Egg
2199023260744|4907517318461917207|24932969,00|1668738697326|Prosper
2199023260744|4681492912163260440|49449832,00|1599344674301|BlueVine
2199023260744|4816882375961085977|42005548,00|1640905996441|US Bank
2199023260744|4805341901915949082|19964785,00|1637412179119|Fundrise
19791209315160|4892599144696252443|16071191,00|1664153033576|BlueVine
19791209315160|4846155773538994204|18180,00|1649920410720|Upstart
19791209315160|4893162094649673757|25198875,00|1664365421224|Upgrade
10995116302952|4832644974656882718|45946499,00|1645806716824|State Farm Bank
10995116302952|4774942604431198239|4482918,00|1628026854244|OnDeck
21990232590712|4891473244789409824|96677819,00|1663818168292|TD Bank
21990232590712|4910332068229023777|4727208,00|1669658677733|Patch of Land
21990232590712|4851503798096496674|5433878,00|1651520529118|Marcus by Goldman Sachs
21990232590712|4907798793438627875|66070300,00|1668817098439|TD Bank
15393162834056|4781979478848964644|50046781,00|1630180972367|Kabbage
15393162834056|4827859900052801573|76163028,00|1644298502784|Capital One
21990232610712|4850096423212943398|44858281,00|1651122066105|BlueVine
15393162794057|4836304149354121255|81153014,00|1646919938236|State Farm Bank
15393162794057|4836022674377410600|14712245,00|1646814992813|SoFi
15393162814057|4852348223026628649|93539675,00|1651824085713|Upgrade
15393162814057|4896539794370201642|77015347,00|1665378954647|PNC Bank
15393162814057|4783668328709228587|52887510,00|1630696527137|Navy Federal Credit Union
17592186079609|4835741199400699948|97893677,00|1646754098065|Upgrade
4398046566297|4702322060439849005|56117582,00|1605723488373|Navy Federal Credit Union
4398046566297|4884154895394932782|34303480,00|1661551967507|Avant
4398046566297|4704855335230244911|26045542,00|1606498506120|Avant
26388279141817|4906954368508495920|87453709,00|1668619511025|Discover
4398046516298|4896821269346912305|5262360,00|1665443659935|SoFi
15393162804058|4905828468601653298|36426471,00|1668226774592|Patch of Land
24189255856266|4889784394929145907|18182333,00|1663361200388|TD Bank
24189255856266|4878806870837430324|18591473,00|1659987422974|Prosper
24189255856266|4888658495022303285|99381823,00|1663008473455|Marcus by Goldman Sachs
13194139588506|4825889575215826998|48177056,00|1643721209621|SoFi
13194139588506|4914835667856394295|2359037,00|1671050821275|Earnest
15393162854058|4915117142833104952|27995272,00|1671063595972|Peerform
15393162854058|4802808627125553209|84783848,00|1636605743990|Upstart
15393162854058|4800275352335157306|15545299,00|1635800910248|TD Bank
15393162854058|4852066748049918011|91601669,00|1651707261898|SunTrust
13194139608506|4912302393065998396|62745304,00|1670224240270|Avant
13194139608506|4840526274004781117|11779447,00|1648204940247|Upgrade
13194139608506|4763120655409350718|68894948,00|1624393168773|LendingClub
10995116302955|4733847257831442495|79710570,00|1615419239646|BlueVine
10995116302955|4862481322188212288|17948655,00|1654959616544|TD Bank
10995116302955|4804216002009106497|87945682,00|1637059972529|US Bank
10995116302955|4918213367576922178|1808298,00|1672043492129|American Express
6597069801851|4777757354198304835|70929053,00|1628861379522|SoFi
28587302397371|4901887818927704132|58516469,00|1667029328726|Earnest
28587302397371|4891191769812699205|10364513,00|1663756000982|Navy Federal Credit Union
19791209305164|4809564026566608966|94564182,00|1638688476241|LendingClub
19791209305164|4849251998282811463|71284489,00|1650864395344|Chase Bank
2199023270748|4672485712908519496|28806573,00|1596529659100|Wells Fargo
2199023270748|4858540672514263113|56997829,00|1653699945547|TD Bank
24189255836268|4900198969067440202|27529201,00|1666499026240|Kabbage
24189255836268|4862481322188212299|4315148,00|1654971333377|LendingPoint
15393162824060|4796053227684497484|28422698,00|1634549981364|PNC Bank
15393162824060|4799149452428314701|75623090,00|1635446089143|Citibank
15393162824060|4782823903779096654|17810623,00|1630470336562|LendingClub
15393162824060|4868392296699136079|91996271,00|1656782307904|Rocket Loans
17592186089612|4884717845348354128|49350106,00|1661728375163|Rocket Loans
17592186089612|4861918372234790993|77940991,00|1654735714308|OneMain Financial
17592186089612|4889221444975724626|17961796,00|1663180666382|US Bank
17592186089612|4840244799028070483|42714414,00|1648124822814|Peerform
21990232610716|4909769118275602516|13210791,00|1669489542626|Prosper
21990232610716|4898510119207176277|63059460,00|1665995794855|Discover
21990232610716|4904421093718100054|73534603,00|1667796645701|US Bank
26388279131820|4894569469533227095|14390513,00|1664753522239|Citibank
17592186049613|4863325747118344280|50468788,00|1655235345335|Best Egg
17592186049613|4802527152148842585|74520206,00|1636546574431|Earnest
17592186049613|4856288872700577882|10912753,00|1653012027435|SoFi
21990232570717|4910050593252313179|18831351,00|1669558015489|RealtyMogul
21990232570717|4882747520511379548|30838888,00|1661190803806|BlueVine
21990232570717|4917650417623500893|34390929,00|1671843973823|Prosper
21990232570717|4910332068229023838|13586902,00|1669624270581|Citibank
6597069791853|4805060426939238495|84749431,00|1637323675613|Upstart
28587302377373|4917368942646790240|82029889,00|1671757028056|Prosper
28587302377373|4915961567763236961|96872856,00|1671331726946|Navy Federal Credit Union
28587302377373|4904984043671521378|11354344,00|1667976853151|SunTrust
28587302377373|4916524517716658275|71067728,00|1671527449454|Wells Fargo
2199023320749|4669389488164702308|77240969,00|1595633146053|Navy Federal Credit Union
2199023320749|4896821269346912357|984562,00|1665510956308|Roofstock
2199023320749|4728780708250650726|48107825,00|1613867728655|Capital One
2199023320749|4719210559042488423|19215201,00|1610919656699|Earnest
24189255816270|4858540672514263144|6247560,00|1653689549048|Capital One
24189255816270|4907517318461917289|25932026,00|1668772658505|Capital One
24189255816270|4863888697071765610|6286020,00|1655338573002|OneMain Financial
24189255816270|4915961567763236971|23216197,00|1671377441097|Upstart
15393162834062|4906672893531785324|93239700,00|1668515387041|OnDeck
15393162834062|4870362621536110701|39948154,00|1657352765960|SoFi
15393162834062|4886688170185328750|52074885,00|1662326835774|American Express
65198|4918494842553632879|36605498,00|1672124173756|Funding Circle
65198|4741165607225919600|41130467,00|1617643458046|LightStream
65198|4695285186022082673|16976064,00|1603527122989|Prosper
65198|4802245677172131954|16169104,00|1636458313161|Navy Federal Credit Union
2199023260751|4878806870837430387|98680083,00|1659959530165|Citibank
17592186059615|4918494842553632884|65571832,00|1672136423375|Roofstock
17592186059615|4903858143764678773|4003385,00|1667662512700|SoFi
21990232590719|4901606343950993526|69027432,00|1666914540085|Best Egg
21990232590719|4914272717902973047|61976994,00|1670811883103|RealtyMogul
21990232590719|4883873420418222200|47277973,00|1661475896245|LightStream
6597069811855|4832082024703461497|19408622,00|1645559316277|Citibank
6597069811855|4811252876426872954|78053732,00|1639173991862|Roofstock
6597069811855|4722025308809595003|30703123,00|1611810647641|Chase Bank
6597069811855|4814067626193979516|78757760,00|1640072142419|Patch of Land
19791209355168|4857977722560841853|70474669,00|1653509506423|Upgrade
19791209355168|4863888697071765630|98590101,00|1655367180724|LightStream
19791209355168|4917931892600211583|80522743,00|1671992240740|LendingClub
19791209355168|4826452525169248384|78702803,00|1643880808504|OnDeck
2199023320752|4816319426007664769|32327426,00|1640789144387|Wells Fargo
2199023320752|4903858143764678786|29812130,00|1667606794410|Rocket Loans
4398046586304|4760305905642244227|20999135,00|1623559896142|Marcus by Goldman Sachs
4398046586304|4776068504338040964|80090992,00|1628350244561|OnDeck
4398046586304|4720617933926041733|61440065,00|1611304299917|Prosper
15393162794065|4793238477917390982|43900868,00|1633639586503|Avant
15393162794065|4896258319393491079|49206247,00|1665285263629|Discover
13194139548513|4898510119207176328|26897537,00|1666042594748|Chase Bank
13194139548513|4773253754570934409|39800259,00|1627506422375|LendingPoint
13194139548513|4861636897258080394|1354926,00|1654684447129|LendingPoint
17592186079617|4830674649819908235|70207692,00|1645157388331|RealtyMogul
17592186079617|4888095545068882060|33400861,00|1662803144511|Wells Fargo
19791209365169|4866984921815582861|65255723,00|1656359642724|LendingClub
19791209365169|4813504676240558222|10079235,00|1639908028712|Marcus by Goldman Sachs
19791209365169|4893443569626384527|46438236,00|1664467678537|BlueVine
13194139608513|4822230400518588560|8911927,00|1642546304486|Upstart
13194139608513|4816600900984375441|65227076,00|1640814868110|Navy Federal Credit Union
24189255816274|4904702568694810770|99658347,00|1667862908653|SoFi
24189255816274|4915117142833105043|84003512,00|1671131591776|OnDeck
15393162804066|4770439004803827860|93770785,00|1626673876304|US Bank
15393162804066|4913428292972841109|4176745,00|1670592671256|SunTrust
15393162804066|4771283429733959830|76796129,00|1626919389575|Kabbage
15393162804066|4869518196605978775|3986824,00|1657088969229|PNC Bank
25202|4886969645162039448|27813630,00|1662462553162|SunTrust
25202|4704292385276823705|76493552,00|1606301079213|Navy Federal Credit Union
25202|4843903973725309082|39711764,00|1649189732184|Wells Fargo
25202|4683463237000235163|58770411,00|1599958884471|US Bank
17592186079618|4874584746186770588|77577428,00|1658672767458|OneMain Financial
17592186079618|4809001076613187741|26134852,00|1638505710846|PNC Bank
2199023300754|4835741199400700062|12983437,00|1646736834750|Earnest
2199023300754|4846437248515704991|62752505,00|1649986878453|American Express
2199023310754|4761713280525797536|98958960,00|1624002506053|PNC Bank
2199023310754|4711329259694590113|94732429,00|1608512989002|Rocket Loans
13194139598514|4901324868974282914|56128336,00|1666880197931|OneMain Financial
13194139598514|4884154895394932899|77860056,00|1661604273300|State Farm Bank
13194139598514|4767905730013431972|32305796,00|1625917810626|Kabbage
10995116282963|4829267274936354981|18372558,00|1644713584063|LightStream
10995116282963|4881903095581247654|19063483,00|1660894689327|Bank of America
30786325622931|4919057792507054247|39817127,00|1672273002918|Earnest
19791209355171|4828422850006223016|40960907,00|1644487492298|Chase Bank
26388279131827|4911176493159155881|97860523,00|1669891307012|RealtyMogul
4398046586307|4899354544137308330|18879531,00|1666232265378|Upgrade
19791209315172|4906672893531785387|81312523,00|1668475894522|Prosper
8796093047412|4857414772607420588|54575182,00|1653405089922|OneMain Financial
26388279101828|4917087467670079661|59709653,00|1671667692542|Marcus by Goldman Sachs
19791209345172|4826452525169248430|65574318,00|1643850226344|Roofstock
19791209345172|4902450768881125551|99169139,00|1667195153769|OneMain Financial
19791209345172|4893162094649673904|26718351,00|1664399715864|US Bank
10995116332964|4903858143764678833|61744644,00|1667634612449|OneMain Financial
10995116332964|4777194404244883634|94241572,00|1628755347211|OnDeck
10995116332964|4756365255968295091|93468282,00|1622308510631|LightStream
10995116332964|4891191769812699316|58976354,00|1663765339744|BlueVine
17592186049621|4884717845348354229|67607055,00|1661785749124|Capital One
17592186049621|4807312226752923830|22478894,00|1638020001648|Bank of America
17592186049621|4884717845348354231|62443832,00|1661731362898|Kabbage
26388279091829|4882184570557958328|20457547,00|1660994126072|Earnest
26388279091829|4876836546000455865|10365867,00|1659366318890|Discover
26388279091829|4904702568694810810|12042921,00|1667938628064|Prosper
26388279091829|4900480444044150971|78945301,00|1666627990823|American Express
8796093057413|4748765431597107388|33817570,00|1619955975820|Fundbox
24189255866277|4882184570557958333|1743998,00|1660948729603|Funding Circle
24189255866277|4906672893531785406|12644932,00|1668507091249|Bank of America
24189255866277|4869518196605978815|93743100,00|1657069529681|Fundrise
19791209315174|4873740321256638656|87803699,00|1658375428052|Capital One
30786325602934|4915117142833105089|70723663,00|1671065545492|Capital One
21990232590726|4917650417623500994|30651516,00|1671841794419|Earnest
21990232590726|4834615299493857475|57867287,00|1646360232083|American Express
21990232590726|4877118020977166532|39212498,00|1659392800999|SoFi
13194139578518|4756365255968295109|59579340,00|1622313090030|LendingPoint
75206|4676426362582468806|27691209,00|1597776068176|Discover
75206|4849814948236232903|83084189,00|1651050821241|Avant
75206|4813223201263847624|39980684,00|1639826376611|Chase Bank
24189255816279|4912302393065998537|17222758,00|1670266610778|Roofstock
24189255816279|4879651295767562442|43941153,00|1660210952655|LendingClub
24189255816279|4870081146559400139|70568073,00|1657267752133|Earnest
28587302337383|4895132419486648524|13040397,00|1664977759930|Funding Circle
28587302337383|4892317669719541965|91174314,00|1664115705267|LightStream
28587302337383|4918213367576922318|94948222,00|1672015277048|LendingPoint
28587302337383|4911457968135866575|53178836,00|1669963108628|State Farm Bank
10995116302967|4752143131317635280|54259917,00|1621036739031|Chase Bank
15393162824071|4851785273073207505|99898251,00|1651666150258|BlueVine
15393162824071|4852629698003339474|42606607,00|1651897530500|Best Egg
15393162824071|4866984921815582931|55394609,00|1656342087433|RealtyMogul
10995116322967|4751017231410792660|82533062,00|1620707118353|LendingPoint
4398046566311|4888095545068882133|8269543,00|1662806623486|Bank of America
4398046566311|4887251120138750166|29522433,00|1662583613909|Fundbox
24189255816280|4916524517716658391|70056659,00|1671520389966|Earnest
24189255816280|4898510119207176408|63934888,00|1665980450033|SunTrust
2199023280760|4663759988630489305|91934452,00|1593883758222|Wells Fargo
2199023280760|4845029873632151770|29265133,00|1649601187424|TD Bank
15393162844072|4817445325914507483|95757808,00|1641113533089|Capital One
15393162844072|4879369820790851804|2267165,00|1660105099922|OnDeck
13194139598520|4826734000145959133|19770418,00|1643918578070|LightStream
13194139598520|4894006519579805918|10790336,00|1664648961403|LendingClub
2199023330760|4836022674377410783|64856842,00|1646818526697|Upstart
2199023330760|4814912051124111584|69221323,00|1640283290460|LendingPoint
2199023330760|4744543306946447585|19437905,00|1618723274382|SunTrust
15393162804073|4777757354198304994|42808159,00|1628923721204|OneMain Financial
15393162814073|4822793350472009955|98762558,00|1642714052974|American Express
15393162814073|4911739443112577252|40037010,00|1670077600914|Peerform
15393162814073|4896539794370201829|87315739,00|1665406930941|Best Egg
15393162814073|4891754719766120678|54688760,00|1663903755819|Roofstock
35209|4771283429733959911|77126377,00|1626944621135|Citibank
28587302367385|4916243042739947752|2715026,00|1671486381506|SoFi
13194139588521|4802527152148842729|78532494,00|1636486378561|Earnest
10995116342969|4875429171116902634|85328532,00|1658951291538|Best Egg
10995116282970|4817163850937796843|41680694,00|1640979040646|Chase Bank
10995116282970|4768187204990142700|53367498,00|1625936079203|OneMain Financial
10995116302970|4729062183227361517|11129252,00|1613921053811|Funding Circle
6597069801866|4721462358856173806|11126569,00|1611644512371|Avant
19791209345178|4904139618741389551|67530984,00|1667726110568|Capital One
19791209345178|4857133297630710000|33320779,00|1653330185044|Upgrade
21990232620730|4881340145627826417|16086321,00|1660690618643|Avant
21990232620730|4850377898189654258|41637884,00|1651194262253|Funding Circle
21990232620730|4839118899121228019|71337073,00|1647711940829|Fundbox
24189255886282|4903576668787968244|99615755,00|1667548016259|LightStream
24189255886282|4882466045534669045|94232633,00|1661105169247|PNC Bank
24189255886282|4879651295767562486|13154307,00|1660229487787|PNC Bank
26388279071835|4911739443112577271|11923469,00|1670075605493|LendingPoint
26388279071835|4891473244789410040|36628181,00|1663814993062|Fundrise
26388279071835|4880777195674405113|56986284,00|1660548565451|Capital One
26388279071835|4876555071023745274|16024649,00|1659237329033|Funding Circle
13194139548523|4827296950099380475|5763598,00|1644153543565|Chase Bank
26388279111835|4896821269346912508|7853293,00|1665448214792|US Bank
26388279111835|4917931892600211709|37879135,00|1671935981109|TD Bank
8796093077419|4912865343019419902|50873162,00|1670428428335|Wells Fargo
17592186109627|4796053227684497663|82619732,00|1634563201745|RealtyMogul
10995116282972|4895695369440069888|93500353,00|1665158932428|OnDeck
10995116282972|4835459724423989505|63054488,00|1646646807136|Funding Circle
10995116282972|4750454281457371394|39435086,00|1620490330400|PNC Bank
10995116282972|4837148574284253443|71310537,00|1647166052252|Funding Circle
13194139548524|4830111699866487044|15169772,00|1644985672203|LendingPoint
4398046536316|4748202481643686149|28053062,00|1619815487415|State Farm Bank
24189255846284|4908643218368760070|88849955,00|1669127661658|Citibank
24189255846284|4896539794370201863|10340822,00|1665431936153|Kabbage
24189255846284|4879651295767562504|25237220,00|1660228081110|LendingClub
19791209345180|4840244799028070665|92686698,00|1648114132486|TD Bank
17592186109628|4816319426007664906|19502962,00|1640776959036|TD Bank
17592186109628|4919620742460475659|15308998,00|1672496275457|LendingClub
17592186109628|4888377020045592844|24375523,00|1662909734013|Rocket Loans
17592186109628|4806749276799502605|67262230,00|1637820692756|Funding Circle
28587302397388|4904421093718100238|55606740,00|1667805666530|Fundbox
28587302397388|4909769118275602703|2852181,00|1669424196203|Prosper
28587302397388|4907235843485206800|61763762,00|1668643989673|American Express
28587302397388|4915117142833105169|37576000,00|1671068674047|Fundbox
26388279071837|4902450768881125650|2566958,00|1667199559899|LendingPoint
26388279071837|4901324868974283027|87965204,00|1666883695070|OneMain Financial
26388279071837|4917650417623501076|93454945,00|1671894059888|American Express
26388279071837|4901043393997572373|23709634,00|1666758468917|RealtyMogul
10995116302973|4748765431597107478|7825335,00|1620014940495|OnDeck
10995116302973|4902450768881125655|74033324,00|1667197171113|Avant
10995116302973|4827859900052801816|62854436,00|1644304516210|Roofstock
19791209345181|4860792472327948569|30310610,00|1654384327241|Discover
19791209345181|4846718723492415770|86407243,00|1650047363550|BlueVine
19791209345181|4846155773538994459|51910105,00|1649954526881|Fundbox
19791209345181|4876555071023745308|27948182,00|1659243491684|Capital One
2199023310765|4800275352335157533|24716720,00|1635803813763|Avant
30786325642941|4915398617809815838|45274803,00|1671181970591|SoFi
30786325642941|4915117142833105183|65563555,00|1671109711683|Patch of Land
30786325642941|4915680092786526496|33090915,00|1671278565395|Earnest
13194139538526|4878243920884009249|89113824,00|1659794389440|OnDeck
13194139538526|4891191769812699426|94303448,00|1663778468772|Earnest
13194139538526|4912583868042709283|31511522,00|1670355083755|American Express
28587302347390|4917368942646790436|34735056,00|1671793484881|OneMain Financial
55214|4751861656340924709|18939747,00|1620925597109|Wells Fargo
55214|4728780708250650918|91156362,00|1613835316647|Citibank
13194139598526|4916243042739947815|32410798,00|1671486884570|State Farm Bank
13194139598526|4868673771675846952|46332008,00|1656827681209|LendingPoint
75214|4884436370371643689|46737384,00|1661719568451|Upgrade
75214|4734410207784864042|75894733,00|1615596027301|Funding Circle
75214|4833489399587014955|74827315,00|1646038618145|Rocket Loans
2199023260767|4905265518648232236|73993917,00|1668077327102|Bank of America
2199023260767|4899917494090729773|57106087,00|1666434804074|Discover
2199023260767|4837430049260964142|10763979,00|1647220048390|LightStream
26388279081839|4886688170185328943|67097192,00|1662403081178|SoFi
13194139568527|4855725922747156784|6402045,00|1652860400106|Rocket Loans
13194139568527|4859666572421105969|34394989,00|1654107386626|RealtyMogul
17592186089631|4868392296699136306|75648998,00|1656783941809|OnDeck
15393162844079|4888658495022303539|7835231,00|1662953901843|Bank of America
6597069831871|4704292385276823860|64963315,00|1606333897676|Chase Bank
24189255856288|4881340145627826485|36879865,00|1660758647456|Bank of America
24189255856288|4849533473259522358|71056553,00|1650924441101|TD Bank
24189255856288|4859103622467684663|78071844,00|1653871422670|BlueVine
21990232610736|4886125220231907640|45242653,00|1662165749314|TD Bank
8796093087424|4812097301357005113|64744977,00|1639411019810|Rocket Loans
8796093087424|4910332068229024058|50171907,00|1669591539995|Citibank
8796093087424|4822511875495299387|61795305,00|1642625032666|Upstart
10995116352976|4892880619672963388|67141043,00|1664300768007|Upgrade
10995116352976|4917368942646790461|4551027,00|1671778592789|Avant
10995116352976|4796616177637919038|81158611,00|1634714810340|LightStream
4398046516321|4800556827311868223|26531587,00|1635929568071|RealtyMogul
4398046516321|4814912051124111680|52417528,00|1640316480088|Fundbox
4398046516321|4709077459880905025|66105389,00|1607836133696|LendingClub
4398046516321|4674456037745494338|97432979,00|1597165011563|American Express
15217|4872332946373085507|34426308,00|1657917575293|Discover
8796093047425|4883873420418222404|7518099,00|1661498108743|RealtyMogul
8796093047425|4789579303220152645|86184967,00|1632543332273|Avant
4398046556321|4693877811138529606|81736910,00|1603137817110|State Farm Bank
8796093097425|4732721357924600135|72383977,00|1615026910838|BlueVine
19791209315186|4819415650751482184|35728117,00|1641737330054|Roofstock
19791209315186|4844466923678730569|45796814,00|1649424396777|Funding Circle
19791209355186|4901043393997572426|99349422,00|1666793138026|Bank of America
19791209355186|4868110821722425675|26460569,00|1656676542230|BlueVine
4398046586322|4667137688351017292|82227286,00|1594899950559|Prosper
4398046586322|4820260075681614157|27471164,00|1641978915657|RealtyMogul
21990232570739|4851222323119786318|99945542,00|1651496251664|TD Bank
10995116312979|4729625133180782927|11039326,00|1614105032361|OnDeck
19791209355187|4866703446838872400|33112849,00|1656193002884|State Farm Bank
19791209355187|4908080268415338833|30334947,00|1668956506823|Capital One
19791209355187|4823356300425431378|30737513,00|1642933232244|Upgrade
15393162864083|4874303271210060115|81558992,00|1658529972554|OneMain Financial
5220|4677552262489311572|12904312,00|1598132118747|LendingPoint
30786325592948|4919620742460475733|64338153,00|1672457681365|Capital One
8796093067428|4725965958483544406|31781526,00|1612981182924|Peerform
13194139588532|4867829346745715031|2202748,00|1656547065489|US Bank
75220|4631390366308763992|37404940,00|1583948975286|OneMain Financial
75220|4902169293904415065|78748385,00|1667100020157|Chase Bank
75220|4730751033087625562|6486772,00|1614442713666|LendingPoint
15393162794085|4898510119207176539|33245407,00|1666013946291|Fundrise
15393162794085|4852629698003339612|46821590,00|1651946606744|PNC Bank
15393162794085|4876273596047034717|21527902,00|1659170252425|Discover
15393162794085|4822511875495299422|19416337,00|1642645554314|Prosper
6597069801877|4869236721629268319|20047989,00|1657049156298|Rocket Loans
6597069801877|4720617933926041952|5261868,00|1611318151104|OneMain Financial
6597069801877|4761431805549087073|36807948,00|1623882925449|Discover
8796093067429|4912583868042709346|4028115,00|1670361213012|Prosper
2199023310773|4837992999214385507|65969610,00|1647417298094|Upstart
2199023310773|4701477635509717348|4633953,00|1605475895622|LendingPoint
28587302397397|4900480444044151141|29613900,00|1666607607488|Patch of Land
26388279071846|4887251120138750310|7523849,00|1662558152209|Citibank
26388279071846|4910050593252313447|98679597,00|1669537498238|LendingClub
26388279071846|4903295193811257704|56376120,00|1667445106791|Fundbox
19791209315190|4857133297630710121|26599789,00|1653291579059|Chase Bank
19791209315190|4918494842553633130|42083499,00|1672165749842|PNC Bank
2199023280774|4848407573352679787|18154195,00|1650589458272|Patch of Land
2199023280774|4769876054850406764|89595814,00|1626441970174|Roofstock
2199023280774|4696692560905636205|36630038,00|1604037181491|Funding Circle
2199023280774|4729906608157493614|74738836,00|1614198553585|RealtyMogul
19791209335190|4868110821722425711|72207668,00|1656686417072|LendingPoint
19791209335190|4904702568694810992|37823142,00|1667909005957|Kabbage
19791209345190|4827015475122669937|90611711,00|1644009992599|SunTrust
19791209345190|4853192647956760946|72006030,00|1652041832571|LendingClub
19791209345190|4818289750844639603|85971263,00|1641383901054|SunTrust
19791209345190|4847844623399258484|61281910,00|1650461138628|Peerform
10995116332982|4792675527963969909|39402012,00|1633445550681|Avant
19791209365190|4885843745255197046|5334710,00|1662102733635|RealtyMogul
19791209375190|4809845501543319927|5596074,00|1638756177969|Marcus by Goldman Sachs
19791209375190|4874021796233349496|4388862,00|1658475066372|Upstart
19791209375190|4891754719766120825|27364934,00|1663958924662|OneMain Financial
19791209375190|4805623376892660090|75900702,00|1637455181239|Earnest
15393162794087|4868673771675847035|99203914,00|1656801669295|Wells Fargo
15393162794087|4859666572421106044|47218161,00|1654049583031|RealtyMogul
15393162794087|4785075703592782205|64188536,00|1631128857258|SunTrust
15393162794087|4858259197537552766|25834769,00|1653678516210|Marcus by Goldman Sachs
17592186059639|4805904851869370751|36675739,00|1637545869435|Marcus by Goldman Sachs
17592186059639|4796897652614629760|10659020,00|1634801811648|RealtyMogul
15393162814087|4788734878290020737|39703667,00|1632269930080|SoFi
13194139568535|4812378776333715842|60569249,00|1639553112786|SoFi
26388279081848|4902450768881125763|8115436,00|1667216177433|Fundbox
26388279081848|4917931892600211844|38016619,00|1671945608862|Fundbox
26388279081848|4913146817996130693|76512767,00|1670483750985|LendingPoint
26388279081848|4882184570557958534|31935228,00|1661010800444|Roofstock
28587302347400|4909769118275602823|20510651,00|1669446641627|Wells Fargo
15393162824088|4838555949167806856|3672763,00|1647562196887|Upgrade
15393162824088|4865859021908740489|83404446,00|1655977054597|BlueVine
24189255856296|4910332068229024138|70341213,00|1669626872036|SunTrust
6597069831880|4782542428802386315|21322680,00|1630359467099|Citibank
10995116292985|4897384219300333964|89096058,00|1665641759554|US Bank
26388279091849|4891473244789410189|81567294,00|1663829266936|Avant
26388279091849|4887251120138750350|97679935,00|1662560475417|RealtyMogul
8796093057433|4852348223026629007|43780073,00|1651800231130|Avant
8796093067433|4748765431597107600|38840858,00|1620027606619|SoFi
8796093067433|4820260075681614225|9395500,00|1641963909258|Discover
8796093067433|4752987556247767442|82222042,00|1621280419690|BlueVine
8796093067433|4762276230479219091|834645,00|1624109261283|PNC Bank
75225|4772409329640802708|56112703,00|1627262535619|Navy Federal Credit Union
75225|4868955246652557717|34246964,00|1656938021988|Citibank
21990232580746|4854600022840314262|59105614,00|1652513678640|Peerform
21990232580746|4827859900052801943|6519979,00|1644264747952|Citibank
21990232580746|4853474122933471640|58484424,00|1652159409562|Navy Federal Credit Union
30786325622954|4916524517716658585|16040729,00|1671522616090|OnDeck
6597069821882|4894569469533227418|30010614,00|1664800818792|OneMain Financial
6597069821882|4742854457086183835|80652950,00|1618191889966|Fundrise
8796093087434|4875429171116902812|1527060,00|1658947574038|BlueVine
8796093027435|4716395809275382173|12694055,00|1610071803234|Chase Bank
8796093027435|4746232156806711710|18522797,00|1619248801082|RealtyMogul
4398046526331|4704855335230245279|50816510,00|1606467885506|Earnest
17592186079643|4837711524237674912|58101899,00|1647365009481|SoFi
17592186079643|4889221444975724961|98002161,00|1663163348312|Discover
28587302367403|4919339267483765154|7606846,00|1672370088169|Avant
28587302367403|4915398617809815971|75920281,00|1671228676849|Fundrise
19791209355195|4816037951030954404|53388568,00|1640624471834|Earnest
19791209355195|4883028995488090533|81820710,00|1661258569949|Best Egg
19791209355195|4852066748049918374|87761506,00|1651727103254|Wells Fargo
19791209355195|4908924693345470887|53554826,00|1669216931872|Rocket Loans
15393162854091|4812941726287137192|31997365,00|1639752541874|SunTrust
15393162854091|4821667450565167529|89829235,00|1642430797231|Bank of America
26388279071852|4885280795301775786|30203290,00|1661904668858|SoFi
26388279071852|4883310470464801195|92110602,00|1661359566023|Fundrise
8796093037436|4913709767949552044|93774227,00|1670710047244|Wells Fargo
8796093037436|4811534351403583917|15333314,00|1639274805382|American Express
8796093037436|4918776317530343854|22321253,00|1672191409995|LendingPoint
8796093037436|4749609856527239599|37109572,00|1620244708649|Discover
15393162824092|4880214245720983984|71784099,00|1660393282535|LendingPoint
10995116322988|4859385097444395441|80426816,00|1653978621242|Roofstock
6597069821884|4872614421349796274|76884782,00|1658057380712|SunTrust
65228|4649686239794956723|8991290,00|1589576013238|SoFi
65228|4867547871769004468|69285684,00|1656484177912|LendingPoint
65228|4896258319393491381|76144300,00|1665341847097|Roofstock
65228|4756083780991584694|56036790,00|1622254700353|TD Bank
21990232630748|4881621620604537271|24361737,00|1660779180505|Kabbage
21990232630748|4876836546000456120|36181834,00|1659376515674|Fundbox
19791209305197|4861636897258080697|58044777,00|1654707265637|Capital One
19791209305197|4814067626193979834|21223355,00|1640037919466|Prosper
19791209305197|4892880619672963515|90330198,00|1664290189941|RealtyMogul
19791209305197|4850096423212943804|14377272,00|1651132606637|OnDeck
35229|4882466045534669245|43709903,00|1661114950931|SoFi
35229|4791268153080416702|18032025,00|1633061843871|Earnest
21990232600749|4864451647025187263|28028055,00|1655515800963|TD Bank
21990232600749|4888658495022303680|18220152,00|1663004792746|PNC Bank
30786325582958|4914835667856394689|55813522,00|1671008548139|Best Egg
30786325582958|4919057792507054530|8332095,00|1672301954256|PNC Bank
30786325582958|4915117142833105347|77180493,00|1671062149326|Kabbage
30786325582958|4915398617809816004|41290604,00|1671230801303|Avant
26388279081854|4919620742460475845|37225175,00|1672487190339|OnDeck
8796093047438|4867266396792293830|37206650,00|1656416337886|Prosper
8796093047438|4882466045534669255|67771430,00|1661086302671|Prosper
35230|4906109943578364360|45549120,00|1668314118776|Peerform
35230|4873740321256638921|50251323,00|1658389330217|OneMain Financial
19791209345198|4917087467670079946|65434796,00|1671687933329|US Bank
10995116332990|4805904851869370827|16905096,00|1637575190935|BlueVine
10995116332990|4881903095581247948|21552289,00|1660941131432|LendingPoint
10995116332990|4876273596047034829|78276715,00|1659136755147|OnDeck
10995116332990|4866984921815583182|63228264,00|1656337951779|LendingClub
28587302387406|4917650417623501263|52405161,00|1671893017979|OnDeck
10995116352990|4840526274004781520|80403516,00|1648148191659|OnDeck
10995116352990|4797179127591340497|48559152,00|1634860170338|Patch of Land
8796093027439|4709358934857615826|74233706,00|1607863187134|PNC Bank
8796093027439|4811534351403583955|36587838,00|1639258108494|TD Bank
4398046526335|4854881497817024980|55564833,00|1652607170829|Roofstock
4398046526335|4678959637372864981|6919301,00|1598530955023|Fundrise
4398046526335|4716677284252092886|4786356,00|1610105003908|Fundbox
4398046526335|4700070260626164183|90446319,00|1605016201156|BlueVine
24189255846303|4865859021908740568|96047685,00|1655993690089|US Bank
19791209355199|4885843745255197145|44499142,00|1662142812010|PNC Bank
6597069791888|4784231278662650330|65115555,00|1630919632063|LendingClub
6597069791888|4732721357924600283|54463751,00|1615036157425|BlueVine
4398046566336|4883873420418222556|5720791,00|1661475442143|PNC Bank
4398046566336|4837430049260964317|75950383,00|1647264825590|Fundbox
4398046566336|4711610734671301086|6580061,00|1608615972272|Earnest
4398046566336|4894006519579806175|72583402,00|1664655608288|Best Egg
10995116342992|4863607222095055328|98615102,00|1655312345059|US Bank
10995116342992|4757772630851848673|6286992,00|1622793607222|PNC Bank
13194139538545|4852348223026629090|14025778,00|1651834830760|US Bank
4398046536337|4872332946373085667|62045473,00|1657988878329|Roofstock
4398046536337|4662071138770225636|53995214,00|1593335381411|Navy Federal Credit Union
13194139578545|4890910294835988965|35907951,00|1663707005254|LendingClub
15393162844097|4806186326846081510|5557941,00|1637608145443|Navy Federal Credit Union
15393162794098|4855725922747156967|55112986,00|1652890167644|Capital One
15393162794098|4846437248515705320|80111217,00|1650037463745|Best Egg
8796093037442|4801964202195421673|37277682,00|1636315630200|Funding Circle
8796093037442|4846437248515705322|43179121,00|1650024471139|Kabbage
17592186069650|4883028995488090603|8897409,00|1661237223702|OnDeck
2199023290786|4742010032156051948|28796353,00|1617941036160|Avant
2199023290786|4886125220231907821|8539673,00|1662203160588|Best Egg
21990232610754|4901606343950993902|86680771,00|1666949238860|SoFi
21990232610754|4918776317530343919|69585973,00|1672216982326|Earnest
13194139608546|4828141375029512688|67288819,00|1644374068418|Peerform
13194139608546|4872332946373085681|92436631,00|1657928551284|OnDeck
13194139608546|4843059548795177458|27899378,00|1649007080380|Discover
19791209335203|4910895018182445555|97649127,00|1669803339434|Upstart
28587302367411|4908361743392049652|39225984,00|1669028623009|RealtyMogul
28587302367411|4915961567763237365|326584,00|1671331594859|TD Bank
28587302367411|4917931892600211958|69786860,00|1671968902796|Prosper
28587302367411|4895695369440070135|74917678,00|1665113359455|OneMain Financial
15393162844099|4864451647025187320|83394881,00|1655526141183|Wells Fargo
15393162844099|4917087467670079993|12238945,00|1671709413987|OnDeck
26388279131859|4896258319393491450|90400718,00|1665271912055|Upstart
26388279131859|4909487643298892283|649624,00|1669391162296|Fundrise
26388279131859|4886688170185329148|23772743,00|1662342723770|Discover
26388279131859|4874866221163481597|72862516,00|1658712565103|Earnest
15393162864099|4895695369440070142|29947711,00|1665139713584|Capital One
21990232560756|4911176493159156223|40232043,00|1669887218132|Earnest
21990232560756|4851503798096497152|8886437,00|1651576958668|Marcus by Goldman Sachs
21990232560756|4894850944509938177|8732514,00|1664848855962|Fundbox
21990232560756|4897102744323623426|69836345,00|1665583774707|LightStream
28587302337412|4914835667856394755|75588922,00|1671039871152|Earnest
28587302337412|4913428292972841476|59771642,00|1670553493032|LendingPoint
28587302337412|4911176493159156229|20085675,00|1669933079611|Avant
28587302337412|4909487643298892294|15215782,00|1669337020133|RealtyMogul
28587302347412|4913146817996130823|90847699,00|1670502161547|Upgrade
28587302347412|4914835667856394760|40492062,00|1670997446284|Rocket Loans
28587302347412|4919620742460475913|3358578,00|1672481592723|PNC Bank
10995116312996|4894006519579806218|28757283,00|1664650551292|Fundrise
10995116312996|4900198969067440651|58894741,00|1666509447917|Avant
6597069831892|4743135932062894604|59288185,00|1618282140897|US Bank
24189255886308|4860510997351238157|76972044,00|1654315823577|Prosper
21990232590757|4867266396792293902|36724739,00|1656387523980|TD Bank
30786325622965|4914272717902973455|94026638,00|1670870701535|TD Bank
15393162844101|4794645852800944656|95433403,00|1634089521530|TD Bank
15393162844101|4892317669719542289|34744023,00|1664087546123|State Farm Bank
15393162844101|4908643218368760338|97770467,00|1669115358427|Peerform
15393162844101|4878525395860720147|783043,00|1659823910329|Bank of America
28587302387413|4913428292972841492|77954027,00|1670623072364|Patch of Land
28587302387413|4908924693345470997|85518518,00|1669182221326|OnDeck
28587302387413|4908643218368760342|11477637,00|1669127331305|Earnest
28587302387413|4917931892600211991|21275625,00|1671967892406|Discover
4398046586341|4758335580805270040|69978735,00|1622971162010|TD Bank
4398046586341|4815193526100822553|12147802,00|1640419431865|Best Egg
4398046586341|4671641287978387994|29058683,00|1596318831790|Upstart
28587302327414|4897384219300334107|69741327,00|1665659247046|Fundbox
2199023270790|4820823025635035676|50209732,00|1642111117468|Marcus by Goldman Sachs
2199023270790|4863607222095055389|9860845,00|1655292290238|Best Egg
2199023270790|4812941726287137310|18540706,00|1639736374228|RealtyMogul
2199023270790|4814067626193979935|30566207,00|1640066348718|Fundrise
2199023280790|4803934527032396320|33303387,00|1636908239145|Capital One
2199023280790|4761713280525797921|30726696,00|1623961992240|Navy Federal Credit Union
2199023280790|4817163850937797154|54713769,00|1640988535732|Wells Fargo
2199023280790|4858259197537552931|90073258,00|1653622777730|Discover
19791209335206|4852348223026629156|72535648,00|1651810803717|Upgrade
2199023300790|4769313104896985637|20943125,00|1626300124457|Fundrise
2199023300790|4655315739329169958|94470188,00|1591300234665|State Farm Bank
26388279071863|4919057792507054631|27035280,00|1672276487496|Peerform
26388279071863|4893725044603095592|42704456,00|1664505614978|SoFi
28587302337415|4901043393997572649|86030526,00|1666768093453|Wells Fargo
35239|4656160164259301930|29627425,00|1591565267682|Peerform
35239|4847563148422548011|91821809,00|1650361278673|Funding Circle
35239|4811534351403584044|11194519,00|1639308755613|Bank of America
4398046556343|4843622498748598829|42696292,00|1649110552400|PNC Bank
4398046556343|4852348223026629166|42344446,00|1651807638628|Fundrise
30786325652967|4919620742460475951|86053997,00|1672485389844|Earnest
17592186049656|4795490277731076656|64249724,00|1634365397385|Best Egg
15393162804104|4828422850006223409|98469484,00|1644488494005|BlueVine
15393162804104|4797179127591340594|45503557,00|1634909359066|Roofstock
4398046536344|4661226713840093747|30744375,00|1593061818734|Patch of Land
15393162854104|4807875176706345524|70354697,00|1638144435645|Patch of Land
15393162854104|4816037951030954549|63044100,00|1640658113473|PNC Bank
15393162854104|4891191769812699702|90841582,00|1663741036595|RealtyMogul
15393162854104|4771001954757249591|79905433,00|1626813238701|Chase Bank
13194139608552|4760305905642244664|82484018,00|1623519578669|BlueVine
13194139608552|4909206168322181689|32458211,00|1669270043340|Discover
13194139608552|4759742955688823354|1978031,00|1623366578434|American Express
13194139608552|4903576668787968571|32083761,00|1667525424205|Kabbage
13194139548553|4787046028429756988|48629953,00|1631715542225|Peerform
13194139548553|4881340145627826749|60866398,00|1660695603877|BlueVine
13194139548553|4870644096512821822|23124602,00|1657400489540|BlueVine
13194139548553|4895976844416780863|31728521,00|1665184240520|PNC Bank
24189255836313|4868110821722425920|8837876,00|1656682735197|Funding Circle
24189255836313|4903858143764679233|73210150,00|1667615596694|RealtyMogul
24189255836313|4909487643298892354|17797891,00|1669356145066|Avant
24189255836313|4901887818927704643|79635397,00|1667082686889|Upstart
15393162844105|4791268153080416836|47157044,00|1633054904242|OneMain Financial
10995116353001|4851785273073207877|22406271,00|1651635990801|Patch of Land
10995116353001|4868955246652557894|86558477,00|1656879401905|Navy Federal Credit Union
10995116353001|4746795106760133191|24474725,00|1619419828230|PNC Bank
10995116353001|4758054105828559432|64531186,00|1622855249988|Fundbox
2199023260794|4713581059508275785|66399500,00|1609203479726|Upstart
2199023260794|4667982113281149514|45847600,00|1595198904321|Upgrade
2199023260794|4693596336161819211|18783561,00|1603013339361|LightStream
26388279081866|4910613543205734988|45124496,00|1669690850467|Fundrise
26388279081866|4903295193811257933|87170422,00|1667486554447|Upstart
26388279081866|4901606343950993998|31992552,00|1666957198815|Citibank
26388279081866|4900198969067440719|15310948,00|1666555785871|Fundbox
10995116303002|4733565782854732368|58619834,00|1615327147555|Funding Circle
24189255846314|4897384219300334161|67248972,00|1665640785771|BlueVine
24189255846314|4876836546000456274|53357469,00|1659318182695|SoFi
24189255846314|4889502919952435795|82878890,00|1663263090455|Best Egg
24189255846314|4862481322188212820|90730943,00|1654912209951|Discover
10995116323002|4833207924610304597|17072035,00|1645908102761|Fundrise
17592186099658|4879651295767562838|72235819,00|1660181833491|Wells Fargo
28587302387418|4915398617809816151|85142864,00|1671180422712|Discover
30786325652970|4917931892600212056|96224926,00|1671981050955|Best Egg
6597069771899|4735817582668417625|11433070,00|1615994798722|Prosper
6597069771899|4717240234205514330|90641537,00|1610340155286|Fundrise
6597069771899|4788734878290020955|30477699,00|1632294061067|Avant
21990232570763|4908080268415339100|47672330,00|1668905673600|Discover
21990232570763|4870644096512821853|75014491,00|1657425222144|Best Egg
21990232570763|4912583868042709598|51134654,00|1670293494010|US Bank
8796093067451|4744824781923158623|90295108,00|1618797162106|US Bank
26388279121867|4911457968135866976|72602016,00|1669946056517|Rocket Loans
2199023330795|4862481322188212833|51301069,00|1654956737398|Citibank
2199023330795|4864451647025187426|10731999,00|1655500905208|Marcus by Goldman Sachs
2199023330795|4667419163327728227|21336041,00|1595002666724|Navy Federal Credit Union
2199023330795|4761994755502508644|33380990,00|1624030593826|Funding Circle
10995116283004|4856288872700578405|53376187,00|1653061790691|OnDeck
10995116283004|4881340145627826790|18798277,00|1660745239736|Prosper
10995116283004|4830956124796619367|70351953,00|1645261637908|Capital One
10995116283004|4833207924610304616|21686831,00|1645952438812|Patch of Land
8796093047452|4866140496885451369|9401235,00|1656047165055|SoFi
17592186119660|4901324868974283370|10125042,00|1666849241630|Best Egg
28587302327421|4918776317530344043|22505400,00|1672243100114|OneMain Financial
8796093067453|4725403008530123372|98938421,00|1612781897270|RealtyMogul
28587302377421|4917368942646790765|92988165,00|1671820855004|Fundrise
28587302377421|4913428292972841582|67155544,00|1670603948283|American Express
28587302377421|4907517318461917807|72955641,00|1668805386676|LightStream
24189255886317|4913991242926262896|29397465,00|1670783498313|Wells Fargo
24189255886317|4883591945441512049|69396238,00|1661436579049|Chase Bank
10995116283006|4760024430665534066|70392845,00|1623415687079|Prosper
10995116283006|4853474122933471859|76419073,00|1652124454728|Roofstock
10995116283006|4817445325914507892|45777712,00|1641078341412|Upgrade
10995116283006|4799149452428315253|17620587,00|1635497886694|Fundrise
28587302337422|4911457968135866998|60077052,00|1670001699302|RealtyMogul
28587302337422|4917931892600212087|64160961,00|1671970835434|Roofstock
28587302337422|4916524517716658808|34874756,00|1671510641404|Patch of Land
28587302337422|4890628819859278457|30210702,00|1663575900805|Navy Federal Credit Union
10995116313006|4863325747118344826|23608245,00|1655184764058|Marcus by Goldman Sachs
10995116313006|4811534351403584123|77216178,00|1639245860879|Chase Bank
10995116313006|4890628819859278460|63034768,00|1663553656708|Avant
4398046556350|4753550506201188989|85795642,00|1621505375996|RealtyMogul
4398046556350|4899636019114019454|69718779,00|1666352288031|Roofstock
2199023310798|4782542428802386559|51699436,00|1630409494801|Kabbage
2199023310798|4668826538211281536|83872116,00|1595458856774|US Bank
13194139608558|4914272717902973569|23408437,00|1670856339230|OneMain Financial
13194139608558|4758054105828559490|65923963,00|1622844638864|Wells Fargo
13194139608558|4871488521442953859|67834759,00|1657720915428|American Express
13194139608558|4794927327777655428|8001162,00|1634213202528|Citibank
6597069771903|4766498355129879173|34273502,00|1625416729992|Discover
17592186059663|4910332068229024390|47843279,00|1669604827838|SunTrust
15393162824111|4919057792507054727|10314003,00|1672356892218|Best Egg
15393162824111|4787890453359889032|95957350,00|1631975213016|SunTrust
4398046566351|4766498355129879177|15184137,00|1625447791128|Wells Fargo
4398046566351|4863325747118344842|33227917,00|1655199835624|BlueVine
10995116343007|4827015475122670219|36742078,00|1644048977041|Citibank
2199023330799|4759180005735402124|91729801,00|1623170498321|Best Egg
2199023330799|4868110821722425997|50048893,00|1656628098721|Wells Fargo
10995116283008|4773816704524356238|94343030,00|1627733489698|LendingPoint
10995116283008|4890065869905857167|99934914,00|1663423300401|Marcus by Goldman Sachs
15393162814112|4887814070092171920|58988491,00|1662676535225|BlueVine
24189255856320|4875147696140192401|16685952,00|1658796369914|LightStream
19791209365216|4809001076613188242|72419716,00|1638499913422|Kabbage
19791209365216|4854881497817025171|44905354,00|1652600270854|LightStream
21990232630768|4910332068229024404|58796943,00|1669627867160|Capital One
2199023280801|4887532595115461269|21953545,00|1662617049901|LendingPoint
2199023280801|4732721357924600470|12368812,00|1615045639685|Chase Bank
26388279101873|4901043393997572759|14241685,00|1666808571461|Roofstock
26388279101873|4919620742460476056|7648212,00|1672525559748|Funding Circle
26388279101873|4909769118275603097|21444536,00|1669480765031|Upstart
24189255876321|4919057792507054746|90170537,00|1672340899973|Roofstock
24189255876321|4891754719766121115|28256138,00|1663909484704|Avant
24189255876321|4875147696140192412|5822728,00|1658835488101|Bank of America
6597069841905|4876836546000456349|1196784,00|1659379695328|State Farm Bank
6597069841905|4756928205921716894|71699345,00|1622537416359|Citibank
15250|4851222323119786655|68404617,00|1651430536440|Discover
15250|4862199847211502240|68695665,00|1654852159057|RealtyMogul
15250|4749328381550529185|38148009,00|1620163383280|American Express
24189255836322|4881903095581248162|88853914,00|1660894914171|Discover
24189255836322|4886406695208618659|62241747,00|1662285863895|Avant
19791209375218|4857696247584131748|47051142,00|1653486441032|OnDeck
19791209375218|4894569469533227685|83413860,00|1664814711453|Marcus by Goldman Sachs
19791209375218|4832363499680172710|95061268,00|1645656959493|SunTrust
19791209315219|4893443569626385063|53679853,00|1664441666397|PNC Bank
13194139558563|4852066748049918632|80055704,00|1651758363222|American Express
35251|4811534351403584169|63135095,00|1639271685644|Kabbage
35251|4876836546000456362|1991451,00|1659324802697|Marcus by Goldman Sachs
17592186099667|4840244799028071083|90213710,00|1648090813446|Rocket Loans
17592186099667|4875992121070324396|84025629,00|1659111502759|LendingPoint
17592186099667|4853474122933471917|35320584,00|1652184973059|Fundbox
19791209305220|4897665694277044910|40374263,00|1665771341443|Prosper
19791209305220|4880214245720984239|22607898,00|1660411076530|Bank of America
19791209305220|4873458846279928496|88689585,00|1658276529750|Earnest
19791209305220|4904984043671521969|11738708,00|1667966679389|Roofstock
19791209315220|4870644096512821938|37777710,00|1657411146275|Best Egg
19791209315220|4889784394929146547|78698268,00|1663359859396|Upstart
17592186069668|4816600900984375988|27043039,00|1640807792582|OneMain Financial
6597069801908|4828985799959644853|4501567,00|1644601502936|OnDeck
6597069801908|4709358934857616054|80721741,00|1607867254438|RealtyMogul
6597069801908|4776068504338041527|74913227,00|1628383284282|LendingPoint
24189255866324|4874303271210060472|8418924,00|1658538419990|Avant
24189255866324|4893162094649674425|66287110,00|1664376968967|US Bank
24189255866324|4872895896326507194|87235320,00|1658105021885|TD Bank
17592186109668|4893725044603095739|92779775,00|1664559340189|Marcus by Goldman Sachs
17592186109668|4914272717902973628|72475488,00|1670881194753|Upstart
17592186109668|4821667450565167805|41229825,00|1642357651786|Discover
17592186109668|4830956124796619454|3275995,00|1645234808612|Fundbox
13194139608564|4803371577078975167|99579228,00|1636764173176|Prosper
28587302337429|4915117142833105600|65879921,00|1671063630399|Citibank
28587302337429|4919620742460476097|75598677,00|1672480946054|American Express
28587302337429|4915961567763237570|97769292,00|1671328872789|US Bank
28587302337429|4918494842553633475|67742077,00|1672159186614|TD Bank
13194139558565|4774098179501066948|75100782,00|1627742795445|Marcus by Goldman Sachs
21990232610773|4848407573352680133|76620630,00|1650567830646|Capital One
21990232610773|4899354544137308870|38397904,00|1666252396143|SunTrust
21990232610773|4843903973725309639|17256620,00|1649214277817|Upstart
10995116343013|4739476757365656264|71028902,00|1617125014803|Fundbox
8796093037462|4761713280525798089|94466473,00|1623966952992|Fundrise
8796093037462|4804216002009107146|52692694,00|1637050575589|Capital One
6597069801910|4734410207784864459|23533246,00|1615551760559|Discover
6597069801910|4727091858390387404|86946931,00|1613327318939|Kabbage
6597069801910|4867829346745715405|17516919,00|1656547622349|RealtyMogul
6597069801910|4694722236068661966|24843348,00|1603411569896|Roofstock
4398046556358|4879369820790852303|50551164,00|1660141595531|Funding Circle
4398046556358|4763683605362772688|79914646,00|1624569882729|Rocket Loans
4398046556358|4767061305083300561|67266973,00|1625630253192|Wells Fargo
2199023310806|4824763675308985042|46594156,00|1643302554313|State Farm Bank
2199023310806|4764528030292904659|51781739,00|1624816470609|Wells Fargo
26388279131878|4919620742460476116|84568239,00|1672515764274|RealtyMogul
26388279131878|4910895018182445781|56776176,00|1669788192791|BlueVine
26388279131878|4892599144696253142|60928986,00|1664161484810|OneMain Financial
26388279131878|4906391418555075287|15988189,00|1668451229327|Capital One
75254|4784512753639361240|70274456,00|1631004872347|SoFi
75254|4789297828243442393|97384847,00|1632406063021|US Bank
75254|4894569469533227738|18343789,00|1664795260272|Discover
19791209315223|4815193526100822747|69408529,00|1640378125602|Rocket Loans
28587302357431|4919057792507054812|40026384,00|1672298434538|Bank of America
28587302357431|4909206168322181853|98968705,00|1669314285477|Marcus by Goldman Sachs
28587302357431|4914272717902973662|76014767,00|1670842298090|Upgrade
4398046586359|4877680970930588383|51668405,00|1659562352322|SunTrust
17592186049672|4906391418555075296|58519391,00|1668382258075|TD Bank
17592186049672|4808438126659767009|37848477,00|1638297791887|Patch of Land
17592186079672|4820260075681614562|96285987,00|1641920245187|RealtyMogul
17592186079672|4835459724423989987|68317692,00|1646663280314|Earnest
17592186079672|4818008275867929316|87634491,00|1641259060093|Fundbox
17592186079672|4865577546932030181|76681704,00|1655890175783|BlueVine
15393162864120|4904139618741390054|18779754,00|1667761635739|American Express
6597069771913|4774942604431198951|19454282,00|1628069587197|Marcus by Goldman Sachs
6597069771913|4749609856527239912|52193846,00|1620270977641|Prosper
6597069771913|4698662885742611177|91680824,00|1604612061974|Navy Federal Credit Union
19791209315225|4840244799028071146|23905442,00|1648091179801|American Express
19791209315225|4884717845348354795|55908187,00|1661770261898|Upstart
19791209315225|4839963324051360492|43373553,00|1648025186853|BlueVine
19791209315225|4852348223026629357|12924247,00|1651777920076|RealtyMogul
17592186069673|4889502919952435950|73766284,00|1663246572341|US Bank
17592186069673|4887814070092172015|38946948,00|1662744398727|Peerform
17592186069673|4838274474191096560|14397922,00|1647492483357|Wells Fargo
17592186069673|4904421093718100721|63220852,00|1667811223855|Fundrise
4398046546361|4825326625262406386|24061400,00|1643526462607|Funding Circle
13194139578569|4890065869905857267|53909874,00|1663367184055|Capital One
13194139578569|4875429171116903156|67548253,00|1658904141129|American Express
13194139578569|4856007397723867893|76279652,00|1652975360415|Peerform
13194139578569|4884717845348354806|57466079,00|1661755134547|Avant
55257|4765653930199747319|72640751,00|1625184340402|OnDeck
13194139598569|4840526274004781816|19243858,00|1648162315217|LightStream
2199023330809|4778601779128437497|56172342,00|1629165241080|Upstart
2199023330809|4903576668787968762|28128925,00|1667550590933|OnDeck
2199023330809|4879932770744273659|70326979,00|1660274989906|OneMain Financial
2199023330809|4914272717902973692|5410275,00|1670826877734|Earnest
19791209305226|4885280795301776125|20332451,00|1661897574606|RealtyMogul
19791209305226|4906672893531785982|92559337,00|1668546150102|SoFi
19791209305226|4839118899121228543|58942566,00|1647726122309|Bank of America
19791209305226|4911739443112577792|31129695,00|1670085127575|Chase Bank
2199023290810|4676989312535890689|58551444,00|1597940963976|Wells Fargo
2199023290810|4740602657272498946|97109554,00|1617445924607|Earnest
2199023290810|4764528030292904707|84582563,00|1624874330359|OneMain Financial
6597069811914|4902450768881126148|31225456,00|1667188065933|PNC Bank
6597069811914|4718929084065778437|88991310,00|1610851039674|Citibank
21990232620778|4906109943578364678|85581208,00|1668353940298|Navy Federal Credit Union
4398046586362|4881903095581248263|73507833,00|1660905593077|Peerform
4398046586362|4807593701729635080|49776974,00|1638082997231|Prosper
4398046586362|4786483078476335881|40200440,00|1631546960426|Kabbage
4398046586362|4890065869905857290|99638067,00|1663417044232|Funding Circle
15393162804123|4818289750844640011|9058299,00|1641382756600|Bank of America
15393162804123|4889784394929146636|81031214,00|1663345513422|Marcus by Goldman Sachs
15393162804123|4859103622467685133|42628333,00|1653887931513|Fundbox
17592186069675|4906109943578364686|39286068,00|1668316709990|LendingClub
17592186069675|4819415650751482639|69997159,00|1641695473418|Roofstock
2199023290811|4906672893531786000|89169274,00|1668515463437|Fundrise
2199023290811|4873177371303217937|19163773,00|1658187928164|Patch of Land
2199023290811|4914835667856395026|33116039,00|1671038373096|SunTrust
6597069811915|4857414772607421203|91354820,00|1653337284597|LendingPoint
24189255876331|4918494842553633556|1617278,00|1672146358745|OnDeck
8796093037468|4826452525169249045|6860606,00|1643870156260|OnDeck
8796093047468|4839681849074649878|4180449,00|1647950785045|State Farm Bank
8796093047468|4739195282388945687|3986436,00|1617065239364|Rocket Loans
8796093047468|4788734878290021144|51459324,00|1632305283094|Kabbage
8796093047468|4891473244789410585|81252192,00|1663825458367|TD Bank
10995116353020|4864170172048476954|47622236,00|1655449479174|Roofstock
10995116353020|4784512753639361307|12833401,00|1630961628579|Discover
10995116353020|4837148574284253980|56760173,00|1647160532811|LightStream
10995116353020|4860792472327949085|70607965,00|1654400576319|LightStream
26388279071885|4912583868042709790|75621676,00|1670317831294|Roofstock
26388279071885|4886406695208618783|25948036,00|1662307528095|Prosper
8796093037469|4808719601636477728|13926181,00|1638433760627|Citibank
8796093037469|4753269031224478497|7669359,00|1621394148646|LendingPoint
8796093037469|4757772630851848994|23494477,00|1622778871996|Fundrise
8796093037469|4809845501543320355|15531288,00|1638741828563|Fundbox
10995116303021|4838837424144517924|52036433,00|1647675827297|Discover
10995116303021|4775787029361330981|95019964,00|1628322130866|SunTrust
13194139588573|4771564904710671142|94725739,00|1626963738953|Avant
24189255886333|4883873420418222887|23984845,00|1661519372477|Funding Circle
19791209315230|4889784394929146664|92932736,00|1663323318330|Best Egg
21990232580782|4839681849074649897|33972093,00|1647917180878|Prosper
6597069811918|4704855335230245674|58978782,00|1606485390292|PNC Bank
6597069811918|4888095545068882731|75559921,00|1662811546226|Rocket Loans
26388279121886|4908643218368760620|69522619,00|1669079449265|Peerform
19791209305231|4858540672514263853|41199372,00|1653736051676|Wells Fargo
19791209305231|4831800549726751534|62887280,00|1645507982511|Peerform
15263|4882466045534669615|35896217,00|1661108715112|LightStream
28587302357439|4910895018182445872|44727299,00|1669831295509|State Farm Bank
28587302357439|4901324868974283569|41185419,00|1666903747485|Bank of America
28587302357439|4901887818927704882|59717180,00|1667015780824|Kabbage
26388279111887|4891191769812699955|19257109,00|1663785952058|Avant
26388279111887|4901887818927704884|1852709,00|1667066471149|SoFi
26388279111887|4900761919020862261|71382722,00|1666722983800|Earnest
26388279111887|4871769996419664694|10607028,00|1657786943830|US Bank
10995116343023|4752987556247767863|56591857,00|1621286747565|Kabbage
10995116343023|4809845501543320376|96434588,00|1638765756876|OneMain Financial
21990232630783|4898791594183887673|32787920,00|1666060600061|PNC Bank
21990232630783|4859385097444395834|22796975,00|1654020945015|OneMain Financial
21990232630783|4885843745255197499|96750823,00|1662127387607|Marcus by Goldman Sachs
21990232630783|4843903973725309756|67009747,00|1649265012470|Peerform
2199023270816|4848407573352680253|50714611,00|1650574206352|State Farm Bank
2199023270816|4705699760160377662|12179954,00|1606796172732|Rocket Loans
17592186089680|4854881497817025343|12941173,00|1652607169804|LendingPoint
17592186089680|4812660251310426944|44699762,00|1639621752102|LendingClub
17592186089680|4905828468601654081|72925529,00|1668283034618|Patch of Land
17592186089680|4898510119207177026|14673630,00|1666038257719|American Express
26388279121888|4899073069160598339|3382915,00|1666214465612|Upstart
10995116343024|4803371577078975300|51541159,00|1636770846889|American Express
19791209325233|4848970523306101573|90480010,00|1650816527771|Fundrise
15393162834129|4815756476054244166|29433275,00|1640552319534|Avant
15393162834129|4882184570557958983|32524129,00|1661004333131|Peerform
19791209375233|4843341023771888456|4437018,00|1649087818200|Chase Bank
19791209375233|4886125220231908169|14758805,00|1662234032759|Bank of America
19791209375233|4883873420418222922|3036593,00|1661500879744|LendingPoint
19791209375233|4846437248515705675|21851374,00|1649983754852|Earnest
17592186049682|4866703446838872908|61296041,00|1656205086570|Roofstock
15393162804130|4852066748049918797|35447731,00|1651741734450|Avant
15393162804130|4823637775402142542|92262205,00|1642996308670|PNC Bank
15393162804130|4789297828243442511|35563679,00|1632466898046|Citibank
2199023280818|4727654808343808848|91975940,00|1613470471557|Best Egg
17592186099682|4856007397723867985|37594891,00|1652985460969|Rocket Loans
17592186099682|4887814070092172114|19251321,00|1662682583076|PNC Bank
17592186099682|4877680970930588499|7128759,00|1659560351113|SoFi
17592186099682|4846718723492416340|82622004,00|1650108416242|Peerform
15393162864130|4784512753639361365|94208155,00|1630994727953|BlueVine
15393162864130|4828422850006223702|71313513,00|1644492998395|LendingClub
15393162864130|4835178249447279447|75077412,00|1646540458265|SunTrust
30786325582995|4915680092786527064|43105051,00|1671304194641|BlueVine
30786325582995|4919339267483765593|34648728,00|1672390903684|Marcus by Goldman Sachs
30786325582995|4916524517716659034|41289265,00|1671516307286|Funding Circle
30786325582995|4913428292972841819|36487256,00|1670567328251|TD Bank
28587302347443|4916243042739948380|18303719,00|1671413400148|Patch of Land
28587302347443|4919339267483765597|22870800,00|1672439472635|BlueVine
28587302347443|4912302393065999198|11444661,00|1670282306152|RealtyMogul
28587302347443|4904139618741390175|20351763,00|1667741736349|Marcus by Goldman Sachs
19791209345235|4869236721629268832|50998289,00|1657043162080|Roofstock
19791209345235|4829267274936355681|15997752,00|1644736947152|Earnest
19791209345235|4859103622467685218|3831225,00|1653907848002|LightStream
19791209345235|4842215123865045859|1430826,00|1648679232187|Discover
19791209365235|4827296950099381092|67696514,00|1644137528088|State Farm Bank
19791209365235|4860510997351238501|91888615,00|1654340170143|Navy Federal Credit Union
17592186049684|4867266396792294246|5384566,00|1656420351036|Bank of America
17592186049684|4902732243857836903|19904196,00|1667298588594|Kabbage
6597069801924|4877118020977167208|43539550,00|1659450956105|American Express
6597069801924|4722025308809595753|70399182,00|1611807238325|Capital One
6597069801924|4814349101170690922|54318763,00|1640111284909|Prosper
6597069801924|4840244799028071275|75263206,00|1648137226236|SoFi
6597069811924|4850659373166365548|99475346,00|1651325600970|Earnest
13194139588580|4851503798096497517|4249719,00|1651546740030|Funding Circle
13194139588580|4847563148422548334|61069939,00|1650352409246|PNC Bank
13194139588580|4858540672514263919|67569978,00|1653724661514|TD Bank
13194139588580|4886688170185329520|95627928,00|1662410393688|Prosper
19791209365236|4876273596047035249|94785763,00|1659178938152|Roofstock
19791209365236|4852629698003340146|90370103,00|1651894286371|Earnest
19791209365236|4894006519579806579|64210697,00|1664596980794|Best Egg
19791209365236|4850377898189654900|87990587,00|1651173980905|LendingClub
30786325652996|4919057792507054965|60229153,00|1672357809375|RealtyMogul
30786325652996|4917368942646791030|41850953,00|1671794692697|TD Bank
30786325652996|4917087467670080375|90251110,00|1671703685754|Wells Fargo
10995116283029|4807030751776213880|90541885,00|1637861754276|Discover
17592186059685|4810408451496741753|3194748,00|1638900906961|Peerform
17592186069685|4829267274936355706|78496929,00|1644722497423|Roofstock
17592186069685|4824763675308985211|72115503,00|1643365561961|Roofstock
6597069811925|4732158407971179388|54756568,00|1614894086794|Prosper
8796093077477|4781416528895544189|71556704,00|1630017709236|Rocket Loans
8796093077477|4825045150285695870|8162802,00|1643413377733|SoFi
8796093077477|4851785273073208191|71736207,00|1651633495885|Fundrise
8796093077477|4754394931131321216|2420288,00|1621701106974|SunTrust
17592186109685|4874021796233350017|66049341,00|1658442639420|Rocket Loans
17592186109685|4883310470464801666|66248936,00|1661292125067|Marcus by Goldman Sachs
17592186109685|4837430049260964739|13743793,00|1647242255169|BlueVine
17592186049686|4880214245720984452|16196983,00|1660346128902|SunTrust
17592186049686|4917650417623501701|24077476,00|1671911445303|OnDeck
17592186049686|4849251998282812294|24332225,00|1650875966843|SoFi
21990232570790|4887532595115461511|24686048,00|1662601447177|SunTrust
21990232570790|4833770874563726216|55955516,00|1646114485908|LightStream
21990232570790|4854881497817025417|78060990,00|1652603384938|LightStream
13194139568582|4774098179501067146|58547813,00|1627743759792|BlueVine
19791209345238|4840526274004781963|49171737,00|1648159357787|Capital One
19791209345238|4856851822654000012|83066817,00|1653201150447|Fundrise
19791209345238|4852911172980050829|26707308,00|1652009261040|Patch of Land
13194139588582|4772972279594224526|53481939,00|1627428018963|OneMain Financial
13194139588582|4772972279594224527|68430466,00|1627473207168|Wells Fargo
13194139588582|4764246555316194192|55765527,00|1624729855634|SunTrust
13194139588582|4814349101170690961|10144345,00|1640174038276|Fundbox
28587302387446|4909206168322182034|43367513,00|1669321704570|PNC Bank
15393162864134|4782823903779097491|58625796,00|1630430034347|Upstart
13194139538583|4785920128522914708|97311432,00|1631386802799|Roofstock
6597069781927|4904702568694811541|38605532,00|1667902921436|BlueVine
6597069781927|4896821269346913174|78676495,00|1665441480665|LendingPoint
2199023300823|4795490277731077015|91229891,00|1634383085493|State Farm Bank
2199023300823|4839400374097939352|58957185,00|1647827037703|SunTrust
2199023300823|4743698882016316313|64155002,00|1618417153433|Funding Circle
2199023300823|4915680092786527130|53958529,00|1671258398281|Capital One
19791209365239|4892880619672963995|31930862,00|1664282290053|OneMain Financial
19791209365239|4850096423212944284|64797130,00|1651160203884|Chase Bank
19791209365239|4890347344882568093|65113928,00|1663469120092|OnDeck
19791209365239|4914272717902973854|38922072,00|1670847110592|OnDeck
5272|4895976844416781215|98414034,00|1665240961948|US Bank
4398046536376|4803371577078975392|68353283,00|1636767928283|Roofstock
2199023300824|4871207046466243489|80763502,00|1657646572604|Patch of Land
6597069841928|4787046028429757346|6473107,00|1631747494126|RealtyMogul
6597069841928|4798867977451604899|73677849,00|1635385456701|Roofstock
13194139538585|4913991242926263204|40700461,00|1670790670849|Wells Fargo
13194139538585|4788734878290021285|58352823,00|1632314707543|OneMain Financial
13194139538585|4914835667856395174|13685751,00|1671019318453|Funding Circle
13194139538585|4827578425076091815|98007679,00|1644192333258|Rocket Loans
21990232570793|4874584746186771368|53628499,00|1658608380541|Earnest
21990232570793|4908643218368760745|21006948,00|1669081872661|SunTrust
24189255846345|4877962445907299242|84066592,00|1659665779584|LightStream
21990232600793|4861073947304659883|33889397,00|1654471015556|Navy Federal Credit Union
21990232600793|4870081146559400876|66836083,00|1657248285319|LendingClub
65273|4908643218368760749|15574848,00|1669120017609|Earnest
65273|4664041463607200686|64545011,00|1593991151913|Fundrise
6597069841929|4705418285183667119|4918463,00|1606654536064|SunTrust
6597069841929|4744824781923158960|82771308,00|1618805251424|Fundrise
6597069841929|4848407573352680369|14763534,00|1650631258836|Kabbage
5274|4780009154011990962|28238114,00|1629586713287|Rocket Loans
15393162854138|4877680970930588595|93037881,00|1659639747255|RealtyMogul
10995116353034|4823356300425431988|56851317,00|1642923059862|Patch of Land
10995116353034|4733847257831443381|13280623,00|1615371727237|BlueVine
10995116353034|4769031629920275382|62113034,00|1626186502373|Fundbox
10995116353034|4839681849074650039|31902774,00|1647958527190|Discover
21990232560795|4850096423212944312|70822440,00|1651104021030|Navy Federal Credit Union
4398046526379|4664604413560622009|58119773,00|1594165356856|Patch of Land
4398046526379|4790986678103706554|61513176,00|1632986749264|Prosper
4398046526379|4791831103033838523|74360314,00|1633191729947|Upstart
28587302357451|4919339267483765692|52883537,00|1672392300459|OnDeck
28587302357451|4913709767949552573|50615239,00|1670655457949|Upstart
28587302357451|4912865343019420606|4191292,00|1670441437481|Upgrade
28587302357451|4919057792507055039|27965127,00|1672277622018|Peerform
24189255856347|4902169293904415680|42703872,00|1667087583907|Wells Fargo
17592186099691|4798305027498183617|46064303,00|1635208058816|Bank of America
24189255826348|4878806870837431234|6590908,00|1659982194782|LightStream
24189255826348|4881903095581248451|81604126,00|1660898702264|American Express
24189255826348|4877118020977167300|16894147,00|1659438677297|Navy Federal Credit Union
24189255836348|4902450768881126341|32611128,00|1667222287837|SoFi
26388279101900|4903013718834547654|97204679,00|1667365729883|Patch of Land
26388279101900|4907517318461918151|32616852,00|1668731356747|Avant
10995116343036|4870362621536111560|71547025,00|1657382860453|Fundrise
10995116343036|4740039707319077833|94748303,00|1617320869984|Kabbage
10995116343036|4760868855595666378|10170813,00|1623694583956|Roofstock
15393162814141|4859103622467685323|96339030,00|1653920195442|TD Bank
30786325623005|4917931892600212428|70828598,00|1671973346966|Fundrise
30786325623005|4917931892600212429|87827351,00|1671986713745|State Farm Bank
30786325623005|4919057792507055054|21392876,00|1672295679239|SunTrust
30786325623005|4911176493159156687|72953270,00|1669912380566|Earnest
8796093077485|4738913807412235216|92615605,00|1616952209710|Navy Federal Credit Union
8796093077485|4868110821722426321|66020076,00|1656676148767|Earnest
8796093077485|4861073947304659922|16679063,00|1654535734645|Citibank
8796093077485|4881903095581248467|7591406,00|1660866261657|Avant
4398046576381|4859666572421106644|93060254,00|1654077921647|Avant
4398046576381|4688248311604317141|78126069,00|1601385500135|LendingClub
21990232560798|4897947169253755862|50536230,00|1665855553349|OnDeck
17592186059694|4838555949167807447|41788147,00|1647553639428|OnDeck
17592186059694|4873458846279928792|42568823,00|1658289550132|Fundbox
17592186059694|4870081146559400921|78049586,00|1657240023143|Patch of Land
17592186059694|4815756476054244314|16409147,00|1640557275975|SoFi
21990232580798|4875710646093614043|64400701,00|1658976412600|Upgrade
26388279101902|4895413894463359964|44754884,00|1665038352288|Fundrise
65278|4787608978383178717|67346001,00|1631942508168|Peerform
65278|4647434439981272030|79930879,00|1588830553084|US Bank
65278|4902450768881126367|90785575,00|1667185475984|Peerform
65278|4701196160533007328|28733967,00|1605415366516|Avant
4398046586382|4715269909368540129|8744848,00|1609698180488|SoFi
4398046586382|4812941726287137762|45164318,00|1639721367200|Earnest
4398046586382|4848407573352680419|66640236,00|1650573138362|American Express
24189255816351|4899354544137309156|92294612,00|1666224883158|RealtyMogul
24189255816351|4872332946373086181|33073149,00|1657972389656|BlueVine
17592186069695|4809282551589899238|94908556,00|1638549347955|Peerform
2199023290831|4894850944509938663|20748098,00|1664846881406|Navy Federal Credit Union
17592186089695|4919339267483765736|62737403,00|1672436306036|Rocket Loans
2199023310831|4698381410765900777|49058058,00|1604549945863|Fundrise
2199023310831|4711610734671301610|44394242,00|1608590101289|PNC Bank
2199023310831|4759461480712113131|26857155,00|1623258084963|LendingClub
2199023310831|4912583868042709996|25445186,00|1670291773775|PNC Bank
8796093087487|4795771752707787757|5669420,00|1634427025938|Avant
2199023330831|4740884132249209838|14626361,00|1617542780230|Chase Bank
2199023330831|4812378776333716463|88098373,00|1639565406303|TD Bank
2199023330831|4861636897258081264|1302738,00|1654675254142|US Bank
2199023330831|4788171928336600049|53113714,00|1632116821177|TD Bank
15393162794144|4839681849074650098|22658684,00|1647949401493|LightStream
17592186059696|4825608100239117299|9023759,00|1643589902852|Marcus by Goldman Sachs
17592186059696|4894287994556517364|62113634,00|1664744729971|Fundbox
17592186059696|4818289750844640245|93457343,00|1641363152609|Capital One
8796093047488|4915680092786527222|95212373,00|1671236019497|OneMain Financial
21990232590800|4830674649819909111|41645990,00|1645133839372|LendingPoint
21990232630800|4837992999214386168|38477791,00|1647401235997|Best Egg
21990232630800|4835178249447279609|90253714,00|1646528724225|LightStream
21990232630800|4841933648888335354|52807331,00|1648592231563|LendingClub
21990232630800|4861636897258081275|67050131,00|1654669494106|Upstart
28587302337457|4913428292972841980|4619367,00|1670570670740|Upgrade
28587302337457|4919620742460476413|41421968,00|1672481018488|TD Bank
28587302337457|4915117142833105918|57678407,00|1671134789861|Rocket Loans
6597069791937|4862762797164923903|87406695,00|1655035528297|LendingClub
6597069791937|4850096423212944384|55119977,00|1651130364479|American Express
6597069791937|4829267274936355841|86545489,00|1644733860737|Fundbox
6597069791937|4776912929268173826|2902968,00|1628624279676|OneMain Financial
6597069801937|4907517318461918211|15201554,00|1668746436224|PNC Bank
6597069801937|4837148574284254212|72376244,00|1647160788586|Earnest
6597069801937|4769313104896986117|40638006,00|1626288388400|BlueVine
6597069801937|4746232156806712326|17523394,00|1619220375304|US Bank
6597069821937|4795771752707787783|94905954,00|1634449423035|LendingPoint
65281|4860510997351238664|3627210,00|1654290796764|OneMain Financial
65281|4760587380618955785|11426903,00|1623586828621|Funding Circle
24189255886353|4863607222095055882|54070666,00|1655274477565|OnDeck
25282|4898228644230466571|57651562,00|1665887732994|Capital One
13194139578594|4884154895394933772|82314115,00|1661615376976|OnDeck
13194139578594|4813504676240559117|4783961,00|1639886901832|Fundbox
13194139578594|4803934527032396814|70612143,00|1636980967860|LightStream
19791209375250|4893443569626385423|89014683,00|1664442862315|Fundbox
19791209375250|4914554192879684624|27010974,00|1670897444256|Roofstock
19791209375250|4815475001077533713|22576185,00|1640466312089|Avant
24189255816355|4906391418555075602|78308429,00|1668466644084|Bank of America
24189255816355|4892599144696253459|72661809,00|1664169189123|Earnest
4398046546387|4732439882947890196|45322834,00|1614970535983|Capital One
4398046546387|4761994755502509077|45460968,00|1624034592966|PNC Bank
4398046546387|4817163850937797654|41651276,00|1641051791947|LendingPoint
15393162794148|4852911172980050967|219964,00|1652022673980|PNC Bank
4398046536388|4724840058576702488|30623155,00|1612605023361|Bank of America
8796093067492|4824200725355564057|44790850,00|1643189020328|PNC Bank
8796093067492|4783668328709229594|66823381,00|1630720676120|Marcus by Goldman Sachs
8796093067492|4916805992693369883|25215880,00|1671648901036|Discover
8796093067492|4895976844416781340|92540192,00|1665257305011|RealtyMogul
17592186099700|4881903095581248541|15377900,00|1660863938608|Patch of Land
17592186099700|4843059548795178014|20027076,00|1649008076218|American Express
19791209365252|4878806870837431327|72919452,00|1659976815078|State Farm Bank
19791209375252|4871207046466243616|71038633,00|1657621667677|Patch of Land
19791209375252|4821104500611746849|59529594,00|1642258838137|Patch of Land
19791209375252|4870644096512822306|16422072,00|1657440144514|LendingClub
19791209375252|4832363499680173091|68223231,00|1645692277997|Capital One
15285|4894850944509938724|202410,00|1664911716906|PNC Bank
26388279091909|4910895018182446117|55283512,00|1669805395436|LendingPoint
26388279091909|4892317669719542822|24334459,00|1664126298149|OnDeck
26388279091909|4892880619672964135|90984979,00|1664248534844|Chase Bank
26388279091909|4876836546000456744|53838992,00|1659355799451|Fundrise
6597069811941|4734691682761575465|3625232,00|1615685009796|LendingClub
21990232560806|4899073069160598570|64971409,00|1666207520683|Earnest
21990232610806|4891473244789410859|21488672,00|1663864242119|Roofstock
21990232610806|4846437248515705900|86413583,00|1650001538927|Fundbox
17592186109702|4818852700798061613|52796809,00|1641528203541|BlueVine
17592186109702|4789579303220153390|13760933,00|1632560927159|Roofstock
17592186109702|4814349101170691119|26620596,00|1640109491806|SoFi
17592186109702|4853474122933472304|1640033,00|1652185507674|RealtyMogul
2199023260839|4729625133180783665|29156199,00|1614153227912|PNC Bank
13194139548599|4748202481643686962|61188473,00|1619805285618|Avant
15393162824151|4801401252242000947|42758739,00|1636136528471|Bank of America
15393162824151|4884436370371644468|78969338,00|1661648610963|OneMain Financial
15393162824151|4796897652614630453|82859741,00|1634792588469|OneMain Financial
15393162824151|4875992121070324790|41341331,00|1659117364374|Fundbox
28587302367463|4913146817996131383|42466592,00|1670461194407|OnDeck
17592186109703|4872332946373086264|15429143,00|1657938769996|Rocket Loans
8796093027496|4838555949167807545|13100759,00|1647616141557|Peerform
8796093027496|4739195282388945978|94101794,00|1617061088391|Chase Bank
8796093027496|4761994755502509115|5316665,00|1624025951445|Best Egg
13194139548600|4826734000145959996|55572722,00|1643932911274|Kabbage
13194139548600|4882466045534669885|4707137,00|1661065978900|Funding Circle
13194139548600|4835741199400700990|73909894,00|1646675042079|Citibank
13194139548600|4780009154011991103|64625389,00|1629623535310|Wells Fargo
15393162814152|4799712402381737024|89467411,00|1635611901606|Peerform
15393162814152|4783949803685940289|74374114,00|1630778068807|Fundbox
15393162814152|4887532595115461698|76434731,00|1662613390504|Bank of America
26388279111912|4905546993624943683|74725832,00|1668187948896|American Express
13194139598600|4919057792507055172|4940090,00|1672302131035|SunTrust
15393162864152|4914272717902974021|1108602,00|1670839476677|RealtyMogul
15393162864152|4783386853732518982|27429105,00|1630669632351|Fundbox
15393162804153|4876555071023746119|88040696,00|1659218854111|LendingPoint
15393162804153|4777757354198305864|40795814,00|1628887806482|American Express
19791209335257|4842215123865046089|14375263,00|1648712601360|Earnest
2199023330841|4896821269346913354|47446165,00|1665496556337|Fundbox
2199023330841|4866703446838873163|71911946,00|1656209495335|Upgrade
2199023330841|4817445325914508364|92273385,00|1641062771702|Prosper
2199023330841|4813223201263848525|37902910,00|1639782216253|Earnest
19791209305258|4874584746186771534|83161355,00|1658673567478|Avant
2199023280842|4866984921815583823|44397351,00|1656317338642|Chase Bank
15393162824154|4846718723492416592|91369115,00|1650078808690|LightStream
15393162824154|4782542428802387025|44600134,00|1630381618047|Marcus by Goldman Sachs
8796093087498|4823356300425432146|15914581,00|1642952967270|American Express
8796093087498|4723714158669859923|93626493,00|1612286290620|Roofstock
8796093087498|4744261831969737812|20215777,00|1618579794316|OneMain Financial
13194139608602|4783105378755808341|33355648,00|1630563990615|Roofstock
13194139608602|4901043393997573206|35831966,00|1666763899582|Citibank
13194139608602|4871207046466243671|10492916,00|1657646965344|State Farm Bank
2199023260843|4650249189748378712|64233231,00|1589717138156|Wells Fargo
2199023260843|4906391418555075673|81927961,00|1668383742433|Citibank
2199023260843|4649404764818246746|62526725,00|1589469300785|Fundrise
2199023280843|4861918372234792027|85247402,00|1654800365858|Prosper
8796093067499|4898510119207177308|15876260,00|1665988762525|Capital One
10995116283052|4791831103033838685|83437568,00|1633251711708|Roofstock
10995116283052|4865859021908741214|52809114,00|1655977432054|Earnest
10995116283052|4892880619672964191|74590064,00|1664290000033|Best Egg
10995116293052|4883873420418223200|44152851,00|1661491343964|RealtyMogul
10995116293052|4876555071023746145|88561133,00|1659277848043|Discover
10995116293052|4905265518648233058|25252390,00|1668070578079|BlueVine
10995116293052|4816600900984376419|20717426,00|1640855179831|OneMain Financial
21990232580812|4863607222095055972|30031762,00|1655286952247|BlueVine
21990232580812|4878806870837431397|55978205,00|1659923211212|Best Egg
21990232580812|4906954368508496998|46110967,00|1668624539908|Upstart
2199023300844|4765090980246326375|44665744,00|1624992617550|OneMain Financial
28587302387468|4907798793438628968|31042091,00|1668892482006|Best Egg
24189255886364|4894006519579806825|82130510,00|1664588532889|Prosper
24189255886364|4866703446838873194|5631416,00|1656217784963|Chase Bank
24189255886364|4865577546932030571|89254189,00|1655870236138|RealtyMogul
10995116283053|4886969645162040428|15985248,00|1662446880371|Best Egg
24189255836365|4890628819859278957|10130659,00|1663556207962|American Express
24189255836365|4908361743392050286|48586815,00|1669020975547|Earnest
24189255836365|4866984921815583855|16596243,00|1656311174414|US Bank
28587302367469|4913709767949552752|64852331,00|1670654070645|TD Bank
28587302367469|4890628819859278961|44678532,00|1663611913688|TD Bank
28587302367469|4899636019114019954|5100079,00|1666329163900|OnDeck
28587302367469|4893443569626385523|43305585,00|1664479977271|Fundrise
2199023310845|4670796863048256628|15618099,00|1596000108252|Fundrise
2199023310845|4837992999214386293|33047142,00|1647372203100|Discover
2199023310845|4857977722560842870|49581246,00|1653573134756|OnDeck
2199023320845|4684026186953657463|46153587,00|1600110585827|Upgrade
6597069841949|4711329259694591096|6360530,00|1608498230610|Capital One
8796093027502|4709921884811037817|33419441,00|1608082575385|Upstart
4398046546398|4829548749913066618|44235093,00|1644809963711|Roofstock
4398046546398|4887251120138751099|25313909,00|1662562823046|SunTrust
4398046546398|4691907486301555836|19258884,00|1602563655438|Prosper
13194139578606|4852911172980051069|62217219,00|1652017604464|PNC Bank
17592186049711|4842778073818467454|47424644,00|1648864704936|Citibank
17592186049711|4868673771675847807|16556436,00|1656829390924|LightStream
17592186049711|4854600022840315008|46863974,00|1652541907912|Marcus by Goldman Sachs
17592186049711|4835178249447279745|25615047,00|1646560869460|Rocket Loans
15393162814159|4849533473259523202|58034175,00|1650933835690|State Farm Bank
8796093057503|4757772630851849347|36136185,00|1622743845666|Wells Fargo
8796093057503|4715269909368540292|7123088,00|1609702570847|TD Bank
8796093057503|4738913807412235397|87257887,00|1616951800957|US Bank
6597069811951|4752706081271057542|14398673,00|1621234871138|OnDeck
6597069811951|4843059548795178119|12207470,00|1649007796593|Wells Fargo
55295|4827578425076092040|22811910,00|1644184873699|PNC Bank
55295|4620412842217049225|57746211,00|1580548849242|Citibank
55295|4887814070092172426|92369101,00|1662691161621|Chase Bank
55295|4637582815796399243|46795749,00|1585793547939|Earnest
26388279131919|4886969645162040460|77909798,00|1662447283041|LightStream
26388279131919|4902169293904415885|7278801,00|1667146502505|LendingPoint
26388279131919|4869799671582690446|38275982,00|1657156152859|Chase Bank
26388279141919|4909769118275603599|4631457,00|1669455243499|Rocket Loans
26388279141919|4914835667856395408|36016782,00|1670989996401|Bank of America
26388279141919|4902450768881126545|95009613,00|1667189537162|Rocket Loans
28587302327472|4913709767949552786|35217509,00|1670687033985|Fundbox
28587302327472|4910895018182446227|26560554,00|1669797021226|Marcus by Goldman Sachs
28587302357472|4893725044603096212|84192152,00|1664515034197|Upstart
28587302357472|4917368942646791317|37052844,00|1671835749805|Peerform
28587302357472|4910613543205735574|73003383,00|1669759169928|Patch of Land
17592186089712|4824763675308985495|446635,00|1643360011993|RealtyMogul
17592186089712|4809282551589899416|88724795,00|1638574102638|BlueVine
17592186089712|4801964202195422361|10505695,00|1636325340007|Upstart
17592186089712|4793801427870813338|46324161,00|1633846822762|LightStream
28587302397472|4905546993624943771|21320099,00|1668185579734|Kabbage
28587302397472|4912865343019420828|8054960,00|1670450726712|Roofstock
28587302337473|4905265518648233117|73551258,00|1668061731700|Chase Bank
28587302337473|4918494842553633950|50561700,00|1672145627144|Marcus by Goldman Sachs
10995116313057|4781135053918833823|94973468,00|1629928410600|OnDeck
19791209345265|4865296071955319968|7859469,00|1655821805141|Discover
19791209345265|4832082024703462561|49314965,00|1645580767415|Citibank
2199023310849|4765372455223037090|13796488,00|1625056002833|Upgrade
26388279131921|4884717845348355235|56983416,00|1661785438902|LightStream
26388279131921|4879369820790852772|65058910,00|1660119568311|Fundbox
21990232630817|4894006519579806885|23130093,00|1664616926298|RealtyMogul
24189255816370|4887532595115461798|41479157,00|1662628286054|Marcus by Goldman Sachs
24189255816370|4846437248515706023|82667315,00|1649988170264|Chase Bank
15393162804162|4815193526100823208|98042367,00|1640382919989|Wells Fargo
15393162804162|4900761919020862633|40929828,00|1666704489655|Navy Federal Credit Union
15393162804162|4907798793438629034|58591047,00|1668890588434|Earnest
6597069791954|4749609856527240363|35545397,00|1620297647176|Capital One
6597069791954|4734128732808154284|2516179,00|1615529874129|LendingClub
6597069791954|4709358934857616557|51444776,00|1607883890320|Bank of America
6597069791954|4766498355129879726|13989138,00|1625428754935|Upgrade
24189255876370|4910895018182446255|52534036,00|1669776487922|Roofstock
17592186119714|4897947169253756080|80395107,00|1665830363913|RealtyMogul
17592186119714|4815475001077533873|20905313,00|1640471148087|Earnest
17592186119714|4823919250378853554|60308594,00|1643092577152|LendingClub
19791209305267|4891473244789410995|3182503,00|1663818979898|TD Bank
2199023270851|4664041463607200948|26005318,00|1593923916558|Best Egg
45299|4756365255968296117|10789348,00|1622295424314|Discover
45299|4795771752707787958|2831820,00|1634434502986|US Bank
10995116333059|4873740321256639671|60010965,00|1658382478939|Rocket Loans
10995116333059|4823356300425432248|59468873,00|1642875997591|American Express
10995116333059|4849814948236233913|78790309,00|1651081954320|PNC Bank
2199023330851|4702040585463139514|89842343,00|1605607428423|SunTrust
2199023330851|4799430927405026491|86910843,00|1635521043593|Upgrade
8796093027508|4698662885742611644|67993452,00|1604590113279|Fundbox
8796093027508|4831519074750041277|21732393,00|1645436851896|Upgrade
24189255836372|4919620742460476606|42249281,00|1672497100492|Citibank
2199023290852|4702040585463139519|23711724,00|1605652766688|US Bank
21990232610820|4847563148422548672|38760137,00|1650364650233|State Farm Bank
21990232610820|4868110821722426561|28790841,00|1656668205619|Fundbox
21990232610820|4857133297630710978|15156032,00|1653259114326|Upstart
21990232610820|4895976844416781507|24710274,00|1665195227339|Peerform
30786325653028|4915398617809816772|32716593,00|1671209407917|State Farm Bank
17592186059717|4884999320325065925|20376386,00|1661870827647|Patch of Land
8796093067509|4817445325914508486|41631013,00|1641067738072|US Bank
8796093067509|4728780708250651847|49254691,00|1613814711280|LendingClub
8796093067509|4890347344882568392|85666517,00|1663493629180|Roofstock
24189255866373|4904702568694811849|48999370,00|1667871155377|PNC Bank
24189255866373|4898791594183888074|58600766,00|1666126499203|Best Egg
24189255866373|4903013718834547915|11090896,00|1667359254547|Wells Fargo
24189255866373|4850659373166365900|50516558,00|1651337947737|Navy Federal Credit Union
10995116353061|4903576668787969229|20981917,00|1667545541023|TD Bank
10995116353061|4816319426007665870|56752521,00|1640717397693|LendingPoint
10995116353061|4864170172048477391|30311415,00|1655452951924|Avant
10995116353061|4839400374097939664|46386617,00|1647871409310|Earnest
28587302327478|4898228644230466769|81914853,00|1665926624435|Bank of America
8796093037510|4863888697071766738|58950320,00|1655390131067|Best Egg
6597069791958|4882184570557959379|37823576,00|1660952380513|Kabbage
6597069791958|4792957002940681428|87794147,00|1633592218560|LendingPoint
6597069791958|4749609856527240405|28205608,00|1620276628982|Upgrade
6597069791958|4774379654477778134|39478340,00|1627887038433|Kabbage
6597069801958|4857977722560842967|7682348,00|1653558247410|Prosper
6597069801958|4740884132249210072|58150635,00|1617566115312|Rocket Loans
6597069801958|4788453403313310937|42521724,00|1632155879047|RealtyMogul
15393162834166|4856851822654000346|734929,00|1653203213887|Chase Bank
15393162834166|4888095545068883163|88315883,00|1662802943638|Roofstock
8796093077510|4916243042739948764|47962245,00|1671476418250|Fundrise
8796093077510|4732158407971179741|28881088,00|1614894673614|Wells Fargo
8796093027511|4859666572421106910|2857274,00|1654048568306|US Bank
26388279081927|4874584746186771679|12096223,00|1658625894194|Roofstock
6597069831959|4904421093718101216|80528062,00|1667834574426|OneMain Financial
21990232570824|4869518196605979873|10844946,00|1657089002687|State Farm Bank
21990232570824|4864170172048477410|75226419,00|1655421394321|Fundbox
21990232570824|4883873420418223331|76648604,00|1661518909994|Upgrade
21990232570824|4843903973725310180|2934934,00|1649225808147|SunTrust
15393162834168|4839400374097939685|73009780,00|1647856727508|Patch of Land
15393162834168|4794927327777656038|15217819,00|1634176401398|American Express
15393162854168|4841933648888335591|43860346,00|1648596512576|SunTrust
15393162854168|4841370698934914280|34233890,00|1648478486636|Best Egg
15393162854168|4864733122001898729|14817566,00|1655585687051|SoFi
6597069841960|4906954368508497130|69294922,00|1668559247789|Marcus by Goldman Sachs
6597069841960|4702885010393271531|20217430,00|1605891558839|PNC Bank
24189255816377|4886969645162040556|52196977,00|1662455222151|Fundrise
24189255816377|4881058670651116781|15291628,00|1660680221482|Peerform
24189255816377|4896258319393492206|12653786,00|1665275401137|Chase Bank
15393162804169|4844466923678731503|6439987,00|1649379124247|Chase Bank
15393162804169|4859385097444396272|79347308,00|1653964977281|SoFi
15393162814169|4880777195674406129|60683972,00|1660520413257|SoFi
10995116333065|4760868855595666674|68145346,00|1623711347713|US Bank
10995116333065|4845029873632152819|75354385,00|1649588748433|Peerform
10995116333065|4892599144696253684|19975404,00|1664218879312|Upgrade
10995116333065|4775505554384620789|8838135,00|1628249957195|RealtyMogul
13194139608617|4794364377824234742|4561084,00|1634044950495|Upgrade
13194139608617|4797460602568051959|82495960,00|1634933906274|Navy Federal Credit Union
13194139608617|4825045150285696248|34258278,00|1643389648370|BlueVine
4398046516410|4879088345814142201|11783220,00|1660065359482|Discover
4398046516410|4731032508064337146|78985704,00|1614575089119|Roofstock
8796093057514|4728217758297230587|16626449,00|1613663652015|Patch of Land
8796093057514|4785357178569493756|28764961,00|1631232926406|Fundbox
8796093057514|4844466923678731517|7027955,00|1649399913129|Funding Circle
8796093057514|4763683605362773246|30220202,00|1624611341195|Rocket Loans
28587302377482|4914835667856395519|6412721,00|1670976847595|OnDeck
28587302377482|4919620742460476672|89383672,00|1672463976015|Avant
28587302377482|4914835667856395521|7055397,00|1671009620334|TD Bank
21990232620826|4878243920884010242|70361631,00|1659801307553|Earnest
21990232620826|4859103622467685635|13347171,00|1653890088837|State Farm Bank
21990232620826|4860792472327949572|55311115,00|1654444891600|TD Bank
21990232620826|4915398617809816837|78154405,00|1671185380204|SunTrust
13194139548619|4745669206853291270|79990605,00|1619026643811|PNC Bank
13194139548619|4746232156806712583|63270017,00|1619191814333|State Farm Bank
13194139548619|4850940848143076616|66339312,00|1651415219528|RealtyMogul
13194139548619|4822793350472011017|90356827,00|1642704436090|Peerform
24189255836379|4884999320325065994|84265832,00|1661868944745|Chase Bank
24189255836379|4860229522374528267|31606687,00|1654200038728|Patch of Land
21990232600827|4846718723492416780|32259799,00|1650108571440|TD Bank
28587302387483|4912302393065999629|89998765,00|1670257124226|SoFi
13194139608619|4832644974656883982|15493088,00|1645767750671|Best Egg
13194139608619|4790142253173574927|79282068,00|1632708687216|Peerform
13194139608619|4851222323119787280|2728491,00|1651500688676|American Express
17592186069724|4849251998282812689|95850866,00|1650852977536|Upstart
35308|4824482200332274962|24036472,00|1643271628299|RealtyMogul
35308|4666011788444175635|14267221,00|1594561107170|Upstart
35308|4815193526100823316|75579124,00|1640424297847|Chase Bank
35308|4642649365377191189|69488389,00|1587375383769|Rocket Loans
4398046556412|4796334702661209366|72124338,00|1634610802033|Peerform
4398046556412|4756646730945006871|67668288,00|1622410407645|LendingClub
4398046556412|4863044272141634840|49710825,00|1655098444403|Fundrise
4398046556412|4817726800891219225|32624578,00|1641167992199|Capital One
15393162844172|4813786151217270042|63743397,00|1639977316892|RealtyMogul
15393162844172|4878243920884010267|21528050,00|1659735632794|Patch of Land
5309|4809001076613188892|86077986,00|1638541458520|Discover
5309|4732158407971179805|58974800,00|1614882151264|Chase Bank
5309|4752424606294347038|26990112,00|1621106637994|Citibank
15393162804173|4880495720697695519|42531061,00|1660488560115|Avant
15393162804173|4774098179501067552|81207004,00|1627776202111|American Express
15393162804173|4813223201263848737|97376443,00|1639817063774|Best Egg
8796093047517|4821104500611747106|22317001,00|1642261735486|Bank of America
8796093047517|4836867099307543843|61634266,00|1647057195960|LendingPoint
8796093047517|4824200725355564324|1303382,00|1643138852953|Discover
6597069811965|4760305905642245413|56501901,00|1623558598220|Upgrade
6597069811965|4783386853732519206|36399102,00|1630630370303|Best Egg
6597069811965|4875429171116903719|40703807,00|1658899170070|Bank of America
6597069811965|4837992999214386472|83568809,00|1647431242392|Wells Fargo
28587302377485|4903576668787969321|6851672,00|1667537294614|Chase Bank
15393162794174|4898510119207177514|39269949,00|1665984888275|Funding Circle
15393162824174|4859103622467685675|73198669,00|1653914806866|OnDeck
15393162824174|4794927327777656108|7665092,00|1634167086465|American Express
15393162824174|4828422850006224173|74812898,00|1644483908641|Patch of Land
17592186099726|4913428292972842286|61510527,00|1670605425157|LendingClub
17592186099726|4847000198469127471|41375040,00|1650162692962|Funding Circle
17592186099726|4854881497817025840|70226069,00|1652557860260|SoFi
17592186119726|4839400374097939761|30592702,00|1647819525757|Rocket Loans
17592186119726|4806749276799503666|80909327,00|1637769096263|Funding Circle
17592186119726|4839400374097939763|54309828,00|1647825062567|Marcus by Goldman Sachs
26388279071935|4901887818927705396|57007683,00|1667048948628|State Farm Bank
26388279071935|4913991242926263605|15529731,00|1670731594640|SoFi
30786325593039|4915117142833106230|39039144,00|1671118073750|RealtyMogul
10995116303071|4830956124796620087|61655608,00|1645238599647|LendingClub
35311|4800556827311869240|97529976,00|1635901307929|Avant
15393162834175|4764528030292905273|77512171,00|1624837148173|Wells Fargo
17592186099727|4914554192879684922|73696188,00|1670912236445|Marcus by Goldman Sachs
15393162854175|4857977722560843067|65638690,00|1653584841429|Fundrise
2199023330863|4736662007598550332|4254172,00|1616261834010|PNC Bank
2199023330863|4910332068229025085|5743370,00|1669612485880|US Bank
2199023330863|4638990190679952702|12963537,00|1586297060063|Capital One
2199023330863|4667137688351018303|68611711,00|1594885967150|RealtyMogul
17592186059728|4828704324982934848|58576797,00|1644515229309|Patch of Land
19791209325280|4867547871769005377|42885573,00|1656468309490|Roofstock
17592186099728|4886688170185329986|15265477,00|1662398316640|Earnest
17592186099728|4844185448702020931|82067019,00|1649334655592|LightStream
17592186099728|4918213367576923460|26408894,00|1672018341478|LendingPoint
17592186049729|4851503798096497989|96303011,00|1651556052988|Fundrise
17592186049729|4918494842553634118|19937943,00|1672176664508|Marcus by Goldman Sachs
17592186049729|4811252876426874183|97801487,00|1639234900299|Rocket Loans
17592186049729|4845029873632152904|27866,00|1649533593308|BlueVine
19791209315281|4857414772607421769|81516206,00|1653395575651|Earnest
2199023280865|4815756476054244682|25154548,00|1640612037755|Peerform
2199023290865|4863044272141634891|38380348,00|1655116524902|SunTrust
2199023290865|4714144009461697868|86887118,00|1609353421902|TD Bank
2199023290865|4851785273073208653|46563834,00|1651667292613|SoFi
21990232600833|4863044272141634894|57571756,00|1655104617863|Wells Fargo
24189255886385|4888095545068883279|24083086,00|1662802191434|US Bank
24189255886385|4904984043671522640|68727402,00|1667968596864|BlueVine
2199023260866|4730751033087626577|34039024,00|1614472161638|OnDeck
2199023260866|4849814948236234066|43667118,00|1651046019543|Marcus by Goldman Sachs
2199023260866|4709921884811038035|93275013,00|1608039367943|SoFi
4398046546418|4739476757365656916|73187827,00|1617157386702|LendingPoint
24189255866386|4907517318461918549|50793829,00|1668808922933|Prosper
10995116343074|4852629698003340630|33952471,00|1651924166244|RealtyMogul
10995116343074|4833770874563726679|4748979,00|1646113105919|Citibank
75314|4719492034019200344|40629280,00|1610963680015|TD Bank
13194139538627|4848689048329391449|10291109,00|1650688985844|OneMain Financial
35315|4834896774470569306|14451091,00|1646454917717|Upstart
26388279121939|4898228644230466907|55831717,00|1665945004612|Wells Fargo
4398046526420|4764246555316194652|17121791,00|1624740937366|Chase Bank
4398046526420|4809001076613188957|31155890,00|1638491945768|LightStream
4398046526420|4864451647025188190|53549407,00|1655540408484|Chase Bank
4398046526420|4857414772607421791|30320834,00|1653369588214|Funding Circle
25316|4745106256899870048|62251160,00|1618866171256|Kabbage
25316|4631671841285475681|61798167,00|1583999828904|Upstart
45316|4867266396792294754|93334078,00|1656443646444|Funding Circle
45316|4898228644230466915|25297182,00|1665891165567|Chase Bank
45316|4740884132249210212|63274030,00|1617540660930|Upstart
45316|4848126098375970149|37815309,00|1650551894882|Patch of Land
8796093027525|4807875176706346342|42056680,00|1638130394951|Kabbage
28587302337493|4908361743392050535|50845812,00|1669009572348|State Farm Bank
28587302367493|4912302393065999720|28822526,00|1670221071665|RealtyMogul
21990232610837|4868673771675848041|30949431,00|1656853564750|US Bank
21990232610837|4879369820790852970|17953635,00|1660122920176|SunTrust
17592186109733|4906954368508497259|33726453,00|1668562735776|RealtyMogul
17592186109733|4855162972793736556|58238469,00|1652691265132|Wells Fargo
19791209375285|4836022674377411949|16370283,00|1646837339780|Citibank
19791209375285|4904139618741390702|99920906,00|1667758247095|SunTrust
19791209375285|4852629698003340655|71430013,00|1651868291261|American Express
19791209375285|4839118899121229168|35095454,00|1647724132298|Prosper
13194139538630|4822230400518589809|85529198,00|1642594170443|Upgrade
2199023280870|4680648487233129842|77882969,00|1599043138512|Roofstock
2199023280870|4832926449633594739|44621039,00|1645878509790|Citibank
2199023290870|4857133297630711156|97612536,00|1653313930091|SoFi
26388279111942|4883591945441512821|70621242,00|1661455900233|Capital One
10995116333078|4786201603499625846|72154139,00|1631495535676|PNC Bank
10995116333078|4816882375961087351|57598829,00|1640911465951|BlueVine
10995116333078|4919339267483766136|97744997,00|1672358944070|Citibank
10995116333078|4873177371303218553|59673006,00|1658193938073|Peerform
26388279131942|4883310470464802170|51101691,00|1661314725191|Capital One
26388279131942|4918776317530344827|3684790,00|1672252080805|Roofstock
26388279131942|4904984043671522684|92768399,00|1668014810777|Peerform
26388279131942|4912020918089289085|82774690,00|1670115428253|LendingClub
21990232630838|4840244799028071806|14400870,00|1648087591141|Discover
21990232630838|4880777195674406271|93776795,00|1660561335019|Chase Bank
21990232630838|4912302393065999744|4955270,00|1670274878308|LendingPoint
21990232630838|4897947169253756289|20229142,00|1665817793450|Discover
24189255816391|4903858143764680066|21445778,00|1667631245279|Wells Fargo
30786325613047|4919339267483766147|40195919,00|1672439358414|Best Egg
30786325613047|4919339267483766148|5775461,00|1672435532602|Earnest
6597069831975|4809001076613188997|54031542,00|1638530326735|LightStream
10995116353079|4749609856527240582|72703896,00|1620219685915|Upgrade
10995116353079|4837148574284254599|51983371,00|1647128377786|Chase Bank
10995116353079|4786483078476336520|83424962,00|1631565121323|BlueVine
10995116353079|4878243920884010377|70201100,00|1659761016240|Fundrise
4398046516424|4762839180432641418|93208236,00|1624350777797|Marcus by Goldman Sachs
4398046516424|4797179127591341451|71340412,00|1634885073479|Funding Circle
4398046516424|4771846379687382412|22151187,00|1627073774434|Marcus by Goldman Sachs
4398046516424|4870362621536112013|14076642,00|1657382313949|Bank of America
19791209335288|4915398617809816974|42456797,00|1671156398727|Chase Bank
19791209335288|4869518196605980047|42249946,00|1657068378396|American Express
19791209335288|4839118899121229200|79545150,00|1647783668039|US Bank
19791209335288|4843341023771889041|14848066,00|1649042888794|American Express
15393162834184|4807593701729635730|55483448,00|1638092743036|Navy Federal Credit Union
21990232590841|4866421971862162835|42303173,00|1656150728699|LendingPoint
21990232590841|4867547871769005460|98337833,00|1656506292294|American Express
21990232590841|4912302393065999765|74041468,00|1670266428133|Upgrade
21990232590841|4834052349540437398|56888503,00|1646194732379|Peerform
21990232600841|4898510119207177623|58915886,00|1666023560379|OnDeck
8796093087529|4745950681830002072|53690881,00|1619122209190|Peerform
28587302337498|4916524517716659609|41423203,00|1671551111807|LendingPoint
28587302337498|4912865343019421082|80404855,00|1670446552072|Upgrade
10995116303082|4827859900052802971|14616335,00|1644310655163|SoFi
10995116303082|4852629698003340700|38734134,00|1651864832175|OnDeck
10995116303082|4909769118275603869|19078244,00|1669475498409|LendingPoint
10995116303082|4873177371303218590|164647,00|1658254652316|Kabbage
17592186079738|4810408451496742303|97774760,00|1638892078704|SoFi
17592186079738|4861355422281371040|26206802,00|1654597691150|Wells Fargo
10995116323082|4772409329640803745|86418356,00|1627225730120|State Farm Bank
19791209365290|4844466923678731682|47656492,00|1649423445621|Rocket Loans
19791209365290|4826734000145960355|85603223,00|1643913584920|LendingPoint
19791209365290|4878243920884010404|20409594,00|1659741222819|Bank of America
8796093027531|4875147696140193189|350258,00|1658827186534|Capital One
8796093027531|4775224079407910310|58911187,00|1628147302692|Chase Bank
8796093027531|4879651295767563687|97758573,00|1660168702176|Peerform
30786325613051|4914272717902974376|18523701,00|1670802485615|Funding Circle
30786325613051|4912020918089289129|54599868,00|1670138351145|Peerform
30786325613051|4916805992693370282|72219637,00|1671603610301|SoFi
21990232610843|4914835667856395691|95744842,00|1671027612435|Upgrade
24189255876395|4914272717902974380|34301332,00|1670831436341|OneMain Financial
24189255876395|4879369820790853037|18084460,00|1660147189485|SunTrust
26388279141947|4905546993624944046|56042548,00|1668125805319|PNC Bank
10995116283084|4861918372234792367|78835087,00|1654747525684|Funding Circle
24189255826396|4871488521442954672|64081024,00|1657718953609|Earnest
2199023280876|4872332946373086641|30680511,00|1657938197516|Fundrise
19791209335292|4834333824517148082|95752156,00|1646315714298|PNC Bank
19791209335292|4840244799028071859|86748220,00|1648067460267|OnDeck
19791209335292|4888377020045594036|55438286,00|1662892072002|Chase Bank
19791209335292|4850377898189655477|33796623,00|1651242299728|PNC Bank
19791209345292|4900480444044152246|38029577,00|1666580527946|American Express
19791209345292|4915117142833106359|4590693,00|1671099518441|SunTrust
19791209345292|4820541550658325944|74262038,00|1642070923974|State Farm Bank
17592186109740|4862762797164924345|25467436,00|1655062135866|Fundbox
17592186119740|4860792472327949754|41041110,00|1654410735836|Funding Circle
24189255816397|4898510119207177659|20458918,00|1666004276863|Roofstock
17592186069741|4820823025635036604|4518651,00|1642168817585|OnDeck
17592186069741|4884154895394934205|75287685,00|1661612121520|OnDeck
17592186069741|4901043393997573566|26787756,00|1666811033230|SunTrust
15393162834189|4857696247584132543|62378913,00|1653456710163|TD Bank
15393162834189|4846437248515706304|12756854,00|1650020031820|Avant
15393162834189|4861073947304660417|56052896,00|1654530853165|Upgrade
2199023310877|4742010032156052930|97946297,00|1617912166449|LendingPoint
21990232620845|4895695369440071107|91203651,00|1665168756347|American Express
21990232630845|4865859021908741572|41719055,00|1655999495463|Roofstock
21990232630845|4886688170185330117|84539017,00|1662402762914|Fundbox
2199023260878|4720899408902753734|19549776,00|1611394309753|LightStream
6597069781982|4913991242926263751|51983764,00|1670776441573|Bank of America
6597069781982|4733002832901311944|92948360,00|1615114476953|SoFi
19791209335294|4865859021908741577|41565463,00|1655996177807|Fundbox
19791209335294|4903013718834548170|88930006,00|1667382123923|Marcus by Goldman Sachs
19791209335294|4865859021908741579|8286365,00|1655969574668|Fundbox
19791209335294|4862481322188213708|71831349,00|1654934841287|Chase Bank
28587302367502|4908361743392050637|33289600,00|1669045571665|Bank of America
19791209365294|4850096423212944846|26407252,00|1651139743854|Fundbox
19791209365294|4888658495022304719|69210763,00|1662990156741|Peerform
4398046516431|4730188083134205392|86167137,00|1614316308075|Marcus by Goldman Sachs
4398046516431|4710203359787748817|90312934,00|1608118153638|SoFi
4398046516431|4792112578010549714|62716179,00|1633302612116|Kabbage
4398046516431|4807875176706346451|61533236,00|1638164968626|TD Bank
4398046526431|4906672893531786708|71965272,00|1668467534403|Peerform
4398046526431|4823919250378853845|28404644,00|1643089977678|Best Egg
4398046526431|4748483956620398038|50194247,00|1619940824252|State Farm Bank
4398046526431|4763120655409352151|15178653,00|1624414532330|Upstart
28587302357503|4919339267483766232|25047950,00|1672416572889|OneMain Financial
19791209375295|4834615299493858777|9763677,00|1646391346765|Roofstock
6597069781984|4807030751776214490|27402956,00|1637930227466|Rocket Loans
8796093047536|4795490277731077595|7529460,00|1634369649092|Citibank
8796093047536|4774379654477778396|19100588,00|1627839720415|Roofstock
8796093047536|4887251120138751453|46391350,00|1662520686293|Marcus by Goldman Sachs
8796093047536|4759180005735402974|23216977,00|1623176148084|LendingPoint
19791209345296|4847563148422548959|66493762,00|1650334746684|LightStream
17592186109744|4805060426939239904|86556377,00|1637267398963|Capital One
8796093097536|4794082902847524321|52671618,00|1633944375916|US Bank
8796093067537|4879088345814142434|41389047,00|1660016484077|Upstart
28587302357506|4911457968135867875|9521908,00|1669972798720|Discover
8796093067538|4895132419486649828|88469125,00|1664923533169|American Express
8796093067538|4791549628057128421|83384363,00|1633117046308|LendingClub
8796093067538|4842778073818467814|90808055,00|1648912163648|TD Bank
8796093067538|4905546993624944103|98467105,00|1668149338455|US Bank
2199023310882|4818571225821351400|41318946,00|1641476420768|Marcus by Goldman Sachs
21990232630850|4897665694277045737|68343408,00|1665761760241|Upgrade
21990232630850|4888377020045594090|56378698,00|1662853486837|Chase Bank
30786325583059|4914272717902974443|61424204,00|1670839267413|Navy Federal Credit Union
30786325583059|4919057792507055596|47529585,00|1672332473962|PNC Bank
13194139548643|4848970523306102253|39864338,00|1650797017970|TD Bank
13194139548643|4816882375961087470|8750889,00|1640921917002|SoFi
13194139548643|4881903095581249007|88279683,00|1660927264854|Navy Federal Credit Union
13194139548643|4850096423212944880|83077593,00|1651125935750|SunTrust
24189255836403|4871207046466244081|89144212,00|1657613727544|Fundbox
24189255836403|4868110821722426866|96723347,00|1656620916704|RealtyMogul
24189255836403|4850940848143076851|56606213,00|1651386772506|American Express
2199023330883|4786201603499625972|83868513,00|1631533652160|Chase Bank
5332|4759742955688824309|5049195,00|1623387736828|Wells Fargo
5332|4661508188816805366|16696026,00|1593208299329|BlueVine
5332|4642930840353902071|55086209,00|1587455583209|Wells Fargo
5332|4758054105828560376|17423994,00|1622864910183|American Express
26388279081956|4894850944509939193|60177093,00|1664836600574|Navy Federal Credit Union
10995116323092|4834896774470569466|91613530,00|1646443945659|Rocket Loans
10995116323092|4816882375961087483|8940281,00|1640912380677|LightStream
10995116323092|4734128732808154620|62802092,00|1615520883171|Navy Federal Credit Union
10995116323092|4781698003872255485|71105494,00|1630134068402|Avant
6597069821988|4895132419486649854|10360439,00|1664963257026|LightStream
6597069821988|4779727679035280895|5070453,00|1629482545078|Patch of Land
6597069821988|4768187204990144000|5854908,00|1625962685901|Best Egg
6597069821988|4765935405176458753|39669229,00|1625274262140|Kabbage
4398046576436|4865296071955320322|57973474,00|1655775045885|Fundrise
26388279141956|4902169293904416259|48442692,00|1667166110970|LendingClub
4398046526437|4702322060439850500|28915462,00|1605718191039|TD Bank
4398046526437|4700633210579586565|70772101,00|1605178243121|Navy Federal Credit Union
4398046526437|4807875176706346502|84796583,00|1638124586889|Roofstock
2199023310885|4832644974656884231|93321182,00|1645756787665|Avant
2199023310885|4732721357924601352|71752973,00|1615035623857|Earnest
2199023310885|4774661129454489097|31382279,00|1627947667023|RealtyMogul
19791209365301|4884436370371644938|63815334,00|1661636497626|TD Bank
15393162864197|4827578425076092427|95638165,00|1644233818762|Kabbage
15393162864197|4891754719766121996|70500620,00|1663904677866|State Farm Bank
15393162864197|4767905730013433357|10319725,00|1625849981608|American Express
15393162864197|4868110821722426894|431149,00|1656668948785|SoFi
15393162844198|4836022674377412111|7276441,00|1646779761120|PNC Bank
15393162844198|4810126976520031760|93702056,00|1638854799752|Best Egg
15393162844198|4841370698934914577|42607265,00|1648472328335|Kabbage
19791209365302|4841089223958203922|58242574,00|1648337132581|State Farm Bank
19791209365302|4844466923678731795|77944762,00|1649413645541|Avant
19791209365302|4906391418555076116|4052036,00|1668437625162|Prosper
19791209365302|4832082024703462933|24483652,00|1645585339611|BlueVine
17592186119750|4870081146559401494|97558434,00|1657298683567|Patch of Land
21990232560855|4828422850006224407|13107448,00|1644426312853|Avant
15393162824199|4878806870837431832|92516880,00|1659981503008|Avant
15393162824199|4868673771675848217|43738859,00|1656804113214|Roofstock
15336|4656160164259302938|3522970,00|1591519713452|American Express
15393162834200|4890628819859279387|84805271,00|1663593658484|Rocket Loans
17592186099752|4830956124796620316|13955200,00|1645274170642|State Farm Bank
65336|4742010032156053021|93034740,00|1617896084763|State Farm Bank
15393162864200|4898791594183888414|10869629,00|1666063415515|Discover
15393162864200|4918213367576923679|51924415,00|1672055020726|Peerform
13194139548649|4849533473259523616|13327364,00|1650923953258|US Bank
15393162814201|4820823025635036705|31919430,00|1642125056458|Rocket Loans
15393162814201|4876273596047035938|37304435,00|1659181646238|Fundrise
15393162814201|4886688170185330211|45456191,00|1662378486064|OnDeck
6597069801993|4692470436254977572|80879721,00|1602666064907|Chase Bank
6597069801993|4685152086860500517|66030134,00|1600465006103|Avant
13194139608649|4824763675308985894|82188956,00|1643353420958|LightStream
13194139608649|4864170172048477735|77757281,00|1655424360365|Prosper
13194139608649|4899073069160599080|60799083,00|1666157376555|Prosper
17592186059754|4906954368508497449|918998,00|1668600243253|American Express
17592186059754|4829548749913067050|93419070,00|1644839918638|Roofstock
30786325603066|4915117142833106475|57568377,00|1671070627583|Fundrise
30786325603066|4918494842553634348|21149653,00|1672108201149|LendingPoint
30786325603066|4915961567763238445|1247496,00|1671365953910|Rocket Loans
30786325603066|4917368942646791726|88796666,00|1671832519895|Funding Circle
45338|4736099057645129263|56576807,00|1616068694522|American Express
55338|4915117142833106480|47244183,00|1671077180726|Fundrise
55338|4672767187885231665|38527520,00|1596634315216|Avant
55338|4778320304151727666|74958778,00|1629102893962|SunTrust
28587302397514|4917087467670081075|81094044,00|1671675658615|Upstart
28587302397514|4910613543205735988|53637426,00|1669698447227|Marcus by Goldman Sachs
28587302397514|4913709767949553205|19461479,00|1670679510082|OnDeck
28587302327515|4916524517716659766|57462201,00|1671540067558|Navy Federal Credit Union
24189255826411|4908924693345472055|65322392,00|1669211696291|Peerform
24189255826411|4884717845348355640|36275444,00|1661765049676|OnDeck
24189255826411|4919620742460476985|23622236,00|1672461977430|Bank of America
26388279101963|4873458846279929402|15683822,00|1658338339491|OnDeck
45339|4667700638304439867|78003970,00|1595053012038|Bank of America
45339|4674174562768784956|71018907,00|1597111097191|Roofstock
45339|4782542428802387517|51798661,00|1630386866185|SunTrust
6597069821995|4714144009461698110|62926775,00|1609354835651|PNC Bank
6597069821995|4702885010393271871|92719826,00|1605933155741|State Farm Bank
6597069821995|4698381410765901376|33273591,00|1604517426618|Best Egg
6597069821995|4892599144696254017|56028163,00|1664181819643|TD Bank
19791209365307|4919339267483766338|77662158,00|1672374176145|Funding Circle
19791209375307|4814067626193980995|63294984,00|1640045273119|SunTrust
15393162804204|4904702568694812228|35493984,00|1667922438764|Earnest
15393162804204|4876273596047035973|8309187,00|1659143221878|Discover
21990232590860|4915398617809817158|51217898,00|1671230861339|Navy Federal Credit Union
21990232590860|4881058670651117127|5259599,00|1660665056778|Navy Federal Credit Union
13194139578652|4776349979314753096|35597488,00|1628465887677|Best Egg
24189255866412|4916524517716659785|66688129,00|1671513086812|OneMain Financial
24189255866412|4904421093718101578|66501445,00|1667806159337|Navy Federal Credit Union
24189255866412|4865014596978609739|16670460,00|1655674726874|Upstart
65340|4736380532621839948|96962463,00|1616181565771|Best Egg
15393162864204|4782542428802387533|46134183,00|1630406329164|Kabbage
15393162864204|4906391418555076174|28502437,00|1668396072150|Peerform
15393162864204|4874021796233350735|15667472,00|1658443445217|Roofstock
15393162864204|4813223201263849040|7302938,00|1639789933457|Kabbage
26388279071965|4868110821722426961|46307684,00|1656702029743|Upstart
26388279071965|4910613543205736018|71471706,00|1669716120101|American Express
8796093037549|4872332946373086803|16751229,00|1657961847335|Citibank
8796093037549|4821385975588458068|72538735,00|1642294428514|PNC Bank
6597069791997|4832082024703462997|63224871,00|1645550046912|Wells Fargo
6597069791997|4887532595115462230|37267795,00|1662602205961|Upstart
6597069791997|4758335580805271127|22856278,00|1622948312922|Patch of Land
19791209345309|4835741199400701528|59291224,00|1646690265824|LendingClub
65341|4879369820790853209|26731338,00|1660100147762|LendingPoint
65341|4740884132249210458|31927293,00|1617566823920|Funding Circle
65341|4792957002940681819|21165614,00|1633548146756|OnDeck
75341|4633360691145739868|19301697,00|1584556837278|Upstart
75341|4906672893531786845|559676,00|1668466993184|Best Egg
75341|4872614421349797470|85337273,00|1658067240572|Patch of Land
10995116293102|4758054105828560479|29032434,00|1622836005434|Capital One
10995116293102|4914272717902974560|29814279,00|1670842451294|TD Bank
10995116293102|4866140496885452385|62207048,00|1656071494975|Navy Federal Credit Union
10995116293102|4881903095581249122|96345235,00|1660860790139|BlueVine
10995116303102|4856570347677290083|23143280,00|1653124144695|TD Bank
35342|4731032508064337508|53163808,00|1614571205844|RealtyMogul
35342|4710484834764459621|25309893,00|1608253899665|Best Egg
4398046566446|4743417407039606374|13641612,00|1618387009101|RealtyMogul
4398046566446|4872614421349797479|81739153,00|1658055533277|SoFi
4398046566446|4836867099307544168|191968,00|1647076081333|Fundrise
4398046566446|4902732243857837673|81187554,00|1667320821213|OnDeck
10995116283103|4832644974656884330|32313455,00|1645795961544|PNC Bank
10995116283103|4771283429733961323|52599599,00|1626914987901|Citibank
6597069781999|4740884132249210476|1502771,00|1617559876003|Avant
6597069781999|4836867099307544173|14900169,00|1647082406678|American Express
6597069781999|4867829346745716334|70434357,00|1656536231268|Avant
8796093047551|4752706081271058031|40518400,00|1621193707756|RealtyMogul
8796093047551|4746513631783423600|45021922,00|1619318265424|Funding Circle
8796093047551|4871488521442954865|14311235,00|1657689558522|Discover
6597069801999|4845874298562285170|36748591,00|1649861610759|Kabbage
24189255876415|4918494842553634419|43668665,00|1672117315821|Marcus by Goldman Sachs
4398046516448|4844466923678731892|57280756,00|1649392402031|LendingPoint
4398046516448|4875147696140193397|19062051,00|1658829531371|Marcus by Goldman Sachs
4398046516448|4695848135975505526|63252753,00|1603737946942|Upgrade
4398046516448|4808438126659767927|27233211,00|1638286611087|LendingClub
26388279081968|4883028995488091768|39913944,00|1661287232708|LendingPoint
13194139568656|4867829346745716345|27450976,00|1656588195016|LendingClub
13194139568656|4900198969067441786|93058632,00|1666560583869|State Farm Bank
13194139568656|4755802306014875259|18377966,00|1622185256223|Upstart
45344|4671922762955099772|56821702,00|1596376610925|LendingPoint
45344|4804216002009108093|6121669,00|1637001230690|Avant
45344|4667700638304439934|3595770,00|1595077638886|Patch of Land
28587302377520|4900761919020863103|79624485,00|1666712568802|LendingPoint
17592186109760|4859385097444396672|8924660,00|1653962206159|Patch of Land
4398046516449|4752424606294347393|76926421,00|1621082627857|Discover
8796093037553|4728780708250652290|94037244,00|1613835820710|LendingPoint
8796093037553|4832926449633595011|88953952,00|1645814483972|Navy Federal Credit Union
30786325603073|4919339267483766404|49847201,00|1672360184949|Rocket Loans
30786325603073|4917368942646791813|90483388,00|1671811069956|Marcus by Goldman Sachs
30786325603073|4919339267483766406|75560896,00|1672410644204|Fundrise
30786325603073|4913146817996131975|496539,00|1670511681904|Funding Circle
28587302367521|4900480444044152456|45735265,00|1666576117337|Capital One
28587302367521|4907235843485208201|8642272,00|1668685996619|Roofstock
28587302367521|4899073069160599178|86689897,00|1666193737797|Peerform
28587302367521|4916805992693370507|34512228,00|1671640324125|LendingPoint
24189255866417|4871207046466244236|5385862,00|1657628720477|American Express
24189255866417|4919339267483766413|47097382,00|1672383954559|Roofstock
17592186109761|4882184570557959822|37110477,00|1660945963193|PNC Bank
17592186109761|4830674649819909775|85065114,00|1645136519549|Peerform
17592186109761|4901043393997573776|53842631,00|1666808672661|American Express
17592186109761|4803934527032397457|42094289,00|1636917627582|Prosper
21990232560866|4889502919952436882|10017477,00|1663243054708|Roofstock
21990232560866|4906109943578365587|46020193,00|1668315280629|Roofstock
26388279081970|4912020918089289364|96421264,00|1670117391117|Best Egg
26388279081970|4875992121070325397|68278886,00|1659084226292|US Bank
26388279081970|4872332946373086870|13788132,00|1657987157905|Chase Bank
26388279081970|4875147696140193431|64124561,00|1658798547195|Best Egg
35346|4778038829175017112|46078939,00|1629020583002|Avant
35346|4640397565563506329|80053666,00|1586700060016|Roofstock
35346|4848970523306102426|30622798,00|1650753780284|Marcus by Goldman Sachs
35346|4843059548795178651|17072004,00|1648968259650|State Farm Bank
30786325633074|4915680092786527900|33654462,00|1671246089261|Marcus by Goldman Sachs
30786325633074|4918494842553634461|67062916,00|1672130118615|Wells Fargo
30786325633074|4918213367576923806|50642179,00|1672096052726|Best Egg
65346|4837992999214386847|53469766,00|1647419363392|Upstart
19791209315315|4870925571489533600|57842193,00|1657499410743|LightStream
19791209315315|4879369820790853281|74148889,00|1660140762577|RealtyMogul
19791209315315|4917087467670081186|48089256,00|1671712563500|Kabbage
21990232590867|4872895896326508195|69977794,00|1658138518069|LendingPoint
8796093067555|4888377020045594276|59731218,00|1662903165095|LightStream
8796093067555|4797742077544763045|1424483,00|1635058100841|Fundbox
8796093067555|4805060426939240102|47177186,00|1637331300486|PNC Bank
8796093067555|4843341023771889319|58913663,00|1649016886137|Bank of America
6597069832003|4895132419486650024|3126896,00|1664985871819|Avant
30786325583076|4917931892600213161|34188979,00|1671944876268|Upstart
30786325583076|4917368942646791850|50345019,00|1671821020286|Upgrade
30786325583076|4917368942646791851|14542229,00|1671808241011|Wells Fargo
30786325583076|4917650417623502508|91987285,00|1671885509755|Earnest
15393162804212|4915961567763238573|75311500,00|1671327344335|Funding Circle
15393162804212|4896258319393492654|85338252,00|1665336825016|Citibank
15393162804212|4874584746186772143|41746566,00|1658671868301|State Farm Bank
25348|4849251998282813104|56560721,00|1650863474352|Navy Federal Credit Union
25348|4897384219300335281|16559457,00|1665681983963|BlueVine
24189255846420|4882466045534670514|92201556,00|1661099503512|SunTrust
26388279121972|4909487643298893491|95616994,00|1669348761158|State Farm Bank
17592186109764|4870644096512822964|52305320,00|1657458633073|TD Bank
17592186109764|4852911172980051637|4093283,00|1652014412837|PNC Bank
6597069842004|4764246555316194998|23688211,00|1624776599048|LendingPoint
6597069842004|4834615299493858999|66474545,00|1646393995109|Kabbage
6597069842004|4725121533553413816|35787413,00|1612749323622|BlueVine
6597069842004|4866140496885452473|89866816,00|1656069461074|Patch of Land
5349|4905828468601654970|14811428,00|1668241449103|Kabbage
8796093047557|4734128732808154811|15747811,00|1615473184365|Bank of America
8796093047557|4742572982109474492|54309611,00|1618103856731|Chase Bank
8796093047557|4735536107691708093|8830539,00|1615891074039|Upstart
8796093047557|4840526274004782782|20953355,00|1648169556946|Roofstock
21990232590869|4903013718834548415|79322076,00|1667410673188|BlueVine
28587302377525|4911739443112578752|64958004,00|1670076479045|Peerform
28587302377525|4906672893531786945|94015981,00|1668502826636|State Farm Bank
28587302377525|4898228644230467266|58514437,00|1665901562184|Avant
28587302387525|4918776317530345155|70406146,00|1672267215738|Roofstock
28587302387525|4910613543205736132|96476825,00|1669711704807|Patch of Land
8796093097557|4913428292972842693|27689795,00|1670594434398|Wells Fargo
13194139538662|4843059548795178694|71673118,00|1648941419488|Rocket Loans
13194139538662|4855444447770447559|74362108,00|1652805601121|Funding Circle
13194139538662|4854600022840315592|30010833,00|1652546200808|OneMain Financial
8796093027559|4738350857458814665|22392468,00|1616770281451|Fundbox
2199023270903|4847281673445838538|80098086,00|1650258386219|Marcus by Goldman Sachs
2199023270903|4844466923678731979|81991975,00|1649418520075|Chase Bank
28587302347527|4913428292972842700|60255798,00|1670575528514|OnDeck
28587302347527|4916243042739949261|21372576,00|1671480106880|American Express
28587302347527|4908643218368761550|84473032,00|1669151752689|LendingClub
28587302347527|4917368942646791887|48992409,00|1671823318315|Roofstock
10995116313111|4906954368508497616|66120085,00|1668633968113|American Express
10995116313111|4871207046466244305|75014577,00|1657655141203|Avant
30786325623079|4916524517716659922|54498196,00|1671557450213|Capital One
4398046586455|4678115212442734291|12854205,00|1598299249836|Wells Fargo
4398046586455|4854318547863604948|49094113,00|1652391385990|State Farm Bank
4398046586455|4848407573352681173|6112299,00|1650587568739|Roofstock
4398046546456|4859385097444396758|83387135,00|1654010162790|Patch of Land
4398046546456|4780853578942123735|18637088,00|1629836551054|LendingPoint
4398046546456|4856288872700579544|2810168,00|1653051335889|Fundrise
17592186089768|4875429171116904153|48731324,00|1658899976879|Best Egg
13194139608664|4907798793438629594|33140991,00|1668887330696|OnDeck
4398046516457|4804778951962529499|85173032,00|1637170024812|BlueVine
4398046516457|4726247433460256476|43388629,00|1613055502364|Citibank
10995116293113|4758335580805271261|26292653,00|1622967742298|Kabbage
8796093047561|4707951559974063838|62043874,00|1607491310159|LendingPoint
8796093047561|4807030751776214751|56573698,00|1637888474987|Funding Circle
8796093047561|4912302393066000096|95187705,00|1670227596759|Discover
2199023290905|4701759110486429409|38310251,00|1605556892462|US Bank
2199023290905|4674174562768785122|67729805,00|1597072003469|OneMain Financial
2199023290905|4744824781923159779|11919480,00|1618805795875|PNC Bank
13194139588665|4837148574284254948|14385333,00|1647174256519|Marcus by Goldman Sachs
13194139588665|4887814070092173029|54144747,00|1662719280922|Prosper
21990232630873|4862481322188213990|38234876,00|1654895734359|State Farm Bank
21990232630873|4859385097444396775|66907749,00|1654015373352|Fundrise
21990232630873|4850940848143077096|66595453,00|1651374038377|Patch of Land
21990232630873|4872614421349797609|62293144,00|1658045146294|Earnest
30786325593082|4919339267483766506|12235512,00|1672413619817|Chase Bank
30786325593082|4916805992693370603|78344192,00|1671646314216|RealtyMogul
30786325593082|4916243042739949292|66256460,00|1671436706130|OneMain Financial
30786325593082|4917650417623502573|61527362,00|1671900492666|RealtyMogul
26388279091978|4894569469533228782|25066251,00|1664809084449|Prosper
17592186079770|4792112578010549999|1878145,00|1633272376985|US Bank
17592186079770|4849533473259523824|83408029,00|1650994684026|Chase Bank
17592186079770|4862481322188214001|17769100,00|1654907924111|Roofstock
17592186079770|4841089223958204146|780973,00|1648324145307|Discover
4398046576458|4816882375961087731|89642303,00|1640891234217|Rocket Loans
21990232600875|4912302393066000116|78888180,00|1670255292015|Earnest
21990232600875|4894569469533228789|30064433,00|1664748707067|Peerform
6597069822011|4901887818927705846|90673228,00|1667040771198|Fundrise
4398046586459|4843903973725310711|64497934,00|1649252826617|Chase Bank
2199023260908|4704573860253535992|34450780,00|1606430994092|Avant
2199023260908|4646590015051140857|93553786,00|1588611773787|Fundbox
2199023260908|4819415650751483642|73004860,00|1641707800420|Funding Circle
2199023260908|4659256389003120379|93440548,00|1592536539240|US Bank
4398046526460|4716114334298672892|91225514,00|1609980429891|Fundrise
4398046526460|4854600022840315645|30766918,00|1652497692849|LendingClub
4398046526460|4755520831038164734|65448150,00|1622036068319|Citibank
4398046526460|4888939969999015679|32786608,00|1663024242652|Discover
17592186069772|4828704324982935296|51594883,00|1644562541290|Fundrise
17592186069772|4840526274004782849|60325360,00|1648197295817|Patch of Land
17592186069772|4840807748981493506|27074800,00|1648304097899|PNC Bank
17592186069772|4837430049260965635|75303364,00|1647246508191|Bank of America
2199023290908|4874021796233350916|97993374,00|1658455322836|RealtyMogul
2199023290908|4725121533553413893|56203136,00|1612743443789|BlueVine
2199023290908|4652500989562064646|95708405,00|1590392017598|US Bank
2199023310908|4916524517716659975|14215907,00|1671527538151|Funding Circle
2199023260909|4714706959415119624|51668006,00|1609554511017|LendingPoint
8796093037565|4754113456154611465|38154701,00|1621597229579|State Farm Bank
4398046546461|4709077459880906506|45266977,00|1607833319278|Fundbox
4398046546461|4900198969067441931|19630725,00|1666517329951|Bank of America
4398046546461|4670515388071546636|58191084,00|1595944156711|Marcus by Goldman Sachs
13194139588669|4782823903779098381|3163216,00|1630454460062|Wells Fargo
13194139588669|4765372455223037710|78061850,00|1625078772641|OneMain Financial
13194139588669|4863044272141635343|13112760,00|1655064706489|Patch of Land
13194139588669|4818571225821351696|90388344,00|1641437730757|American Express
24189255876429|4889221444975726353|41980916,00|1663123038920|Fundbox
24189255876429|4888377020045594386|42556142,00|1662893042878|US Bank
24189255876429|4908080268415340307|4929969,00|1668906403527|RealtyMogul
24189255876429|4878806870837432084|98005609,00|1659944052562|Avant
21990232560878|4882747520511381269|96985065,00|1661126189629|LightStream
21990232560878|4906672893531787030|49661766,00|1668496781722|Upstart
6597069782014|4807030751776214807|64369584,00|1637859675760|Bank of America
6597069782014|4882184570557959960|75902385,00|1661012376598|Wells Fargo
19791209325326|4912020918089289497|71387223,00|1670158674069|OnDeck
19791209325326|4897665694277046042|90997972,00|1665772037043|BlueVine
4398046556462|4776631454291463963|34891633,00|1628526786242|Prosper
4398046556462|4683744711976947484|34980080,00|1600005068132|US Bank
4398046556462|4821104500611747613|59876014,00|1642222630688|Kabbage
4398046556462|4740321182295789342|68609135,00|1617443477250|Citibank
2199023310910|4651938039608643359|55536102,00|1590212127516|Patch of Land
21990232620878|4865859021908741920|72730495,00|1655954556980|Patch of Land
21990232620878|4909487643298893601|58241862,00|1669352976088|Prosper
21990232620878|4890065869905858338|78976611,00|1663408170397|Fundrise
21990232620878|4858822147490975523|49142554,00|1653788455918|OneMain Financial
24189255816431|4890628819859279652|41032940,00|1663610714392|Kabbage
26388279091983|4887814070092173093|95475557,00|1662719030429|Discover
2199023300911|4832363499680173862|51034730,00|1645698896722|BlueVine
2199023300911|4791831103033839399|72710437,00|1633230794459|US Bank
19791209355327|4823919250378854184|73428113,00|1643061615433|American Express
21990232620879|4881058670651117353|36616468,00|1660679330154|LightStream
28587302397535|4899354544137309994|47340020,00|1666240817230|RealtyMogul
28587302397535|4901043393997573931|23942362,00|1666756994699|Wells Fargo
28587302397535|4903013718834548524|30242647,00|1667389034274|Earnest
28587302397535|4903858143764680493|20900279,00|1667628302861|Upgrade
15393162814224|4919620742460477230|83267433,00|1672513720948|Kabbage
4398046556464|4780009154011991855|47245256,00|1629626652156|Citibank
4398046556464|4819415650751483696|91686585,00|1641675085889|Wells Fargo
4398046556464|4732439882947890993|12199990,00|1614954864151|Citibank
4398046556464|4881340145627828018|70928246,00|1660726639911|Discover
6597069822016|4815756476054245171|95309571,00|1640590838438|BlueVine
28587302387536|4913146817996132148|61252986,00|1670477147916|OnDeck
28587302387536|4917650417623502645|33984649,00|1671921076150|Citibank
28587302387536|4893725044603096886|57625141,00|1664536441275|Upstart
15393162804225|4857696247584132919|22418335,00|1653450096777|LendingPoint
15393162804225|4795771752707788600|72600947,00|1634435832027|Wells Fargo
35361|4702885010393272121|6461872,00|1605897228089|LendingClub
35361|4696974035882348346|92163131,00|1604093824637|LendingClub
35361|4749609856527241019|48154955,00|1620251637039|TD Bank
13194139578673|4890347344882569020|5643172,00|1663457199538|OnDeck
13194139578673|4900761919020863293|90539884,00|1666726889390|Best Egg
13194139578673|4865296071955320638|40787450,00|1655770618820|Best Egg
13194139578673|4898510119207178047|84982904,00|1666011125293|Funding Circle
4398046586465|4733847257831444288|50074508,00|1615396145242|LendingClub
4398046586465|4810689926473453377|58054078,00|1639059680035|OneMain Financial
4398046586465|4679241112349577026|20955191,00|1598654867149|Navy Federal Credit Union
15362|4775787029361332035|54045781,00|1628282490563|Earnest
15362|4852348223026630468|13919780,00|1651851141066|Chase Bank
21990232590882|4899073069160599365|84367158,00|1666216344565|Citibank
21990232590882|4872614421349797702|42699609,00|1658080795909|Capital One
2199023300914|4878525395860721479|74586501,00|1659841054641|Kabbage
2199023300914|4700633210579586888|65008246,00|1605164724365|Citibank
2199023300914|4821667450565168969|21255889,00|1642434451196|LightStream
26388279141986|4899917494090731338|43177515,00|1666474615903|Funding Circle
13194139568675|4806749276799504203|83566250,00|1637775180148|Best Egg
13194139568675|4839118899121229644|26751813,00|1647722038139|Fundbox
24189255856435|4918494842553634637|21637064,00|1672114915274|Discover
24189255856435|4852629698003341134|62239649,00|1651869287743|Avant
13194139598675|4783105378755809103|12382080,00|1630525660810|LightStream
24189255886435|4867829346745716560|70602778,00|1656593997774|Upgrade
6597069772020|4819134175774773073|86191458,00|1641613726205|Prosper
6597069772020|4801119777265291090|29675684,00|1636050922495|Kabbage
6597069772020|4726247433460256595|92717593,00|1613070021372|American Express
28587302337540|4900761919020863316|59243212,00|1666669032070|US Bank
6597069792020|4892599144696254293|19696449,00|1664227371452|Prosper
10995116323124|4823919250378854230|43260364,00|1643049370268|Marcus by Goldman Sachs
10995116323124|4887814070092173143|30220416,00|1662746603639|Fundrise
24189255866436|4892599144696254296|46446277,00|1664152629905|OnDeck
24189255866436|4884717845348355929|24432644,00|1661751758237|Funding Circle
24189255866436|4856288872700579674|83268349,00|1653028263332|Fundbox
19791209365332|4849814948236234587|76973768,00|1651032457600|LendingClub
19791209365332|4906954368508497756|19346486,00|1668554106067|Best Egg
19791209365332|4903295193811259229|62626005,00|1667487811228|OnDeck
19791209365332|4891754719766122334|65947806,00|1663892509071|LendingPoint
75364|4852911172980051807|53951629,00|1651987006293|RealtyMogul
75364|4672767187885231968|78572427,00|1596645729788|American Express
75364|4710203359787749217|59672723,00|1608111812935|Wells Fargo
75364|4860229522374528866|95726753,00|1654201294492|SunTrust
15393162824229|4864451647025188707|10358875,00|1655539985017|State Farm Bank
15393162824229|4870644096512823140|16094614,00|1657402197055|Roofstock
15393162824229|4814912051124113253|18258091,00|1640310009503|SunTrust
15393162824229|4881903095581249382|50403092,00|1660897886336|LendingPoint
4398046566469|4890910294835990375|71460029,00|1663647670152|OneMain Financial
4398046576469|4763965080339484520|85590139,00|1624661898404|Fundbox
4398046576469|4916524517716660073|52083103,00|1671520558059|LightStream
21990232630885|4906672893531787114|48479860,00|1668520091119|RealtyMogul
21990232630885|4890065869905858411|25236526,00|1663407698755|LendingPoint
21990232630885|4846437248515706732|45055671,00|1650005699759|PNC Bank
21990232630885|4895976844416782189|21577592,00|1665221577538|Best Egg
28587302327542|4911739443112578926|32916760,00|1670078033253|Rocket Loans
6597069782022|4897947169253756783|88216732,00|1665833411730|Discover
6597069802022|4722306783786307440|68835182,00|1611837886640|OneMain Financial
19791209345334|4892317669719543665|86713608,00|1664059703029|Chase Bank
19791209345334|4857696247584132978|37627761,00|1653432051427|LendingClub
19791209345334|4877399495953878899|33465626,00|1659518111081|Fundrise
24189255816439|4906109943578365812|42610320,00|1668308257778|OnDeck
24189255816439|4910895018182446965|42726600,00|1669804927967|SunTrust
24189255816439|4888939969999015798|43775020,00|1663060942475|Peerform
24189255816439|4889221444975726455|5156692,00|1663162831200|LendingClub
24189255826439|4892880619672964984|59792631,00|1664313497978|RealtyMogul
24189255826439|4857414772607422329|56555024,00|1653401905640|Fundbox
35367|4896258319393492858|14109536,00|1665340850817|Roofstock
35367|4776912929268174715|32462781,00|1628626327614|Patch of Land
35367|4870644096512823164|34919743,00|1657400744073|Rocket Loans
35367|4916805992693370749|69257301,00|1671591278795|Navy Federal Credit Union
4398046556471|4854318547863605118|40197339,00|1652419702744|LendingPoint
4398046556471|4896539794370203519|24636389,00|1665392238389|Avant
10995116333127|4816319426007666560|78261250,00|1640774473020|OneMain Financial
24189255876439|4877118020977168257|64912284,00|1659395345112|Chase Bank
21990232630887|4856007397723869058|89902772,00|1652962485760|Avant
21990232630887|4894850944509939587|88003303,00|1664904874220|Bank of America
21990232630887|4891754719766122372|1173743,00|1663937088976|State Farm Bank
26388279071992|4903013718834548613|47838765,00|1667390275447|Prosper
10995116293128|4899917494090731398|39977436,00|1666467707660|Fundbox
10995116293128|4854600022840315783|86288110,00|1652472447683|Patch of Land
10995116293128|4865296071955320712|86416262,00|1655765868457|US Bank
19791209325336|4875147696140193673|34383347,00|1658825187165|Peerform
19791209325336|4907517318461919114|55458135,00|1668776738149|Funding Circle
19791209325336|4846155773538996107|36729751,00|1649935104121|Upgrade
19791209325336|4881621620604538764|23765027,00|1660849601908|Avant
4398046566472|4807030751776214925|15978767,00|1637897331192|Best Egg
15393162854232|4893443569626386318|84804864,00|1664446719424|PNC Bank
25369|4802527152148844431|44730529,00|1636494412610|State Farm Bank
2199023300921|4875710646093614992|71202165,00|1659040014758|Citibank
21990232630889|4897384219300335505|34936620,00|1665693637985|Patch of Land
21990232630889|4860229522374528914|28484686,00|1654250508281|Roofstock
4398046516474|4663478513653780371|57838353,00|1593751279055|Discover
4398046516474|4779164729081859988|42260462,00|1629330255768|Capital One
6597069812026|4914835667856396181|68396609,00|1670992878596|State Farm Bank
4398046566474|4862481322188214166|86635186,00|1654935144994|Discover
28587302367547|4901887818927706007|16324553,00|1667013862999|Upgrade
2199023320923|4898510119207178136|31387332,00|1666023229647|Prosper
2199023320923|4829830224889778073|35351144,00|1644908848150|OneMain Financial
17592186059788|4809001076613189530|21592058,00|1638489858841|Navy Federal Credit Union
17592186059788|4809564026566610843|5554187,00|1638644663753|OneMain Financial
4398046536476|4745387731876581276|41081708,00|1618937222084|RealtyMogul
4398046536476|4771564904710672285|89729043,00|1626987295993|BlueVine
4398046536476|4866421971862163358|11019112,00|1656112565780|Best Egg
4398046536476|4700633210579586975|85126662,00|1605177106180|OnDeck
24189255846444|4890347344882569120|45045221,00|1663474614644|SunTrust
19791209345340|4857977722560843681|73658736,00|1653570178173|OnDeck
13194139588684|4872614421349797794|21273802,00|1658012469442|SunTrust
15393162854236|4840807748981493667|30644280,00|1648249937562|Rocket Loans
15393162854236|4875429171116904356|37581184,00|1658896850417|LightStream
15393162854236|4868392296699137957|75470757,00|1656747356372|Patch of Land
15393162854236|4914272717902974886|63475147,00|1670852504052|Fundbox
26388279091997|4906954368508497831|4971405,00|1668588532851|Citibank
15393162824237|4827296950099382184|81981936,00|1644079910756|State Farm Bank
15393162824237|4788734878290022313|84662776,00|1632233113994|Citibank
28587302367549|4913991242926264234|4473912,00|1670727896212|TD Bank
28587302367549|4894569469533228971|92055148,00|1664775980431|Roofstock
28587302367549|4913991242926264236|80297424,00|1670728479892|Peerform
28587302367549|4911739443112578989|85479614,00|1670054621922|TD Bank
26388279121997|4906954368508497838|46877027,00|1668630193647|Bank of America
19791209365341|4839118899121229743|66897684,00|1647721714451|Kabbage
19791209365341|4832082024703463344|29095059,00|1645593186750|Navy Federal Credit Union
19791209365341|4843341023771889585|61215166,00|1649090569038|Patch of Land
19791209365341|4814349101170692018|49952033,00|1640118225690|Capital One
26388279141997|4897384219300335539|89260111,00|1665682138540|RealtyMogul
26388279141997|4903295193811259316|41512935,00|1667441111001|Upgrade
26388279141997|4900198969067442101|92010242,00|1666485374379|Bank of America
26388279141997|4895695369440071606|90481023,00|1665155248744|Funding Circle
4398046526478|4821948925541879735|78340736,00|1642481087818|Capital One
4398046526478|4826171050192539576|21532899,00|1643813356911|American Express
17592186089790|4884999320325066681|68780002,00|1661882092399|Best Egg
17592186089790|4827296950099382202|68717776,00|1644150705425|Bank of America
17592186089790|4848970523306102715|57990299,00|1650817771627|TD Bank
17592186089790|4793238477917392828|5371707,00|1633636780235|Best Egg
4398046566478|4733847257831444413|46838477,00|1615442909867|BlueVine
4398046566478|4846437248515706814|86869811,00|1650027925377|Fundbox
4398046566478|4695003711045373887|78974395,00|1603513688017|Citibank
13194139598686|4798305027498184640|54765481,00|1635195497274|Roofstock
5375|4631108891332054977|58467621,00|1583821487068|Citibank
24189255826447|4876836546000457666|46220120,00|1659309541012|Upgrade
24189255826447|4916243042739949507|53619858,00|1671464045058|LightStream
24189255826447|4868110821722427332|61700024,00|1656649191709|American Express
13194139558687|4810126976520032197|21619841,00|1638831828031|Wells Fargo
13194139558687|4895132419486650310|84634682,00|1665004088255|Rocket Loans
13194139558687|4864170172048478151|44528253,00|1655492348700|TD Bank
35375|4918776317530345416|95847367,00|1672197421145|Earnest
35375|4620412842217050057|66534487,00|1580557660041|Roofstock
24189255866447|4902169293904416714|41708383,00|1667089344168|BlueVine
24189255866447|4859666572421107659|10601941,00|1654040005325|Marcus by Goldman Sachs
24189255866447|4893725044603097036|18850055,00|1664546315220|Wells Fargo
19791209365343|4815475001077534669|62402863,00|1640457924169|BlueVine
13194139538688|4885843745255198670|23593361,00|1662122121406|Kabbage
13194139538688|4761431805549088719|61517463,00|1623879432297|Marcus by Goldman Sachs
15393162804240|4806749276799504336|83205504,00|1637825527723|Earnest
15393162804240|4856007397723869137|81790817,00|1652912433884|OnDeck
15393162804240|4892880619672965074|73271223,00|1664292887619|OnDeck
15393162804240|4797742077544763347|25743136,00|1635083234675|State Farm Bank
15393162824240|4888939969999015892|42820942,00|1663056860242|Capital One
15393162804241|4801964202195423189|29154127,00|1636356220657|Kabbage
15393162804241|4851222323119787990|40700786,00|1651451922032|SunTrust
4398046536481|4785638653546205143|92196295,00|1631321839713|Rocket Loans
24189255846449|4876555071023747032|94264120,00|1659235243610|SunTrust
15393162844241|4829267274936356825|31091164,00|1644725280991|Prosper
15393162844241|4892036194742833114|4052003,00|1664052738667|TD Bank
15393162844241|4815193526100824027|27782711,00|1640409160198|American Express
10995116343137|4757772630851850204|45853569,00|1622753697804|RealtyMogul
10995116353137|4813504676240560093|55425561,00|1639891506477|Best Egg
10995116353137|4792394052987260894|54255354,00|1633404067990|Fundbox
10995116353137|4803653052055687135|8017607,00|1636876915518|Discover
10995116303138|4857977722560843744|91229847,00|1653570960269|Avant
10995116323138|4838837424144519137|20582122,00|1647660015740|Best Egg
10995116323138|4892317669719543778|69448409,00|1664099996292|Funding Circle
10995116323138|4733002832901312483|97239367,00|1615150017119|Kabbage
10995116323138|4772409329640804324|97765881,00|1627293587489|Prosper
17592186099794|4856288872700579813|26963929,00|1653069208542|BlueVine
30786325653106|4919057792507056102|85586343,00|1672289173051|LightStream
30786325653106|4917931892600213479|90567625,00|1671956053915|State Farm Bank
30786325653106|4917650417623502824|70407206,00|1671917034739|Prosper
30786325653106|4918494842553634793|70105254,00|1672169572842|Roofstock
21990232580899|4895413894463361002|45031264,00|1665031381856|Roofstock
21990232580899|4867829346745716715|19147146,00|1656574249072|Avant
21990232580899|4872051471396376556|79363456,00|1657877884150|Capital One
21990232580899|4906672893531787245|10118649,00|1668536888294|State Farm Bank
45379|4766779830106591214|69719545,00|1625531209650|Patch of Land
45379|4765372455223037935|63727932,00|1625106698930|Earnest
45379|4668263588257861616|55739280,00|1595256692619|Discover
45379|4800275352335159281|4088166,00|1635848794877|Fundbox
21990232560900|4890065869905858546|16343890,00|1663408253296|Kabbage
21990232560900|4867547871769006067|11026033,00|1656500817869|Rocket Loans
21990232560900|4894850944509939700|61681811,00|1664842226260|Citibank
35380|4653345414492196853|41534636,00|1590679200973|Earnest
35380|4839963324051361782|62297989,00|1647997966154|Funding Circle
35380|4888377020045594615|7736182,00|1662859506280|LendingPoint
2199023310932|4866703446838874104|83980673,00|1656210018008|SoFi
4398046576484|4839400374097940473|73137018,00|1647876821412|Wells Fargo
10995116283141|4800556827311869946|14200858,00|1635946252718|LendingClub
4398046526485|4713862534484987899|68342105,00|1609296919508|Rocket Loans
25381|4678115212442734588|33043198,00|1598247235934|LendingPoint
25381|4620131367240339453|54371998,00|1580489755236|Discover
25381|4694440761091952638|96320013,00|1603292999489|Kabbage
25381|4750735756434083839|54712617,00|1620571264659|Roofstock
13194139578693|4815756476054245376|99845498,00|1640581698338|Upstart
13194139578693|4780290628988702721|39929388,00|1629649691642|Marcus by Goldman Sachs
13194139578693|4883873420418224130|15561703,00|1661536915900|US Bank
13194139578693|4851785273073209347|40036345,00|1651632367035|OnDeck
17592186099797|4848689048329392132|39015523,00|1650702428087|Prosper
17592186099797|4877118020977168389|90747255,00|1659459012655|OneMain Financial
17592186099797|4808438126659768326|28062856,00|1638358937300|Wells Fargo
17592186099797|4907235843485208583|41080464,00|1668718896727|TD Bank
15393162854245|4881903095581249544|90713754,00|1660884122065|OnDeck
15393162854245|4778038829175017481|69764239,00|1628963832680|LendingPoint
15393162854245|4917368942646792202|49485047,00|1671783251166|Upstart
15393162854245|4904984043671523339|85340256,00|1668006264559|State Farm Bank
19791209375349|4817163850937798668|12472739,00|1640977960231|Prosper
15393162794246|4850377898189656077|45368167,00|1651203305837|Peerform
15393162794246|4881340145627828238|44377920,00|1660744018053|Capital One
15393162794246|4856007397723869199|17614672,00|1652974281125|BlueVine
15393162794246|4845592823585574928|3241653,00|1649709496505|LendingPoint
35382|4697818460812480529|55427105,00|1604371237952|State Farm Bank
21990232600902|4866421971862163474|21927708,00|1656106305915|OneMain Financial
21990232600902|4850940848143077395|85071929,00|1651348865926|Discover
21990232600902|4898510119207178260|37913794,00|1666036943677|Wells Fargo
21990232600902|4852066748049920021|78587993,00|1651721976907|SunTrust
19791209365350|4835741199400701974|42149743,00|1646692607991|SoFi
19791209365350|4846718723492417559|8644057,00|1650076159615|Marcus by Goldman Sachs
19791209365350|4917931892600213528|14552177,00|1671955851995|OneMain Financial
30786325653110|4913146817996132377|57746907,00|1670529569818|Capital One
30786325653110|4913146817996132378|60130506,00|1670534189744|LendingClub
30786325653110|4917368942646792219|71393015,00|1671778827585|Kabbage
4398046526487|4792675527963971612|48075463,00|1633466980518|Kabbage
13194139588695|4758335580805271581|1865873,00|1622922572592|Funding Circle
6597069772040|4751017231410794526|12837488,00|1620658224923|American Express
19791209325352|4909206168322183199|9773525,00|1669312919452|LightStream
30786325633112|4912865343019421728|92839668,00|1670391986329|Marcus by Goldman Sachs
30786325633112|4915398617809817633|54289117,00|1671167152325|LendingPoint
4398046586488|4752424606294347810|92487206,00|1621099684185|Rocket Loans
13194139538697|4906391418555076643|71889483,00|1668416660658|SoFi
13194139538697|4837992999214387236|79616041,00|1647444382120|Chase Bank
13194139538697|4903858143764680741|27691088,00|1667606321909|US Bank
13194139538697|4894850944509939750|4274356,00|1664841802493|Chase Bank
13194139568697|4787046028429758503|93713125,00|1631792915900|TD Bank
13194139568697|4867266396792295464|73007479,00|1656437474133|Kabbage
13194139568697|4766216880153169961|84002164,00|1625340605871|Peerform
13194139568697|4757209680898428970|5262072,00|1622549685547|Marcus by Goldman Sachs
10995116333145|4787046028429758507|58123387,00|1631754678401|US Bank
10995116333145|4877399495953879084|19944226,00|1659474444441|LightStream
4398046526490|4760868855595667501|36670028,00|1623748693705|Upgrade
26388279092010|4891473244789411886|17559081,00|1663829814964|Rocket Loans
26388279092010|4886688170185330735|18343385,00|1662343500508|Funding Circle
26388279092010|4916524517716660272|44642789,00|1671540217891|Wells Fargo
17592186079802|4902450768881127473|76200262,00|1667197688659|Rocket Loans
17592186079802|4903576668787970098|2227513,00|1667577378600|US Bank
17592186079802|4802808627125555251|82328554,00|1636569042108|Avant
17592186079802|4876273596047036468|52368367,00|1659159994115|LendingPoint
28587302367562|4914554192879685685|34598138,00|1670949136572|Patch of Land
28587302377562|4892599144696254518|778932,00|1664219109833|OnDeck
28587302377562|4900198969067442231|33211926,00|1666539668892|SoFi
28587302377562|4916524517716660280|68108370,00|1671496380578|Prosper
4398046576490|4722025308809596985|73606069,00|1611788663734|LightStream
4398046576490|4745950681830002746|85541605,00|1619137088340|Prosper
28587302397562|4914272717902975035|7858094,00|1670803346981|RealtyMogul
4398046516491|4820260075681615932|44015078,00|1641945230994|SunTrust
4398046516491|4779164729081860157|10706616,00|1629335013890|Marcus by Goldman Sachs
2199023270939|4794364377824235582|7320063,00|1633985236425|OneMain Financial
2199023270939|4656160164259303487|65619386,00|1591567775936|OnDeck
2199023270939|4896258319393493056|49859747,00|1665273810989|Best Egg
10995116303147|4854881497817026625|29568474,00|1652566462538|Wells Fargo
35387|4868392296699138114|86465793,00|1656747633289|Peerform
8796093067595|4886125220231909443|85606495,00|1662180307682|Peerform
17592186099803|4818571225821352004|64865383,00|1641447347095|Prosper
6597069832043|4885562270278488133|5560892,00|1662048204022|SoFi
6597069832043|4878243920884011078|26208606,00|1659778073327|Upstart
6597069832043|4767342780060012615|76020272,00|1625711916361|Upgrade
17592186119803|4836867099307544648|70025191,00|1647099622579|Earnest
17592186119803|4884436370371645513|92724096,00|1661683353190|Rocket Loans
17592186119803|4832082024703463498|20088131,00|1645614499609|Funding Circle
17592186119803|4823356300425433163|92014989,00|1642915687829|Citibank
19791209305356|4890628819859279948|17044313,00|1663620677835|TD Bank
17592186069804|4899636019114020941|16813049,00|1666353776759|BlueVine
10995116343148|4809282551589900366|75962978,00|1638569952042|American Express
10995116343148|4773816704524357711|59349162,00|1627731976909|LendingPoint
10995116343148|4883591945441513552|99748445,00|1661449253461|Funding Circle
28587302397564|4918776317530345553|2635483,00|1672271069815|Citibank
28587302397564|4912020918089289810|44757343,00|1670113250063|LightStream
28587302397564|4912302393066000467|42041300,00|1670269100281|Roofstock
28587302397564|4913146817996132436|9823593,00|1670462362189|PNC Bank
35389|4849251998282813525|70135103,00|1650832900900|SunTrust
35389|4710484834764460118|45206421,00|1608268849712|Avant
35389|4709077459880906839|20210369,00|1607830249997|Fundrise
21990232600909|4847563148422549592|39713078,00|1650373185202|Bank of America
21990232600909|4892317669719543897|8065721,00|1664083435694|Chase Bank
21990232600909|4900198969067442266|25914929,00|1666516624611|Funding Circle
21990232600909|4889784394929147995|56168041,00|1663278658741|Rocket Loans
55389|4834615299493859420|87187498,00|1646385336474|Patch of Land
55389|4838274474191097949|42025119,00|1647476968757|Fundbox
55389|4628012666588237918|54439281,00|1582857853814|Best Egg
28587302387565|4916524517716660319|85914071,00|1671545749499|TD Bank
28587302387565|4911739443112579168|12335408,00|1670060007035|Navy Federal Credit Union
28587302387565|4916524517716660321|80663865,00|1671537955098|TD Bank
28587302387565|4896539794370203746|30733217,00|1665395013111|Wells Fargo
13194139608701|4860229522374529123|90533655,00|1654260186694|Avant
13194139608701|4809001076613189732|31864285,00|1638465625323|Best Egg
13194139608701|4780853578942124133|72650091,00|1629833042729|SunTrust
13194139608701|4782260953825677414|7334759,00|1630313312192|Wells Fargo
17592186069806|4886125220231909479|68542728,00|1662239899742|Best Egg
17592186069806|4877399495953879144|37521954,00|1659554310496|Avant
17592186069806|4800556827311870057|17287113,00|1635921974780|Patch of Land
4398046546494|4781979478848966762|6069790,00|1630205631368|Prosper
4398046546494|4863607222095057003|8873764,00|1655318493101|OneMain Financial
4398046546494|4799993877358448748|48551109,00|1635703969330|Citibank
2199023300942|4651656564631933037|73935377,00|1590142250737|Prosper
2199023300942|4669952438118125678|83036671,00|1595795470126|Earnest
2199023300942|4827859900052803695|57349436,00|1644269307674|Avant
26388279132014|4898791594183889008|67711325,00|1666070751758|OnDeck
24189255886462|4899073069160599665|18786741,00|1666188630101|Fundbox
24189255886462|4917368942646792306|27919003,00|1671815924350|American Express
24189255886462|4847844623399260275|24225410,00|1650462769858|Capital One
24189255886462|4869518196605980788|7193754,00|1657119064850|PNC Bank
24189255816463|4913709767949553781|89412369,00|1670709523520|RealtyMogul
24189255816463|4862762797164925046|25112824,00|1655023410801|Roofstock
24189255816463|4881058670651117687|56149488,00|1660610718678|OneMain Financial
24189255816463|4872332946373087352|87931054,00|1657939721999|RealtyMogul
15393162804255|4834615299493859449|98600428,00|1646331887343|Capital One
15393162804255|4793519952894103674|17185509,00|1633783597605|Peerform
15393162804255|4873458846279929979|41157334,00|1658343334679|PNC Bank
15393162804255|4790142253173575804|75915324,00|1632717531138|OnDeck
28587302377567|4919057792507056253|98568745,00|1672287690884|PNC Bank
26388279132015|4911457968135868542|56499339,00|1669983231044|Chase Bank
24189255816464|4910613543205736575|45888641,00|1669681146350|Fundbox
24189255816464|4897102744323625088|98600220,00|1665546227990|Roofstock
19791209315360|4916243042739949697|19002876,00|1671436068048|State Farm Bank
4398046536496|4828141375029514370|16406946,00|1644343207135|Capital One
24189255846464|4892880619672965251|34281479,00|1664272383519|Kabbage
24189255846464|4872332946373087364|691015,00|1657998847146|Rocket Loans
6597069812048|4724277108623282309|39762538,00|1612510170765|Avant
6597069812048|4848126098375970950|71008109,00|1650523265460|Navy Federal Credit Union
6597069812048|4874584746186772615|15160111,00|1658613207896|TD Bank
28587302377568|4905828468601655432|36027061,00|1668209390256|State Farm Bank
28587302377568|4907798793438630025|51774297,00|1668839645488|Chase Bank
24189255886464|4904984043671523466|69613651,00|1667950044014|SoFi
24189255886464|4856570347677290635|22672668,00|1653135475772|Earnest
5393|4803653052055687308|79790113,00|1636879717776|American Express
24189255866465|4918776317530345613|66203718,00|1672232684781|LightStream
24189255866465|4895976844416782478|52180619,00|1665221887620|Peerform
24189255866465|4874303271210061967|39636251,00|1658590524327|OneMain Financial
24189255866465|4860792472327950480|53670966,00|1654437102737|Funding Circle
2199023330945|4723995633646571665|3524374,00|1612422934401|Patch of Land
2199023330945|4870362621536112786|88499123,00|1657331012859|BlueVine
6597069792050|4697818460812480659|36927122,00|1604358977182|SoFi
6597069792050|4884436370371645588|20922345,00|1661648096123|Prosper
6597069792050|4899073069160599701|83602036,00|1666175363553|US Bank
10995116313154|4877680970930589846|84362877,00|1659571869162|TD Bank
30786325623122|4919620742460477591|14278760,00|1672448273875|Kabbage
30786325623122|4919057792507056280|10952498,00|1672275152229|Fundbox
30786325623122|4919339267483766937|99196201,00|1672365445512|TD Bank
10995116333154|4917931892600213658|23074471,00|1672001017174|PNC Bank
8796093087602|4833770874563727515|69935316,00|1646142077009|Earnest
8796093087602|4748202481643688092|74044664,00|1619794776386|Funding Circle
8796093087602|4736662007598551197|46140362,00|1616271266274|Citibank
8796093087602|4890910294835990686|40728453,00|1663659210834|State Farm Bank
30786325653122|4916524517716660383|82747021,00|1671519240722|Navy Federal Credit Union
30786325653122|4915680092786528416|65819815,00|1671234349209|Best Egg
8796093027603|4805904851869372577|23744219,00|1637567513801|Peerform
8796093027603|4726810383413678242|20039549,00|1613277763600|State Farm Bank
8796093027603|4701196160533008547|77092032,00|1605409325567|OnDeck
8796093027603|4802527152148844708|35320097,00|1636485279780|Bank of America
8796093037603|4809282551589900453|12384993,00|1638619396261|Roofstock
8796093037603|4811534351403585702|82303199,00|1639271840778|Capital One
30786325633123|4917650417623503015|45503776,00|1671914916847|Fundbox
30786325633123|4915961567763239080|27257726,00|1671361421174|Peerform
17592186119811|4795490277731078313|54112310,00|1634375213873|Patch of Land
21990232560916|4840244799028072618|66008991,00|1648132439235|Fundrise
21990232560916|4917087467670081707|29612984,00|1671715230537|Bank of America
21990232560916|4908361743392051372|78403169,00|1669030317734|US Bank
21990232560916|4853755597910184109|6761797,00|1652265791048|SoFi
30786325593124|4915961567763239086|99596880,00|1671396410933|SoFi
4398046536500|4763402130386063535|98236716,00|1624521290152|TD Bank
13194139568708|4881903095581249712|88679370,00|1660930637982|Citibank
13194139568708|4837992999214387377|41886869,00|1647406106694|Upstart
13194139568708|4834333824517148850|65682223,00|1646265109463|Kabbage
13194139568708|4785357178569494707|74738222,00|1631201706696|Rocket Loans
24189255856468|4895976844416782516|8885073,00|1665193704309|Upstart
24189255856468|4853192647956762805|44702850,00|1652116076524|Navy Federal Credit Union
24189255856468|4877399495953879222|45317340,00|1659487916824|Navy Federal Credit Union
24189255856468|4854881497817026743|57575429,00|1652587372577|Citibank
2199023310948|4803090102102266040|13484374,00|1636701564588|Peerform
2199023310948|4815193526100824249|14702266,00|1640387094085|Navy Federal Credit Union
2199023310948|4804497476985819322|92223750,00|1637119714508|Discover
2199023310948|4900198969067442363|76022577,00|1666514878379|OnDeck
4398046586500|4789860778196865212|13622951,00|1632590305402|Navy Federal Credit Union
4398046586500|4839400374097940669|20175747,00|1647842848347|SoFi
4398046586500|4734128732808155326|32384285,00|1615493374386|Citibank
15397|4646027065097719999|25079368,00|1588467979916|Fundrise
15397|4751861656340926656|78511115,00|1620917271666|Avant
15397|4740321182295789761|88207831,00|1617420479730|American Express
25397|4842496598841757890|97439239,00|1648807206703|BlueVine
25397|4651656564631933123|84925373,00|1590152143035|OnDeck
25397|4772409329640804548|33054166,00|1627248066896|Best Egg
2199023310949|4776068504338043077|14978770,00|1628344113417|Marcus by Goldman Sachs
2199023310949|4726247433460256966|83535519,00|1613107022976|US Bank
10995116283158|4732158407971180743|13576433,00|1614887578019|SoFi
15393162814262|4794364377824235720|68969764,00|1634022180436|OneMain Financial
15393162814262|4809845501543321801|49942231,00|1638784087426|Bank of America
15393162814262|4831800549726752970|76095082,00|1645505019041|Discover
15393162814262|4767342780060012747|29607081,00|1625705573515|PNC Bank
13194139568710|4776912929268175052|4089826,00|1628641265457|State Farm Bank
2199023300950|4800556827311870157|91470932,00|1635888094745|Kabbage
6597069822054|4833770874563727566|22411044,00|1646147330673|Chase Bank
6597069822054|4875429171116904655|2025291,00|1658953667965|Upgrade
6597069822054|4890065869905858768|39953110,00|1663372972153|Funding Circle
13194139568711|4916243042739949777|80254180,00|1671483220193|SoFi
13194139568711|4798586502474895570|50645097,00|1635268396871|Best Egg
13194139568711|4867829346745716947|42811782,00|1656571393677|PNC Bank
13194139568711|4841370698934915284|72846175,00|1648430013098|Peerform
19791209345367|4900198969067442389|19907505,00|1666512570498|Prosper
28587302327576|4907798793438630102|31434143,00|1668845130884|BlueVine
28587302327576|4908361743392051415|38279484,00|1669014957550|Patch of Land
13194139548712|4837711524237676760|64832134,00|1647335530157|Earnest
13194139548712|4840807748981493977|53988243,00|1648232657634|Prosper
28587302347576|4914272717902975194|76655664,00|1670840087617|RealtyMogul
28587302347576|4916524517716660443|53334141,00|1671553804393|Rocket Loans
28587302347576|4910613543205736668|66022356,00|1669718342584|Chase Bank
19791209355368|4846718723492417757|9563994,00|1650072077528|Fundbox
2199023260953|4707107135043932382|16868022,00|1607189519426|Fundbox
2199023260953|4797179127591342303|19283872,00|1634874602787|Best Egg
2199023260953|4755239356061454560|23002510,00|1622011180691|Avant
19791209315369|4818852700798062817|35768100,00|1641538027208|OnDeck
19791209315369|4917650417623503074|64387951,00|1671874490025|PNC Bank
8796093057609|4713862534484988131|55397552,00|1609236153034|Fundbox
26388279112025|4917368942646792420|59286876,00|1671814983244|US Bank
26388279112025|4895976844416782565|70416523,00|1665231976318|Upstart
26388279112025|4908361743392051430|65422768,00|1669067844517|Kabbage
28587302327578|4909769118275604711|88346737,00|1669502374340|Capital One
28587302327578|4906391418555076840|51409831,00|1668448077609|State Farm Bank
19791209335370|4824482200332275945|60822462,00|1643252563439|LendingClub
19791209335370|4843903973725311210|88485670,00|1649212468421|LendingPoint
19791209335370|4848970523306103019|76534301,00|1650789574777|American Express
28587302367578|4913709767949553900|86791488,00|1670686068149|US Bank
19791209355370|4850940848143077613|10829690,00|1651404637455|Best Egg
19791209355370|4841370698934915310|94826104,00|1648422714020|SunTrust
19791209355370|4863888697071767791|57165229,00|1655384986206|LendingPoint
19791209355370|4853755597910184176|71386789,00|1652278861621|US Bank
19791209305371|4824200725355565297|32549335,00|1643141372810|LendingPoint
19791209305371|4843059548795179250|2818092,00|1648928510312|Capital One
19791209305371|4848126098375971059|95664302,00|1650523520516|Upgrade
24189255826475|4861636897258082548|28803160,00|1654636762457|Bank of America
24189255846475|4908080268415340789|16544135,00|1668941150059|State Farm Bank
24189255846475|4878525395860721910|20031018,00|1659867447553|US Bank
19791209345371|4888939969999016183|30772030,00|1663054208407|Patch of Land
6597069832059|4745387731876581624|5570246,00|1618978457966|RealtyMogul
6597069832059|4903858143764680953|82977400,00|1667676557220|Funding Circle
6597069832059|4887251120138752250|17855070,00|1662505669566|Funding Circle
6597069832059|4722869733739729147|29177813,00|1612048813011|PNC Bank
17592186119819|4890910294835990780|42896700,00|1663688360128|State Farm Bank
17592186119819|4818289750844641533|82629245,00|1641336435178|Discover
17592186119819|4908643218368762110|14313525,00|1669113182889|Capital One
17592186119819|4890065869905858815|15502730,00|1663379453769|Capital One
17592186059820|4826171050192539904|51791687,00|1643773684683|OnDeck
4398046546508|4849533473259524353|43437693,00|1650935821680|Upstart
24189255856476|4905828468601655554|14420126,00|1668277703341|Fundrise
24189255856476|4911457968135868675|43160742,00|1670014169923|LendingPoint
13194139598716|4884999320325067012|55618957,00|1661821899873|Fundbox
6597069772061|4910050593252315397|74059176,00|1669581621223|Rocket Loans
2199023270957|4836867099307544838|17360338,00|1647083130354|Roofstock
2199023270957|4855162972793737479|80169908,00|1652717474014|Marcus by Goldman Sachs
2199023270957|4704010910300115208|3135481,00|1606270248239|PNC Bank
2199023270957|4917368942646792457|28963073,00|1671765930431|Citibank
26388279092029|4883310470464803082|30312689,00|1661354817332|PNC Bank
26388279092029|4888095545068884235|85126228,00|1662830581086|Bank of America
26388279092029|4902732243857838348|26870999,00|1667294205947|SoFi
28587302387581|4907235843485208845|55898298,00|1668652256756|State Farm Bank
30786325583134|4913709767949553934|58807450,00|1670690023214|American Express
30786325583134|4912583868042711311|29779790,00|1670287872424|Kabbage
10995116313166|4899917494090731792|2260071,00|1666471960555|American Express
10995116313166|4799149452428316945|54672366,00|1635492157011|Rocket Loans
10995116313166|4819134175774773522|70994263,00|1641605229396|TD Bank
10995116313166|4743698882016317715|9637796,00|1618438077437|Prosper
21990232600926|4889221444975726868|57444065,00|1663188955289|BlueVine
21990232600926|4854318547863605525|28993399,00|1652453374368|Peerform
21990232600926|4917931892600213782|2633891,00|1671941521325|Prosper
21990232600926|4913146817996132631|60526305,00|1670487059053|Rocket Loans
24189255866478|4915117142833107224|75554006,00|1671063426082|Bank of America
24189255866478|4877118020977168665|49965151,00|1659388553652|State Farm Bank
24189255866478|4863607222095057178|16263193,00|1655260139883|Citibank
21990232630926|4890910294835990811|71831325,00|1663687192196|Peerform
17592186049823|4872332946373087516|7564447,00|1657928256938|Peerform
17592186049823|4893725044603097373|2363636,00|1664565282020|Prosper
24189255826479|4910332068229026078|64551802,00|1669651869701|Roofstock
24189255826479|4868955246652559647|42588706,00|1656941433119|Fundrise
24189255826479|4861355422281371936|4140373,00|1654569773973|Funding Circle
26388279112031|4879088345814143265|72718245,00|1660058154831|American Express
26388279112031|4916805992693371170|68274810,00|1671643636734|Upstart
26388279112031|4919620742460477731|64405401,00|1672457517044|Rocket Loans
26388279112031|4889784394929148196|73836700,00|1663290002308|Capital One
2199023320959|4746232156806713637|73592073,00|1619181905754|Chase Bank
2199023320959|4813786151217271078|32241432,00|1639955833762|Patch of Land
2199023320959|4902169293904417063|23385949,00|1667165910644|Roofstock
6597069842063|4913991242926264616|19871356,00|1670722282986|US Bank
6597069842063|4805341901915951401|70082383,00|1637407994574|Best Egg
6597069842063|4826452525169250602|89429369,00|1643890683406|Wells Fargo
6597069782064|4774379654477779243|68353058,00|1627892175767|BlueVine
24189255836480|4898510119207178540|99332461,00|1666007844881|LendingClub
24189255836480|4874584746186772781|79459711,00|1658649654520|US Bank
26388279102032|4902169293904417070|45598639,00|1667085049873|American Express
26388279102032|4877962445907300655|1310990,00|1659675979735|LendingClub
15393162844272|4849251998282813744|62627150,00|1650890707710|Upgrade
15393162844272|4882747520511381809|93111903,00|1661124948921|Citibank
15393162844272|4872051471396376882|15323675,00|1657880544221|SunTrust
15393162844272|4800556827311870259|48916082,00|1635895054873|Prosper
17592186109824|4837711524237676852|5569843,00|1647362912747|Prosper
17592186109824|4903576668787970357|57866556,00|1667573610773|Rocket Loans
17592186109824|4895413894463361334|38895875,00|1665034158540|OnDeck
8796093027617|4918494842553635127|37346041,00|1672136121690|Best Egg
8796093027617|4834052349540438328|11326076,00|1646215203403|Fundrise
24189255826481|4903576668787970361|3013858,00|1667528350850|Earnest
24189255826481|4881621620604539194|696897,00|1660786989997|BlueVine
15393162844273|4790423728150286651|8887142,00|1632757431004|State Farm Bank
15393162844273|4844466923678732604|68377920,00|1649424910718|Patch of Land
2199023320961|4899354544137310525|3684548,00|1666229111013|Navy Federal Credit Union
2199023320961|4706262710113800510|86548251,00|1606912123828|Patch of Land
2199023320961|4718647609089069375|20876242,00|1610766389403|Upgrade
2199023320961|4837992999214387520|58688762,00|1647446978898|Patch of Land
24189255836482|4908643218368762177|99683050,00|1669150175388|Earnest
24189255836482|4876836546000458050|92562681,00|1659312227662|Best Egg
24189255836482|4913428292972843331|34146076,00|1670590583197|TD Bank
24189255836482|4864451647025189188|31536728,00|1655575187013|Fundrise
19791209345378|4842496598841758021|89038969,00|1648757611829|Fundbox
19791209345378|4819978600704905542|51418171,00|1641877667974|Capital One
19791209345378|4886688170185331015|82059731,00|1662378933100|BlueVine
26388279132034|4903013718834549064|57975224,00|1667402052043|Upstart
26388279132034|4886125220231909705|2662301,00|1662182414632|Peerform
26388279132034|4886969645162041674|30149682,00|1662416273388|LightStream
15393162864274|4830393174843199819|32302732,00|1645051825638|Discover
15393162864274|4829548749913067852|64333651,00|1644834432401|RealtyMogul
21990232560931|4859948047397818701|86194048,00|1654156058310|Wells Fargo
21990232560931|4874866221163483470|42253534,00|1658697717412|SunTrust
21990232560931|4877680970930590031|31718385,00|1659615839276|Fundrise
21990232560931|4855162972793737552|85196395,00|1652695937633|Bank of America
21990232570931|4908643218368762193|81122868,00|1669103944681|Kabbage
35411|4803371577078976850|12266927,00|1636748059985|RealtyMogul
35411|4801401252242002259|98597278,00|1636200661989|Discover
35411|4798586502474895700|7013880,00|1635345144746|BlueVine
10995116323171|4845874298562285909|76375080,00|1649837965734|OnDeck
10995116323171|4872332946373087574|99711056,00|1657995816747|LightStream
10995116323171|4781979478848966999|27313889,00|1630175587464|Avant
19791209365379|4883873420418224472|16717965,00|1661513494652|Citibank
19791209365379|4858259197537554777|1946597,00|1653604380295|Chase Bank
19791209365379|4824482200332276058|89693765,00|1643232016257|Fundbox
19791209365379|4877118020977168731|11358326,00|1659423591363|Marcus by Goldman Sachs
15393162864275|4887814070092173660|29879190,00|1662758131871|LightStream
15393162864275|4816882375961088349|6040375,00|1640923090066|Best Egg
15393162864275|4796897652614631774|50204017,00|1634792631110|Fundrise
15393162864275|4772690804617515359|99037793,00|1627309226074|Best Egg
4398046526516|4729625133180784992|68081633,00|1614073790065|SunTrust
21990232600932|4848407573352681825|54933657,00|1650576566792|OneMain Financial
2199023320964|4652782464538775906|21399809,00|1590494009714|Upstart
28587302397588|4904139618741391715|63870985,00|1667752347727|TD Bank
28587302397588|4916243042739949924|55495094,00|1671481719478|Prosper
8796093027621|4780009154011992421|92112009,00|1629591405340|State Farm Bank
8796093027621|4838274474191098214|20275617,00|1647488502863|Fundbox
8796093027621|4905265518648234343|16244436,00|1668053555144|Prosper
17592186099829|4828985799959646568|8009803,00|1644618040136|Citibank
21990232620933|4840807748981494121|79336680,00|1648236121853|Peerform
24189255886485|4901606343950995818|49720643,00|1666940074477|OneMain Financial
24189255886485|4870362621536113003|39123289,00|1657319470232|Fundrise
4398046526518|4858540672514265452|2042377,00|1653724360841|Peerform
4398046526518|4778883254105149805|35054506,00|1629269483184|Roofstock
2199023280966|4829830224889778542|10514022,00|1644940428370|LendingClub
2199023280966|4689655686487871855|54221421,00|1601805917266|State Farm Bank
2199023280966|4753831981177901424|4165415,00|1621522942140|Roofstock
8796093057622|4848126098375971185|23015994,00|1650496897136|Prosper
8796093057622|4739758232342368626|56838910,00|1617256403718|US Bank
8796093057622|4821385975588458867|42724460,00|1642312632585|State Farm Bank
8796093057622|4776631454291464564|97877428,00|1628548349033|State Farm Bank
17592186089830|4895976844416782709|51080850,00|1665212185552|Bank of America
17592186089830|4808719601636479350|44379026,00|1638434927361|Kabbage
28587302377590|4912865343019422071|78194878,00|1670433246422|BlueVine
28587302387590|4909206168322183544|77285661,00|1669270078731|OnDeck
10995116353174|4789579303220154745|98788849,00|1632525961664|Fundbox
10995116353174|4873177371303219578|24282280,00|1658215286366|Earnest
10995116353174|4865859021908742523|73214021,00|1655979716150|Rocket Loans
21990232570935|4828422850006225276|69863948,00|1644492506953|Earnest
24189255836487|4895413894463361405|78897015,00|1665043011112|Citibank
24189255836487|4852629698003341694|2153309,00|1651948648795|Upstart
24189255836487|4852911172980052351|18648018,00|1652015230178|Prosper
24189255836487|4870644096512823680|42750078,00|1657400365472|Capital One
26388279102039|4871488521442955649|32771616,00|1657715864391|Roofstock
28587302367591|4903576668787970434|72409409,00|1667576726517|OnDeck
55415|4909206168322183555|29595621,00|1669306527152|Marcus by Goldman Sachs
24189255826488|4894850944509940100|59365555,00|1664843970378|Marcus by Goldman Sachs
24189255826488|4888095545068884357|75304058,00|1662831615619|American Express
24189255836488|4908643218368762246|43868174,00|1669147484715|Funding Circle
24189255836488|4891754719766122887|65474527,00|1663923018102|LendingClub
24189255836488|4873458846279930248|30916366,00|1658276410451|Citibank
24189255836488|4895695369440072073|32958421,00|1665169315557|Citibank
28587302337593|4901043393997574538|85651290,00|1666813657495|LightStream
28587302337593|4899917494090731915|34479589,00|1666431593651|OnDeck
28587302337593|4900198969067442572|50429659,00|1666549238797|Rocket Loans
28587302337593|4917650417623503245|94049495,00|1671868467601|Roofstock
8796093047625|4763965080339485070|55296434,00|1624635361951|US Bank
6597069802073|4810689926473453967|51600483,00|1639039358004|Rocket Loans
6597069802073|4812660251310428560|82499920,00|1639616359285|RealtyMogul
6597069802073|4834896774470570385|42613705,00|1646493023742|BlueVine
19791209355385|4872614421349798290|35411238,00|1658013321200|American Express
19791209355385|4901887818927706515|55457131,00|1667005726483|Capital One
2199023320969|4669952438118125972|62339820,00|1595754063866|Rocket Loans
2199023320969|4803934527032398229|32279601,00|1636950887728|Patch of Land
2199023320969|4787327503406469526|41190468,00|1631859726029|American Express
2199023320969|4772409329640804759|81085945,00|1627240189480|Funding Circle
15393162804282|4814630576147403160|83433485,00|1640229140218|Capital One
15393162804282|4902732243857838489|9743740,00|1667271445931|BlueVine
21990232580938|4836867099307544986|31819628,00|1647084754373|Funding Circle
21990232580938|4848407573352681883|14396660,00|1650565896813|Capital One
21990232580938|4919339267483767196|90270286,00|1672384688489|Wells Fargo
21990232580938|4917931892600213917|76879224,00|1671956512742|Upgrade
24189255846490|4881621620604539294|90612690,00|1660819032781|Upgrade
24189255846490|4910613543205736863|53819779,00|1669704499388|Upstart
24189255846490|4871769996419666336|90983741,00|1657770243403|Patch of Land
6597069812074|4718366134112358817|2350155,00|1610628320574|State Farm Bank
13194139538731|4916524517716660642|25175234,00|1671507010870|Bank of America
13194139538731|4779164729081860515|16089865,00|1629317093528|Avant
13194139538731|4768187204990144932|81208410,00|1626005464259|Patch of Land
24189255826491|4868673771675849125|60726660,00|1656799521410|LendingClub
24189255826491|4889784394929148326|54374286,00|1663302033426|State Farm Bank
24189255826491|4857414772607422887|20782363,00|1653361417390|OneMain Financial
24189255826491|4888939969999016360|5922684,00|1663028869711|LendingPoint
30786325603147|4917931892600213929|21987651,00|1671979514068|BlueVine
24189255856491|4887532595115463082|48588380,00|1662666805189|OnDeck
28587302377595|4908924693345472939|98644636,00|1669213113543|SunTrust
28587302377595|4914272717902975404|14475034,00|1670839026997|Upstart
28587302377595|4915680092786528685|6864995,00|1671286355975|Prosper
28587302377595|4912302393066000814|36937108,00|1670263087785|OnDeck
26388279132043|4882747520511381935|19780174,00|1661124514650|Upstart
26388279132043|4895976844416782768|99624794,00|1665181410344|Patch of Land
26388279132043|4904139618741391793|51936617,00|1667750531961|American Express
4398046586523|4788453403313312178|14753299,00|1632147516691|OneMain Financial
4398046586523|4808719601636479411|19346194,00|1638424647189|Patch of Land
4398046586523|4914272717902975412|27382250,00|1670809372777|Earnest
8796093037628|4839681849074651573|1146802,00|1647960817097|LendingPoint
8796093037628|4823074825448722870|13737304,00|1642842780102|Bank of America
8796093037628|4863888697071767991|31705548,00|1655407850019|Fundrise
8796093037628|4719773508995912120|87990596,00|1611109580821|LightStream
4398046536524|4720899408902754745|90195287,00|1611429530878|TD Bank
4398046536524|4697536985835770298|32317599,00|1604278802647|Kabbage
4398046536524|4838555949167808955|9556407,00|1647594615784|US Bank
4398046556524|4839963324051362236|76672597,00|1648014939549|Best Egg
24189255876492|4869799671582691773|31974566,00|1657196692944|Marcus by Goldman Sachs
24189255876492|4874303271210062270|24006455,00|1658547893637|TD Bank
24189255876492|4900480444044153279|7721592,00|1666591232672|Bank of America
24189255876492|4894850944509940160|61240754,00|1664851633903|Earnest
21990232590941|4885843745255199169|4979670,00|1662143712484|Fundbox
21990232590941|4875992121070326210|98508242,00|1659047983851|Discover
21990232590941|4895413894463361475|36568361,00|1665014614686|US Bank
21990232590941|4887251120138752452|39729044,00|1662535334260|OneMain Financial
2199023330973|4754113456154612165|84224902,00|1621630002042|SoFi
15393162794286|4907235843485209030|31322981,00|1668651031591|RealtyMogul
15393162794286|4793519952894104007|73810529,00|1633705434251|BlueVine
15393162794286|4779164729081860552|13873252,00|1629300526585|SunTrust
15393162794286|4864733122001899977|16407409,00|1655648556469|Prosper
28587302357598|4913428292972843466|57664447,00|1670556467549|Bank of America
4398046556526|4703729435323404747|11495154,00|1606129111686|Fundrise
4398046556526|4668263588257862092|66089969,00|1595227325322|Avant
8796093087630|4710484834764460493|40163615,00|1608233816741|RealtyMogul
8796093087630|4778883254105149902|70338055,00|1629233261338|PNC Bank
17592186059839|4917650417623503311|72275167,00|1671878641144|Citibank
17592186059839|4865014596978610640|1046238,00|1655741802465|BlueVine
17592186059839|4915961567763239377|68912971,00|1671402866649|Upstart
17592186059839|4832082024703463890|5973918,00|1645615923724|Earnest
45423|4700633210579587539|10182808,00|1605249087830|Peerform
45423|4914835667856396756|71792585,00|1671001143997|Wells Fargo
19791209355391|4870644096512823765|73420156,00|1657414549522|Patch of Land
15393162864287|4801964202195423702|17167299,00|1636298874002|OnDeck
15393162864287|4788171928336601559|13741811,00|1632068124052|Marcus by Goldman Sachs
15393162864287|4783949803685941720|62304230,00|1630763010553|Best Egg
15393162794288|4892036194742833625|93460003,00|1664044595299|Upgrade
17592186069840|4875710646093615578|4278565,00|1659039619754|Capital One
17592186069840|4879369820790854107|76253337,00|1660130394816|Capital One
17592186069840|4888939969999016412|37173514,00|1663021555503|US Bank
17592186069840|4863044272141636061|907968,00|1655065413874|LightStream
28587302387600|4908924693345472990|22471619,00|1669231597093|Avant
28587302387600|4913991242926264799|78479626,00|1670719038677|Discover
21990232560945|4875992121070326240|77173747,00|1659071891009|Navy Federal Credit Union
2199023280977|4822793350472012257|46555697,00|1642713701507|LendingClub
2199023280977|4801682727218713058|47259616,00|1636255130369|Marcus by Goldman Sachs
2199023280977|4778883254105149923|46861438,00|1629250381689|Marcus by Goldman Sachs
2199023280977|4868673771675849188|38109269,00|1656832743221|TD Bank
35425|4782260953825677797|48165321,00|1630321857352|SunTrust
28587302367601|4909487643298894310|7187826,00|1669402484147|RealtyMogul
13194139538738|4796897652614631911|91982457,00|1634813946193|Peerform
13194139538738|4798867977451606504|51203535,00|1635401735758|OnDeck
13194139538738|4766216880153170409|48738216,00|1625334370158|Prosper
13194139538738|4897665694277046762|81008105,00|1665742432364|LightStream
19791209325394|4859948047397818859|26681113,00|1654139839039|Kabbage
19791209325394|4830111699866489324|18405708,00|1644972944666|Prosper
19791209325394|4917087467670082029|47442140,00|1671749067695|Roofstock
19791209325394|4869236721629270510|50276093,00|1657050024011|Discover
24189255856498|4916524517716660719|41431967,00|1671513689999|Citibank
19791209365394|4821385975588458992|27169862,00|1642283106916|Upstart
19791209365394|4830674649819910641|35949204,00|1645141333385|Marcus by Goldman Sachs
19791209365394|4878525395860722162|8118496,00|1659820493948|Bank of America
19791209365394|4919620742460477939|11985128,00|1672498022237|State Farm Bank
15393162794291|4865014596978610676|77168357,00|1655669241526|Citibank
15393162794291|4798305027498185205|63527229,00|1635182720239|TD Bank
15393162794291|4849251998282813942|938722,00|1650861605616|Funding Circle
15393162794291|4853192647956763127|73281783,00|1652043956605|Citibank
30786325593155|4919057792507056632|1897220,00|1672311507547|American Express
17592186069843|4791831103033840121|93612491,00|1633204207288|PNC Bank
17592186069843|4856288872700580346|28862451,00|1653011830384|Chase Bank
17592186069843|4799149452428317179|59590993,00|1635491808384|Peerform
17592186069843|4817445325914509820|15410950,00|1641071217470|SoFi
30786325623155|4915961567763239421|56166372,00|1671398290465|Chase Bank
30786325623155|4915117142833107454|19451530,00|1671139595048|OnDeck
28587302377603|4918213367576924671|71414190,00|1672058420628|American Express
28587302377603|4910332068229026304|43936550,00|1669617337167|Earnest
28587302377603|4915398617809818113|67453958,00|1671151107067|Capital One
19791209365395|4868110821722427906|25819972,00|1656704848545|Funding Circle
19791209365395|4895413894463361539|4856564,00|1665064713128|BlueVine
19791209365395|4919620742460477956|5064918,00|1672470710102|Upstart
19791209375395|4900198969067442693|28465850,00|1666502079520|Fundbox
19791209375395|4818571225821352454|47318038,00|1641415921650|Navy Federal Credit Union
19791209315396|4854318547863605767|96850157,00|1652431963199|Kabbage
19791209315396|4833770874563727880|85516864,00|1646083703620|Discover
19791209315396|4885843745255199241|19095423,00|1662069895039|Prosper
19791209315396|4877680970930590218|92695775,00|1659590429755|Fundbox
15393162834292|4812660251310428683|32838457,00|1639614011085|RealtyMogul
15393162834292|4824482200332276236|97739698,00|1643231319522|Upstart
15393162834292|4883873420418224653|52803286,00|1661546714370|Earnest
15393162834292|4786764553453048334|38025417,00|1631685436030|Upstart
8796093077636|4859103622467686927|97700493,00|1653859139275|OnDeck
8796093077636|4743980356993028624|23363414,00|1618486713041|American Express
8796093077636|4891191769812701713|42887889,00|1663795102996|Earnest
8796093077636|4785075703592784402|60652631,00|1631165680752|OnDeck
17592186109844|4887251120138752531|24378409,00|1662502423341|Funding Circle
17592186109844|4880495720697696788|42823563,00|1660466357694|SunTrust
17592186109844|4861355422281372181|39032260,00|1654626898064|RealtyMogul
13194139538741|4869236721629270550|31638388,00|1656984055365|Fundbox
30786325593157|4919620742460477975|4615774,00|1672487285200|RealtyMogul
19791209325397|4868955246652559896|96247189,00|1656925332252|Fundbox
10995116313189|4797179127591342617|9204904,00|1634866645322|LendingPoint
10995116313189|4759461480712114714|12728698,00|1623249339452|Marcus by Goldman Sachs
10995116313189|4759180005735404059|67368189,00|1623184896210|Peerform
6597069812085|4709921884811039260|5581741,00|1608044583725|Discover
6597069812085|4710203359787749917|95262684,00|1608182536964|Bank of America
6597069812085|4695285186022085150|56426560,00|1603549406236|BlueVine
6597069812085|4837711524237677087|98347579,00|1647300459443|Kabbage
19791209355397|4890065869905859104|59610662,00|1663434051103|Roofstock
17592186109845|4851222323119788577|11156774,00|1651434262261|Citibank
17592186109845|4896821269346914850|26735715,00|1665499476082|Marcus by Goldman Sachs
26388279142053|4917650417623503395|64833392,00|1671903687451|Bank of America
17592186059846|4851503798096499236|86833470,00|1651537249610|Upstart
10995116303190|4844466923678732837|6005271,00|1649426642441|Roofstock
8796093077638|4778601779128439334|51232751,00|1629137531149|Citibank
8796093077638|4798305027498185255|99402719,00|1635249918656|Avant
30786325643158|4916805992693371432|88196572,00|1671597933284|State Farm Bank
30786325643158|4918494842553635369|62602717,00|1672129523024|Upgrade
17592186119846|4904421093718102570|67733968,00|1667794665312|LendingPoint
10995116283191|4797460602568053291|34734285,00|1634958134230|PNC Bank
25431|4860792472327950892|60419858,00|1654432650248|Earnest
6597069812087|4866984921815585325|13413005,00|1656344803093|Fundrise
26388279122055|4871769996419666478|18936057,00|1657807591033|PNC Bank
26388279122055|4919057792507056687|26430597,00|1672302336897|Best Egg
26388279122055|4917368942646792752|83354497,00|1671760353701|Chase Bank
21990232620951|4872332946373087793|87691424,00|1657961905078|SunTrust
21990232620951|4886406695208620594|4064539,00|1662304334155|Capital One
21990232620951|4862481322188214835|26939732,00|1654917234190|Marcus by Goldman Sachs
6597069792088|4773816704524358196|70084089,00|1627710505036|Fundrise
10995116313192|4856570347677291061|21819841,00|1653142617708|Marcus by Goldman Sachs
17592186089848|4882184570557960758|34269400,00|1661020355414|Fundrise
17592186089848|4899354544137310775|34027030,00|1666283399384|State Farm Bank
17592186089848|4843059548795179576|27215049,00|1648991332863|Chase Bank
17592186089848|4864451647025189433|44402833,00|1655578319972|Citibank
15393162844296|4784794228616073786|47688291,00|1631047950376|Capital One
15393162844296|4917368942646792763|55864327,00|1671775714628|Prosper
15393162844296|4913146817996132924|9523819,00|1670483185988|Prosper
15393162844296|4780572103965413949|92142795,00|1629792772787|Earnest
13194139598744|4769031629920277054|25091072,00|1626212505985|Bank of America
13194139598744|4892880619672965695|19872034,00|1664250340629|Marcus by Goldman Sachs
13194139598744|4842778073818468928|86013006,00|1648882003723|Citibank
13194139598744|4813223201263850049|72025089,00|1639763753261|US Bank
8796093097640|4903013718834549314|33642266,00|1667363868940|US Bank
8796093097640|4803090102102266435|22942628,00|1636677887834|PNC Bank
8796093097640|4776349979314754116|79719036,00|1628500667121|Peerform
8796093097640|4849814948236235333|54737141,00|1651071191315|TD Bank
8796093027641|4745106256899871302|59719587,00|1618865339713|SunTrust
24189255826505|4851222323119788615|28955089,00|1651461949848|LightStream
24189255826505|4893725044603097672|72288618,00|1664562383857|BlueVine
24189255826505|4869518196605981257|66357105,00|1657097071113|Upgrade
24189255826505|4907798793438630474|73953286,00|1668823367137|Funding Circle
24189255866505|4858259197537555019|41514082,00|1653677628996|BlueVine
24189255866505|4896258319393493580|32822414,00|1665352028789|Upstart
28587302387609|4919620742460478029|65153476,00|1672512757364|LightStream
15393162864297|4812660251310428750|82461256,00|1639586324868|Upstart
4398046536538|4894850944509940303|25877594,00|1664902584144|Peerform
28587302357610|4911176493159158352|43703722,00|1669853536886|SoFi
28587302357610|4909206168322183761|42415018,00|1669323336854|American Express
28587302357610|4914835667856396882|1025373,00|1670997516778|LightStream
45434|4628575616541659731|9747764,00|1583054994765|Peerform
45434|4768750154943566420|70569654,00|1626174613106|PNC Bank
45434|4900761919020864085|18715366,00|1666707154050|SunTrust
55434|4659819338956542550|4865943,00|1592686250598|State Farm Bank
55434|4850096423212946007|30414235,00|1651124249062|PNC Bank
10995116353194|4748765431597109848|28573356,00|1619976486096|Upstart
10995116353194|4792112578010550873|22954079,00|1633332625965|Capital One
8796093047643|4872051471396377178|3997722,00|1657834444929|Best Egg
8796093047643|4717803184158937691|57831077,00|1610447057936|LendingClub
8796093047643|4883028995488092764|29299437,00|1661281136366|LendingPoint
19791209345403|4849814948236235357|71537556,00|1651028552775|LendingClub
19791209345403|4842215123865047646|16540651,00|1648738976882|LightStream
19791209345403|4827296950099382879|69063949,00|1644108810744|LendingClub
19791209345403|4869799671582691936|59026433,00|1657179398343|Prosper
24189255886507|4902450768881128033|64978380,00|1667203319188|American Express
6597069792092|4823074825448723042|7738118,00|1642852733375|Rocket Loans
6597069792092|4814630576147403363|66933307,00|1640229191262|OnDeck
6597069792092|4752424606294348388|23805996,00|1621161305261|Prosper
6597069792092|4804778951962530405|4149870,00|1637240733061|Chase Bank
26388279102060|4915680092786528870|52727774,00|1671281349310|Bank of America
21990232560957|4883028995488092775|61997843,00|1661272751716|Fundbox
21990232560957|4859385097444397672|9918748,00|1653970829555|Chase Bank
21990232560957|4851503798096499305|56637322,00|1651524360126|Navy Federal Credit Union
21990232560957|4855725922747159146|44328847,00|1652819543390|TD Bank
13194139548749|4800556827311870571|63574151,00|1635939848211|LendingClub
13194139548749|4803371577078977132|39583870,00|1636760513505|Avant
4398046576541|4916524517716660845|55520995,00|1671512959173|US Bank
4398046576541|4829267274936357486|5871247,00|1644702424291|Avant
4398046576541|4769876054850409071|31911177,00|1626495394322|LendingClub
6597069772094|4754957881084744304|18764992,00|1621921751819|Patch of Land
4398046536542|4730751033087627889|32625738,00|1614422677505|Peerform
4398046536542|4724840058576704114|71487587,00|1612679055912|LendingClub
24189255856510|4877399495953879667|52393137,00|1659555353890|Rocket Loans
6597069832094|4744824781923160692|57004360,00|1618792420097|Fundrise
15393162864302|4831800549726753397|20975487,00|1645546483426|Capital One
10995116283199|4873740321256641142|46607686,00|1658419025084|BlueVine
10995116293199|4803934527032398455|73843381,00|1636915993951|Bank of America
10995116293199|4770439004803830392|38736407,00|1626662767273|Fundrise
10995116293199|4880495720697696889|60911189,00|1660425438071|Kabbage
10995116293199|4798867977451606650|89359293,00|1635352471358|Chase Bank
17592186069855|4883591945441514107|26843173,00|1661458268259|State Farm Bank
17592186069855|4811815826380296828|62264511,00|1639385240255|Navy Federal Credit Union
17592186069855|4846718723492418173|80706460,00|1650098355708|LendingClub
45439|4627449716634817150|67389555,00|1582697287997|Avant
45439|4848126098375971455|72255751,00|1650537887942|SoFi
4398046576543|4788734878290023040|88790599,00|1632301756488|BlueVine
4398046576543|4744261831969739393|96086026,00|1618641834309|OnDeck
4398046576543|4744261831969739394|51000090,00|1618623734477|TD Bank
15393162794304|4792394052987261571|27587518,00|1633405878104|American Express
30786325603168|4917650417623503492|17489235,00|1671919000408|Fundbox
30786325603168|4917368942646792837|18197701,00|1671786922145|Avant
30786325603168|4918776317530346118|64588452,00|1672233262816|Citibank
4398046556544|4765935405176459911|27834200,00|1625254780006|OnDeck
17592186109856|4814912051124114056|91384542,00|1640331800916|American Express
17592186109856|4893162094649676425|28517086,00|1664357121386|Navy Federal Credit Union
75440|4768750154943566474|71079046,00|1626178309382|Bank of America
75440|4663478513653781131|261421,00|1593751001658|Wells Fargo
75440|4850377898189656716|37274273,00|1651197081299|Marcus by Goldman Sachs
19791209305409|4824482200332276365|22407989,00|1643262896709|Prosper
19791209305409|4867266396792296078|64774262,00|1656428939081|Patch of Land
19791209305409|4919057792507056783|60841044,00|1672333630103|Capital One
19791209305409|4843059548795179664|99743585,00|1648922476470|Upgrade
2199023290993|4713862534484988561|84716093,00|1609285459896|OneMain Financial
2199023290993|4809845501543322258|38784269,00|1638755664460|RealtyMogul
2199023290993|4701196160533009043|47353498,00|1605341063429|Kabbage
2199023290993|4881903095581250196|12715122,00|1660857223221|Upgrade
24189255856513|4905265518648234645|96896956,00|1668110649582|Avant
24189255856513|4868392296699138710|32974983,00|1656732900424|LendingPoint
24189255856513|4858822147490976407|77833535,00|1653821294833|Best Egg
24189255856513|4913991242926264984|66201690,00|1670734826593|Upstart
19791209315410|4900198969067442841|80058194,00|1666548879703|LendingPoint
19791209315410|4824482200332276378|97765782,00|1643264571254|LendingClub
19791209315410|4886969645162042011|62599309,00|1662448757812|Bank of America
4398046536546|4841089223958205084|54654960,00|1648329331347|Prosper
4398046536546|4761150330572378781|82388691,00|1623841844968|SoFi
4398046536546|4914835667856396958|70668150,00|1670999673009|Roofstock
4398046536546|4904139618741392031|90700245,00|1667762120865|Capital One
6597069822098|4689937161464582816|94839346,00|1601900722552|Chase Bank
6597069822098|4796334702661210785|45224386,00|1634648952730|Upgrade
17592186109858|4843903973725311650|50591548,00|1649265335379|Kabbage
17592186049859|4886406695208620707|96149672,00|1662244768615|LendingClub
17592186069859|4800275352335159972|72148262,00|1635822921918|Avant
17592186069859|4850377898189656741|34099131,00|1651203912950|Fundrise
17592186069859|4854037072886895270|87478936,00|1652378565932|American Express
2199023300995|4858822147490976423|58368111,00|1653832294202|Best Egg
2199023300995|4656441639236014760|51447912,00|1591646388760|RealtyMogul
2199023300995|4896258319393493673|7646141,00|1665342632964|LendingPoint
2199023300995|4870362621536113322|57087914,00|1657312947178|US Bank
17592186099859|4804778951962530475|64195895,00|1637190746629|BlueVine
17592186099859|4900761919020864172|25270307,00|1666663481468|Peerform
19791209365411|4889784394929148589|59783139,00|1663319227523|Marcus by Goldman Sachs
19791209365411|4859103622467687086|14421089,00|1653858025321|Earnest
19791209365411|4876836546000458415|46067356,00|1659352451210|US Bank
19791209365411|4875992121070326448|42182059,00|1659084903973|US Bank
19791209375411|4875429171116905137|63334430,00|1658950128820|PNC Bank
24189255816516|4917368942646792882|38320573,00|1671753285048|Avant
24189255816516|4871488521442955955|92851441,00|1657678565110|US Bank
24189255816516|4900480444044153524|69250598,00|1666586819709|Navy Federal Credit Union
13194139548756|4782260953825678005|79644961,00|1630279962369|LendingPoint
13194139548756|4767342780060013238|26285014,00|1625705085981|LightStream
13194139568756|4827015475122672311|951482,00|1644028407267|SunTrust
13194139568756|4777194404244886200|18894779,00|1628769464289|SunTrust
13194139568756|4749328381550531257|28745672,00|1620181242886|OnDeck
17592186089860|4866421971862164154|14643574,00|1656182358966|US Bank
17592186089860|4893162094649676475|79318246,00|1664383505225|OneMain Financial
17592186089860|4832644974656885436|20784450,00|1645778502927|Citibank
26388279132068|4898510119207178941|81078149,00|1665972865277|PNC Bank
24189255886516|4868392296699138750|41724225,00|1656716882684|LightStream
24189255886516|4872332946373087935|94233276,00|1657919496252|Peerform
13194139538757|4753550506201191104|68863659,00|1621446824878|LendingPoint
10995116303205|4817726800891220673|26376216,00|1641171353202|LendingClub
8796093077653|4826734000145961666|96218453,00|1643985912641|TD Bank
8796093077653|4709921884811039427|42613232,00|1608075348812|Roofstock
8796093077653|4886969645162042052|647307,00|1662424251060|LightStream
19791209365413|4821104500611748549|13338523,00|1642221437145|Rocket Loans
19791209365413|4854881497817027270|78335132,00|1652593548814|Peerform
19791209365413|4897947169253757639|18392834,00|1665796520929|Capital One
19791209365413|4873458846279930568|43750193,00|1658307671749|PNC Bank
10995116293206|4816037951030956745|60965719,00|1640676042810|LendingPoint
17592186069862|4907798793438630602|9936558,00|1668829511580|Patch of Land
17592186069862|4892599144696255179|99821860,00|1664224032174|BlueVine
17592186069862|4829830224889778892|19718167,00|1644890254001|Bank of America
21990232590966|4860510997351240397|62424807,00|1654300624274|Citibank
21990232590966|4880495720697696974|36793028,00|1660430230335|Rocket Loans
21990232590966|4899354544137310927|47319894,00|1666296294226|Wells Fargo
21990232590966|4849251998282814160|53447524,00|1650870684316|Patch of Land
6597069832102|4727654808343810769|70510135,00|1613483519574|LendingPoint
8796093027655|4737224957551973074|93541959,00|1616456424593|Kabbage
13194139558759|4841933648888337107|75303536,00|1648603790664|American Express
10995116313207|4854318547863605972|17808942,00|1652437969525|Capital One
10995116313207|4804778951962530517|15945928,00|1637175713945|Bank of America
10995116313207|4875992121070326486|24987831,00|1659069104123|PNC Bank
10995116313207|4891473244789412567|3166059,00|1663797408417|RealtyMogul
2199023300999|4652219514585354968|14101741,00|1590325618536|LendingPoint
19791209355415|4877680970930590425|29101827,00|1659569670822|Marcus by Goldman Sachs
19791209355415|4821104500611748570|85056408,00|1642229554167|Citibank
19791209355415|4809282551589901019|44558796,00|1638619175700|Peerform
19791209355415|4903858143764681436|79060058,00|1667682304480|American Express
8796093087655|4915961567763239645|38442631,00|1671353466257|Discover
26388279112072|4896258319393493726|34944486,00|1665300009555|Kabbage
26388279112072|4918776317530346207|80948798,00|1672240655145|Peerform
26388279112072|4873458846279930592|23216278,00|1658309038337|Avant
26388279112072|4878243920884011745|31167697,00|1659818378474|Best Egg
4398046516553|4678678162396156642|22180633,00|1598499661505|SunTrust
17592186069865|4847000198469128931|86787627,00|1650195626084|Fundbox
35449|4820541550658327268|69368343,00|1642017843198|US Bank
35449|4660663763886674661|46418839,00|1592946641081|Roofstock
35449|4812378776333718246|31572675,00|1639498626412|Rocket Loans
35449|4812097301357007591|10447911,00|1639464143995|Funding Circle
26388279122073|4900761919020864232|74030765,00|1666658079406|LightStream
26388279122073|4894287994556519145|8858753,00|1664742599345|LightStream
26388279122073|4895695369440072426|89061190,00|1665098184895|BlueVine
26388279122073|4885280795301778155|77943225,00|1661941698163|US Bank
17592186109865|4864451647025189612|4999171,00|1655551205033|Citibank
17592186109865|4888095545068884717|78507076,00|1662806733991|Marcus by Goldman Sachs
17592186109865|4887251120138752750|53080820,00|1662583178473|LightStream
17592186109865|4811815826380296943|15106710,00|1639371244981|State Farm Bank
6597069842105|4701477635509719792|28465809,00|1605435354549|Bank of America
45450|4905546993624945393|8794876,00|1668204873198|Upstart
45450|4807030751776215794|10268414,00|1637901910047|Upgrade
45450|4697818460812481267|43654012,00|1604318506881|Funding Circle
45450|4800275352335160052|18937791,00|1635855163300|Wells Fargo
21990232630970|4886125220231910133|65267798,00|1662161910150|Roofstock
21990232630970|4876555071023747830|68233245,00|1659290628947|OneMain Financial
21990232630970|4864733122001900279|11782904,00|1655665229858|Capital One
21990232630970|4853755597910184696|1426995,00|1652220022658|Chase Bank
26388279082075|4912302393066001145|14182743,00|1670231175772|Capital One
26388279082075|4918494842553635578|72762367,00|1672139520793|Best Egg
26388279082075|4917650417623503611|79295972,00|1671840465770|LendingPoint
26388279082075|4898228644230468348|74450811,00|1665937447951|Patch of Land
8796093047659|4786201603499627261|8524780,00|1631466033279|Navy Federal Credit Union
8796093047659|4849251998282814206|42457817,00|1650850126535|SunTrust
8796093047659|4774098179501069055|28153536,00|1627749097685|RealtyMogul
17592186079867|4871488521442956032|24612519,00|1657737531600|Patch of Land
17592186079867|4856570347677291265|85109600,00|1653121552333|SunTrust
17592186079867|4813223201263850242|12644860,00|1639836529072|Discover
17592186079867|4873458846279930627|13946540,00|1658321500042|Discover
21990232600971|4904702568694813444|49528189,00|1667924957379|BlueVine
13194139588763|4763402130386064133|26038803,00|1624505041729|Kabbage
13194139588763|4800556827311870726|91085682,00|1635943212500|LendingClub
13194139588763|4861355422281372423|12740672,00|1654568051688|Fundbox
65451|4843622498748601096|59293920,00|1649130803633|LendingClub
15393162864315|4816319426007667465|30152397,00|1640789351050|Prosper
28587302327628|4909769118275605258|24075415,00|1669469021227|BlueVine
10995116303212|4828141375029515019|79708777,00|1644369267063|SunTrust
15393162834316|4790423728150287116|48704539,00|1632796457611|LendingClub
15393162834316|4815475001077535501|5183375,00|1640468490143|BlueVine
15393162834316|4870925571489534734|40261844,00|1657549958554|Capital One
28587302377628|4905546993624945423|10743200,00|1668201263261|Discover
28587302377628|4915398617809818384|26498518,00|1671216456669|RealtyMogul
28587302377628|4912020918089290513|94341857,00|1670142276204|Chase Bank
26388279082077|4879932770744275730|36739926,00|1660307173944|Chase Bank
26388279082077|4899917494090732307|33759927,00|1666412482671|Citibank
26388279082077|4895132419486651156|55009339,00|1664983997278|OnDeck
17592186069869|4888095545068884757|10371694,00|1662772312272|Capital One
4398046566557|4764809505269617430|53462413,00|1624936571968|Rocket Loans
4398046566557|4910050593252315927|65002435,00|1669551922718|SunTrust
4398046566557|4829548749913068312|55411699,00|1644785514993|PNC Bank
65453|4890910294835991321|65940105,00|1663645541719|Funding Circle
28587302327630|4918776317530346266|9443889,00|1672189950106|Earnest
26388279082078|4913146817996133147|2029073,00|1670537426793|Kabbage
26388279082078|4881621620604539676|81494410,00|1660799352356|Wells Fargo
26388279082078|4895976844416783133|57688170,00|1665196827428|Fundbox
26388279082078|4903858143764681502|89130047,00|1667675229212|Peerform
2199023281006|4826171050192540447|99882247,00|1643749445164|Marcus by Goldman Sachs
15393162824318|4866984921815585568|91909985,00|1656285593673|Upgrade
15393162834318|4783105378755810081|18502056,00|1630568179580|BlueVine
15393162834318|4882466045534671650|82405889,00|1661109669148|Marcus by Goldman Sachs
15393162834318|4772972279594226467|98288792,00|1627449123064|Citibank
17592186099870|4799993877358449444|12550322,00|1635694517224|Upgrade
6597069832110|4818289750844642085|25399125,00|1641319498597|Upgrade
6597069832110|4718366134112359206|3181868,00|1610652494539|Roofstock
8796093097662|4857133297630712615|12587890,00|1653330964007|Marcus by Goldman Sachs
8796093097662|4780572103965414184|83141917,00|1629758251180|LightStream
8796093097662|4764528030292906793|91573313,00|1624812193985|Kabbage
8796093097662|4742010032156054314|2201491,00|1617944268433|PNC Bank
6597069792111|4694159286115242795|19287976,00|1603224412074|LightStream
17592186079871|4893725044603097900|93641345,00|1664570473576|Best Egg
17592186079871|4820260075681616685|67037196,00|1641992229287|OnDeck
17592186079871|4820260075681616686|4272473,00|1641990910079|LightStream
17592186079871|4814912051124114223|35209991,00|1640321815884|LendingClub
8796093067663|4892036194742833968|1868039,00|1664054386451|Fundrise
21990232590976|4910613543205737265|24945643,00|1669750536978|Discover
8796093087664|4735536107691709234|565987,00|1615887803009|Peerform
8796093087664|4863044272141636403|90352616,00|1655145736956|Prosper
8796093087664|4863044272141636404|48819112,00|1655136695711|Bank of America
17592186119872|4917368942646793013|66759477,00|1671786323950|Avant
13194139548769|4774098179501069110|47883867,00|1627816225093|OnDeck
21990232590977|4882466045534671671|94761825,00|1661041021725|BlueVine
21990232590977|4866140496885453624|73399695,00|1656094470793|Capital One
21990232590977|4910332068229026617|48243755,00|1669671485699|Funding Circle
21990232590977|4832926449633596218|7988801,00|1645821418900|Capital One
28587302387633|4904702568694813499|43940200,00|1667920487704|Prosper
8796093097665|4893162094649676604|85926793,00|1664348872309|American Express
4398046516562|4868673771675849533|28535219,00|1656824129958|Capital One
4398046516562|4704573860253537086|20160412,00|1606438318252|OneMain Financial
26388279092082|4892036194742833983|23940789,00|1664029904516|Roofstock
26388279092082|4893162094649676608|62099865,00|1664366293676|Bank of America
24189255856530|4868955246652560193|23086976,00|1656914960224|Upgrade
24189255856530|4867829346745717570|9087054,00|1656571127405|American Express
24189255856530|4856007397723870019|41047490,00|1652919393940|PNC Bank
24189255866530|4903858143764681540|11043224,00|1667615733167|TD Bank
24189255866530|4888377020045595461|42760415,00|1662868019596|Kabbage
24189255866530|4900480444044153670|21199414,00|1666619986651|Upgrade
24189255866530|4905546993624945479|85508049,00|1668137387100|OnDeck
15393162864322|4850659373166367560|76963065,00|1651268147029|Prosper
6597069782115|4793519952894104393|8213967,00|1633781292520|Fundbox
6597069782115|4863044272141636426|18897551,00|1655124454173|Discover
6597069792115|4871769996419666763|66333243,00|1657816695270|RealtyMogul
6597069792115|4689655686487872332|35989403,00|1601796380552|PNC Bank
6597069792115|4892599144696255309|83074366,00|1664191398935|Upstart
8796093067667|4879369820790854478|70521526,00|1660084212568|Discover
8796093067667|4899073069160600399|48884833,00|1666190345430|US Bank
8796093067667|4801682727218713424|25956935,00|1636278174581|US Bank
8796093067667|4730469558110917457|43024317,00|1614401681569|Upstart
6597069772116|4695566660998796114|52336377,00|1603613756370|Marcus by Goldman Sachs
6597069772116|4906391418555077459|15718176,00|1668417173086|BlueVine
6597069772116|4843341023771890516|56898538,00|1649052983907|SoFi
6597069772116|4776349979314754389|52302959,00|1628500085940|Funding Circle
19791209335428|4860229522374529878|67428374,00|1654234801056|Wells Fargo
19791209335428|4820260075681616727|57186451,00|1641936568970|Patch of Land
19791209335428|4827859900052804440|89546339,00|1644299178701|Funding Circle
55460|4785920128522916697|53286523,00|1631392746154|State Farm Bank
55460|4851503798096499546|255566,00|1651568249878|Marcus by Goldman Sachs
4398046576564|4832644974656885595|76791227,00|1645785793233|Discover
4398046576564|4690500111418004316|61290851,00|1602070507169|Prosper
4398046576564|4884154895394935645|55179775,00|1661571525747|OnDeck
30786325653188|4917650417623503710|55200691,00|1671847007858|Marcus by Goldman Sachs
6597069772117|4854881497817027423|66823321,00|1652619550920|Navy Federal Credit Union
21990232610981|4870362621536113504|47501286,00|1657384943013|Capital One
21990232620981|4872614421349798753|48985630,00|1658015230442|SunTrust
75461|4819134175774774114|91470885,00|1641588900338|Earnest
24189255816534|4896258319393493859|90607333,00|1665339606383|Avant
24189255816534|4874303271210062692|88273747,00|1658528268089|Rocket Loans
24189255816534|4887532595115463525|44485810,00|1662602148726|PNC Bank
19791209315430|4877118020977169254|40871496,00|1659415102879|Prosper
21990232580982|4908924693345473383|39821229,00|1669236327724|LendingPoint
21990232590982|4862762797164925800|97511519,00|1655017754372|BlueVine
21990232590982|4858822147490976617|31378549,00|1653806956390|Upstart
21990232590982|4887532595115463530|55922092,00|1662605322685|Peerform
21990232590982|4865296071955321707|6730714,00|1655786998811|Rocket Loans
8796093067670|4770720479780541292|5424384,00|1626715161682|Marcus by Goldman Sachs
24189255816535|4905828468601656173|30060688,00|1668230427670|Best Egg
2199023291015|4649967714771669870|6652476,00|1589672655357|Navy Federal Credit Union
2199023291015|4899354544137311087|98328122,00|1666225332570|RealtyMogul
2199023291015|4788453403313312624|76226940,00|1632163926858|TD Bank
2199023291015|4826171050192540529|68189109,00|1643810024767|RealtyMogul
4398046556567|4792675527963972466|85983904,00|1633486546919|Wells Fargo
4398046556567|4854600022840316787|30766527,00|1652511120944|Kabbage
17592186099879|4797742077544764276|51633414,00|1635002037883|Fundrise
17592186099879|4893162094649676661|63923374,00|1664367133202|LendingClub
2199023321015|4722869733739729782|71888036,00|1612001500967|LendingClub
2199023321015|4903013718834549623|50506314,00|1667364812813|Chase Bank
2199023321015|4766779830106592120|5689089,00|1625502686846|LendingClub
2199023321015|4770157529827119993|96324508,00|1626584433175|LendingClub
21990232630983|4889784394929148794|18374712,00|1663316462223|SoFi
8796093037672|4850377898189656955|71717001,00|1651208454032|Navy Federal Credit Union
8796093037672|4841370698934915964|65305081,00|1648436427986|Fundrise
8796093037672|4871207046466245501|59750035,00|1657604582180|TD Bank
17592186069880|4917087467670082430|19100168,00|1671741491844|LendingClub
17592186069880|4872895896326509439|47958045,00|1658093114212|Peerform
4398046546568|4732158407971181440|32132673,00|1614915168884|Patch of Land
21990232620984|4868955246652560257|76865116,00|1656954772426|Upgrade
21990232620984|4851503798096499586|51024428,00|1651521378522|Fundrise
6597069782121|4859666572421108611|44209848,00|1654068005393|LightStream
6597069782121|4771001954757251972|73275335,00|1626818637037|PNC Bank
6597069782121|4708233034950775685|72051150,00|1607574251217|Fundrise
6597069782121|4711892209648014214|38383406,00|1608670251322|Fundrise
4398046536569|4709358934857618311|76623688,00|1607897325569|Chase Bank
19791209345433|4841652173911626632|18745578,00|1648525705255|LendingPoint
19791209345433|4911176493159158665|2279192,00|1669907767880|Citibank
19791209345433|4900480444044153738|88226819,00|1666624944732|State Farm Bank
28587302377641|4897102744323625867|73569018,00|1665567615210|Avant
26388279142089|4912865343019422604|24357834,00|1670453147583|LendingClub
15393162804330|4830393174843200397|69762712,00|1645070865299|TD Bank
19791209325434|4810126976520033166|71784904,00|1638843809073|LendingClub
19791209325434|4878243920884011919|2733936,00|1659775796456|LendingPoint
19791209325434|4824482200332276624|48996763,00|1643277078052|TD Bank
30786325623194|4912302393066001297|4685705,00|1670279341849|Chase Bank
65466|4812941726287139730|46775691,00|1639673749441|Marcus by Goldman Sachs
2199023331018|4894850944509940627|10174909,00|1664879685035|Bank of America
2199023331018|4712173684624724884|82505861,00|1608783106431|Best Egg
2199023331018|4762839180432642965|34558169,00|1624291352147|Fundbox
2199023331018|4885562270278488982|97931682,00|1662048762283|American Express
30786325593195|4918494842553635735|43183260,00|1672113122824|Chase Bank
25467|4909206168322184088|92673355,00|1669326436424|Patch of Land
10995116333227|4898791594183889817|58183832,00|1666066400419|Discover
19791209375435|4815475001077535642|1680203,00|1640519854258|OnDeck
19791209375435|4895695369440072603|44881889,00|1665178233985|Capital One
19791209375435|4880777195674407836|14336230,00|1660556511395|Fundrise
19791209375435|4893443569626387357|69505020,00|1664426063515|Earnest
24189255826540|4886125220231910302|72420866,00|1662206083435|Peerform
24189255826540|4873458846279930783|79674199,00|1658340983510|SunTrust
24189255826540|4889502919952438176|85088510,00|1663268542328|Avant
24189255826540|4866984921815585697|15085554,00|1656304200636|TD Bank
28587302347644|4911176493159158690|58008121,00|1669912050763|Roofstock
28587302347644|4908361743392052131|6952292,00|1668999718498|Capital One
28587302347644|4901043393997575076|51352271,00|1666755548624|Avant
15393162834332|4848126098375971749|29782966,00|1650510921169|Wells Fargo
15393162834332|4800838302288581542|331532,00|1636018520469|Marcus by Goldman Sachs
15393162834332|4816600900984378279|56194303,00|1640796767262|LightStream
15393162834332|4785920128522916776|61822596,00|1631418408082|Capital One
4398046586572|4862762797164925865|76272622,00|1654980214224|LightStream
19791209305437|4883310470464803754|27699289,00|1661297818770|Wells Fargo
21990232570989|4835178249447281579|3659329,00|1646521958774|American Express
21990232630989|4895132419486651308|57995120,00|1664959143341|Capital One
21990232630989|4897102744323625901|14356746,00|1665582986867|Avant
21990232630989|4866703446838875054|74465273,00|1656260589872|State Farm Bank
21990232570990|4868673771675849647|81955861,00|1656816853607|Fundrise
15393162834334|4781979478848967600|24830943,00|1630224253029|LendingPoint
15393162834334|4872332946373088177|70891172,00|1657945603588|OnDeck
15393162834334|4802245677172134834|66563480,00|1636406037524|Prosper
13194139588782|4762557705455932339|43830887,00|1624274510071|BlueVine
13194139588782|4861073947304661940|16188336,00|1654474002897|PNC Bank
19791209375438|4915961567763239861|54340497,00|1671372857994|Prosper
19791209375438|4834052349540438966|91931020,00|1646163131350|Kabbage
19791209375438|4894287994556519351|97895456,00|1664740421221|SunTrust
19791209375438|4832363499680175032|79407749,00|1645672840430|Citibank
6597069772127|4719492034019201977|76229243,00|1610994472080|LightStream
6597069772127|4862199847211504570|9963404,00|1654884979006|Fundrise
6597069772127|4733847257831445435|88364419,00|1615375959161|Marcus by Goldman Sachs
6597069772127|4835178249447281596|6933897,00|1646578395328|SoFi
10995116303231|4841652173911626685|87353640,00|1648527837150|Rocket Loans
10995116303231|4876555071023748030|87468410,00|1659280150105|Citibank
10995116303231|4857133297630712767|49457833,00|1653287006936|Rocket Loans
10995116303231|4765372455223038912|65768973,00|1625099280581|LendingPoint
17592186079887|4806186326846084033|12322009,00|1637676935804|Avant
4398046586575|4690500111418004418|71774591,00|1602090466283|LendingPoint
4398046586575|4690218636441293763|75690350,00|1601975597616|SoFi
4398046586575|4907798793438630852|52947018,00|1668851079914|Capital One
4398046586575|4851222323119788997|33132241,00|1651503443697|Chase Bank
6597069782128|4728217758297232326|96773831,00|1613661121122|Funding Circle
6597069782128|4700914685556298695|21082259,00|1605277251454|State Farm Bank
6597069782128|4820260075681616840|71201951,00|1641950623382|SunTrust
6597069782128|4852629698003342281|84899905,00|1651917376515|Earnest
19791209345440|4846437248515707850|97489674,00|1649986362379|American Express
10995116333232|4769031629920277451|19493015,00|1626237851199|Roofstock
21990232560993|4919620742460478412|31698693,00|1672477166932|Upstart
21990232560993|4845592823585575885|80364779,00|1649776081819|SunTrust
35473|4734691682761577422|67671735,00|1615633218389|Avant
19791209345441|4886406695208621007|45327353,00|1662261667188|Earnest
19791209345441|4831800549726753744|95334081,00|1645480273146|Citibank
19791209345441|4899354544137311185|33687894,00|1666262587129|Earnest
19791209345441|4816882375961088978|17255408,00|1640943240991|Citibank
15393162844337|4899073069160600531|48162600,00|1666173468090|Bank of America
28587302397649|4904702568694813652|96287142,00|1667923847703|RealtyMogul
28587302397649|4906672893531788245|32197726,00|1668510504975|LightStream
28587302397649|4908643218368762838|99143841,00|1669150530102|PNC Bank
24189255816546|4883873420418225111|62356967,00|1661532430866|American Express
24189255816546|4871488521442956248|82031130,00|1657665280361|Upgrade
24189255816546|4866703446838875097|71867369,00|1656226279105|Navy Federal Credit Union
17592186059890|4798586502474896346|39516910,00|1635276751016|LendingPoint
17592186059890|4842215123865048027|77354156,00|1648721173570|Upstart
17592186059890|4797179127591343068|66779571,00|1634849211279|Roofstock
17592186069890|4869236721629271005|39162740,00|1656993343767|Navy Federal Credit Union
17592186069890|4881340145627829214|40271704,00|1660760641359|BlueVine
17592186069890|4916243042739950559|59652151,00|1671470227750|Upgrade
17592186069890|4838274474191098848|44532638,00|1647468090981|Bank of America
10995116313234|4882184570557961185|38159308,00|1660992261895|Upgrade
10995116313234|4739476757365658594|72311787,00|1617148790251|Navy Federal Credit Union
10995116313234|4893162094649676771|48747584,00|1664328807300|Avant
55474|4858259197537555428|51614284,00|1653662449113|Rocket Loans
55474|4778038829175018469|34746537,00|1629017613385|TD Bank
55474|4817163850937799654|83499559,00|1641044754168|RealtyMogul
55474|4754676406108034023|51253273,00|1621853708949|American Express
21990232630994|4876836546000458728|83601370,00|1659372290404|Peerform
2199023261027|4848407573352682473|12585125,00|1650612515847|State Farm Bank
26388279082099|4906109943578366954|33976841,00|1668365309109|Earnest
26388279082099|4904702568694813675|90891011,00|1667883220781|SoFi
19791209365443|4867266396792296428|70030555,00|1656400883480|OneMain Financial
19791209365443|4909206168322184173|4355114,00|1669327007566|Upgrade
28587302327652|4904984043671524334|67481270,00|1667950019023|LendingPoint
26388279122100|4908643218368762863|4148828,00|1669118091422|Navy Federal Credit Union
30786325643204|4914272717902975984|92152980,00|1670837867266|Citibank
28587302397652|4902169293904417777|20465480,00|1667127989053|State Farm Bank
28587302397652|4907798793438630898|44875987,00|1668889720104|LendingClub
28587302397652|4913428292972844019|83512181,00|1670604642816|Prosper
17592186049893|4886125220231910388|38312867,00|1662173477383|American Express
17592186049893|4876555071023748085|80238518,00|1659224798638|Kabbage
6597069782133|4759742955688825846|67272052,00|1623342970268|Wells Fargo
6597069782133|4723714158669861879|9672146,00|1612311488558|Upstart
6597069782133|4862199847211504632|67370797,00|1654842761112|Avant
21990232580997|4894569469533230073|22157760,00|1664776190665|Wells Fargo
21990232580997|4845592823585575930|89755279,00|1649723649707|Patch of Land
21990232580997|4892036194742834171|97420619,00|1664029004255|Kabbage
4398046556581|4790986678103708668|63868691,00|1632942022721|Capital One
4398046556581|4745387731876582397|44606175,00|1618976204872|American Express
4398046556581|4745387731876582398|35149564,00|1618920357934|Fundrise
4398046556581|4901606343950996479|6399184,00|1666951923767|Capital One
13194139588789|4803934527032398848|81765984,00|1636904132289|Fundrise
26388279132101|4915398617809818625|58414279,00|1671175130480|Earnest
21990232630997|4846718723492418562|76371468,00|1650111772629|Roofstock
21990232630997|4896258319393494019|26682185,00|1665315829506|Earnest
21990232630997|4874584746186773508|32705250,00|1658646478066|Prosper
24189255826550|4903013718834549765|50194810,00|1667399271623|Avant
19791209325446|4857133297630712838|61580466,00|1653323516775|Marcus by Goldman Sachs
19791209325446|4839963324051362823|56400347,00|1648030326453|Patch of Land
28587302367654|4910613543205737480|44488946,00|1669743804813|Upstart
26388279122102|4913991242926265353|43800073,00|1670743947626|Bank of America
26388279122102|4888939969999016970|66955602,00|1663071220816|Capital One
26388279122102|4910050593252316171|36172710,00|1669526650177|State Farm Bank
26388279122102|4889784394929148940|90831746,00|1663320893573|Prosper
2199023331030|4897384219300336653|48643034,00|1665653036430|Fundrise
15393162794343|4885562270278489102|15819509,00|1662057719844|SunTrust
15479|4866703446838875151|77847579,00|1656202022561|Rocket Loans
15479|4687966836627608592|10440530,00|1601293200880|American Express
15479|4889784394929148945|28503717,00|1663330794126|Avant
15479|4820823025635038226|83583686,00|1642107435242|Bank of America
19791209325447|4875710646093616147|89602347,00|1659015866718|Bank of America
19791209325447|4883310470464803860|8596862,00|1661351111438|RealtyMogul
19791209325447|4853474122933474325|30551352,00|1652201865111|American Express
17592186079895|4908361743392052246|86374172,00|1668992113368|PNC Bank
24189255876551|4905265518648235031|97474859,00|1668048665971|PNC Bank
4398046516584|4687685361650897944|90574808,00|1601204986094|Earnest
26388279092104|4904421093718103065|61230107,00|1667792049288|Kabbage
26388279092104|4917368942646793242|34653125,00|1671758523937|SoFi
26388279092104|4901324868974285851|66701156,00|1666875296311|Earnest
26388279092104|4891754719766123548|61258125,00|1663918431764|American Express
21990232601000|4860792472327951389|88568718,00|1654423790936|Earnest
21990232601000|4839400374097941534|84366651,00|1647812161748|BlueVine
21990232601000|4904702568694813727|83268022,00|1667906860259|Wells Fargo
21990232621000|4851785273073210400|43230823,00|1651667335546|Prosper
21990232621000|4827015475122672673|86286158,00|1644025188933|OnDeck
21990232621000|4892880619672966178|99440661,00|1664311945202|OnDeck
21990232621000|4874303271210062883|65201148,00|1658606092911|TD Bank
4398046526585|4908080268415341604|54315279,00|1668958219741|Citibank
4398046526585|4771283429733962789|64374733,00|1626899829826|Upstart
4398046526585|4907517318461920294|35557995,00|1668789580279|PNC Bank
10995116303241|4770439004803830823|68530988,00|1626649920504|LendingPoint
13194139568793|4789579303220155432|73022962,00|1632513028472|Marcus by Goldman Sachs
13194139568793|4779446204058571817|98946121,00|1629414559356|Best Egg
2199023301033|4901043393997575210|27561093,00|1666810125470|American Express
2199023301033|4668545063234573355|55964604,00|1595367704749|Marcus by Goldman Sachs
2199023301033|4797179127591343148|13077631,00|1634832419014|SunTrust
4398046566585|4829830224889779245|42272552,00|1644876892617|Best Egg
4398046566585|4684307661930370094|65774442,00|1600196854312|OneMain Financial
4398046566585|4837711524237677615|90654478,00|1647339874290|Peerform
4398046566585|4894006519579808816|66068702,00|1664649553156|Prosper
21990232631001|4847844623399261233|57246603,00|1650446645956|LendingPoint
13194139578794|4805341901915952178|66950910,00|1637394561430|TD Bank
19791209355450|4911739443112580147|60654074,00|1670073536113|BlueVine
19791209355450|4818571225821353012|70062440,00|1641471230470|LendingClub
19791209355450|4882466045534671925|18535054,00|1661031506955|LightStream
19791209355450|4813504676240561206|90349765,00|1639871888148|Kabbage
28587302387658|4897665694277047351|16368942,00|1665757453581|State Farm Bank
28587302387658|4910895018182448184|53033788,00|1669791978280|TD Bank
28587302387658|4909206168322184249|77102082,00|1669258438660|Marcus by Goldman Sachs
10995116293243|4770720479780541498|18175082,00|1626737363310|Patch of Land
26388279092107|4897947169253758011|54595525,00|1665863055937|SunTrust
30786325613211|4917931892600214588|82921043,00|1671979387503|SunTrust
45483|4684589136907080765|92817256,00|1600243425850|US Bank
45483|4706544185090511934|87906191,00|1607057837223|Kabbage
45483|4752987556247770175|83036294,00|1621299834792|Chase Bank
45483|4849814948236235840|96249628,00|1651080587610|Peerform
15393162844347|4786764553453048897|69414527,00|1631697649959|Upgrade
5484|4667137688351020098|4675155,00|1594915809338|Avant
24189255826556|4877680970930590787|26818075,00|1659591699353|Citibank
24189255826556|4864451647025189956|46526383,00|1655576185587|Patch of Land
24189255826556|4894850944509940805|55110587,00|1664835449938|Patch of Land
2199023281036|4900480444044153926|6030052,00|1666564517240|Upstart
6597069812140|4871488521442956359|90293842,00|1657662747754|Peerform
6597069812140|4733565782854734920|73105732,00|1615343980200|TD Bank
26388279132108|4903013718834549833|44741695,00|1667386333900|Fundrise
15393162864348|4849251998282814538|96664573,00|1650842022699|TD Bank
30786325583213|4918494842553635915|26668820,00|1672154367911|PNC Bank
30786325583213|4918494842553635916|87381230,00|1672166403810|Rocket Loans
30786325583213|4919620742460478541|5184781,00|1672490580825|TD Bank
30786325593213|4919339267483767886|46223594,00|1672373746840|Fundrise
10995116303245|4776349979314754639|82238552,00|1628430632071|Peerform
30786325623213|4917931892600214608|46247377,00|1672000884812|Earnest
26388279132109|4913991242926265425|54671579,00|1670716251635|Kabbage
13194139608797|4798023552521475154|90761946,00|1635135145338|Fundrise
13194139608797|4797179127591343187|42099581,00|1634832342411|Best Egg
13194139608797|4902169293904417876|74695924,00|1667127791351|Kabbage
5486|4834615299493860437|52982964,00|1646345285583|Marcus by Goldman Sachs
21990232571006|4888939969999017046|56678183,00|1663059257928|Fundrise
21990232571006|4854881497817027671|97189755,00|1652610781203|Chase Bank
21990232571006|4913146817996133464|85589986,00|1670527833575|Navy Federal Credit Union
8796093047694|4723995633646572633|28678240,00|1612381958452|Discover
10995116333246|4806749276799505498|52652323,00|1637779085580|SunTrust
10995116333246|4754676406108034139|56809784,00|1621826687477|Earnest
4398046576590|4754957881084744796|4804382,00|1621891716952|US Bank
21990232631006|4907235843485209693|3810914,00|1668654724874|Fundbox
21990232631006|4914835667856397406|48893917,00|1671012211224|Capital One
21990232631006|4868673771675849823|81023507,00|1656821431572|Fundrise
21990232631006|4877118020977169504|49565860,00|1659431251278|OnDeck
4398046526591|4687966836627608673|89032094,00|1601344579124|RealtyMogul
24189255846559|4890347344882570338|48657859,00|1663492220830|Avant
24189255846559|4908643218368762979|29429456,00|1669156029440|Fundbox
24189255846559|4887532595115463780|2093691,00|1662590887526|Avant
24189255846559|4915117142833108069|65397653,00|1671091487607|Upstart
19791209355455|4918776317530346598|60808690,00|1672256515604|Upgrade
2199023321039|4850940848143078503|39364512,00|1651423568684|Rocket Loans
13194139608799|4848689048329393256|180806,00|1650726955315|SoFi
13194139608799|4870081146559403113|95239710,00|1657268814100|State Farm Bank
13194139608799|4787608978383180906|23014392,00|1631925465349|Chase Bank
13194139608799|4843622498748601451|83904029,00|1649130704623|Funding Circle
15393162794352|4831519074750043244|19013305,00|1645413855096|Peerform
15393162794352|4795771752707789933|14173395,00|1634409841236|Discover
21990232581008|4890910294835991662|33723403,00|1663664179622|Earnest
21990232581008|4881903095581250671|43181775,00|1660891794458|OnDeck
24189255846560|4888095545068885104|28219177,00|1662821529059|Chase Bank
24189255846560|4912302393066001521|62227893,00|1670248033013|State Farm Bank
10995116323248|4859385097444398194|738498,00|1653952375303|Capital One
28587302387664|4909769118275605619|91475758,00|1669503149710|TD Bank
28587302387664|4900198969067443316|90808380,00|1666536465449|Chase Bank
28587302387664|4900198969067443317|74761565,00|1666514793348|Avant
28587302387664|4914835667856397430|58752593,00|1671022040263|SunTrust
10995116353248|4743980356993029239|49739044,00|1618532908721|Peerform
10995116353248|4817726800891221112|28356784,00|1641206683491|LendingClub
10995116353248|4862199847211504761|50469617,00|1654819412120|Discover
10995116353248|4868955246652560506|25818722,00|1656937905878|LightStream
21990232561009|4874584746186773627|82813144,00|1658654467666|State Farm Bank
21990232561009|4917368942646793340|16811854,00|1671769523978|PNC Bank
21990232561009|4859666572421108861|82522575,00|1654057144492|Chase Bank
21990232561009|4914272717902976126|79574112,00|1670836757658|Kabbage
17592186059905|4890347344882570367|25818424,00|1663462893687|LendingPoint
24189255836561|4911176493159158912|53027324,00|1669852808945|Marcus by Goldman Sachs
2199023291041|4848689048329393281|33017889,00|1650709082145|Capital One
2199023291041|4780290628988703874|58648721,00|1629701515286|OneMain Financial
2199023291041|4829830224889779331|75758987,00|1644915200535|Upstart
2199023291041|4657286064166147204|22753088,00|1591894427343|Chase Bank
4398046556593|4710484834764461189|50687113,00|1608240502718|Patch of Land
4398046556593|4685433561837212806|67069136,00|1600523123094|OneMain Financial
2199023311041|4905265518648235143|59156525,00|1668089379001|Best Egg
2199023311041|4895695369440072840|15522997,00|1665177230533|LightStream
2199023311041|4856288872700581001|61747109,00|1652995218753|Rocket Loans
2199023311041|4675018987698918538|5315969,00|1597334982377|Peerform
15393162854353|4883873420418225291|89907861,00|1661537413279|Avant
15393162854353|4916524517716661388|41965797,00|1671501546198|PNC Bank
15393162854353|4905265518648235149|67793002,00|1668045809741|Kabbage
28587302327666|4908924693345473678|26942717,00|1669213644741|Avant
4398046536594|4875429171116905615|95015716,00|1658912908544|Chase Bank
10995116323250|4770157529827120272|4362372,00|1626532645435|TD Bank
10995116323250|4754113456154612881|94300898,00|1621629222575|LendingClub
10995116323250|4818289750844642450|28583438,00|1641396043440|Bank of America
10995116323250|4836304149354124435|15130621,00|1646910421241|Rocket Loans
13194139588802|4912302393066001556|86756289,00|1670198517165|Bank of America
13194139588802|4852629698003342485|32263720,00|1651875133036|Capital One
13194139608802|4783949803685942422|64915723,00|1630783281273|TD Bank
13194139608802|4803934527032398999|62621380,00|1636932759967|Fundbox
13194139608802|4804497476985820312|50699374,00|1637102660144|Peerform
30786325583219|4919057792507057305|96768063,00|1672332991431|TD Bank
30786325583219|4919057792507057306|56025856,00|1672298602891|Funding Circle
10995116323251|4749328381550531739|55457019,00|1620180094720|Upstart
19791209355459|4892317669719544988|61675892,00|1664118894837|SunTrust
10995116343251|4869799671582692509|56909063,00|1657157566752|Marcus by Goldman Sachs
10995116343251|4891473244789413022|37023193,00|1663869861181|Avant
10995116343251|4876555071023748255|78382944,00|1659295969025|US Bank
10995116343251|4906391418555077792|76175537,00|1668401704935|Fundbox
26388279142115|4902732243857839265|37300039,00|1667291392552|Best Egg
6597069812148|4752143131317638306|93401748,00|1621068722599|LendingClub
6597069812148|4896821269346915491|80031012,00|1665461699005|LendingClub
21990232611012|4904421093718103204|72475312,00|1667797110251|TD Bank
21990232611012|4850940848143078565|53680534,00|1651382340572|Earnest
21990232611012|4877118020977169574|90030273,00|1659400181049|BlueVine
21990232611012|4897384219300336807|48792582,00|1665671384304|Funding Circle
75492|4918776317530346664|54561731,00|1672269295390|LendingPoint
75492|4908080268415341737|19306474,00|1668956514689|Wells Fargo
19791209315461|4870925571489535146|86367362,00|1657496113283|Prosper
26388279112117|4897102744323626155|43377133,00|1665596454106|Peerform
26388279112117|4892317669719545004|49296670,00|1664094446943|Navy Federal Credit Union
26388279112117|4918776317530346669|1133224,00|1672238896490|SunTrust
26388279112117|4904984043671524526|96193269,00|1668000849989|LendingClub
8796093087701|4716395809275385007|72721204,00|1610061268322|Patch of Land
10995116293254|4728780708250653872|36474947,00|1613820957752|Fundrise
10995116293254|4913709767949554865|52960601,00|1670674910557|Peerform
10995116293254|4841370698934916274|91800987,00|1648405278384|US Bank
17592186079910|4909487643298895027|19221792,00|1669376357165|Bank of America
17592186079910|4829830224889779380|97080870,00|1644917914785|Capital One
2199023321046|4789860778196866229|63067229,00|1632623502053|US Bank
2199023321046|4839963324051362998|90357828,00|1648002652083|OnDeck
2199023321046|4717803184158938295|31391246,00|1610511419851|Capital One
13194139608806|4898510119207179448|8279609,00|1666025787096|SunTrust
15393162794359|4807875176706348217|72169945,00|1638150639134|Wells Fargo
15393162794359|4883028995488093370|78900071,00|1661227931705|Citibank
26388279102119|4908643218368763067|7064502,00|1669082430914|Prosper
26388279102119|4891754719766123708|26699964,00|1663926413041|OnDeck
2199023321047|4856570347677291709|4810502,00|1653122946369|LendingClub
2199023321047|4667419163327730878|32834693,00|1594988014651|LightStream
2199023321047|4645745590121010367|58859205,00|1588344233220|Peerform
2199023321047|4783668328709231808|41928048,00|1630704800285|Upgrade
2199023261048|4760024430665536705|32842226,00|1623427269657|Kabbage
2199023261048|4836585624330835138|88603071,00|1646936360639|PNC Bank
2199023261048|4899917494090732739|94440600,00|1666397703480|Wells Fargo
2199023261048|4744261831969739972|57232652,00|1618580344756|Upgrade
15393162804360|4881340145627829445|49714268,00|1660716286741|OnDeck
15393162804360|4868392296699139270|73089704,00|1656779150696|State Farm Bank
15393162804360|4865859021908743367|30995382,00|1655990663794|Bank of America
15393162804360|4782823903779099848|84856980,00|1630428597122|Fundbox
6597069792152|4717803184158938313|20057350,00|1610493537862|US Bank
6597069792152|4824763675308987594|86461406,00|1643385666582|Upgrade
6597069792152|4825326625262408907|50790966,00|1643511904393|Roofstock
6597069822152|4758898530758694092|79488227,00|1623145119086|SoFi
6597069822152|4841933648888337613|47753095,00|1648617711968|Discover
6597069822152|4702603535416562894|26997216,00|1605798575641|Earnest
13194139598808|4886125220231910607|6869301,00|1662176726294|RealtyMogul
21990232631016|4879932770744276176|4972760,00|1660331634001|Chase Bank
21990232631016|4903013718834549969|9070462,00|1667356205708|Rocket Loans
21990232631016|4892880619672966354|59961607,00|1664283210271|TD Bank
5497|4808719601636480211|86736340,00|1638376301364|Patch of Land
10995116313257|4769031629920277716|48974223,00|1626230411531|Peerform
17592186099913|4859948047397819605|32858802,00|1654192556538|OneMain Financial
17592186109913|4873740321256641750|67758830,00|1658395285385|Fundbox
26388279142121|4885280795301778647|76715930,00|1661978164577|American Express
21990232561018|4848407573352682712|5253920,00|1650604982467|State Farm Bank
21990232561018|4894006519579808985|54065479,00|1664638552924|Upstart
21990232561018|4896258319393494234|11408841,00|1665269637622|BlueVine
21990232561018|4858540672514266331|41093189,00|1653756975060|American Express
10995116293258|4769313104896988380|74476546,00|1626273205640|LendingPoint
10995116293258|4825608100239119581|47751342,00|1643576635236|Navy Federal Credit Union
10995116293258|4737506432528684254|70337312,00|1616554217463|Fundrise
10995116293258|4845874298562286815|52844545,00|1649868654847|American Express
21990232581018|4891191769812702432|22379082,00|1663784550944|Chase Bank
24189255846570|4902450768881128673|46735767,00|1667193935844|LendingClub
19791209345466|4865859021908743394|71883014,00|1655978602836|BlueVine
26388279122122|4904421093718103267|33150614,00|1667787694877|SunTrust
2199023321050|4651093614678512868|91254900,00|1589948559958|Best Egg
10995116283259|4765090980246328549|26621000,00|1624975976164|State Farm Bank
2199023271051|4856288872700581094|5539866,00|1653029805767|SunTrust
2199023271051|4711329259694593255|29196267,00|1608483365729|American Express
26388279102123|4898791594183890152|88102028,00|1666107444104|Wells Fargo
26388279122123|4884999320325068009|12947109,00|1661810830039|Avant
19791209335468|4901043393997575402|81956585,00|1666812086564|RealtyMogul
21990232601020|4914835667856397547|39944713,00|1671011642139|Funding Circle
21990232601020|4895413894463362284|54844730,00|1665033248994|OnDeck
21990232601020|4899636019114022125|94917039,00|1666351906548|Roofstock
21990232601020|4905265518648235246|22215470,00|1668103139558|TD Bank
30786325633228|4918776317530346735|11680379,00|1672221257267|Discover
15393162864364|4825326625262408944|51323816,00|1643532600118|Funding Circle
15393162864364|4850377898189657329|53158314,00|1651208898984|Fundbox
15393162864364|4773816704524358898|45097448,00|1627717216785|Navy Federal Credit Union
10995116283261|4836585624330835187|76339473,00|1646950722601|LendingClub
21990232581021|4854600022840317172|30703345,00|1652549359062|Best Egg
21990232581021|4852066748049921269|75983349,00|1651716400206|Upgrade
15393162834365|4773816704524358902|43618422,00|1627681948499|Discover
15393162834365|4893162094649677047|3475844,00|1664364622372|State Farm Bank
15393162834365|4866984921815586040|37112631,00|1656311890788|Rocket Loans
2199023311053|4908361743392052473|70169550,00|1669015458562|Fundbox
17592186109917|4814630576147404026|16750289,00|1640239752071|OnDeck
17592186109917|4802245677172135163|87495844,00|1636414710549|Kabbage
17592186109917|4859666572421108988|62282193,00|1654041301356|Roofstock
17592186109917|4919620742460478717|58058974,00|1672495712969|Fundrise
10995116353261|4878806870837433598|30871478,00|1659981152424|Discover
10995116353261|4904984043671524607|69751565,00|1667981581799|Upstart
10995116353261|4792394052987262208|37546367,00|1633434369306|Kabbage
15393162794366|4846155773538997505|55966192,00|1649892936491|SunTrust
13194139568814|4866421971862164738|67002590,00|1656104529808|US Bank
13194139568814|4814630576147404035|88722791,00|1640236680895|Discover
15393162794367|4893443569626387716|60035372,00|1664439746600|Bank of America
15503|4913709767949554949|99133888,00|1670655113068|Roofstock
15503|4682900287046817030|54686268,00|1599754962558|Capital One
10995116303263|4759180005735404807|51944748,00|1623220301194|American Express
10995116303263|4737506432528684296|79538575,00|1616565117337|LightStream
10995116303263|4892599144696255753|31351214,00|1664174612236|Chase Bank
35503|4852911172980053258|47480131,00|1652033766186|OneMain Financial
35503|4790142253173576971|36997925,00|1632700133479|LendingClub
35503|4816037951030957324|15641102,00|1640636181354|Kabbage
21990232611023|4906672893531788557|96000065,00|1668481654257|SunTrust
21990232611023|4859385097444398350|25148306,00|1654001037596|Chase Bank
21990232611023|4841089223958205711|58970462,00|1648388806721|LendingPoint
21990232611023|4918494842553636112|86428687,00|1672143092453|Marcus by Goldman Sachs
26388279082128|4916243042739950865|88872264,00|1671413907542|Rocket Loans
26388279082128|4910332068229027090|12896845,00|1669639928279|Upgrade
26388279082128|4918776317530346771|27099112,00|1672194249553|Upstart
24189255836576|4908080268415341844|87603532,00|1668958306468|LendingClub
4398046546608|4895695369440072981|35992716,00|1665171710081|SoFi
4398046546608|4892599144696255766|14793608,00|1664178966715|Upgrade
4398046546608|4763965080339485975|35410205,00|1624707536311|Fundbox
24189255866576|4907798793438631192|79449091,00|1668819732137|BlueVine
15393162864368|4837148574284256537|79319505,00|1647139385311|RealtyMogul
15393162864368|4844748398655444250|83677874,00|1649442911188|Prosper
21990232561025|4883873420418225435|70429198,00|1661546156536|Wells Fargo
21990232561025|4888095545068885276|78960423,00|1662770450291|Citibank
19791209315473|4852911172980053277|5559163,00|1651954464736|Upgrade
6597069792161|4809845501543322910|2433724,00|1638739407858|Citibank
21990232591025|4851785273073210655|87126760,00|1651683981604|Upstart
21990232591025|4850096423212946720|3059238,00|1651164542064|Bank of America
21990232591025|4899636019114022177|10121294,00|1666384778387|Prosper
21990232591025|4912583868042712354|50383941,00|1670359863304|Roofstock
17592186089921|4835178249447281955|60413605,00|1646572707346|Kabbage
17592186089921|4821667450565170468|71322408,00|1642397563645|Navy Federal Credit Union
17592186089921|4842778073818469669|5197101,00|1648901268192|American Express
6597069792162|4782542428802389286|80219955,00|1630389053864|State Farm Bank
6597069792162|4858822147490977063|83913982,00|1653798577704|LightStream
10995116323266|4837430049260967208|86432097,00|1647200927677|BlueVine
19791209375474|4845029873632154921|17341604,00|1649546289222|Roofstock
28587302327683|4901606343950996778|48854688,00|1666980334831|SunTrust
28587302327683|4904984043671524651|43113726,00|1667964979907|Upgrade
28587302327683|4913146817996133676|8633587,00|1670460420389|SoFi
28587302377683|4905546993624945965|39535697,00|1668178574374|LendingClub
28587302377683|4904702568694813998|75853023,00|1667936966377|TD Bank
10995116343267|4772127854664095023|13622194,00|1627207003301|Upgrade
2199023331059|4828422850006226224|73207939,00|1644453709407|Wells Fargo
2199023261060|4691063061371426097|82786893,00|1602231686761|Discover
2199023261060|4704855335230248242|93340345,00|1606512031383|Capital One
2199023261060|4915680092786529587|64328189,00|1671264087159|Wells Fargo
21990232571028|4881903095581250868|27848549,00|1660880337227|LightStream
21990232571028|4900198969067443509|63862521,00|1666514525203|US Bank
2199023281060|4776068504338044214|77367320,00|1628400836430|Fundrise
13194139568820|4832082024703464759|87825336,00|1645584769472|PNC Bank
17592186089924|4849251998282814776|3309143,00|1650884231382|Citibank
17592186089924|4839400374097941817|1552531,00|1647824973676|Fundbox
21990232611028|4905828468601656634|90780880,00|1668277711259|Upstart
4398046576612|4883591945441514811|82325494,00|1661428249313|OnDeck
10995116353268|4826171050192540988|81468696,00|1643794941498|Upstart
10995116353268|4812941726287140157|46717432,00|1639673903028|BlueVine
10995116353268|4730751033087628606|70037333,00|1614422166059|Wells Fargo
10995116353268|4875992121070327103|57456310,00|1659094275124|US Bank
26388279072133|4916524517716661568|35467571,00|1671559847929|SunTrust
15509|4652782464538776897|86133523,00|1590463138840|Fundbox
19791209355477|4897947169253758274|42705085,00|1665845181346|BlueVine
4398046576613|4823074825448723779|14629634,00|1642820108691|OnDeck
4398046576613|4790986678103708996|62967868,00|1632977762969|LendingClub
4398046576613|4886969645162042693|13258900,00|1662431906761|Avant
10995116283270|4753831981177902406|30858162,00|1621546320993|Upgrade
10995116283270|4799149452428318023|96315028,00|1635507172127|Rocket Loans
21990232571030|4877962445907301704|82097093,00|1659659022186|Peerform
17592186069926|4894569469533230409|80223772,00|1664834066067|RealtyMogul
24189255846582|4909487643298895178|5569572,00|1669344229886|State Farm Bank
24189255846582|4885280795301778763|76321063,00|1661947083391|Bank of America
24189255846582|4907798793438631244|55469741,00|1668860599172|American Express
15393162844374|4821104500611749197|86670404,00|1642226419104|Navy Federal Credit Union
15393162844374|4861918372234794318|19179177,00|1654726653786|Rocket Loans
28587302327687|4900761919020864847|37437211,00|1666734599555|American Express
4398046546615|4885843745255200080|94623542,00|1662121348444|Earnest
4398046546615|4713299584531567953|77457821,00|1609120405660|Wells Fargo
19791209355479|4903858143764682066|89802002,00|1667639078757|Earnest
19791209355479|4896821269346915667|87200563,00|1665442168894|SoFi
19791209355479|4865859021908743508|83120689,00|1656001573888|OneMain Financial
75511|4877118020977169749|48843042,00|1659455196598|Navy Federal Credit Union
75511|4635612490959426902|50847147,00|1585208027580|Citibank
6597069782168|4902732243857839447|49728361,00|1667266197309|US Bank
6597069782168|4711047784717882712|80953433,00|1608443635676|Roofstock
10995116313272|4771846379687384409|61797721,00|1627108708553|LightStream
26388279112136|4889502919952438618|53533902,00|1663272723962|Earnest
26388279112136|4916524517716661595|46415394,00|1671577738625|Discover
13194139588824|4910332068229027164|15796056,00|1669606428516|Marcus by Goldman Sachs
13194139588824|4849533473259525469|78998681,00|1650947446808|Navy Federal Credit Union
13194139588824|4850940848143078750|10604150,00|1651367720675|SunTrust
13194139588824|4814630576147404127|672475,00|1640272877417|Discover
17592186109928|4874021796233352544|54412266,00|1658502483721|Wells Fargo
17592186109928|4915398617809818977|38320918,00|1671191927791|Roofstock
17592186109928|4897947169253758306|32084123,00|1665830830182|LightStream
17592186109928|4874021796233352547|56822882,00|1658457192125|US Bank
10995116293273|4906109943578367332|15357916,00|1668377147021|TD Bank
15393162814377|4789579303220155749|44282119,00|1632520157083|Upgrade
15393162814377|4807312226752927078|44805470,00|1637977413102|Wells Fargo
15393162814377|4821948925541881191|92271906,00|1642439657225|Funding Circle
17592186079929|4906672893531788648|42047616,00|1668534221779|RealtyMogul
17592186079929|4801682727218713961|36768601,00|1636264473717|Chase Bank
17592186079929|4827296950099383658|46686082,00|1644109359133|Bank of America
26388279122137|4917650417623504235|84669830,00|1671904019526|Citibank
26388279122137|4908080268415341932|97634768,00|1668954411282|Peerform
15393162804378|4824200725355566445|67807788,00|1643179799300|Roofstock
8796093047722|4712736634578146670|16966901,00|1608926608134|Patch of Land
8796093047722|4803934527032399215|20674798,00|1636983901871|Chase Bank
8796093047722|4847563148422550896|24174205,00|1650360707863|Best Egg
4398046546618|4779727679035282801|40012187,00|1629482654057|Citibank
4398046546618|4858822147490977138|22925754,00|1653845414715|Upgrade
4398046546618|4838555949167809907|48444159,00|1647556563858|Rocket Loans
4398046546618|4767905730013435252|66584227,00|1625918891614|Funding Circle
26388279112138|4901043393997575541|23170217,00|1666767807034|Rocket Loans
21990232631034|4915961567763240310|6964261,00|1671326768878|LightStream
5515|4614783342682838391|37747445,00|1578788229542|LendingPoint
5515|4704573860253537656|35485402,00|1606458040729|SoFi
21990232581035|4868110821722428793|58692327,00|1656658527477|Capital One
21990232581035|4911457968135869818|21091458,00|1670019893227|Bank of America
26388279102139|4908924693345473915|53121508,00|1669213940673|LendingClub
26388279102139|4892317669719545212|30996108,00|1664074679771|LightStream
26388279102139|4902169293904418173|37707362,00|1667163570195|Citibank
26388279102139|4906672893531788670|9282018,00|1668511803232|Capital One
17592186099931|4864451647025190271|83027868,00|1655566364339|Navy Federal Credit Union
24189255886587|4880777195674408320|11525934,00|1660595840029|Best Egg
24189255886587|4860510997351241089|94383561,00|1654313912288|Peerform
24189255886587|4885562270278489474|25400850,00|1662028752252|Bank of America
24189255886587|4889502919952438659|82558171,00|1663214098411|Citibank
8796093037724|4873740321256641924|55632509,00|1658372763464|Marcus by Goldman Sachs
21990232581036|4850940848143078789|86159418,00|1651421651906|Marcus by Goldman Sachs
8796093057724|4747076581736846726|26930460,00|1619493265399|Earnest
13194139578828|4829548749913068935|44684742,00|1644849642896|Chase Bank
13194139578828|4882184570557961608|44689567,00|1660962646728|Best Egg
13194139578828|4877962445907301769|24714223,00|1659706927497|Funding Circle
4398046566620|4892036194742834570|12886509,00|1664003716860|Citibank
4398046566620|4781698003872257419|88032881,00|1630124400149|Funding Circle
4398046576620|4758054105828562316|88315054,00|1622885770210|Peerform
4398046576620|4867266396792296845|63237094,00|1656445278875|BlueVine
2199023331068|4693877811138532750|75080622,00|1603131762485|State Farm Bank
19791209325485|4853755597910185359|60141403,00|1652231459984|Discover
10995116323277|4842215123865048464|31095611,00|1648686943060|Upgrade
10995116323277|4843622498748601745|47144278,00|1649112435360|OneMain Financial
24189255866589|4865014596978611602|56030085,00|1655668995974|SunTrust
24189255866589|4898510119207179667|5976148,00|1665975430728|BlueVine
21990232631037|4843622498748601748|5263256,00|1649128305677|Fundrise
17592186049934|4855725922747159957|37076623,00|1652866000416|Citibank
17592186049934|4879651295767565718|50400241,00|1660196044721|Marcus by Goldman Sachs
17592186049934|4856851822654002583|69803599,00|1653202790424|SoFi
24189255876590|4910895018182448536|97167742,00|1669765378529|OnDeck
4398046586622|4740602657272501657|97825393,00|1617530310992|Fundrise
4398046586622|4808719601636480410|45210151,00|1638401229493|LightStream
10995116293279|4747639531690268059|68011357,00|1619658634175|Capital One
10995116293279|4802245677172135324|60665180,00|1636407952050|Patch of Land
10995116293279|4740602657272501661|67798851,00|1617454756139|Patch of Land
10995116293279|4866421971862164894|84207312,00|1656171021141|Kabbage
4398046536623|4828985799959647647|95313640,00|1644659536249|State Farm Bank
4398046536623|4722869733739730336|89094031,00|1612022224676|Avant
4398046536623|4863325747118347681|67760673,00|1655230560770|Navy Federal Credit Union
4398046536623|4762276230479222178|36398981,00|1624173074704|OnDeck
10995116333279|4847000198469129635|60460090,00|1650146161570|OneMain Financial
15393162854383|4780009154011993508|71500151,00|1629636619940|Citibank
19791209375487|4854881497817028005|21362250,00|1652568840348|Discover
10995116293280|4917368942646793638|28127252,00|1671822332374|Kabbage
17592186069936|4877680970930591143|51917248,00|1659627965089|Avant
19791209335488|4850940848143078824|7254193,00|1651423133100|TD Bank
19791209355488|4813504676240561577|58307955,00|1639927456676|BlueVine
8796093087728|4830393174843200938|49582495,00|1645086030821|Roofstock
2199023261073|4870644096512824747|80668017,00|1657401966920|TD Bank
2199023261073|4740602657272501676|2622223,00|1617477013818|Prosper
28587302337697|4918494842553636269|31533477,00|1672129182162|Upstart
28587302337697|4909206168322184622|71023555,00|1669331455182|Chase Bank
4398046546625|4793238477917394351|50483754,00|1633677230887|Bank of America
45521|4845874298562287024|86204281,00|1649867161067|Discover
45521|4685152086860502449|16364265,00|1600446505671|Earnest
45521|4629138566495081906|46362789,00|1583242873390|LendingPoint
45521|4692470436254979507|43120266,00|1602708488928|Capital One
2199023311073|4719773508995913140|4853659,00|1611100167287|SoFi
2199023311073|4779164729081861557|68509040,00|1629362046775|State Farm Bank
19791209315490|4872614421349799350|70294136,00|1658003275310|LightStream
30786325603250|4914272717902976439|86519591,00|1670819974881|Avant
30786325603250|4917087467670083000|35204157,00|1671726892091|LendingClub
30786325603250|4917087467670083001|48933084,00|1671742216650|Avant
30786325603250|4919339267483768250|39998779,00|1672413624548|OnDeck
2199023291074|4669670963141416379|70787292,00|1595713147627|Fundbox
19791209355490|4877399495953880508|83278224,00|1659552269442|American Express
19791209355490|4839963324051363261|18012127,00|1648031273435|Roofstock
19791209355490|4833207924610307518|88804736,00|1645906641623|US Bank
2199023271075|4868392296699139519|4402208,00|1656769061952|Bank of America
2199023271075|4727373333367100864|53647859,00|1613411581387|PNC Bank
2199023271075|4658411964072990145|96001518,00|1592218673885|OnDeck
2199023271075|4658130489096279490|37529384,00|1592178005139|LendingClub
26388279092147|4885562270278489539|32238627,00|1662011714863|SoFi
28587302367699|4917087467670083012|76779781,00|1671683456595|Bank of America
28587302367699|4906672893531788741|32528433,00|1668479447821|Roofstock
26388279132147|4910332068229027270|30284745,00|1669628158806|RealtyMogul
26388279132147|4895695369440073159|28493143,00|1665171574385|Patch of Land
26388279072148|4878243920884012488|7958662,00|1659753824336|Funding Circle
26388279072148|4914835667856397769|65048138,00|1671031965702|Fundbox
26388279072148|4909769118275605962|56151729,00|1669481342443|Best Egg
26388279072148|4914554192879687115|1552937,00|1670961308592|SunTrust
15524|4637582815796401612|30297286,00|1585846821765|Peerform
10995116303284|4759180005735405005|49319615,00|1623200188404|Fundrise
10995116303284|4794927327777658318|78615508,00|1634211336944|American Express
30786325613252|4919057792507057615|92975563,00|1672275263234|TD Bank
30786325613252|4918213367576925648|95441631,00|1672062587790|Chase Bank
24189255866596|4898510119207179729|82700726,00|1666022451429|Discover
24189255866596|4854881497817028050|71749602,00|1652572619100|Avant
21990232621044|4831800549726754259|89448463,00|1645491394610|American Express
21990232621044|4885562270278489556|42081678,00|1662053393338|LendingPoint
21990232621044|4887251120138753493|44614588,00|1662502414053|State Farm Bank
24189255886596|4866421971862164950|49594564,00|1656125447789|Fundbox
24189255886596|4863888697071769047|65434594,00|1655373482080|Wells Fargo
24189255886596|4872051471396378072|68716059,00|1657884742212|OnDeck
24189255886596|4919057792507057625|57235329,00|1672310444615|TD Bank
26388279082149|4917931892600215002|62658068,00|1671969586234|SoFi
35525|4716114334298674651|84111858,00|1609979932155|American Express
35525|4650812139701802460|57945723,00|1589938467434|Avant
4398046556629|4682618812070106589|20405188,00|1599688264268|American Express
4398046556629|4788171928336602590|66309981,00|1632084236688|LendingPoint
4398046556629|4729625133180786143|56729851,00|1614105557916|Marcus by Goldman Sachs
4398046556629|4738913807412237792|6547383,00|1616989921046|Funding Circle
28587302387701|4905828468601656801|26912903,00|1668246191118|American Express
28587302387701|4907517318461920738|87904168,00|1668750881398|OnDeck
2199023261078|4713862534484989411|65071437,00|1609294834048|Navy Federal Credit Union
13194139558838|4861636897258083812|16279630,00|1654635829481|Rocket Loans
13194139558838|4883310470464804325|42525652,00|1661331114355|Marcus by Goldman Sachs
13194139558838|4910613543205737958|68513817,00|1669732748943|Fundbox
13194139558838|4888095545068885479|84201535,00|1662768889181|Fundbox
24189255846598|4874021796233352680|84113530,00|1658464536818|Upstart
45526|4779446204058572265|76655210,00|1629384594777|OnDeck
17592186049943|4866140496885454314|73175122,00|1656044638620|LendingClub
17592186049943|4828704324982937067|57520294,00|1644579341484|American Express
17592186049943|4875147696140195308|95456364,00|1658803498999|Discover
17592186049943|4899073069160601069|16388997,00|1666203582287|LendingPoint
24189255826599|4906391418555078126|62289435,00|1668411940603|RealtyMogul
17592186069943|4853474122933474799|14429770,00|1652200225130|Prosper
17592186069943|4865014596978611696|33616680,00|1655708257475|Capital One
17592186069943|4850940848143078897|69259933,00|1651397670915|Prosper
2199023311079|4721743833832887794|37464538,00|1611695300568|Best Egg
4398046576631|4771283429733963251|37289227,00|1626933205327|Rocket Loans
21990232571048|4899636019114022388|89068984,00|1666312054865|American Express
21990232571048|4825889575215830517|50625143,00|1643650300614|Citibank
21990232571048|4857133297630713334|68666993,00|1653276169724|Funding Circle
17592186079944|4829548749913069047|9102081,00|1644779662582|Rocket Loans
6597069822184|4696692560905639416|45402601,00|1603974592006|RealtyMogul
24189255886600|4875710646093616633|37148837,00|1659032955127|Discover
4398046516633|4825608100239119866|61965412,00|1643633343771|Citibank
24189255836601|4916524517716661755|39200881,00|1671545127828|Best Egg
24189255836601|4908643218368763388|39574951,00|1669079707142|Best Egg
2199023291081|4700070260626167293|27678025,00|1605044119620|Bank of America
24189255876601|4863044272141637118|33532613,00|1655107831296|Earnest
24189255876601|4916243042739951103|6046731,00|1671448063801|LendingClub
24189255876601|4860792472327951872|76428256,00|1654385830593|Roofstock
24189255876601|4895413894463362561|83850696,00|1665010779551|BlueVine
21990232561050|4882184570557961730|59225390,00|1661017931538|Peerform
21990232561050|4881621620604540419|7760240,00|1660808467221|SunTrust
15393162804394|4774379654477780484|62989895,00|1627900484043|Rocket Loans
15393162804394|4918776317530347013|42282169,00|1672221128187|Funding Circle
15393162804394|4917368942646793734|99310410,00|1671819252629|Fundrise
2199023291082|4791268153080419847|9095841,00|1633083364463|American Express
2199023321082|4821667450565170696|36124167,00|1642373205611|SoFi
13194139608842|4842215123865048585|70787052,00|1648687123338|OneMain Financial
13194139608842|4897665694277047818|70787409,00|1665758900537|SoFi
13194139608842|4842778073818469899|18962227,00|1648868183735|Capital One
26388279072155|4916805992693372428|48088625,00|1671663824423|Roofstock
26388279072155|4889221444975728141|3843703,00|1663170547193|Bank of America
2199023271083|4841370698934916622|20289887,00|1648454127279|Citibank
2199023271083|4915680092786529807|70268191,00|1671290964660|Kabbage
2199023271083|4822793350472013328|4874917,00|1642742753880|OneMain Financial
25531|4699225835696035345|15482300,00|1604782612569|State Farm Bank
25531|4616753667519813138|98011631,00|1579433606057|PNC Bank
17592186079947|4881058670651119123|21765062,00|1660662297670|Avant
17592186079947|4907798793438631444|83643705,00|1668824827357|Upgrade
28587302367707|4911457968135869973|40980246,00|1670010053293|Fundbox
28587302367707|4916805992693372438|28064969,00|1671627925971|LendingPoint
10995116333291|4828704324982937111|81175353,00|1644569167137|LendingClub
4398046576635|4835178249447282200|21157522,00|1646568352101|LightStream
6597069772188|4748202481643689497|52052581,00|1619840821487|Citibank
15393162804396|4833770874563728922|13079238,00|1646095788997|Fundbox
15393162804396|4870362621536114203|53234971,00|1657342833784|Best Egg
15393162804396|4785638653546206748|52942459,00|1631329954369|BlueVine
15393162804396|4844185448702023197|2048666,00|1649293074497|LendingPoint
10995116303292|4752424606294349342|34717094,00|1621157418722|Prosper
17592186079948|4826171050192541215|59089149,00|1643819638949|LightStream
17592186079948|4903858143764682272|9581134,00|1667624634767|LendingClub
17592186079948|4885280795301778977|38067512,00|1661922178210|LendingPoint
65532|4883591945441515042|22136916,00|1661393865706|Avant
65532|4774098179501069859|43951566,00|1627802172759|Prosper
24189255816605|4900198969067443748|41261292,00|1666500946718|Citibank
24189255816605|4917087467670083109|44838190,00|1671682174217|US Bank
24189255816605|4864170172048479782|86484064,00|1655430950815|LendingPoint
24189255816605|4894850944509941287|69246485,00|1664844029008|SunTrust
26388279082157|4906672893531788840|51604317,00|1668504401662|RealtyMogul
25533|4899636019114022441|64161945,00|1666314860687|Chase Bank
25533|4756083780991587882|39761217,00|1622220463282|Navy Federal Credit Union
25533|4858259197537556011|5914930,00|1653604662892|Navy Federal Credit Union
4398046546637|4667700638304441900|80256353,00|1595112724467|Best Egg
30786325623261|4913991242926265901|85194922,00|1670764394843|LendingClub
30786325623261|4912020918089291310|52298802,00|1670157493849|Best Egg
30786325623261|4918494842553636399|62293921,00|1672139287014|Fundbox
30786325623261|4918494842553636400|12053235,00|1672147916555|Wells Fargo
13194139598845|4812941726287140401|10339475,00|1639703047896|Citibank
13194139598845|4786201603499628082|58908659,00|1631523577057|Fundrise
13194139598845|4915680092786529843|2029045,00|1671286673160|US Bank
13194139598845|4880495720697697844|95296782,00|1660472684136|Wells Fargo
8796093097741|4816037951030957621|93876592,00|1640643754673|Citibank
4398046516638|4898791594183890486|51250035,00|1666104877421|Patch of Land
4398046516638|4909769118275606071|1120927,00|1669472772005|SunTrust
4398046516638|4879651295767565880|26624841,00|1660191250061|BlueVine
10995116293294|4794082902847526457|59768654,00|1633875301769|BlueVine
2199023281086|4789016353266734650|13530613,00|1632354213027|Roofstock
26388279112158|4915961567763240507|89060341,00|1671394120110|Marcus by Goldman Sachs
26388279112158|4908924693345474108|47129153,00|1669242364835|American Express
26388279112158|4916243042739951165|89224530,00|1671483557862|Best Egg
26388279112158|4911739443112580670|20239682,00|1670100870375|Roofstock
21990232611054|4843903973725312575|58429068,00|1649188891986|American Express
21990232611054|4896258319393494592|24177674,00|1665269987149|Roofstock
17592186109950|4816319426007668289|72276988,00|1640742486754|PNC Bank
17592186109950|4872332946373088834|70664679,00|1657945788610|Patch of Land
6597069772191|4760024430665537091|22413679,00|1623435222744|Earnest
6597069772191|4825608100239119940|76128265,00|1643594540155|Prosper
6597069772191|4781979478848968261|99237792,00|1630222266472|State Farm Bank
6597069782191|4700070260626167366|68627385,00|1604995829462|Upstart
6597069782191|4700351735602878023|4714207,00|1605092521943|SunTrust
6597069792191|4806749276799505992|44050863,00|1637778305824|Kabbage
65535|4776912929268176457|6356245,00|1628647947181|LendingPoint
15393162864399|4908924693345474122|91918146,00|1669166368397|US Bank
15393162864399|4867829346745718347|97057477,00|1656591462893|Rocket Loans
15393162864399|4907235843485210188|77131794,00|1668662646265|Capital One
13194139548848|4807593701729637965|1439078,00|1638050585819|Roofstock
13194139548848|4846718723492419150|46377100,00|1650115865199|Fundbox
13194139548848|4798586502474896975|57291042,00|1635325165072|LendingPoint
15393162814400|4781135053918836304|46684489,00|1629904401837|Chase Bank
15393162814400|4910050593252316753|44584935,00|1669521899102|LendingClub
15393162814400|4808719601636480594|54795705,00|1638386307451|American Express
24189255846608|4864733122001901139|82178007,00|1655594850666|LendingPoint
24189255846608|4868110821722429012|30196403,00|1656638265459|Upgrade
24189255846608|4911739443112580693|75338162,00|1670061840584|Upgrade
8796093077744|4728217758297232982|21229709,00|1613680681067|OnDeck
19791209305505|4809564026566612567|56327681,00|1638645919448|OnDeck
17592186069953|4869799671582692952|42213861,00|1657214069731|Bank of America
24189255886609|4882747520511383129|71729342,00|1661127249687|OnDeck
24189255826610|4910050593252316762|63058793,00|1669542138169|Upstart
24189255826610|4890628819859281499|11289116,00|1663603738037|Discover
2199023281090|4815475001077536348|5462079,00|1640503530654|Fundrise
2199023281090|4743698882016319069|20985185,00|1618458664021|PNC Bank
2199023281090|4765090980246328926|98030276,00|1625025536393|Navy Federal Credit Union
4398046546642|4707670084997355103|72801720,00|1607400723495|Upstart
4398046546642|4828422850006226528|59653081,00|1644435594067|Kabbage
4398046546642|4917087467670083169|70751964,00|1671721896923|Upstart
4398046546642|4752987556247770722|31180807,00|1621257644284|PNC Bank
26388279132162|4882747520511383139|73372537,00|1661149680719|US Bank
26388279132162|4898510119207179876|52128191,00|1666011070206|Best Egg
28587302327715|4908643218368763493|66328901,00|1669096582421|Rocket Loans
2199023271091|4720617933926045286|66157718,00|1611375018146|Best Egg
2199023271091|4711610734671304295|18081592,00|1608590691886|Avant
10995116303299|4777194404244887144|20737942,00|1628724907050|PNC Bank
10995116303299|4846718723492419177|58864626,00|1650109687102|American Express
10995116303299|4806467801822795370|85593302,00|1637756982124|Prosper
10995116303299|4825889575215830635|98127175,00|1643727731813|Earnest
19791209335507|4891754719766124140|60666794,00|1663962211565|Marcus by Goldman Sachs
28587302367715|4895132419486652013|4638433,00|1664946317659|Wells Fargo
28587302367715|4903295193811261038|19408592,00|1667436894712|Navy Federal Credit Union
28587302367715|4898510119207179887|63302450,00|1666002584288|Funding Circle
28587302367715|4899636019114022512|5791750,00|1666348854836|Upstart
10995116343299|4825608100239119985|69226916,00|1643617351095|Fundbox
10995116343299|4904139618741393010|74960096,00|1667766783894|Roofstock
10995116343299|4917087467670083187|79011617,00|1671674348204|Peerform
2199023331091|4784231278662653556|77700718,00|1630919582966|Avant
2199023331091|4843059548795180661|72834186,00|1648990246481|Capital One
2199023331091|4752987556247770742|51385802,00|1621252668618|BlueVine
21990232561060|4884999320325068407|13731866,00|1661865261713|Capital One
10995116293300|4757772630851851896|14736060,00|1622730859415|US Bank
10995116293300|4772690804617516665|41190617,00|1627357655985|Fundrise
10995116293300|4874866221163484794|25571162,00|1658713197528|Chase Bank
10995116293300|4772690804617516667|2068963,00|1627365778741|Avant
13194139558852|4792112578010551932|40552182,00|1633299181739|SoFi
13194139558852|4857696247584134781|58327703,00|1653491140587|Upstart
13194139558852|4878525395860723326|85996902,00|1659829948408|Fundrise
13194139558852|4888095545068885631|65020693,00|1662836970155|Upstart
17592186079956|4800838302288582272|28626440,00|1636028168327|Rocket Loans
13194139578852|4915117142833108609|50451625,00|1671135506005|LendingPoint
21990232621060|4910613543205738114|77163154,00|1669704964778|SunTrust
21990232621060|4904421093718103683|51786092,00|1667790696599|State Farm Bank
24189255886612|4893443569626388100|93633860,00|1664485125918|SunTrust
13194139548853|4851785273073211013|82794098,00|1651624100687|LendingClub
13194139548853|4877399495953880710|95274191,00|1659533064474|Capital One
13194139548853|4855162972793738887|7240682,00|1652714106343|TD Bank
13194139548853|4788734878290024072|54774978,00|1632280513984|Funding Circle
13194139558853|4891473244789413513|26748764,00|1663822384717|Patch of Land
26388279102165|4911457968135870090|80417874,00|1670021045921|State Farm Bank
17592186089957|4889221444975728267|69202917,00|1663174782180|LendingPoint
17592186089957|4889502919952438924|56068117,00|1663232110830|LendingClub
21990232621061|4866703446838875789|35659645,00|1656220837037|Upgrade
8796093027750|4890910294835992206|74031541,00|1663661906869|LightStream
13194139548854|4827296950099383951|42640364,00|1644101483677|LendingPoint
13194139548854|4781979478848968336|58667697,00|1630175735668|Marcus by Goldman Sachs
28587302347718|4914554192879687313|67367324,00|1670924370121|TD Bank
28587302347718|4912020918089291410|60804774,00|1670181858421|Citibank
28587302347718|4916524517716661907|58189858,00|1671542092903|OnDeck
2199023291094|4766779830106592916|60970237,00|1625554469608|LightStream
2199023291094|4771846379687384725|14406622,00|1627067232567|Fundbox
2199023291094|4817726800891221654|68847263,00|1641203302118|American Express
4398046556646|4875147696140195479|41595940,00|1658865181554|LightStream
4398046556646|4790142253173577368|45022557,00|1632739897757|Fundrise
4398046556646|4700633210579588761|91464382,00|1605244006864|Peerform
4398046556646|4827296950099383962|25282859,00|1644125876060|Best Egg
26388279122166|4884999320325068443|678426,00|1661883701707|Patch of Land
26388279122166|4901324868974286492|87816092,00|1666892769222|Discover
26388279122166|4906391418555078301|73627782,00|1668455025717|RealtyMogul
2199023321094|4789860778196866718|54496188,00|1632644173610|Patch of Land
24189255886614|4887251120138753695|80399237,00|1662576107340|SoFi
24189255886614|4882747520511383200|49522844,00|1661126237129|RealtyMogul
24189255886614|4869236721629271713|13174556,00|1657007424367|Fundbox
2199023261095|4900480444044154530|13754747,00|1666582303491|Patch of Land
2199023261095|4906954368508499619|54852892,00|1668554072473|RealtyMogul
21990232571063|4872051471396378276|80066234,00|1657837515530|Capital One
21990232571063|4912865343019423397|37278923,00|1670374531698|Capital One
21990232571063|4916805992693372582|30596312,00|1671626414154|Roofstock
28587302347719|4898510119207179943|67585880,00|1666040206511|Prosper
28587302347719|4908361743392052904|85383913,00|1669027640706|Upgrade
15393162824407|4812660251310429865|75317047,00|1639642969280|Best Egg
15393162824407|4888377020045596330|89589929,00|1662928409305|BlueVine
15393162824407|4876555071023748779|48014471,00|1659296823094|Earnest
28587302367719|4900480444044154540|84818760,00|1666618865973|State Farm Bank
28587302367719|4899636019114022573|81147934,00|1666379139595|OnDeck
28587302367719|4917931892600215214|77845314,00|1671931682290|Peerform
28587302367719|4918213367576925871|42824799,00|1672098429253|OnDeck
21990232621063|4865577546932033200|75654368,00|1655911297711|Avant
8796093097751|4869799671582693041|60034363,00|1657220873773|Fundbox
8796093097751|4809845501543323314|89500050,00|1638762601283|Prosper
21990232561064|4886969645162043059|12959023,00|1662478093097|Citibank
21990232561064|4841370698934916788|11937965,00|1648442323703|RealtyMogul
21990232561064|4877118020977170101|77356340,00|1659398889397|Upgrade
21990232561064|4846155773538997942|2916397,00|1649914671426|Fundbox
30786325593272|4913428292972844727|58417249,00|1670592970053|Peerform
30786325593272|4916243042739951288|28635718,00|1671475002975|PNC Bank
30786325593272|4915117142833108665|33337699,00|1671127327742|LightStream
30786325593272|4910613543205738170|41608818,00|1669682151949|LendingClub
2199023281096|4907517318461920955|36129900,00|1668744041635|Kabbage
2199023281096|4699507310672746172|47224858,00|1604829690467|Peerform
6597069802200|4756646730945009341|66666913,00|1622385303374|OnDeck
6597069802200|4839400374097942206|85437528,00|1647870124175|RealtyMogul
6597069802200|4683181762023528127|42492471,00|1599824747274|TD Bank
10995116333304|4720054983972624064|63956872,00|1611214644087|TD Bank
10995116333304|4756928205921720001|52279870,00|1622462140114|SoFi
10995116333304|4768187204990146242|49231514,00|1625973135977|OneMain Financial
10995116333304|4731032508064339651|65462567,00|1614533788071|Best Egg
4398046576648|4688529786581030596|69331275,00|1601526644202|Upgrade
24189255886616|4908643218368763589|63258558,00|1669156125209|SoFi
24189255886616|4874303271210063558|5349004,00|1658606004718|Citibank
17592186049961|4864170172048479943|49147001,00|1655475479187|TD Bank
17592186049961|4828704324982937288|47229936,00|1644542637219|Chase Bank
17592186049961|4916805992693372617|41422509,00|1671632259150|Upgrade
17592186049961|4792675527963973322|60741224,00|1633455596397|LendingPoint
6597069782201|4698099935789192907|79115451,00|1604463021770|Patch of Land
2199023281097|4805341901915952844|23148374,00|1637389694590|Capital One
2199023281097|4641523465470351053|71323171,00|1587010818312|SunTrust
2199023281097|4908361743392052942|53255594,00|1669061851166|Earnest
13194139568857|4827015475122673359|21610644,00|1644069819861|Wells Fargo
13194139568857|4815475001077536464|96668929,00|1640472429927|PNC Bank
13194139568857|4862199847211505361|97137091,00|1654805632194|PNC Bank
13194139568857|4803934527032399570|69983252,00|1636911674165|PNC Bank
21990232611065|4851503798096500435|43347460,00|1651542728161|OneMain Financial
21990232611065|4870644096512825044|63897643,00|1657397866442|Marcus by Goldman Sachs
6597069842201|4828422850006226645|8177149,00|1644446225573|Capital One
17592186059962|4834615299493861078|93822142,00|1646393408531|US Bank
17592186059962|4838274474191099607|95446774,00|1647508794746|US Bank
13194139558858|4745387731876583128|24523160,00|1618941825648|Peerform
6597069802202|4878806870837434073|41686051,00|1659956567021|OnDeck
6597069802202|4828985799959647962|97370910,00|1644682818566|Chase Bank
19791209355514|4894569469533230811|33541011,00|1664825621943|RealtyMogul
19791209355514|4888377020045596380|2087220,00|1662930222641|Fundbox
19791209355514|4895413894463362781|5541753,00|1665068016837|Peerform
19791209355514|4875992121070327518|34367313,00|1659072239231|Citibank
30786325653274|4919620742460479199|13658992,00|1672495132755|Prosper
30786325653274|4919620742460479200|68947787,00|1672485395915|Fundbox
30786325653274|4919620742460479201|25440741,00|1672465657183|Capital One
2199023261099|4840807748981495522|23646835,00|1648293478942|PNC Bank
4398046536651|4818289750844643043|58100103,00|1641312575193|LendingPoint
6597069812203|4830674649819911908|14190388,00|1645164303780|Fundbox
17592186119963|4808156651683059429|44416886,00|1638273330816|LendingPoint
17592186119963|4917087467670083302|52927520,00|1671668182763|Peerform
17592186119963|4862199847211505383|43794339,00|1654804825285|RealtyMogul
17592186119963|4883591945441515240|44230875,00|1661381748347|LendingClub
26388279072172|4891754719766124265|28521282,00|1663884873482|Funding Circle
26388279072172|4900480444044154602|18664983,00|1666617823148|Earnest
26388279072172|4896821269346916075|7865220,00|1665503008464|LendingPoint
26388279072172|4879651295767566060|70048378,00|1660189419700|TD Bank
24189255866620|4905546993624946413|93156775,00|1668125616639|PNC Bank
10995116283309|4727373333367101166|71014040,00|1613452111720|RealtyMogul
10995116283309|4894006519579809519|12592387,00|1664656046289|Roofstock
10995116283309|4840807748981495536|56486707,00|1648288540568|Marcus by Goldman Sachs
10995116283309|4755239356061456113|46903667,00|1621961943956|Avant
2199023281101|4910332068229027570|16332810,00|1669636510932|SunTrust
2199023281101|4749328381550532339|73652672,00|1620206605258|Kabbage
8796093057757|4861355422281373428|30507644,00|1654619737059|American Express
8796093057757|4751298706387506933|1040510,00|1620760982782|TD Bank
8796093057757|4831237599773333238|99509419,00|1645365509893|US Bank
8796093057757|4901324868974286583|21262727,00|1666865592856|Upgrade
2199023321101|4900480444044154616|78575192,00|1666627187630|Chase Bank
26388279072174|4886969645162043129|62890309,00|1662430931456|SoFi
8796093037758|4746795106760136442|64934405,00|1619386821246|Discover
2199023311102|4859948047397820155|39649600,00|1654170931274|Roofstock
19791209365518|4839963324051363580|13545646,00|1648014150650|BlueVine
19791209365518|4911739443112580861|74250274,00|1670057343614|LendingClub
19791209365518|4870644096512825086|74870809,00|1657466607876|Kabbage
6597069842206|4692188961278269183|65886822,00|1602581285810|TD Bank
13194139548863|4853755597910185728|25226792,00|1652278585229|OneMain Financial
13194139548863|4777757354198308609|24818710,00|1628916138042|State Farm Bank
13194139548863|4805904851869374210|6865883,00|1637549817558|SoFi
13194139548863|4812378776333719299|18772175,00|1639553384662|PNC Bank
2199023301103|4888658495022307076|86029658,00|1662936660184|OneMain Financial
15393162844415|4801119777265293061|52064073,00|1636041772772|PNC Bank
6597069842207|4691344536348137222|26385018,00|1602323873085|Discover
6597069842207|4703447960346695431|66137930,00|1606070039700|Rocket Loans
6597069842207|4873177371303221000|37516313,00|1658228345163|SunTrust
13194139538864|4869518196605982473|50919418,00|1657058839542|SoFi
13194139538864|4790142253173577482|66482968,00|1632743814078|Wells Fargo
13194139538864|4755802306014877451|64419111,00|1622134662105|Chase Bank
4398046526656|4666574738397599500|49463694,00|1594748026913|TD Bank
4398046526656|4841089223958206221|50250080,00|1648373504639|American Express
25552|4742291507132765966|28717296,00|1618033085895|Navy Federal Credit Union
25552|4892880619672966927|64930441,00|1664256065440|Patch of Land
25552|4856007397723870992|64382078,00|1652937275547|Upgrade
25552|4741165607225923345|39352393,00|1617628014090|Navy Federal Credit Union
2199023301104|4776631454291466002|83776726,00|1628535394578|Fundrise
2199023301104|4789860778196866835|50071157,00|1632648650651|Upstart
2199023301104|4723714158669862676|70200380,00|1612301350594|Kabbage
13194139588864|4776631454291466005|96716120,00|1628551469108|Patch of Land
28587302397728|4906954368508499734|52644230,00|1668558496840|Peerform
28587302397728|4897947169253758743|64493321,00|1665807186615|Peerform
28587302397728|4907235843485210392|8117466,00|1668716870418|OnDeck
28587302397728|4902169293904418585|79920378,00|1667161549508|Peerform
10995116283313|4855725922747160346|78252938,00|1652874098453|OnDeck
10995116283313|4908643218368763675|988284,00|1669088155661|Marcus by Goldman Sachs
2199023271105|4827578425076094748|50884176,00|1644177719526|Rocket Loans
8796093047761|4837430049260967709|23951239,00|1647225436553|American Express
8796093047761|4846718723492419358|57921260,00|1650105294613|Wells Fargo
8796093047761|4858540672514266911|9904932,00|1653749335568|BlueVine
17592186089969|4906672893531789088|76810453,00|1668495221242|SoFi
17592186089969|4890910294835992353|44798279,00|1663683442718|OneMain Financial
17592186089969|4834615299493861154|46909269,00|1646341697888|PNC Bank
28587302397729|4917931892600215331|38051906,00|1671986517232|Chase Bank
28587302397729|4912302393066002212|85215178,00|1670235650940|Upstart
13194139548866|4850659373166368549|20031838,00|1651300627969|OnDeck
8796093047762|4899354544137312038|56986195,00|1666300490715|Navy Federal Credit Union
8796093047762|4753831981177902887|24502507,00|1621592485573|Patch of Land
8796093047762|4755520831038166824|2779766,00|1622068043091|American Express
8796093047762|4742854457086187305|63626774,00|1618200026851|Navy Federal Credit Union
13194139568866|4845311348608866090|9247769,00|1649673918119|American Express
13194139568866|4794645852800948011|43543635,00|1634088980719|RealtyMogul
28587302387730|4911739443112580908|93287644,00|1670075674531|Earnest
28587302387730|4919620742460479277|11968871,00|1672488157395|PNC Bank
8796093097762|4843059548795180846|110336,00|1648972623000|SunTrust
8796093097762|4917931892600215343|63956872,00|1671938645253|Upgrade
24189255836627|4871207046466246448|5803561,00|1657632447276|SunTrust
24189255836627|4877680970930591537|22304598,00|1659604991614|Avant
6597069812211|4915961567763240754|90913003,00|1671399364477|LendingClub
13194139608867|4896539794370205491|37203449,00|1665366369676|LendingPoint
21990232561076|4901324868974286644|28069225,00|1666875101773|RealtyMogul
21990232561076|4839681849074652981|91257943,00|1647892395795|Citibank
21990232561076|4898228644230469430|35159193,00|1665932462163|Upgrade
21990232561076|4834052349540439863|40683457,00|1646225863156|RealtyMogul
30786325613284|4919620742460479288|78384025,00|1672517268783|SoFi
30786325613284|4919057792507057977|75678656,00|1672275509069|US Bank
13194139578868|4915680092786530106|54510676,00|1671263712630|LendingPoint
2199023271109|4694159286115243835|84240035,00|1603201332476|Patch of Land
2199023271109|4739758232342370108|10499719,00|1617262993765|SoFi
2199023271109|4659256389003122493|76018492,00|1592455927027|OneMain Financial
2199023271109|4839400374097942334|83204806,00|1647849126405|PNC Bank
6597069812213|4750172806480664383|71440531,00|1620445375257|Patch of Land
6597069812213|4912020918089291584|67680981,00|1670188255193|Bank of America
6597069812213|4881340145627830081|47031449,00|1660696937321|Citibank
4398046586661|4729343658204075842|24577867,00|1614012633835|RealtyMogul
4398046586661|4792112578010552131|7064127,00|1633340530656|Earnest
19791209305526|4865859021908744004|23000685,00|1655941474262|State Farm Bank
35558|4714425484438411077|6889647,00|1609404423437|OneMain Financial
6597069812214|4809564026566612806|33479281,00|1638651679559|Navy Federal Credit Union
6597069812214|4914554192879687495|89764521,00|1670921918469|Capital One
6597069812214|4726247433460258632|43871294,00|1613085620673|Bank of America
2199023311110|4747921006666979145|91726957,00|1619728648413|Peerform
24189255886630|4867829346745718602|70487932,00|1656577702625|Avant
24189255886630|4908361743392053067|58705954,00|1669016577309|LendingPoint
24189255886630|4887251120138753868|20062997,00|1662581385411|LightStream
2199023281111|4755520831038166861|99964177,00|1622061629435|Avant
26388279102183|4907798793438631758|35102694,00|1668879584697|Best Egg
26388279102183|4902169293904418639|2219108,00|1667153255216|American Express
26388279102183|4913428292972844880|36573895,00|1670549364504|Fundbox
26388279112183|4904702568694814545|55503635,00|1667945326126|Discover
2199023311111|4776349979314755410|52789539,00|1628431469111|Capital One
2199023311111|4909769118275606355|16855035,00|1669487210521|Capital One
2199023311111|4763683605362775892|64091994,00|1624593684217|Prosper
6597069832215|4913991242926266197|88765214,00|1670786493747|Fundbox
6597069832215|4905265518648235862|99119651,00|1668061892205|SunTrust
6597069832215|4775224079407912791|28048146,00|1628135764210|Capital One
6597069832215|4786483078476339032|45370148,00|1631622558842|Roofstock
17592186119975|4794082902847526745|59413069,00|1633913477448|SoFi
24189255816632|4884154895394936666|19781313,00|1661577355219|Capital One
24189255816632|4853474122933475163|17841302,00|1652163867014|Peerform
26388279082184|4910050593252317020|48440750,00|1669554338101|Rocket Loans
26388279082184|4910895018182448989|98691640,00|1669786404288|Chase Bank
17592186069976|4859385097444398942|36890937,00|1654003267785|TD Bank
17592186069976|4875710646093616991|17953211,00|1658991896718|Rocket Loans
17592186069976|4821385975588460384|96951814,00|1642329704871|Upstart
4398046546664|4868673771675850593|17587702,00|1656861728818|Discover
4398046546664|4700070260626167650|6608949,00|1605006129045|Roofstock
15393162834424|4843059548795180899|55448422,00|1648959074549|Rocket Loans
10995116293321|4896539794370205540|14341041,00|1665375101489|BlueVine
10995116293321|4853192647956764517|19451864,00|1652040876967|Marcus by Goldman Sachs
10995116293321|4863325747118348134|79662074,00|1655219604054|Upgrade
10995116293321|4804497476985821031|29975429,00|1637112066585|Chase Bank
13194139588873|4864170172048480104|31035331,00|1655475994410|Upstart
21990232621081|4862481322188216169|98500724,00|1654971026593|Kabbage
26388279072186|4906391418555078506|36472038,00|1668417440665|RealtyMogul
26388279072186|4892036194742835051|6523517,00|1663984515563|Earnest
26388279072186|4916243042739951468|25444928,00|1671461647559|Upgrade
26388279072186|4893443569626388333|48406038,00|1664459966788|Fundbox
15393162824426|4778038829175019374|94221504,00|1628990542343|Funding Circle
15393162824426|4782823903779100527|40576701,00|1630482349344|Patch of Land
17592186089978|4788171928336602992|68934997,00|1632074266014|Roofstock
17592186089978|4913991242926266225|59855762,00|1670780095126|US Bank
17592186089978|4873740321256642418|32546817,00|1658348672555|SoFi
17592186089978|4804216002009110387|5206852,00|1637030473730|Fundbox
6597069822218|4791831103033841524|8387137,00|1633206863260|Avant
6597069822218|4730188083134207861|17322760,00|1614266234135|LendingClub
6597069822218|4794364377824237430|28476720,00|1634033730301|Fundbox
26388279072187|4908080268415342455|24754799,00|1668970208083|State Farm Bank
28587302337739|4905265518648235896|47011763,00|1668079618758|Roofstock
28587302337739|4909206168322185081|87658198,00|1669258952663|Capital One
4398046536667|4701477635509720954|57140713,00|1605503002171|US Bank
4398046536667|4789016353266734971|24684816,00|1632404059724|Capital One
4398046536667|4918776317530347388|53645153,00|1672233539084|Peerform
10995116333323|4824763675308988285|30002519,00|1643323554149|Citibank
10995116333323|4829830224889780094|3796057,00|1644905109117|Earnest
10995116333323|4889502919952439167|40977482,00|1663251012274|US Bank
10995116333323|4903013718834550656|6019266,00|1667416169519|SoFi
6597069832219|4835178249447282561|74937081,00|1646514969743|BlueVine
6597069832219|4870925571489535874|12718152,00|1657538479705|SoFi
6597069832219|4687966836627609475|37355864,00|1601300024237|Navy Federal Credit Union
26388279142187|4877680970930591620|79677497,00|1659604099024|Prosper
26388279142187|4904139618741393285|41988732,00|1667748416596|State Farm Bank
26388279142187|4912020918089291654|17416451,00|1670154083046|Upstart
26388279142187|4911457968135870343|96854382,00|1669989913109|Bank of America
15393162794428|4878806870837434248|52018382,00|1659944333390|LendingClub
15564|4830393174843201417|85358471,00|1645071302903|Peerform
15564|4811815826380298122|62778693,00|1639346807636|OneMain Financial
15564|4630545941378635659|88880584,00|1583681835141|Kabbage
15564|4741447082202634124|33697419,00|1617722264907|TD Bank
19791209325532|4832644974656886669|96258788,00|1645806894394|LightStream
10995116313324|4918776317530347406|5809953,00|1672191524394|SoFi
30786325633292|4919339267483768719|48780990,00|1672392613650|Kabbage
30786325633292|4918776317530347408|2728384,00|1672201069282|Roofstock
30786325633292|4919057792507058065|38038092,00|1672338919552|State Farm Bank
8796093087772|4756365255968298898|99682911,00|1622352320543|OnDeck
8796093087772|4886125220231911315|26861801,00|1662232670656|Earnest
8796093087772|4734410207784867732|40871539,00|1615549423919|Upgrade
26388279142188|4919339267483768725|33546557,00|1672379874534|Funding Circle
26388279142188|4887532595115464598|54969072,00|1662664755034|Earnest
26388279142188|4886406695208621975|48412607,00|1662299293633|Patch of Land
26388279142188|4890065869905860504|11983607,00|1663366978156|US Bank
26388279072189|4877118020977170329|1403623,00|1659463634072|Fundrise
26388279072189|4902732243857840026|5693504,00|1667275368061|SoFi
26388279072189|4908080268415342491|10385482,00|1668903973285|Capital One
13194139548877|4883310470464804764|87344072,00|1661368314367|American Express
13194139548877|4860510997351241629|43546118,00|1654360646180|Wells Fargo
13194139548877|4821385975588460446|79813496,00|1642280539669|SunTrust
24189255846637|4883591945441515423|16431911,00|1661393726182|Discover
24189255846637|4899354544137312160|42755825,00|1666279899259|Discover
28587302367741|4907517318461921185|7926922,00|1668788614943|Fundrise
19791209355533|4852911172980053922|50085612,00|1652031590800|OnDeck
19791209355533|4837148574284257187|72760185,00|1647139774660|Discover
10995116353325|4883873420418226084|91606426,00|1661509797672|Capital One
10995116353325|4731032508064339877|26610642,00|1614569974233|State Farm Bank
10995116353325|4822230400518592422|72687543,00|1642537798293|OneMain Financial
10995116353325|4726810383413680039|33469022,00|1613276738543|Avant
17592186049982|4913709767949555624|6130705,00|1670669513246|Avant
17592186049982|4854318547863607209|6420567,00|1652442287609|Avant
17592186049982|4883873420418226090|55846161,00|1661491534230|Roofstock
2199023271118|4749328381550532523|49350026,00|1620202511791|Upgrade
4398046556670|4838274474191099820|13001987,00|1647453827934|Peerform
28587302387742|4903576668787972013|49435285,00|1667528184710|Chase Bank
21990232571087|4899354544137312174|37872795,00|1666261537643|Citibank
2199023281119|4905828468601657263|59895311,00|1668214268680|Best Egg
2199023281119|4657567539142858672|54217044,00|1591991551880|LightStream
2199023281119|4814912051124115377|5429223,00|1640306200713|American Express
10995116333327|4781135053918836658|36412670,00|1629975725667|Roofstock
65567|4769031629920278451|6601112,00|1626208103253|TD Bank
26388279072192|4904984043671525300|2076773,00|1668014726565|LightStream
24189255826640|4892599144696256437|45588278,00|1664203294690|Navy Federal Credit Union
4398046536672|4864170172048480182|38447111,00|1655474673621|LendingPoint
4398046536672|4750172806480664503|63756829,00|1620387347259|Discover
4398046536672|4906954368508499896|37534815,00|1668607609846|Navy Federal Credit Union
15393162824432|4829830224889780153|82799133,00|1644908808976|Earnest
24189255866640|4912020918089291706|15794215,00|1670189843566|Fundbox
24189255866640|4906672893531789243|45740538,00|1668520502925|Patch of Land
24189255866640|4886969645162043324|82375353,00|1662430560239|LightStream
24189255866640|4899073069160601533|67970117,00|1666216644965|Upgrade
19791209305537|4832644974656886718|81287462,00|1645753302959|OneMain Financial
19791209305537|4913709767949555647|85873675,00|1670635259031|Fundbox
19791209305537|4820541550658328512|47928790,00|1642006229773|Wells Fargo
6597069782225|4845311348608866241|65589628,00|1649693231190|Chase Bank
17592186099985|4866421971862165442|25404696,00|1656134792382|Kabbage
17592186099985|4893162094649677763|31006733,00|1664365697707|BlueVine
17592186099985|4883591945441515460|73371608,00|1661411404105|Best Egg
65569|4698099935789193157|52308112,00|1604425183960|BlueVine
4398046586673|4859948047397820358|88050793,00|1654114523005|LendingPoint
4398046586673|4672767187885234119|41801152,00|1596614828796|Peerform
4398046586673|4661508188816807880|37145735,00|1593225510613|TD Bank
4398046586673|4908361743392053193|16389934,00|1669062077373|Fundbox
4398046526674|4911457968135870410|16317916,00|1669946516032|PNC Bank
8796093047778|4897947169253758923|74985377,00|1665856264147|Earnest
8796093047778|4883873420418226124|71200740,00|1661473354671|RealtyMogul
30786325613298|4919339267483768781|19999472,00|1672428844383|State Farm Bank
30786325613298|4918776317530347470|90401358,00|1672267591870|Prosper
30786325613298|4919620742460479439|64026040,00|1672502210724|Avant
30786325613298|4919057792507058128|1016085,00|1672350008777|Upstart
24189255856642|4892036194742835153|36476660,00|1664009504143|OnDeck
26388279142194|4916243042739951570|50528614,00|1671413599966|OnDeck
26388279142194|4894850944509941715|36844796,00|1664900148600|SunTrust
26388279142194|4911739443112581076|87837386,00|1670040868753|RealtyMogul
26388279142194|4891473244789413845|87452620,00|1663815904957|LendingPoint
2199023271123|4703166485369984982|20806075,00|1605951238385|Peerform
2199023271123|4810408451496744919|17885277,00|1638914017645|Rocket Loans
2199023271123|4796334702661212120|2044851,00|1634605971383|Earnest
2199023271123|4873740321256642521|50797861,00|1658410840165|Kabbage
30786325603299|4919057792507058138|1421345,00|1672314784210|Rocket Loans
30786325603299|4918494842553636827|31189656,00|1672166875553|Kabbage
30786325603299|4916524517716662236|40064823,00|1671527909587|SoFi
35571|4640116090586798045|36341089,00|1586655283999|State Farm Bank
24189255876643|4892036194742835166|23855864,00|1664030188576|Fundbox
24189255876643|4913991242926266335|23976149,00|1670716108788|RealtyMogul
24189255876643|4903295193811261408|88711384,00|1667440758405|Best Egg
24189255876643|4875710646093617121|43541682,00|1658965196760|Discover
17592186119987|4884436370371647458|22156851,00|1661635904513|LightStream
17592186119987|4810971401450166243|55816705,00|1639080307019|Bank of America
21990232561092|4855444447770449892|57631246,00|1652800792057|Upgrade
21990232561092|4911739443112581093|48248913,00|1670027826767|Peerform
21990232561092|4870925571489535974|29975621,00|1657512043109|Upstart
13194139548884|4910332068229027815|88766483,00|1669601113443|LendingPoint
8796093047780|4912302393066002408|64033168,00|1670246519269|Kabbage
8796093047780|4907517318461921257|51535789,00|1668780981307|OneMain Financial
8796093047780|4913428292972845034|75406184,00|1670613164360|LendingPoint
13194139598884|4831237599773333483|24393984,00|1645300988727|Wells Fargo
2199023331124|4883028995488094188|40993998,00|1661246806172|American Express
2199023331124|4722869733739730925|25887633,00|1612064155519|Capital One
2199023331124|4918213367576926190|92572985,00|1672040738658|Funding Circle
2199023331124|4685996511790634991|73587177,00|1600721505826|TD Bank
17592186049989|4856851822654003184|10710557,00|1653242279184|Roofstock
26388279082197|4915680092786530289|26236927,00|1671276550088|US Bank
19791209325541|4828704324982937586|98429715,00|1644525220278|American Express
19791209325541|4873177371303221235|14031986,00|1658226792634|Capital One
24189255846645|4906672893531789300|6084160,00|1668509484070|Capital One
24189255846645|4911739443112581109|70723576,00|1670060840708|Avant
24189255846645|4917650417623504886|87023462,00|1671858890413|Best Egg
6597069812229|4812097301357008887|8432638,00|1639429615440|Bank of America
6597069812229|4830674649819912184|22143455,00|1645143507257|RealtyMogul
6597069812229|4830111699866490873|98592397,00|1644945082985|Upstart
10995116333333|4862762797164926970|92900756,00|1654985766258|Citibank
10995116333333|4745387731876583419|16512422,00|1618932278954|Avant
10995116333333|4771283429733963772|53815223,00|1626876590583|Prosper
75573|4696974035882350589|75668975,00|1604088058993|Prosper
75573|4779727679035283454|9805192,00|1629493582820|Citibank
75573|4819697125728196607|3063160,00|1641758139147|Upstart
75573|4711329259694594048|31804158,00|1608509707121|Rocket Loans
8796093027782|4803371577078978561|77218467,00|1636786570420|American Express
10995116303334|4810971401450166274|23053139,00|1639093180586|Roofstock
10995116303334|4825889575215831043|87031148,00|1643684951071|Citibank
10995116303334|4869518196605982724|2690592,00|1657103581236|American Express
21990232591094|4858822147490977797|97576498,00|1653806102525|RealtyMogul
21990232591094|4873740321256642566|70878548,00|1658408621478|OnDeck
15393162834438|4907798793438631943|96587634,00|1668869289018|Chase Bank
2199023321126|4657004589189437448|38526651,00|1591831566630|Avant
6597069842230|4880495720697698313|71625421,00|1660455016621|Patch of Land
10995116283335|4904702568694814730|96553779,00|1667933532440|Prosper
10995116283335|4785075703592785931|33983111,00|1631139790589|Earnest
10995116283335|4791831103033841676|15999252,00|1633196457270|State Farm Bank
10995116283335|4828985799959648269|69135165,00|1644621480781|Marcus by Goldman Sachs
19791209315543|4854037072886896654|43600699,00|1652335498061|BlueVine
15393162814439|4860229522374531087|94991031,00|1654272769623|BlueVine
2199023301127|4892880619672967184|37072693,00|1664246763409|Discover
2199023301127|4691344536348137489|67331384,00|1602349641361|Upgrade
13194139608887|4823074825448724498|40438834,00|1642788602643|BlueVine
8796093027784|4763120655409354771|51453340,00|1624388523578|SoFi
8796093027784|4909769118275606548|98783891,00|1669441019133|Fundrise
8796093027784|4902450768881129493|26150480,00|1667175201536|Marcus by Goldman Sachs
8796093027784|4767061305083303958|67773926,00|1625593919941|Capital One
26388279092200|4918776317530347543|45768388,00|1672221808526|Navy Federal Credit Union
30786325613304|4917931892600215576|24913183,00|1671993134572|Citibank
19791209345544|4902450768881129497|84282917,00|1667177625991|Avant
19791209345544|4866984921815586842|40123413,00|1656320114361|Earnest
2199023331128|4832926449633597467|57773041,00|1645820345486|Navy Federal Credit Union
2199023331128|4697536985835771932|97365305,00|1604259377362|Citibank
30786325583305|4919339267483768861|87131755,00|1672387240913|Upstart
10995116293337|4849251998282815518|24431225,00|1650905927223|US Bank
10995116293337|4903295193811261471|67659001,00|1667495510505|State Farm Bank
10995116293337|4892317669719545888|63742188,00|1664066182538|OnDeck
17592186069993|4868673771675850785|62281414,00|1656828110006|BlueVine
17592186069993|4850940848143079458|94499486,00|1651426477428|Best Egg
17592186069993|4810689926473455651|80357598,00|1639022479205|SunTrust
2199023291129|4714988434391832612|90314827,00|1609658519744|Peerform
2199023291129|4651656564631935013|3881634,00|1590200450149|OnDeck
17592186099993|4794645852800948262|95412657,00|1634059196856|LightStream
17592186099993|4891473244789413927|19707000,00|1663862184248|US Bank
17592186099993|4863607222095058984|85363718,00|1655261888585|PNC Bank
17592186099993|4883310470464804905|51555263,00|1661354375902|BlueVine
21990232621097|4919057792507058218|91298152,00|1672334583571|American Express
24189255816650|4917368942646794283|96847854,00|1671819158714|Upstart
24189255816650|4890065869905860652|18287528,00|1663447760587|BlueVine
24189255816650|4918213367576926253|7442713,00|1672084718415|Avant
24189255816650|4908643218368763950|74983000,00|1669101298104|Funding Circle
15578|4733002832901314607|48792004,00|1615163965150|LendingClub
15393162854442|4814912051124115504|13532096,00|1640319467365|Upstart
30786325653306|4916524517716662321|51417301,00|1671525651235|LightStream
4398046526683|4771283429733963826|64213830,00|1626919232427|Navy Federal Credit Union
8796093057787|4813786151217272883|55359566,00|1639972374323|LightStream
13194139598891|4799993877358450740|13147401,00|1635749884718|State Farm Bank
13194139598891|4754113456154613813|34646344,00|1621660392591|Chase Bank
13194139598891|4772409329640806454|54049758,00|1627251952212|TD Bank
13194139598891|4803653052055689271|99003251,00|1636858591144|Wells Fargo
15393162804444|4765372455223040056|24698712,00|1625088725907|Bank of America
15393162804444|4866421971862165561|37928578,00|1656136169595|Peerform
15393162804444|4805341901915953210|79535033,00|1637399889181|Avant
15393162804444|4791268153080420411|21913709,00|1633047482608|Prosper
19791209325548|4913991242926266428|76510515,00|1670779460774|Fundbox
19791209325548|4870081146559404093|47884823,00|1657258525636|Fundbox
19791209325548|4884436370371647550|96738159,00|1661710850150|State Farm Bank
30786325623308|4911457968135870527|93365516,00|1669976359960|LendingClub
30786325623308|4917087467670083648|28479993,00|1671735470807|Navy Federal Credit Union
30786325623308|4913428292972845121|38877550,00|1670550016261|Patch of Land
30786325623308|4917368942646794306|35476617,00|1671807090129|Fundbox
4398046566684|4764246555316197443|35125386,00|1624759093349|OnDeck
10995116353340|4733284307878025284|16089617,00|1615227246196|TD Bank
6597069792237|4701477635509721157|94284323,00|1605433675171|Capital One
6597069822237|4895695369440073798|2868593,00|1665125412025|LendingPoint
10995116283342|4825326625262409799|47748297,00|1643521884015|Marcus by Goldman Sachs
10995116283342|4799712402381740104|11016882,00|1635679621643|BlueVine
10995116283342|4879088345814145097|28312247,00|1660046906714|Fundbox
10995116283342|4903858143764682826|5767336,00|1667687910848|SoFi
25582|4851785273073211467|79749833,00|1651610697696|Roofstock
25582|4769031629920278604|59476844,00|1626254081843|BlueVine
25582|4655034264352462925|15435863,00|1591157711909|SunTrust
15393162834446|4859666572421109838|15354004,00|1654039494382|Citibank
26388279122206|4878525395860723791|10637606,00|1659867450084|Roofstock
26388279122206|4883873420418226256|73461986,00|1661476709585|Discover
19791209365550|4838555949167810641|21257818,00|1647586224417|Wells Fargo
21990232631102|4864451647025190994|38090613,00|1655528185397|Fundrise
21990232631102|4888658495022307411|73879566,00|1662971519768|Prosper
6597069772239|4908643218368763988|71873781,00|1669074822744|Earnest
6597069772239|4803934527032399957|19981043,00|1636984456891|Prosper
6597069772239|4777757354198308950|70684370,00|1628894022087|LendingPoint
6597069802239|4769031629920278615|8865247,00|1626224863358|OneMain Financial
6597069802239|4799993877358450776|90060254,00|1635696407291|Rocket Loans
13194139578895|4906109943578368089|77390599,00|1668373676101|Patch of Land
19791209365551|4872332946373089370|55963348,00|1657943549519|SunTrust
24189255886655|4915961567763241051|76620799,00|1671394408694|TD Bank
24189255886655|4872895896326510684|22991575,00|1658149724076|State Farm Bank
24189255816656|4886406695208622173|80377176,00|1662252396241|RealtyMogul
24189255816656|4897102744323627102|56267470,00|1665546890663|Funding Circle
2199023271136|4715269909368543327|69091541,00|1609677726133|Kabbage
2199023271136|4738069382482106464|34561446,00|1616672483956|BlueVine
45584|4804497476985821281|9880000,00|1637112665907|LightStream
45584|4782542428802390114|14818167,00|1630348097929|Prosper
45584|4762557705455933539|98907653,00|1624274434970|Bank of America
45584|4657286064166148196|32824359,00|1591867855492|LightStream
24189255866656|4901043393997576293|913354,00|1666747266114|LendingClub
24189255866656|4913709767949555814|68602279,00|1670690437418|Patch of Land
24189255866656|4858259197537556583|50109690,00|1653678009744|PNC Bank
65584|4641241990493640808|43030581,00|1586925891503|LendingClub
65584|4897102744323627113|80779465,00|1665572317685|OneMain Financial
21990232631104|4912302393066002538|38723034,00|1670238952373|Best Egg
8796093037793|4821667450565171307|1735467,00|1642387227294|Navy Federal Credit Union
8796093037793|4866140496885454956|77673077,00|1656047711558|SunTrust
8796093037793|4757772630851852397|71699916,00|1622723112761|TD Bank
17592186070001|4885280795301779566|15812083,00|1661949571826|Navy Federal Credit Union
17592186070001|4825608100239120495|29582639,00|1643584695765|OneMain Financial
17592186070001|4803371577078978672|50236800,00|1636750165217|Navy Federal Credit Union
17592186070001|4816882375961090161|32452713,00|1640904993816|Fundrise
35585|4827015475122673778|29744016,00|1644027804449|Navy Federal Credit Union
8796093087793|4853755597910186099|25234365,00|1652263403172|American Express
8796093087793|4859666572421109876|6754122,00|1654100634376|LendingPoint
75585|4820260075681618037|28860806,00|1641964759786|Kabbage
2199023261138|4687685361650899062|87314742,00|1601236296102|Navy Federal Credit Union
8796093047794|4733847257831446647|83682013,00|1615374652379|Roofstock
8796093047794|4836304149354125432|83866755,00|1646907614968|Funding Circle
8796093047794|4880495720697698425|35987752,00|1660450507037|BlueVine
8796093047794|4750735756434086010|37725897,00|1620602658342|OneMain Financial
13194139568898|4905546993624946811|51426826,00|1668122379264|Fundrise
13194139568898|4776068504338045052|61190490,00|1628355633872|Wells Fargo
13194139568898|4802808627125557373|425506,00|1636594235420|Rocket Loans
13194139568898|4763683605362776190|92873994,00|1624537464990|Fundrise
8796093067794|4761431805549090943|70280425,00|1623852365917|State Farm Bank
8796093067794|4777475879221598336|58522841,00|1628788516780|Wells Fargo
8796093067794|4896539794370205825|23062527,00|1665383531822|LightStream
15393162794451|4825608100239120514|29242446,00|1643635293807|SoFi
15393162824451|4823074825448724611|20942130,00|1642856918939|LightStream
45587|4708795984904198276|29225713,00|1607727853755|Earnest
13194139588899|4825045150285699205|96037030,00|1643400970206|Bank of America
2199023321139|4745387731876583558|83166707,00|1618992878466|Patch of Land
2199023321139|4882466045534673031|35096682,00|1661110521236|Citibank
2199023321139|4856007397723871368|50265152,00|1652965761662|OnDeck
2199023321139|4818289750844643465|66922585,00|1641368088285|Bank of America
13194139608899|4871488521442957450|54299943,00|1657738477630|SunTrust
13194139608899|4817163850937800843|34784380,00|1641052239733|PNC Bank
13194139608899|4915961567763241100|43459722,00|1671329232648|Fundbox
13194139608899|4882466045534673037|7797165,00|1661077271203|Kabbage
21990232561108|4918213367576926350|95269352,00|1672050688461|LendingClub
21990232561108|4912020918089291919|64178542,00|1670137531050|BlueVine
21990232561108|4888658495022307472|49312913,00|1662990929547|Discover
21990232561108|4837711524237678737|63050382,00|1647336572740|RealtyMogul
28587302337764|4895413894463363218|80826614,00|1665024112143|SoFi
25588|4723151208716441747|48957774,00|1612130096441|Prosper
25588|4891754719766124692|14694463,00|1663932653505|RealtyMogul
25588|4828704324982937749|14741998,00|1644586228513|Upstart
28587302377764|4914554192879687830|43230185,00|1670966060920|American Express
28587302377764|4903295193811261591|4189549,00|1667479680376|Navy Federal Credit Union
28587302377764|4913146817996134552|81364323,00|1670495133079|Earnest
2199023321140|4903858143764682905|83576256,00|1667652105347|OnDeck
26388279142212|4917368942646794394|26426185,00|1671821144087|Fundrise
26388279142212|4910332068229027995|83155896,00|1669593232916|SunTrust
4398046536693|4892317669719546012|58272586,00|1664056410382|Marcus by Goldman Sachs
19791209335557|4823074825448724637|92760709,00|1642863009257|Rocket Loans
8796093077797|4770439004803831966|84133279,00|1626693380674|Prosper
2199023321141|4872051471396378783|94394015,00|1657879435034|Peerform
6597069782246|4683463237000239264|45677270,00|1599935739163|State Farm Bank
6597069782246|4897102744323627169|16367187,00|1665577670266|US Bank
28587302347766|4907235843485210786|30140153,00|1668651898646|Patch of Land
28587302347766|4911739443112581283|6649668,00|1670067046002|OneMain Financial
28587302347766|4914272717902977188|95380551,00|1670820087340|Funding Circle
28587302347766|4899636019114023077|22592063,00|1666326140996|Navy Federal Credit Union
4398046546694|4788734878290024614|75504813,00|1632233516023|Funding Circle
15393162834454|4843622498748602535|36618047,00|1649138319799|OneMain Financial
2199023311142|4713581059508279464|10690534,00|1609185062216|Roofstock
17592186120006|4813223201263851689|8808534,00|1639776262059|SoFi
17592186120006|4798023552521476266|21958970,00|1635116420593|LightStream
28587302327767|4896821269346916523|26031819,00|1665517876640|Prosper
28587302327767|4895132419486652588|43520987,00|1665006644484|OneMain Financial
15591|4812097301357009069|18845021,00|1639453462071|LightStream
24189255856663|4889784394929150126|61230218,00|1663354029884|RealtyMogul
24189255856663|4890910294835992751|28696305,00|1663662699653|Earnest
24189255856663|4917087467670083760|31921422,00|1671744502016|Navy Federal Credit Union
24189255856663|4880214245720987825|24261075,00|1660387608318|Fundrise
21990232611111|4915961567763241138|50901316,00|1671356237577|BlueVine
21990232611111|4848126098375973043|67813439,00|1650494833458|Earnest
21990232611111|4876273596047038644|27254570,00|1659169016026|SoFi
21990232611111|4885562270278490293|53727984,00|1662024904426|Chase Bank
28587302327768|4904702568694814902|14272591,00|1667864928532|Marcus by Goldman Sachs
28587302327768|4911457968135870647|68611556,00|1669969062454|Rocket Loans
4398046526696|4866703446838876344|53300478,00|1656203284444|OneMain Financial
4398046526696|4817445325914511545|93177389,00|1641086463434|RealtyMogul
4398046526696|4840244799028074682|86985328,00|1648058086644|Upgrade
2199023281144|4652782464538777787|86433178,00|1590472309008|SunTrust
2199023281144|4691626011324848316|2618461,00|1602473615739|TD Bank
2199023281144|4910050593252317373|5526927,00|1669586334841|OneMain Financial
17592186080008|4795771752707791038|42240628,00|1634463492434|Capital One
17592186080008|4833770874563729599|76742465,00|1646086277576|Funding Circle
17592186080008|4916243042739951808|26884853,00|1671451187325|PNC Bank
19791209345560|4919620742460479681|23622817,00|1672448395297|TD Bank
19791209345560|4887814070092175554|51810921,00|1662702396825|Roofstock
19791209345560|4819978600704907459|12689620,00|1641904208292|Wells Fargo
10995116333352|4795208802754369732|69464412,00|1634263234506|Chase Bank
28587302327769|4917368942646794437|6877677,00|1671758474729|SunTrust
28587302327769|4913146817996134598|80773238,00|1670496571304|Avant
28587302327769|4917931892600215751|63421099,00|1671963975047|BlueVine
17592186060009|4800838302288582856|43767639,00|1635969004400|Roofstock
17592186060009|4793801427870816457|60572950,00|1633805770174|LendingClub
17592186060009|4820823025635039434|12376588,00|1642149330768|PNC Bank
15393162834457|4786764553453050059|55409804,00|1631676255407|Upgrade
15393162834457|4783386853732522188|56386516,00|1630674436853|TD Bank
30786325643321|4918776317530347725|87444229,00|1672206026209|TD Bank
30786325643321|4915398617809819854|80545220,00|1671190484977|Upgrade
30786325643321|4916524517716662479|40088366,00|1671530605177|RealtyMogul
30786325643321|4914554192879687888|70775383,00|1670923698604|LightStream
2199023291146|4840526274004785361|98506703,00|1648212450981|Prosper
4398046556698|4803090102102268114|65056615,00|1636664966172|Citibank
6597069822250|4693877811138533587|53152651,00|1603096319123|Navy Federal Credit Union
6597069822250|4719210559042492628|22101650,00|1610906263699|Wells Fargo
6597069822250|4752424606294350037|90027455,00|1621153576958|OnDeck
6597069822250|4827859900052805846|35546653,00|1644331211956|Capital One
15393162804459|4902732243857840343|98082465,00|1667275370128|Peerform
28587302347771|4916243042739951832|44059086,00|1671463683542|PNC Bank
28587302347771|4907235843485210841|88709701,00|1668694428760|American Express
28587302347771|4907798793438632154|74232029,00|1668833769388|BlueVine
28587302347771|4915117142833109211|55033734,00|1671140965530|Peerform
6597069802251|4879651295767566556|47917302,00|1660222303186|OneMain Financial
4398046566699|4850659373166368989|16095754,00|1651337701998|PNC Bank
4398046566699|4870362621536114910|92450099,00|1657338339495|Upstart
4398046566699|4804216002009110751|67716406,00|1637026518078|SoFi
2199023321147|4710203359787751648|95696050,00|1608184380813|OnDeck
2199023321147|4659256389003122913|79513375,00|1592475340726|Discover
2199023321147|4785638653546207458|79512367,00|1631355651205|Navy Federal Credit Union
2199023321147|4684026186953660643|14293915,00|1600111511224|Wells Fargo
6597069772252|4756646730945009892|51122609,00|1622382438551|SunTrust
6597069772252|4776912929268177125|44799217,00|1628667244367|PNC Bank
26388279082220|4892036194742835430|84501898,00|1664028041266|US Bank
26388279082220|4879088345814145255|99106519,00|1659992357816|OnDeck
26388279082220|4871769996419668200|19037567,00|1657771743042|Marcus by Goldman Sachs
26388279082220|4888377020045596905|16399131,00|1662921021870|Discover
21990232591116|4911739443112581354|77637924,00|1670036556968|LendingClub
17592186090012|4891191769812703467|80832432,00|1663790612225|SunTrust
17592186090012|4857133297630714092|50470854,00|1653317013232|Funding Circle
17592186090012|4838555949167810797|80683081,00|1647555817711|OnDeck
17592186090012|4916805992693373166|65902345,00|1671649487146|Funding Circle
8796093077804|4900198969067444463|58893272,00|1666519982521|Kabbage
4398046576700|4707670084997355760|34252561,00|1607394530836|OnDeck
10995116353356|4809001076613191921|20669300,00|1638459828004|American Express
10995116353356|4780290628988705010|14710642,00|1629688345198|Citibank
10995116353356|4734128732808157427|63883704,00|1615526813603|LendingPoint
21990232561117|4852348223026632948|316412,00|1651783056704|Fundrise
21990232571117|4864451647025191157|15032062,00|1655574284324|Earnest
21990232581117|4873740321256642806|20584599,00|1658419337847|Fundrise
21990232581117|4863888697071769847|90456103,00|1655370173973|American Express
21990232581117|4856007397723871480|96703468,00|1652922702466|Peerform
15393162824461|4818008275867932921|86204258,00|1641260858315|Rocket Loans
15393162824461|4847844623399262458|61891583,00|1650471976989|OneMain Financial
15393162824461|4794364377824237819|71477433,00|1634041579600|Kabbage
15393162824461|4856007397723871484|77535451,00|1652913345973|Kabbage
15393162844461|4819697125728196861|21530558,00|1641748553472|US Bank
15393162844461|4855444447770450174|51031011,00|1652750309361|Funding Circle
15393162844461|4851785273073211647|58359377,00|1651669330101|LightStream
15393162864461|4906391418555078912|24990192,00|1668446243275|Citibank
15393162864461|4879369820790855937|61583023,00|1660114801922|RealtyMogul
15393162864461|4906672893531789570|11414091,00|1668470325440|Discover
15393162864461|4901324868974287107|37921256,00|1666865218064|Rocket Loans
26388279072222|4892880619672967428|37616433,00|1664243616524|Navy Federal Credit Union
26388279072222|4902732243857840389|99434460,00|1667293604450|Funding Circle
17592186070014|4890065869905860870|59007848,00|1663365100989|Roofstock
24189255886670|4882747520511383815|25545875,00|1661116052710|BlueVine
24189255886670|4906391418555078920|48133305,00|1668460267669|Roofstock
24189255886670|4854037072886896905|32140343,00|1652312990926|Rocket Loans
24189255886670|4869236721629272330|31669563,00|1657016605181|TD Bank
30786325583327|4915680092786530571|16585300,00|1671276329837|Fundbox
30786325583327|4919620742460479756|90904188,00|1672518778891|LendingClub
24189255886671|4888658495022307597|93177549,00|1662998668238|Citibank
15393162804464|4835459724423993614|95151812,00|1646625708467|LendingPoint
19791209325568|4840244799028074767|28003119,00|1648090253500|RealtyMogul
10995116313360|4845592823585577232|91461591,00|1649744515200|Earnest
4398046556704|4741728557179345169|7018920,00|1617802120190|Upstart
4398046556704|4750172806480664850|71587193,00|1620443501739|Citibank
4398046556704|4795490277731080467|2883642,00|1634374702704|Capital One
4398046556704|4761713280525801748|49982370,00|1624003326515|BlueVine
17592186100016|4861918372234795285|66644737,00|1654719869683|RealtyMogul
21990232631120|4887532595115464982|4200096,00|1662617642196|PNC Bank
4398046516705|4827015475122673943|21929678,00|1644005033647|Citibank
13194139548913|4788734878290024728|27845030,00|1632273660550|Capital One
13194139568913|4801682727218714905|96657123,00|1636214900547|RealtyMogul
13194139568913|4831519074750044442|47025353,00|1645384732897|Capital One
6597069822257|4914272717902977307|22253995,00|1670873443724|Discover
21990232631121|4898791594183891228|60823717,00|1666087916051|Upstart
15393162804466|4843622498748602653|61406092,00|1649156877141|Fundbox
15393162804466|4823074825448724766|89237259,00|1642791163382|TD Bank
15393162804466|4831237599773333791|77234935,00|1645325314752|Kabbage
4398046536706|4734973157738289440|25379626,00|1615737961476|PNC Bank
4398046536706|4740039707319081249|37257228,00|1617332769354|Kabbage
4398046536706|4756083780991588642|17095481,00|1622236710604|BlueVine
30786325633330|4919620742460479779|4462567,00|1672480095963|Citibank
26388279132226|4895976844416784676|47460990,00|1665188309030|Rocket Loans
26388279132226|4879088345814145317|13449920,00|1659995367078|SunTrust
4398046586706|4734410207784868134|15640145,00|1615627808295|American Express
6597069792259|4822230400518592807|62044518,00|1642602571320|Capital One
6597069792259|4737506432528685352|16051060,00|1616500821313|US Bank
6597069792259|4890628819859282217|29209208,00|1663582692412|SoFi
6597069792259|4808438126659770666|11421809,00|1638346789503|Navy Federal Credit Union
10995116313363|4912865343019424043|79420578,00|1670387042637|LendingClub
24189255856675|4871207046466246956|54769922,00|1657613705235|Navy Federal Credit Union
24189255856675|4879651295767566637|23957716,00|1660179547025|TD Bank
24189255856675|4903295193811261742|93407910,00|1667507880584|RealtyMogul
24189255856675|4873740321256642863|58913430,00|1658424197807|PNC Bank
4398046566707|4882466045534673200|18482156,00|1661058381054|American Express
4398046566707|4697818460812482865|77276878,00|1604324160045|PNC Bank
2199023321155|4857414772607424818|7781266,00|1653417948071|OneMain Financial
2199023321155|4807030751776217395|13985234,00|1637882246781|OnDeck
6597069842259|4798023552521476404|77403390,00|1635147789813|Peerform
6597069842259|4900761919020865845|24629040,00|1666667120758|Rocket Loans
6597069842259|4915117142833109302|98414073,00|1671075644117|Patch of Land
6597069842259|4892036194742835511|63432023,00|1664020981003|Navy Federal Credit Union
5604|4683463237000239416|27981430,00|1599902756449|Marcus by Goldman Sachs
2199023281156|4820541550658328889|50725430,00|1642044635283|Roofstock
2199023281156|4837711524237678906|24429897,00|1647323893188|American Express
19791209335572|4834052349540440379|27554622,00|1646174273672|Prosper
19791209335572|4869799671582693692|60255820,00|1657184999102|Rocket Loans
19791209335572|4823356300425435453|76751726,00|1642936315777|Citibank
6597069822260|4773816704524359998|74151891,00|1627700800987|US Bank
6597069822260|4756365255968299327|43022296,00|1622310529862|OneMain Financial
15393162814469|4899917494090733888|21124448,00|1666404815841|PNC Bank
15393162814469|4813223201263851841|68948492,00|1639836858019|Roofstock
15393162814469|4804216002009110850|81055706,00|1637005317629|SunTrust
15393162814469|4908643218368764227|71795408,00|1669117820091|Citibank
15393162824469|4816037951030958404|72485230,00|1640628875985|US Bank
15393162824469|4913991242926266693|1751626,00|1670782728374|Best Egg
10995116323365|4807312226752928070|44450999,00|1637995228432|Patch of Land
10995116323365|4825326625262410055|99348301,00|1643558035703|Fundrise
10995116323365|4781979478848969032|43837791,00|1630209180231|LightStream
15393162844469|4881058670651119945|20164429,00|1660645777303|SunTrust
15393162844469|4821385975588460874|87477623,00|1642297628678|Earnest
15393162844469|4793801427870816587|29169348,00|1633802970665|BlueVine
15393162844469|4876836546000460108|68979695,00|1659369060766|Best Egg
24189255876677|4857414772607424845|24720449,00|1653387307077|Avant
24189255876677|4913709767949556046|83963498,00|1670696463855|Kabbage
24189255876677|4917931892600215887|23453031,00|1671976765971|SoFi
24189255876677|4902169293904419152|80286679,00|1667116072540|Peerform
13194139608917|4881621620604541265|83077128,00|1660826407036|Capital One
13194139608917|4835459724423993682|69626438,00|1646670250148|Upgrade
21990232561126|4886969645162043731|40752071,00|1662473851136|Kabbage
21990232561126|4846437248515709268|51361895,00|1650007426991|Fundrise
21990232561126|4912865343019424085|92755225,00|1670397461301|RealtyMogul
15393162804470|4783668328709232982|1065765,00|1630743806919|Avant
15393162804470|4855725922747160919|67207602,00|1652882630085|Bank of America
15393162804470|4869236721629272408|55719661,00|1657034412582|OnDeck
15393162804470|4906391418555079001|64727201,00|1668388954907|Funding Circle
26388279092230|4890910294835992922|24243559,00|1663660919659|BlueVine
26388279092230|4873177371303221595|95733845,00|1658231498373|Fundbox
26388279112230|4879369820790856028|35604714,00|1660106912341|Patch of Land
26388279112230|4872895896326510941|96499071,00|1658164062830|LendingClub
26388279112230|4875992121070328158|82541031,00|1659118538595|LightStream
26388279112230|4901324868974287199|9394805,00|1666834781445|Avant
10995116293367|4869799671582693728|61165249,00|1657205491606|SoFi
2199023281159|4741165607225923937|42211761,00|1617636652548|State Farm Bank
24189255846679|4870925571489536354|80671768,00|1657512401581|Best Egg
24189255846679|4858822147490978147|27233780,00|1653827749493|Upgrade
21990232601127|4912865343019424100|63131087,00|1670441197917|Bank of America
21990232601127|4844748398655445349|58776750,00|1649446112524|Avant
21990232601127|4839963324051364198|17546587,00|1647995743845|SoFi
6597069832263|4726528908436969831|10036944,00|1613125814783|Kabbage
10995116353367|4824200725355567464|59179448,00|1643185023237|Funding Circle
10995116353367|4820823025635039593|90594495,00|1642157295446|SoFi
10995116353367|4885562270278490474|45357501,00|1662025916579|SoFi
10995116353367|4797460602568055147|96698328,00|1634930787402|Fundbox
13194139538920|4838555949167810924|30643404,00|1647560189865|Upstart
13194139538920|4803090102102268269|80894763,00|1636655480337|Bank of America
15393162804472|4785357178569496942|88576989,00|1631208929960|OnDeck
15393162804472|4864733122001901935|35938604,00|1655645387487|Roofstock
17592186090024|4806186326846085488|91409257,00|1637674757205|LendingClub
17592186090024|4844748398655445361|29193101,00|1649448918159|Patch of Land
17592186100024|4804497476985821554|73113404,00|1637123989050|LendingClub
24189255876680|4854037072886897011|4679376,00|1652327628565|Wells Fargo
24189255876680|4871769996419668340|16625242,00|1657794386258|Fundrise
75608|4624916441844423029|37411540,00|1581909238648|Rocket Loans
17592186060025|4841089223958206838|74791196,00|1648349478161|US Bank
26388279092233|4904139618741393783|5205772,00|1667742174207|OnDeck
6597069802265|4814349101170694520|2478973,00|1640146518335|RealtyMogul
6597069802265|4909206168322185593|90596791,00|1669278278188|SoFi
8796093067817|4746232156806715770|89842635,00|1619258544852|Chase Bank
15393162854473|4891754719766124923|84032275,00|1663955237753|Upgrade
15393162854473|4900198969067444604|86373443,00|1666563113108|LendingClub
15393162864473|4820260075681618301|22563698,00|1641942306033|Citibank
15393162864473|4803371577078978942|53112185,00|1636780359953|OneMain Financial
15393162864473|4912020918089292159|59813406,00|1670195528057|Wells Fargo
28587302327786|4906109943578368384|69133680,00|1668371675380|RealtyMogul
28587302327786|4902169293904419201|54614690,00|1667091494156|SunTrust
21990232581130|4854600022840318338|8465412,00|1652488755453|Rocket Loans
6597069812266|4710203359787751811|20490677,00|1608126544312|Kabbage
75610|4848407573352683908|70505189,00|1650609922623|OneMain Financial
21990232571131|4847000198469130629|6594345,00|1650195590044|State Farm Bank
24189255846683|4918494842553637254|9513694,00|1672100329721|Peerform
15393162844475|4903013718834551175|10037599,00|1667391392522|Patch of Land
4398046576715|4895413894463363464|8342979,00|1665025327551|SunTrust
6597069782268|4826171050192542089|22972609,00|1643739087937|Peerform
6597069782268|4805060426939242890|77026613,00|1637285734014|Fundbox
4398046536716|4684026186953660811|71222341,00|1600136334444|LendingPoint
8796093057820|4878525395860724108|79197718,00|1659903229116|Funding Circle
2199023301164|4892036194742835597|34946127,00|1664041232620|RealtyMogul
2199023301164|4657286064166148494|488774,00|1591907912558|LendingPoint
13194139608924|4836304149354125711|3513543,00|1646884522394|Navy Federal Credit Union
6597069782269|4811534351403587984|68140294,00|1639276164245|Fundbox
6597069782269|4884154895394937233|40533373,00|1661627374662|Peerform
6597069782269|4871488521442957714|55713246,00|1657724452195|LightStream
6597069802269|4733565782854736275|2170045,00|1615292607109|Upstart
26388279112237|4919339267483769236|24712594,00|1672378550199|Upstart
26388279112237|4891191769812703637|69867289,00|1663759943505|Discover
26388279112237|4891754719766124950|57097482,00|1663890908161|Capital One
26388279112237|4883873420418226583|90996366,00|1661463289755|US Bank
55613|4671922762955102616|18238092,00|1596373194113|SoFi
55613|4690218636441295257|68366459,00|1602000757307|LightStream
55613|4688248311604320666|79553661,00|1601436340099|Upgrade
26388279132237|4887814070092175771|33117378,00|1662717738607|Fundbox
26388279132237|4892317669719546268|20206033,00|1664098946625|RealtyMogul
26388279132237|4883028995488094621|61160271,00|1661275080931|OnDeck
26388279132237|4914835667856398750|89490221,00|1671034755633|BlueVine
13194139608925|4831237599773333919|26938129,00|1645306558453|Discover
13194139608925|4833489399587019168|42212790,00|1646062242368|Fundrise
13194139608925|4839963324051364257|47634756,00|1648006409252|Navy Federal Credit Union
26388279092238|4916243042739952034|47756871,00|1671426659087|OnDeck
26388279092238|4890347344882571683|81345309,00|1663502449778|Wells Fargo
26388279092238|4891473244789414308|86845279,00|1663810131671|LightStream
26388279092238|4891754719766124965|27648448,00|1663960681265|Fundbox
21990232591134|4875429171116906918|61651939,00|1658933230813|OneMain Financial
13194139578926|4816882375961090471|7687946,00|1640887076206|Marcus by Goldman Sachs
15615|4896258319393495464|55319721,00|1665314249434|Roofstock
13194139558927|4843341023771892137|62270701,00|1649037274835|Avant
13194139558927|4896258319393495466|4348194,00|1665285793684|Citibank
10995116323375|4902169293904419243|69023862,00|1667154928249|OneMain Financial
10995116323375|4756083780991588780|766023,00|1622274372311|Navy Federal Credit Union
10995116323375|4874303271210064301|76847523,00|1658564879996|Wells Fargo
10995116323375|4832644974656887214|10819587,00|1645805032083|Prosper
24189255866687|4864733122001901999|39559832,00|1655649539897|Capital One
30786325643343|4914835667856398768|23350394,00|1671049290668|State Farm Bank
30786325643343|4914554192879688113|24753267,00|1670895093168|Fundbox
15393162864479|4819415650751486386|85938758,00|1641679291397|Fundbox
15393162864479|4860792472327952819|33394137,00|1654374638653|Avant
15393162864479|4803371577078978996|73620840,00|1636791484393|LendingPoint
15393162794480|4882747520511383989|32424094,00|1661183332420|Funding Circle
13194139568928|4899636019114023350|51038632,00|1666389238846|Marcus by Goldman Sachs
13194139568928|4764246555316197815|478281,00|1624772293877|Chase Bank
13194139568928|4814349101170694584|99836991,00|1640138196396|State Farm Bank
13194139568928|4763965080339487161|41687536,00|1624688442880|Chase Bank
6597069842272|4897384219300338106|52611389,00|1665640178858|SunTrust
6597069842272|4896821269346916795|87796848,00|1665447254264|Best Egg
10995116293377|4834615299493861820|26263492,00|1646387168762|Prosper
10995116293377|4736662007598553533|97499004,00|1616314496288|Bank of America
10995116293377|4760587380618959294|31505723,00|1623647143432|PNC Bank
10995116293377|4774661129454492095|12340915,00|1627929411074|Chase Bank
6597069792273|4715551384345254336|15543572,00|1609784408291|Earnest
6597069792273|4745106256899873217|66652437,00|1618894669024|Kabbage
6597069792273|4772409329640806850|4720194,00|1627244830058|LendingPoint
17592186080033|4827296950099384771|20754702,00|1644100394622|Discover
17592186080033|4905828468601657796|98122475,00|1668212827182|OneMain Financial
17592186080033|4859666572421110213|91581127,00|1654035376755|Upgrade
10995116333377|4880495720697698758|57479818,00|1660458636273|State Farm Bank
10995116333377|4839681849074653639|14099876,00|1647889898531|American Express
10995116333377|4832644974656887240|62447379,00|1645788114091|Fundrise
10995116333377|4739195282388949449|58250688,00|1617024257530|LendingPoint
30786325643345|4919057792507058634|64818582,00|1672316582105|SoFi
30786325643345|4915680092786530763|8424080,00|1671250533826|SoFi
30786325643345|4915398617809820108|39088772,00|1671214791356|Navy Federal Credit Union
6597069842273|4734128732808157645|75925518,00|1615468801107|Peerform
2199023261170|4899073069160602062|21810228,00|1666145114643|Discover
13194139558930|4901887818927708623|98604454,00|1667015470871|OnDeck
13194139558930|4759742955688827344|74506794,00|1623363504351|Marcus by Goldman Sachs
13194139558930|4817163850937801169|34808213,00|1640971569279|Fundbox
13194139578930|4789579303220156882|44019190,00|1632514367717|RealtyMogul
13194139578930|4790423728150288851|58682508,00|1632837272572|Fundrise
75618|4819134175774775764|58512421,00|1641585870164|Peerform
21990232561139|4913709767949556181|18756125,00|1670695954183|US Bank
8796093057827|4906109943578368470|55400970,00|1668337536125|Avant
2199023301171|4800838302288583127|35784510,00|1635981769982|State Farm Bank
15393162844483|4871207046466247128|55644873,00|1657644657390|Peerform
2199023321171|4917650417623505369|65101878,00|1671897693728|SunTrust
2199023321171|4784512753639365082|98071381,00|1631005688205|BlueVine
2199023321171|4772690804617517531|90273315,00|1627382694640|Rocket Loans
2199023321171|4680367012256422364|95160165,00|1598947892957|Citibank
19791209305588|4874021796233353693|46127226,00|1658464182753|TD Bank
19791209305588|4919339267483769310|88700127,00|1672392308513|BlueVine
19791209305588|4854037072886897119|68732618,00|1652368120052|Upstart
13194139548932|4799993877358451168|90701409,00|1635739055580|Fundrise
13194139548932|4838555949167811041|2416893,00|1647577110387|Peerform
21990232591140|4868392296699140578|2391528,00|1656780335286|Bank of America
21990232591140|4917650417623505379|98085536,00|1671845922199|SunTrust
21990232591140|4863325747118348772|89634848,00|1655177607193|Discover
8796093067828|4846155773538998757|22557219,00|1649920484199|PNC Bank
13194139588932|4788734878290024934|51006393,00|1632241426611|TD Bank
13194139588932|4850659373166369255|18737937,00|1651304782890|Kabbage
35621|4867547871769008616|42233333,00|1656469677016|BlueVine
35621|4844748398655445481|21753854,00|1649460897764|Fundbox
35621|4907798793438632426|10435941,00|1668896356093|US Bank
2199023301173|4918494842553637355|83276391,00|1672182492298|Peerform
2199023301173|4799993877358451180|77472098,00|1635737874597|US Bank
2199023301173|4907517318461921773|16679885,00|1668788736016|Peerform
2199023301173|4907798793438632430|10158100,00|1668847761246|RealtyMogul
6597069832277|4709921884811041263|78157068,00|1608046988499|Avant
6597069832277|4828704324982938096|90306008,00|1644543593734|PNC Bank
6597069832277|4739195282388949489|41287138,00|1617061438619|Roofstock
17592186120037|4918213367576926706|8002971,00|1672083201079|US Bank
13194139538934|4880214245720988147|10461062,00|1660358709259|OnDeck
13194139538934|4908924693345475060|29826369,00|1669165784000|Rocket Loans
13194139538934|4769876054850410997|28009340,00|1626454177042|OnDeck
26388279082246|4912865343019424246|90879010,00|1670414986153|Funding Circle
10995116313382|4909487643298896375|4097692,00|1669364968127|Marcus by Goldman Sachs
10995116323382|4739195282388949496|69558829,00|1617072622555|Patch of Land
2199023311174|4836304149354125817|66282281,00|1646863410037|LendingPoint
2199023311174|4694159286115244538|32544746,00|1603234796830|Citibank
2199023311174|4760868855595670011|72697966,00|1623685589594|Patch of Land
2199023311174|4876273596047038972|26422204,00|1659205162397|Capital One
4398046586726|4831519074750044669|90716208,00|1645391281397|Fundbox
15393162814487|4916243042739952126|25429200,00|1671483276887|LightStream
15393162814487|4914272717902977535|33164188,00|1670855604147|Best Egg
15393162814487|4801401252242004480|1508182,00|1636139024707|Avant
8796093057831|4879088345814145537|6167312,00|1660073286832|Discover
55623|4883591945441516034|65284616,00|1661439803132|Bank of America
55623|4653063939515488771|41197330,00|1590583595637|LightStream
55623|4687685361650899460|5331461,00|1601270981176|Marcus by Goldman Sachs
55623|4724840058576706053|96263299,00|1612632502003|Fundrise
8796093037832|4863044272141638150|83990620,00|1655089235346|Upstart
8796093037832|4838555949167811079|83867715,00|1647604619051|American Express
8796093037832|4854600022840318472|5534673,00|1652533129968|Funding Circle
8796093037832|4743135932062898697|74947893,00|1618230764426|BlueVine
15393162814488|4901887818927708682|4499073,00|1667014078287|OnDeck
15393162814488|4911739443112581643|65896215,00|1670099858723|State Farm Bank
15393162814488|4835178249447283212|13662114,00|1646509909077|Prosper
26388279132248|4896258319393495565|39390207,00|1665292928096|TD Bank
4398046586728|4713018109554858510|76722047,00|1609046557346|Upgrade
17592186060041|4822511875495303695|23938181,00|1642678152694|TD Bank
13194139568937|4840807748981496336|1862254,00|1648282274598|State Farm Bank
13194139568937|4757209680898431505|67441452,00|1622579293714|Kabbage
8796093087833|4730469558110919186|77906046,00|1614411615176|Prosper
24189255886697|4907235843485211155|42940148,00|1668722821659|Best Egg
24189255886697|4893443569626389012|11446798,00|1664437716800|LendingPoint
21990232561146|4876836546000460309|8210264,00|1659315605588|Peerform
15393162804490|4772409329640806934|11995315,00|1627264554187|American Express
15393162804490|4842215123865049623|42126146,00|1648672333225|Patch of Land
15393162804490|4902169293904419352|30319731,00|1667107259911|Fundbox
15393162804490|4916524517716662809|27333331,00|1671556106529|TD Bank
6597069802282|4766216880153172506|47384377,00|1625399327073|SoFi
6597069802282|4883873420418226715|59925147,00|1661503415400|BlueVine
6597069802282|4748483956620401180|5959479,00|1619919114775|Peerform
17592186090042|4907517318461921821|6599520,00|1668752347764|Marcus by Goldman Sachs
15393162864490|4914554192879688222|75070179,00|1670925980566|Fundrise
15393162864490|4801682727218715167|18106484,00|1636218904866|Citibank
15393162864490|4894569469533231648|332368,00|1664787674000|Avant
15393162864490|4897665694277048865|30090266,00|1665722472935|US Bank
26388279072251|4907798793438632482|46047834,00|1668854919719|Bank of America
21990232581147|4891754719766125091|4482052,00|1663954862642|TD Bank
21990232581147|4903858143764683300|49418705,00|1667622853796|LendingPoint
21990232581147|4901043393997576741|35814862,00|1666799737722|Fundbox
4398046556731|4901043393997576742|58881476,00|1666737164421|Rocket Loans
4398046556731|4773535229547649575|38058560,00|1627610080759|LendingPoint
4398046556731|4860510997351242280|17959904,00|1654320505736|Earnest
19791209365595|4878243920884013609|20229945,00|1659814563470|LendingClub
19791209365595|4853474122933475882|96635638,00|1652150916360|Upstart
19791209365595|4852066748049922603|16416673,00|1651696061799|Wells Fargo
13194139608939|4835459724423993900|53588050,00|1646594362502|Upgrade
13194139538940|4787046028429761069|14867246,00|1631752965788|US Bank
6597069782284|4704855335230249518|10867568,00|1606489347034|Navy Federal Credit Union
19791209325596|4836867099307547183|30703635,00|1647021086625|RealtyMogul
10995116313388|4855725922747161136|38455506,00|1652829279623|Upgrade
10995116313388|4841652173911628337|22291092,00|1648515915297|Prosper
10995116313388|4819978600704907826|52946038,00|1641883567699|Roofstock
10995116313388|4885843745255201331|76120221,00|1662133072263|TD Bank
24189255856700|4919057792507058740|1776865,00|1672274128184|LendingClub
8796093077836|4807030751776217653|36586858,00|1637874626499|Earnest
8796093077836|4907235843485211190|69347456,00|1668660415868|OnDeck
8796093077836|4734973157738289719|5630360,00|1615795310449|Wells Fargo
28587302387804|4913991242926266936|33219240,00|1670718047685|Funding Circle
17592186120044|4917650417623505465|70791368,00|1671885447664|Capital One
17592186120044|4904421093718104634|52908183,00|1667847223811|Patch of Land
17592186120044|4857977722560846395|37980845,00|1653512285000|OnDeck
19791209345597|4886688170185333308|82980105,00|1662388702282|LightStream
19791209345597|4884999320325069373|17127444,00|1661807874232|RealtyMogul
19791209345597|4833207924610308670|51149935,00|1645960086219|LightStream
28587302387805|4903013718834551359|46043968,00|1667375887703|SoFi
15393162794494|4831519074750044736|54348051,00|1645438072750|Chase Bank
15630|4687403886674188865|43520509,00|1601108587762|Wells Fargo
15630|4647997389934697026|96389844,00|1589046551192|Funding Circle
15630|4904421093718104643|57473235,00|1667818854875|Avant
17592186070046|4915961567763241540|25494547,00|1671334927553|SunTrust
17592186070046|4887532595115465285|54394663,00|1662652355658|US Bank
17592186070046|4796616177637923398|60705949,00|1634659891754|LendingPoint
19791209345598|4832082024703466055|23777640,00|1645610530417|Fundrise
19791209345598|4900761919020866120|16608647,00|1666669138374|Chase Bank
19791209345598|4913146817996134985|68138931,00|1670539595097|State Farm Bank
19791209345598|4875992121070328394|89851294,00|1659092238805|Discover
17592186100046|4872895896326511179|64397847,00|1658095697143|American Express
17592186100046|4837430049260968524|91807679,00|1647238634059|SoFi
17592186100046|4836022674377415245|6439162,00|1646804095937|PNC Bank
17592186100046|4910613543205739086|26762793,00|1669681102827|RealtyMogul
6597069832286|4727654808343812687|36192072,00|1613512150161|OnDeck
26388279082255|4903295193811262032|70048045,00|1667487832636|Capital One
26388279082255|4895976844416784977|18674583,00|1665213516888|OneMain Financial
26388279082255|4887251120138754642|70833454,00|1662560133672|US Bank
26388279082255|4871207046466247251|23688187,00|1657638095751|US Bank
21990232591151|4913709767949556308|32853310,00|1670660000373|State Farm Bank
21990232591151|4909206168322185813|95481174,00|1669293825109|OneMain Financial
21990232591151|4867829346745719382|79508465,00|1656584631766|Rocket Loans
17592186090047|4819978600704907863|77281931,00|1641852035852|Rocket Loans
55631|4904984043671525976|82531069,00|1667988202258|Rocket Loans
6597069832287|4864733122001902169|45570186,00|1655606374365|PNC Bank
6597069832287|4729906608157497946|11584022,00|1614171323358|PNC Bank
6597069832287|4827015475122674267|69512377,00|1643995023059|Funding Circle
13194139538944|4872614421349800540|76796125,00|1658031922029|Patch of Land
13194139538944|4861073947304663645|21992262,00|1654470648430|LightStream
19791209315600|4860792472327952990|38886204,00|1654392424908|Funding Circle
28587302367808|4917368942646794847|82880461,00|1671830874664|Roofstock
8796093087840|4765653930199751264|47648132,00|1625207771285|Upstart
15393162804497|4849814948236237409|57180870,00|1651056650687|Avant
15393162804497|4791268153080420962|51325973,00|1633030926708|Peerform
15393162804497|4916524517716662883|52067661,00|1671531354397|RealtyMogul
21990232601153|4867266396792298084|95984027,00|1656412428545|PNC Bank
21990232601153|4887532595115465317|92780385,00|1662638842501|Avant
21990232601153|4847281673445841510|18591919,00|1650284503043|LightStream
21990232601153|4893443569626389095|26780736,00|1664435596216|OneMain Financial
24189255866705|4916805992693373544|61848423,00|1671657580781|TD Bank
24189255866705|4911739443112581737|92918910,00|1670089719823|Funding Circle
4398046586737|4919620742460480106|94493342,00|1672462469179|Chase Bank
4398046586737|4695003711045376619|16841485,00|1603470256368|Discover
13194139538946|4901606343950998124|98053606,00|1666920799822|Prosper
6597069812290|4800275352335161965|36414463,00|1635781208269|LendingPoint
30786325633362|4917087467670084206|97362856,00|1671703673732|SunTrust
30786325633362|4916524517716662895|7528001,00|1671549247031|OneMain Financial
8796093087842|4809282551589902960|78455192,00|1638596397940|Earnest
24189255826707|4869518196605983345|42648522,00|1657079429772|Kabbage
4398046546739|4672204237931813490|53802045,00|1596497720466|BlueVine
4398046546739|4852629698003343987|42806383,00|1651921684650|Prosper
13194139588947|4905265518648236660|64201080,00|1668043754569|Navy Federal Credit Union
13194139588947|4797460602568055413|62516073,00|1634963154402|Capital One
10995116343395|4877118020977171062|86456113,00|1659410403324|BlueVine
10995116343395|4771564904710675063|17977249,00|1626998977202|OneMain Financial
10995116343395|4773535229547649656|89645173,00|1627594776702|Marcus by Goldman Sachs
10995116343395|4722588258763020921|88950296,00|1611975871176|Wells Fargo
26388279072260|4917087467670084218|32472776,00|1671687035787|LendingClub
8796093037844|4793801427870816891|36961757,00|1633806429955|US Bank
8796093037844|4894569469533231740|8967345,00|1664831542400|Citibank
8796093037844|4713299584531569277|99154395,00|1609060245678|Rocket Loans
8796093037844|4837148574284257918|76188588,00|1647173968186|Best Egg
24189255856708|4883591945441516159|75367971,00|1661390528837|Discover
24189255856708|4879651295767566976|14199173,00|1660165614233|American Express
24189255856708|4895976844416785025|29968850,00|1665213517297|Bank of America
10995116333396|4769313104896989826|54124334,00|1626293540043|Rocket Loans
10995116343396|4798305027498187395|91340755,00|1635215741587|Best Egg
10995116343396|4839118899121232516|28437375,00|1647758504579|Upgrade
10995116343396|4791549628057131653|77449653,00|1633179583244|SunTrust
19791209375604|4831800549726755462|15918487,00|1645498968730|LendingPoint
19791209375604|4865859021908744839|70769980,00|1655929376478|TD Bank
19791209375604|4884999320325069448|85218585,00|1661890973882|Funding Circle
8796093027845|4729906608157497993|98438569,00|1614213771791|Fundbox
8796093027845|4843622498748603018|70464431,00|1649113896783|Peerform
8796093027845|4722869733739731595|78238519,00|1612004994728|LendingPoint
19791209325605|4882184570557962892|42014117,00|1661019609231|Roofstock
19791209325605|4859666572421110413|79375959,00|1654029189230|Rocket Loans
26388279112261|4881621620604541582|36433314,00|1660832771651|Kabbage
26388279112261|4886688170185333391|67356589,00|1662372741283|Upstart
26388279112261|4877399495953881744|94966270,00|1659499104383|Bank of America
17592186050054|4873458846279932561|77623069,00|1658308321092|Peerform
17592186050054|4789860778196867730|51560688,00|1632623441618|Bank of America
17592186050054|4853474122933475987|14904971,00|1652165451369|Marcus by Goldman Sachs
30786325603366|4912020918089292436|82572061,00|1670171235480|Chase Bank
4398046556742|4883591945441516181|9995134,00|1661385547744|Peerform
6597069822294|4715832859321965206|16446942,00|1609845416130|SoFi
6597069822294|4833207924610308759|5950646,00|1645898480664|OneMain Financial
6597069822294|4811534351403588248|70195283,00|1639240255357|Patch of Land
6597069832294|4720336458949335705|14343336,00|1611300833191|Funding Circle
2199023271191|4773253754570939034|25207352,00|1627495060488|American Express
13194139558951|4827296950099384987|749427,00|1644140027613|Citibank
13194139558951|4818571225821354652|16492387,00|1641473634212|Roofstock
13194139558951|4870925571489536669|61817574,00|1657499637805|Roofstock
13194139558951|4868110821722430110|48762841,00|1656656714607|Upstart
4398046546743|4811252876426877599|18148451,00|1639171336090|Bank of America
13194139578951|4786483078476339872|44400413,00|1631609161530|Discover
13194139578951|4808438126659771041|17034322,00|1638319532125|Navy Federal Credit Union
5640|4660382288909965986|1813466,00|1592812525120|Rocket Loans
13194139558952|4892599144696257187|45139718,00|1664198374462|US Bank
13194139558952|4874584746186775204|7510379,00|1658685128749|Upstart
10995116323400|4754394931131325093|32003524,00|1621704870668|Best Egg
26388279082265|4915117142833109670|52705009,00|1671094993193|Navy Federal Credit Union
26388279082265|4877962445907303079|14101517,00|1659685136995|Capital One
26388279082265|4890910294835993256|64338836,00|1663671519501|Kabbage
10995116303401|4786483078476339881|73270972,00|1631571061175|BlueVine
10995116303401|4790705203126999722|33331467,00|1632912747322|LightStream
10995116303401|4890628819859282603|97103280,00|1663577900347|Patch of Land
10995116303401|4781416528895548076|56444335,00|1630021393069|Patch of Land
15393162834505|4909769118275607213|12750024,00|1669444827745|Kabbage
15393162834505|4896821269346917038|40615045,00|1665516844246|LendingClub
15393162834505|4839400374097943215|82435832,00|1647820673958|SunTrust
2199023321193|4785357178569497264|20109746,00|1631280711586|OnDeck
19791209375609|4848407573352684209|40271986,00|1650583313868|OnDeck
24189255816714|4888658495022308018|21141924,00|1662958926227|Best Egg
13194139548954|4773253754570939059|95861403,00|1627545937839|OnDeck
13194139548954|4836304149354126004|82963927,00|1646915110861|Prosper
13194139548954|4812660251310430901|63615402,00|1639602210530|Roofstock
28587302347818|4912020918089292470|20034325,00|1670176139514|OneMain Financial
28587302347818|4910050593252317879|68270114,00|1669589720390|Kabbage
28587302347818|4917087467670084280|15209007,00|1671691335279|BlueVine
28587302347818|4903295193811262137|81310507,00|1667455945580|PNC Bank
28587302357818|4906391418555079354|60399422,00|1668397551821|Discover
2199023321194|4826452525169253051|60780664,00|1643879626631|Funding Circle
2199023321194|4777475879221598908|74507969,00|1628785827949|Roofstock
2199023321194|4877118020977171133|85258940,00|1659445224317|Avant
2199023321194|4770439004803832510|58165330,00|1626646229929|Navy Federal Credit Union
2199023331194|4689937161464584895|67659185,00|1601959164042|Wells Fargo
2199023331194|4659256389003123392|3318939,00|1592468016815|Roofstock
2199023331194|4708795984904198849|1272981,00|1607676785810|Kabbage
17592186050059|4885843745255201474|46475844,00|1662104942187|Bank of America
24189255826715|4909769118275607235|11762809,00|1669451854843|Rocket Loans
24189255826715|4909206168322185924|44312268,00|1669251281888|Best Egg
24189255826715|4896539794370206405|21967379,00|1665410287345|Best Egg
24189255826715|4875992121070328518|9278903,00|1659057063716|OnDeck
17592186080059|4801401252242004679|22055988,00|1636176731635|Capital One
13194139588955|4824200725355567816|61075083,00|1643170894214|LendingPoint
13194139588955|4834333824517151433|91106132,00|1646270827962|Wells Fargo
24189255836716|4877399495953881802|10202630,00|1659538280757|American Express
24189255836716|4869518196605983435|40131681,00|1657074897863|American Express
26388279102268|4918494842553637580|7447440,00|1672134752255|OneMain Financial
26388279102268|4910050593252317901|36098814,00|1669561776690|US Bank
30786325623372|4919620742460480206|662431,00|1672527179225|Avant
30786325623372|4918213367576926927|91756474,00|1672076553087|Citibank
30786325623372|4916524517716662992|18783681,00|1671510993584|Citibank
21990232611164|4854881497817029329|50272670,00|1652602434851|Funding Circle
17592186110060|4816600900984380114|64885917,00|1640836200408|Earnest
75644|4825608100239121107|39801338,00|1643575274150|Discover
75644|4918776317530348244|17756665,00|1672222219848|Marcus by Goldman Sachs
75644|4731876932994472661|36971850,00|1614820553925|LightStream
8796093027853|4817445325914512086|37678414,00|1641087998410|Bank of America
8796093027853|4814349101170694871|62878818,00|1640164933062|Patch of Land
8796093027853|4740884132249213656|36171300,00|1617602606462|TD Bank
8796093027853|4827859900052806361|81155490,00|1644288521404|RealtyMogul
17592186070061|4853755597910186714|86798307,00|1652228130576|State Farm Bank
17592186070061|4907235843485211355|61186553,00|1668724252995|Fundrise
17592186070061|4852911172980054748|16968834,00|1651997186504|TD Bank
17592186080061|4883591945441516253|60966163,00|1661386431111|Best Egg
17592186080061|4903576668787972830|27356884,00|1667564770041|Upgrade
17592186100061|4905546993624947423|82900480,00|1668183519562|State Farm Bank
17592186100061|4825045150285699808|99356892,00|1643398574782|Roofstock
17592186100061|4875429171116907233|22019830,00|1658937881944|Citibank
17592186100061|4890347344882572002|64146942,00|1663527184978|LendingPoint
10995116343405|4886406695208622819|31463715,00|1662274924990|Fundrise
10995116343405|4751298706387507940|19997137,00|1620761444860|Avant
10995116343405|4738069382482107109|50667573,00|1616696573979|Peerform
10995116343405|4823919250378857190|29676491,00|1643097101065|American Express
26388279142269|4873740321256643303|3673851,00|1658392886437|American Express
26388279142269|4894287994556521192|34009050,00|1664685277804|OneMain Financial
19791209315614|4901887818927708905|50671390,00|1667045913190|State Farm Bank
19791209315614|4919620742460480234|21808864,00|1672448980511|LendingPoint
19791209315614|4882466045534673643|79287426,00|1661041686618|Upstart
28587302357822|4894287994556521196|18439024,00|1664704837111|TD Bank
28587302357822|4901324868974287597|85278804,00|1666885346773|Kabbage
28587302357822|4911457968135871214|52962044,00|1670015026543|Earnest
28587302357822|4895976844416785135|11150284,00|1665207406857|Discover
45646|4861355422281374448|70893361,00|1654592623119|OneMain Financial
45646|4720054983972625137|49742548,00|1611171560647|Prosper
45646|4663759988630493938|65660123,00|1593840584380|Best Egg
19791209365614|4862481322188217075|47380128,00|1654975435752|Bank of America
2199023331198|4680648487233133300|39033954,00|1599027523203|Upgrade
2199023331198|4822511875495303925|34673358,00|1642658538916|Roofstock
15393162794511|4850659373166369526|9021582,00|1651274304006|LendingPoint
15393162794511|4806467801822796535|43460486,00|1637700923769|Fundrise
15393162794511|4806749276799507192|51579594,00|1637808468285|Best Egg
19791209315615|4882466045534673657|82999417,00|1661102033493|LendingPoint
19791209315615|4856851822654003962|36596303,00|1653207720126|US Bank
24189255846719|4914554192879688443|32796318,00|1670920383914|Fundbox
24189255846719|4913991242926267132|25053375,00|1670735947448|TD Bank
24189255846719|4897665694277049085|40968257,00|1665782129764|Citibank
8796093067855|4858259197537557246|48021247,00|1653655569305|LightStream
8796093067855|4805341901915953919|83313076,00|1637403645767|PNC Bank
8796093067855|4915117142833109760|68460951,00|1671079587735|Navy Federal Credit Union
26388279142271|4884436370371648257|72226779,00|1661698793825|Capital One
4398046526752|4855725922747161346|2026535,00|1652881187176|Funding Circle
4398046546752|4830956124796623619|16142044,00|1645254571184|OnDeck
4398046546752|4913991242926267140|41203836,00|1670797448287|LendingPoint
4398046546752|4740884132249213701|48037965,00|1617579316119|Rocket Loans
45648|4779446204058573574|93219774,00|1629409775497|LendingClub
45648|4789297828243446535|70749101,00|1632407434278|Patch of Land
45648|4672485712908524296|7651430,00|1596563015261|Capital One
10995116333408|4814630576147405577|6360767,00|1640273674563|BlueVine
6597069842304|4822793350472014602|34902739,00|1642714552785|SunTrust
6597069842304|4754113456154614539|81852975,00|1621619346106|Navy Federal Credit Union
6597069842304|4862762797164927756|57939516,00|1655034577154|Discover
6597069842304|4768750154943568653|46224266,00|1626098767225|Marcus by Goldman Sachs
8796093037857|4731595458017762062|15430057,00|1614711717249|Fundrise
8796093037857|4866140496885455631|50630595,00|1656050456963|Discover
8796093037857|4755239356061457168|38841492,00|1622024822299|Fundbox
8796093037857|4750454281457376017|32745452,00|1620485837168|Patch of Land
15393162814513|4868110821722430226|42062691,00|1656637344965|LendingClub
8796093057857|4816600900984380179|58408209,00|1640876834528|SoFi
8796093057857|4919339267483769620|5436070,00|1672379837060|Roofstock
8796093057857|4730188083134208789|4613192,00|1614322194282|OnDeck
21990232601169|4894287994556521238|61632167,00|1664695263510|OneMain Financial
21990232601169|4851785273073212183|87272841,00|1651627460772|Wells Fargo
21990232601169|4872051471396379416|21172813,00|1657876755461|Discover
21990232601169|4913146817996135193|84672936,00|1670494173105|TD Bank
13194139588961|4790986678103710490|70430091,00|1632988714612|US Bank
13194139588961|4786201603499629339|61202506,00|1631520224977|Navy Federal Credit Union
13194139588961|4896258319393495836|47243085,00|1665320579050|LendingClub
6597069832305|4827015475122674461|23304962,00|1644014247925|State Farm Bank
6597069832305|4756083780991589150|87744483,00|1622283153158|Funding Circle
8796093047858|4872051471396379423|84654820,00|1657891960377|Upstart
8796093047858|4734973157738289952|719575,00|1615792324861|Roofstock
8796093047858|4860510997351242529|60731683,00|1654317312802|Earnest
26388279112274|4889784394929150754|46768396,00|1663360365252|Patch of Land
2199023311202|4909206168322186019|73407104,00|1669268845821|State Farm Bank
2199023311202|4810126976520035108|25830352,00|1638862575139|Peerform
24189255876722|4861073947304663845|30009674,00|1654523038890|OneMain Financial
24189255876722|4874584746186775334|81059957,00|1658691998745|Navy Federal Credit Union
24189255876722|4883591945441516327|34385608,00|1661453930807|Best Egg
24189255876722|4897102744323627816|5077938,00|1665595281907|Prosper
17592186120066|4856007397723872041|82752503,00|1652914203884|SunTrust
17592186120066|4898510119207181098|56440464,00|1665971090725|Prosper
17592186050067|4809282551589903147|85450972,00|1638612840354|Navy Federal Credit Union
17592186050067|4802245677172136748|55783529,00|1636429734386|SunTrust
24189255846723|4907798793438632749|3214939,00|1668884400659|SunTrust
17592186090067|4831237599773334318|4457703,00|1645318218945|Discover
17592186090067|4815756476054248239|74758642,00|1640538830073|SoFi
17592186090067|4844748398655445808|20743475,00|1649525037318|Funding Circle
17592186100067|4902732243857840945|27515542,00|1667311720080|Marcus by Goldman Sachs
17592186100067|4829548749913070386|17124458,00|1644849661584|Upgrade
17592186100067|4880777195674409779|74391898,00|1660576289798|SunTrust
17592186100067|4805341901915953972|53100532,00|1637342845196|BlueVine
2199023331203|4799712402381740853|42379611,00|1635618011939|Upgrade
28587302327828|4913991242926267190|54428995,00|1670755891228|Citibank
28587302327828|4918494842553637687|22320051,00|1672151116349|Citibank
28587302327828|4917650417623505720|90457351,00|1671889406798|LendingPoint
28587302327828|4909487643298896697|39369730,00|1669401153199|Fundbox
10995116293412|4848970523306105658|79656811,00|1650813715523|Earnest
19791209345620|4837430049260968763|17475892,00|1647230872907|Roofstock
19791209345620|4862762797164927804|3034522,00|1655049806226|Capital One
19791209345620|4842496598841760573|25686677,00|1648831242315|Rocket Loans
15393162854516|4816319426007669566|5968600,00|1640722138697|Navy Federal Credit Union
15393162854516|4868110821722430271|12195306,00|1656645430342|Fundbox
10995116353412|4801119777265294144|13916137,00|1636066411489|Upgrade
8796093047861|4774942604431203137|23521351,00|1628059062344|BlueVine
15393162824517|4801964202195426114|19540777,00|1636370035963|Funding Circle
15393162824517|4801401252242004803|82056838,00|1636150062294|Avant
26388279122277|4888658495022308164|45393665,00|1663006785225|Navy Federal Credit Union
6597069832309|4719773508995914565|91271930,00|1611100804333|Citibank
13194139608965|4824763675308989254|57576654,00|1643306733465|Upstart
28587302337830|4919339267483769671|78138530,00|1672363540108|Funding Circle
4398046556758|4667137688351021896|55611511,00|1594926426079|TD Bank
4398046556758|4829830224889781065|23104470,00|1644868016109|Marcus by Goldman Sachs
17592186110070|4911457968135871306|68010093,00|1670021840918|Bank of America
17592186110070|4852348223026633547|73420102,00|1651855890542|Upgrade
75654|4889502919952440140|98574833,00|1663267876488|OnDeck
75654|4825889575215831885|10730705,00|1643655243097|American Express
75654|4822511875495304014|81774035,00|1642690123066|Peerform
8796093027863|4749891331503954767|54128108,00|1620326283492|Prosper
2199023311207|4764528030292908880|46069553,00|1624873459635|Discover
28587302397831|4914554192879688529|18605486,00|1670923131213|Rocket Loans
28587302397831|4918213367576927058|46582198,00|1672049940527|Upgrade
28587302397831|4907798793438632787|54280980,00|1668882033151|RealtyMogul
28587302347832|4913709767949556564|29535020,00|1670709955583|SoFi
28587302347832|4905828468601658197|82057504,00|1668240180753|Capital One
4398046546760|4785920128522918742|27459936,00|1631442108563|Upgrade
4398046546760|4837148574284258135|11514548,00|1647116574490|OnDeck
26388279112280|4891473244789414744|46237329,00|1663851774128|Patch of Land
26388279112280|4912302393066003289|95381379,00|1670228310192|Bank of America
26388279112280|4911457968135871322|41583462,00|1669985773113|BlueVine
26388279112280|4886969645162044251|83579349,00|1662456433852|Capital One
4398046566760|4701477635509721948|42593647,00|1605447170105|Peerform
4398046576760|4735254632715000669|1913336,00|1615815968084|RealtyMogul
26388279072281|4892036194742836062|70497368,00|1664029872587|Marcus by Goldman Sachs
26388279072281|4892599144696257375|78387805,00|1664148560832|TD Bank
26388279072281|4911176493159160672|21803348,00|1669893447224|Wells Fargo
21990232571177|4861355422281374561|75167021,00|1654590174223|Citibank
8796093047865|4774661129454492514|29376329,00|1627914426977|SunTrust
4398046546761|4871207046466247523|36102832,00|1657621686680|Best Egg
4398046546761|4723151208716442468|65656023,00|1612128024664|Roofstock
28587302387833|4901606343950998373|33065493,00|1666915248849|LightStream
28587302387833|4916805992693373798|9702487,00|1671608553234|Roofstock
28587302387833|4902732243857840999|55457687,00|1667322499164|State Farm Bank
28587302387833|4910050593252318056|15760670,00|1669582428501|RealtyMogul
30786325593386|4917087467670084457|57705690,00|1671751139455|OneMain Financial
30786325593386|4914554192879688554|23495694,00|1670941640734|TD Bank
30786325593386|4912865343019424619|15837653,00|1670428540353|LightStream
30786325593386|4912302393066003308|74564902,00|1670212968959|Prosper
21990232581178|4839681849074654061|48522657,00|1647946339389|Rocket Loans
21990232581178|4912865343019424622|97046362,00|1670378342814|TD Bank
21990232581178|4906954368508500847|27404667,00|1668631908530|American Express
21990232581178|4896539794370206576|89938182,00|1665412968995|Patch of Land
6597069812314|4751017231410797425|21009105,00|1620715330505|TD Bank
30786325633386|4916805992693373810|84565352,00|1671658790102|Upgrade
19791209365626|4904421093718104947|50587464,00|1667861116574|American Express
19791209365626|4871488521442958196|88891239,00|1657739054215|Upstart
2199023261211|4806749276799507317|27406759,00|1637788315633|Patch of Land
28587302337835|4915398617809820534|12090810,00|1671181282879|Upstart
28587302337835|4919620742460480375|57923636,00|1672509681161|BlueVine
28587302337835|4919620742460480376|54161547,00|1672469355457|Funding Circle
6597069812315|4870644096512826233|25657240,00|1657461264269|OneMain Financial
6597069812315|4740884132249213818|25447671,00|1617539708608|US Bank
10995116333419|4884154895394937723|75491878,00|1661622743048|Earnest
10995116333419|4802245677172136828|61839031,00|1636452451271|Marcus by Goldman Sachs
24189255876731|4847844623399263101|95875158,00|1650478639054|Roofstock
24189255876731|4893725044603100030|17799874,00|1664532330117|OneMain Financial
24189255876731|4880777195674409855|99780501,00|1660534850995|Fundbox
24189255876731|4886406695208622976|77163006,00|1662268754771|Fundbox
5660|4913146817996135297|89351550,00|1670541640225|SoFi
5660|4679241112349580162|32106757,00|1598595315225|BlueVine
6597069782316|4721462358856178563|34941515,00|1611576762662|Fundrise
6597069782316|4787608978383182724|32613851,00|1631897893646|Discover
6597069782316|4784512753639365509|57104029,00|1630988213708|Patch of Land
26388279092284|4912865343019424646|85941019,00|1670398727187|Prosper
26388279092284|4893443569626389383|27462517,00|1664442281884|LendingClub
15393162824524|4843903973725313928|87676346,00|1649243025287|Earnest
15393162824524|4835741199400704905|69538547,00|1646755099218|Funding Circle
15393162824524|4792394052987263882|77847063,00|1633417295513|Best Egg
15393162824524|4806467801822796683|70144615,00|1637732492119|RealtyMogul
10995116323420|4885562270278491020|43317892,00|1662047547574|American Express
10995116323420|4816037951030958989|45525504,00|1640632515742|Earnest
10995116323420|4757772630851853198|70910132,00|1622751219496|State Farm Bank
10995116323420|4789860778196867983|1848076,00|1632619098292|LendingPoint
26388279122284|4890347344882572176|36116086,00|1663521761317|BlueVine
26388279122284|4902450768881130385|68754667,00|1667170855142|Upgrade
26388279122284|4889502919952440210|35891785,00|1663246760397|Capital One
17592186110076|4917931892600216467|19778395,00|1671964766720|LendingPoint
21990232561181|4891191769812704148|70728285,00|1663716044987|LendingPoint
17592186060077|4827578425076095893|55599729,00|1644244969146|American Express
17592186060077|4812378776333720470|52678344,00|1639546322161|SunTrust
19791209345629|4918494842553637783|90438214,00|1672128306474|Chase Bank
19791209345629|4887251120138754968|60389296,00|1662565416488|Avant
19791209345629|4837711524237679513|66896186,00|1647347110569|LightStream
24189255876733|4907235843485211546|14933956,00|1668690589595|Navy Federal Credit Union
24189255876733|4915398617809820571|161084,00|1671229346992|SunTrust
24189255876733|4876273596047039388|4423577,00|1659166391051|OnDeck
21990232631181|4843059548795181981|25182695,00|1648980320123|Discover
10995116283422|4903295193811262366|71194493,00|1667455849703|SunTrust
15393162804526|4874584746186775455|97800366,00|1658656435518|Best Egg
8796093057870|4793519952894106528|81195889,00|1633758114523|Citibank
8796093057870|4766779830106594209|59400344,00|1625565002754|LightStream
8796093057870|4814067626193984418|90070890,00|1640086663024|SoFi
8796093057870|4817163850937801635|1451295,00|1640975067710|Navy Federal Credit Union
15393162854526|4838274474191100836|38709079,00|1647503938735|Patch of Land
8796093097870|4820260075681618853|26983434,00|1641921351661|Rocket Loans
8796093097870|4897102744323627942|68004417,00|1665578406235|TD Bank
8796093097870|4887532595115465639|3065476,00|1662655873827|Rocket Loans
8796093097870|4783668328709233576|53360909,00|1630691894982|State Farm Bank
17592186050079|4905546993624947625|43813533,00|1668159034523|State Farm Bank
17592186050079|4914835667856399274|95278933,00|1671039304365|Best Egg
4398046536767|4867547871769009067|68714730,00|1656491479616|Bank of America
4398046536767|4752987556247772076|25309280,00|1621304560348|PNC Bank
15393162824527|4839681849074654125|52939012,00|1647889779042|BlueVine
15393162824527|4813504676240563118|8411117,00|1639922954117|Capital One
17592186090079|4879651295767567279|24020647,00|1660192205706|Chase Bank
10995116333423|4849814948236237744|97116657,00|1651042757856|Chase Bank
10995116333423|4751017231410797489|13345798,00|1620692144078|RealtyMogul
10995116333423|4896539794370206642|10394093,00|1665388971007|Patch of Land
13194139598975|4859948047397821363|63613525,00|1654114838460|Fundbox
30786325583392|4913991242926267316|68588641,00|1670761125743|Roofstock
30786325583392|4919057792507059125|65545299,00|1672338212872|American Express
30786325593392|4918494842553637814|11375195,00|1672106088870|Prosper
24189255836736|4913146817996135351|45893701,00|1670477821698|Earnest
24189255836736|4896258319393495992|88858190,00|1665280246484|Prosper
24189255836736|4902732243857841081|79048689,00|1667292920879|SunTrust
10995116323424|4856570347677293498|99698006,00|1653108117557|RealtyMogul
10995116323424|4793238477917395899|17719059,00|1633689573509|Discover
10995116323424|4779164729081863100|29153903,00|1629297370432|US Bank
10995116323424|4830956124796623805|57807938,00|1645239096753|Peerform
4398046576768|4780853578942127038|27286020,00|1629896912040|Avant
24189255886736|4864451647025191871|82676698,00|1655524312511|Bank of America
24189255886736|4876555071023750080|543477,00|1659267099829|Funding Circle
24189255886736|4881621620604541889|91975178,00|1660818897011|Fundrise
25665|4680929962209844162|86062832,00|1599166901161|Bank of America
25665|4869799671582694339|32011328,00|1657153076796|LendingPoint
25665|4661226713840098244|61774606,00|1593100143019|Fundrise
28587302357841|4911176493159160773|40821486,00|1669891218370|LendingPoint
4398046556769|4805341901915954118|39328713,00|1637382449753|Wells Fargo
4398046556769|4796334702661213127|30823339,00|1634612236700|Capital One
4398046556769|4856288872700582856|75833964,00|1653011597231|Capital One
8796093077873|4805623376892664777|81331709,00|1637464351739|Prosper
6597069832321|4874584746186775498|84815668,00|1658688707813|Fundbox
24189255816738|4898228644230470603|48281645,00|1665909348012|TD Bank
24189255816738|4909769118275607500|11970737,00|1669504329320|US Bank
24189255816738|4887251120138755021|53539914,00|1662565205324|Prosper
6597069842322|4888377020045597646|48851265,00|1662910231334|Citibank
6597069842322|4798023552521477071|38974205,00|1635168208586|RealtyMogul
17592186070083|4870925571489536976|32228086,00|1657549745951|LightStream
17592186070083|4882184570557963217|18101495,00|1661022706118|Upgrade
6597069802323|4705981235137092562|54671110,00|1606852493716|LendingPoint
10995116333427|4896539794370206675|61019331,00|1665419302252|Chase Bank
30786325653395|4917087467670084564|29733547,00|1671699266464|State Farm Bank
17592186060084|4905828468601658325|12978031,00|1668257162688|Navy Federal Credit Union
4398046556772|4756928205921721302|85243512,00|1622468603488|SunTrust
4398046556772|4868673771675851735|4967184,00|1656811208695|PNC Bank
4398046556772|4717240234205518808|29694921,00|1610285981676|State Farm Bank
4398046556772|4698099935789194201|39367097,00|1604449423474|LendingPoint
15393162864532|4863888697071770586|12982664,00|1655378960545|Marcus by Goldman Sachs
15393162864532|4908361743392054235|54417059,00|1668987846499|Wells Fargo
8796093027877|4857414772607425500|24110292,00|1653375878340|Kabbage
10995116293429|4760868855595670493|9250171,00|1623725960227|BlueVine
4398046536773|4873740321256643550|33180925,00|1658380619743|Peerform
21990232601189|4885280795301780447|32372186,00|1661970912494|LendingClub
30786325653397|4918494842553637856|42658683,00|1672178080887|OneMain Financial
30786325653397|4919620742460480481|45475714,00|1672520428467|Patch of Land
13194139548982|4844748398655445986|18061177,00|1649525018631|TD Bank
4398046546774|4859103622467689443|17984703,00|1653885080801|TD Bank
45670|4689937161464585188|96652422,00|1601955156847|LendingPoint
24189255866742|4870925571489536997|16467367,00|1657503823376|Best Egg
24189255866742|4916524517716663270|37480647,00|1671570640348|BlueVine
30786325643398|4919339267483769831|19638532,00|1672410471947|Bank of America
10995116283431|4913709767949556712|31858082,00|1670713761995|OnDeck
10995116283431|4905546993624947689|73669656,00|1668177631703|Roofstock
10995116283431|4749046906573822954|21129615,00|1620043589554|Marcus by Goldman Sachs
10995116283431|4744261831969741803|91890284,00|1618622283532|SunTrust
4398046546775|4789579303220157420|61804686,00|1632505927267|SoFi
4398046546775|4869236721629273069|56759549,00|1657010905586|US Bank
65671|4848126098375973870|38729435,00|1650479477930|Wells Fargo
24189255816744|4904702568694815727|1006678,00|1667903640996|US Bank
6597069782328|4861918372234796016|46822588,00|1654719159595|Rocket Loans
6597069782328|4793801427870817265|93300900,00|1633844288423|TD Bank
6597069782328|4901606343950998514|68863440,00|1666963590813|Kabbage
6597069782328|4862762797164927987|79643489,00|1654998193618|SunTrust
13194139558984|4878806870837435380|88071603,00|1659935759738|Fundbox
2199023311224|4863888697071770613|44526318,00|1655323466597|Kabbage
21990232621192|4910332068229028854|56366327,00|1669626610740|Chase Bank
17592186120088|4882184570557963255|58041559,00|1661020333976|Avant
15393162794537|4774379654477782008|52105916,00|1627900608199|Upstart
15393162794537|4896821269346917369|61024133,00|1665509159278|Capital One
15393162794537|4808438126659771386|87084040,00|1638286037823|Citibank
21990232581193|4893443569626389499|63867350,00|1664426563290|American Express
6597069802329|4740039707319081980|57147086,00|1617318264132|Bank of America
10995116323433|4731876932994472957|42046367,00|1614783677907|RealtyMogul
8796093077881|4823919250378857470|97285849,00|1643100714339|SunTrust
8796093077881|4713862534484990975|95860454,00|1609237522576|American Express
8796093077881|4895976844416785408|10588353,00|1665242947520|Prosper
21990232621193|4886969645162044417|29491660,00|1662425154054|Prosper
4398046526778|4722025308809600002|93311667,00|1611808335215|Chase Bank
4398046526778|4664604413560626179|13156871,00|1594142236910|Prosper
4398046526778|4692470436254981124|91384360,00|1602678885232|Citibank
4398046526778|4811252876426877957|29295415,00|1639203165045|SunTrust
4398046536778|4722869733739731974|94337002,00|1612009537306|Marcus by Goldman Sachs
10995116313434|4916805992693373959|78601947,00|1671642859058|Bank of America
10995116313434|4886125220231912456|3454152,00|1662154732713|Avant
10995116313434|4735254632715000841|85746014,00|1615807993117|SunTrust
10995116313434|4830393174843202570|62214864,00|1645043227092|Citibank
6597069832330|4813504676240563211|62746884,00|1639874639570|RealtyMogul
30786325653402|4917650417623505932|11624073,00|1671924838029|Upstart
24189255816747|4876555071023750157|98580877,00|1659299800802|Upgrade
24189255816747|4873458846279932942|11585022,00|1658302135618|Avant
24189255816747|4914835667856399375|95026339,00|1671021059186|Citibank
8796093037883|4786764553453050896|83331647,00|1631664869348|Capital One
24189255846747|4884154895394937873|61930297,00|1661565075412|Earnest
24189255856747|4889502919952440338|86273545,00|1663249781442|OnDeck
24189255856747|4917931892600216595|1100132,00|1672005092654|Fundbox
24189255856747|4903858143764683796|26141315,00|1667620897847|Bank of America
24189255856747|4868955246652562453|95884473,00|1656928469717|Upstart
15393162854539|4858259197537557526|79799398,00|1653642585117|Rocket Loans
26388279142299|4905546993624947735|41084868,00|1668159872965|Patch of Land
15393162804540|4882184570557963288|36975659,00|1661022152625|State Farm Bank
45676|4815756476054248473|33725281,00|1640594689258|Capital One
45676|4730469558110919706|1912489,00|1614369575065|Fundbox
10995116353436|4867547871769009179|45721169,00|1656530311488|Patch of Land
13194139538989|4811534351403588636|64516764,00|1639264580282|Funding Circle
24189255826749|4876836546000460829|86870956,00|1659346546564|Wells Fargo
24189255826749|4913991242926267422|58590617,00|1670781666272|US Bank
24189255826749|4906954368508501023|54487116,00|1668576804095|Discover
24189255826749|4901324868974287904|47360918,00|1666834840192|Navy Federal Credit Union
13194139558989|4753269031224482849|64702261,00|1621408430076|LightStream
2199023291229|4768187204990147618|99325328,00|1625978193024|BlueVine
10995116343437|4909769118275607587|57852525,00|1669470258109|Fundrise
15678|4797179127591345188|98764366,00|1634891714764|US Bank
15678|4787608978383182885|13239378,00|1631958569603|Earnest
15678|4811534351403588646|93118239,00|1639249189205|OnDeck
15678|4721462358856178727|18113460,00|1611587038881|Avant
4398046536782|4805623376892664872|7646201,00|1637478127690|Capital One
26388279122302|4911176493159160873|92143518,00|1669910618046|Marcus by Goldman Sachs
8796093087886|4840244799028075562|61102622,00|1648073904547|American Express
13194139608990|4911176493159160875|29650103,00|1669902533719|Peerform
13194139608990|4886406695208623148|29574771,00|1662280637003|Bank of America
26388279072303|4901043393997577261|48581410,00|1666784514947|Citibank
26388279072303|4909487643298896942|66289648,00|1669395169638|Earnest
26388279072303|4907517318461922351|5525181,00|1668796904658|Capital One
17592186060095|4911176493159160880|51825120,00|1669860790302|Peerform
17592186060095|4895132419486653489|2015039,00|1664952391768|RealtyMogul
17592186060095|4805904851869375538|90753988,00|1637590172918|RealtyMogul
13194139578991|4849251998282816563|62459813,00|1650870330527|Peerform
17592186120095|4837711524237679668|16049994,00|1647334306452|American Express
17592186120095|4819415650751487029|59924202,00|1641724588876|Fundrise
17592186120095|4888095545068887094|85300761,00|1662802861460|US Bank
10995116293440|4801682727218715703|63243076,00|1636210128745|Prosper
4398046536784|4843622498748603448|74434953,00|1649134907772|Kabbage
4398046536784|4891754719766125625|21196564,00|1663926979668|BlueVine
4398046556784|4667419163327732794|10268521,00|1595005790637|Roofstock
13194139608992|4805060426939243579|60024457,00|1637301832675|Earnest
13194139608992|4824200725355568188|69709830,00|1643178220477|OnDeck
15393162794545|4783949803685944381|56332895,00|1630818905999|SoFi
15393162794545|4884717845348359230|50235636,00|1661739145433|Patch of Land
21990232581201|4884999320325069887|8865669,00|1661893438374|Upstart
8796093057889|4852348223026633792|9195859,00|1651838358072|Navy Federal Credit Union
8796093057889|4750454281457376321|69088366,00|1620471893811|Prosper
8796093057889|4839400374097943618|26939800,00|1647855057585|American Express
8796093067889|4806467801822796867|74400519,00|1637749208086|Funding Circle
13194139588993|4787608978383182916|17644009,00|1631970513797|Avant
13194139588993|4763120655409355845|14837278,00|1624427882518|Wells Fargo
28587302327858|4899073069160602694|84730147,00|1666139665232|Best Egg
28587302327858|4893443569626389575|16875010,00|1664423019564|OnDeck
28587302327858|4892317669719546952|66049577,00|1664138415568|Upgrade
28587302327858|4915961567763242057|14690218,00|1671378549623|Fundrise
2199023271234|4689374211511163978|21333811,00|1601716686311|Earnest
15393162824546|4768187204990147659|75765645,00|1625945008706|Upgrade
15393162824546|4868673771675851852|6038673,00|1656792306890|LendingPoint
15393162824546|4821385975588461645|11117981,00|1642326927395|State Farm Bank
17592186090098|4915680092786531406|31704875,00|1671266708836|OnDeck
17592186090098|4792957002940685391|195478,00|1633544161223|Peerform
17592186090098|4829830224889781328|48195512,00|1644932072327|Upstart
17592186090098|4879088345814146129|76731915,00|1660032562548|Kabbage
8796093077890|4740321182295792722|81545624,00|1617361354450|SoFi
65682|4868955246652562515|77946478,00|1656950395594|Discover
4398046586786|4714425484438412372|50853939,00|1609433881206|PNC Bank
4398046586786|4810689926473456725|7778366,00|1638987952774|Discover
4398046586786|4740321182295792726|47637985,00|1617384634757|Upgrade
24189255816755|4915117142833110103|85598693,00|1671123001458|Funding Circle
21990232571203|4904702568694815832|39430362,00|1667899502311|Marcus by Goldman Sachs
21990232571203|4843341023771892825|16179948,00|1649019757536|SoFi
21990232591203|4896821269346917466|66802365,00|1665499631480|Capital One
21990232591203|4901043393997577307|91332718,00|1666747031752|Fundbox
2199023321235|4749046906573823068|1844453,00|1620106032249|Upstart
2199023321235|4667982113281154141|58032017,00|1595168482421|Fundrise
2199023321235|4673330137838656606|65172670,00|1596847437108|SoFi
2199023321235|4727373333367102559|45675023,00|1613447476544|Earnest
13194139608995|4806467801822796896|72321983,00|1637722190190|Avant
13194139548996|4830674649819913313|98572319,00|1645156247072|Rocket Loans
13194139548996|4786483078476340322|55029803,00|1631543213188|Peerform
28587302347860|4896539794370206819|42979512,00|1665381197680|OnDeck
4398046556788|4809564026566614116|6241693,00|1638655671355|Citibank
4398046556788|4810971401450167397|62832462,00|1639126027324|Kabbage
19791209365652|4881058670651120742|98687675,00|1660614033112|OnDeck
19791209365652|4868673771675851879|26687293,00|1656862548896|Fundrise
19791209365652|4840807748981496936|28260072,00|1648284020119|US Bank
19791209365652|4824482200332278889|14172113,00|1643265062476|Navy Federal Credit Union
28587302397860|4903576668787973226|77641213,00|1667540159706|Kabbage
17592186050101|4792112578010553451|40667553,00|1633333720735|Avant
15393162814549|4774942604431203436|98733717,00|1628030401329|SunTrust
15393162814549|4856851822654004333|82166103,00|1653241637831|LendingPoint
26388279102309|4904421093718105198|10614661,00|1667797764213|Patch of Land
26388279102309|4896258319393496175|10567217,00|1665306935762|Earnest
26388279102309|4897947169253760112|16772715,00|1665817889155|PNC Bank
28587302367861|4901887818927709297|30921777,00|1667009149982|Wells Fargo
28587302367861|4897665694277049458|11806250,00|1665712424977|Best Egg
28587302367861|4906672893531790451|90463610,00|1668517920106|Upgrade
28587302367861|4910895018182450292|47247801,00|1669786261026|SoFi
28587302327862|4904139618741394549|75436137,00|1667723415562|Kabbage
21990232591206|4852066748049923190|85349688,00|1651746545040|Bank of America
21990232591206|4901887818927709303|32761567,00|1667040640661|Bank of America
21990232591206|4915398617809820792|75169436,00|1671154272019|OnDeck
6597069812342|4850096423212948601|59827653,00|1651119245523|TD Bank
6597069812342|4733002832901315706|15429404,00|1615134556413|Prosper
6597069812342|4915680092786531451|88379368,00|1671238898945|SoFi
21990232611206|4848970523306105980|65736345,00|1650738722767|Rocket Loans
21990232611206|4919057792507059325|45323928,00|1672294854007|LendingClub
21990232611206|4878806870837435518|45764536,00|1659949146352|SunTrust
4398046576790|4720899408902757503|38881081,00|1611443195725|Peerform
4398046576790|4700914685556300928|26861522,00|1605298870382|Capital One
4398046576790|4819978600704908417|63191674,00|1641883421629|OneMain Financial
4398046586790|4826452525169253506|23398875,00|1643851409280|LendingPoint
4398046586790|4718366134112361603|60376127,00|1610663774393|LendingClub
4398046586790|4752143131317640324|79037224,00|1621033690061|Earnest
19791209305655|4824763675308989573|7970468,00|1643306787965|Peerform
10995116293447|4779164729081863302|318676,00|1629316631299|OneMain Financial
10995116293447|4788734878290025607|38085853,00|1632290248832|Peerform
8796093047895|4722306783786310792|18543216,00|1611854124926|Bank of America
4398046546791|4791831103033842825|18829268,00|1633252639388|Kabbage
4398046546791|4765372455223041162|61451057,00|1625069263814|Kabbage
4398046546791|4789860778196868235|18003680,00|1632637361874|Capital One
19791209345655|4818008275867933836|67177409,00|1641301599100|Peerform
17592186050104|4796053227684502669|4276229,00|1634504059664|Bank of America
24189255836760|4884999320325069966|85410439,00|1661892742400|Discover
8796093057896|4713299584531569807|38045328,00|1609104816085|Peerform
8796093057896|4810689926473456784|93193952,00|1639046397467|SoFi
8796093057896|4838274474191101073|15019126,00|1647526821780|Capital One
8796093057896|4867266396792298642|67173780,00|1656396548636|TD Bank
17592186110104|4848407573352684691|57625424,00|1650621129331|Patch of Land
6597069842344|4731595458017762452|19149133,00|1614682751723|Roofstock
6597069842344|4876273596047039637|14479199,00|1659176413199|BlueVine
6597069842344|4770157529827122326|41254285,00|1626585795267|Upgrade
6597069842344|4917931892600216727|30101489,00|1671980708058|Upstart
13194139559001|4871769996419669144|6258372,00|1657782285125|Peerform
13194139559001|4767342780060015769|7914152,00|1625717489278|Citibank
13194139559001|4868673771675851930|61178039,00|1656845311247|Upgrade
30786325623417|4919339267483770011|90403492,00|1672418799327|Peerform
15393162844553|4805623376892664988|60671173,00|1637496531033|RealtyMogul
15393162844553|4915961567763242141|43529436,00|1671388266244|Best Egg
15393162844553|4853474122933476510|93121675,00|1652140894919|BlueVine
26388279132313|4915680092786531487|87734355,00|1671242032398|Navy Federal Credit Union
8796093037898|4729625133180787872|48642254,00|1614152305610|OneMain Financial
17592186070106|4878525395860724897|85545970,00|1659855473803|SoFi
24189255846762|4905546993624947874|54941370,00|1668138341194|Funding Circle
24189255846762|4911739443112582307|30557660,00|1670050821074|Best Egg
24189255846762|4907798793438633124|59829867,00|1668849040547|Prosper
19791209345658|4842496598841760933|72500446,00|1648831883403|US Bank
19791209365658|4851222323119791270|49763001,00|1651511035691|Patch of Land
19791209365658|4874866221163486375|21582263,00|1658714604203|Kabbage
19791209365658|4844466923678735528|20328667,00|1649411787696|OneMain Financial
19791209305659|4855162972793740457|62039891,00|1652695942950|OneMain Financial
19791209305659|4877680970930592938|45106709,00|1659567640554|LightStream
19791209305659|4872051471396379819|38122806,00|1657894069662|PNC Bank
19791209305659|4894287994556521644|90435348,00|1664725099743|RealtyMogul
8796093037899|4885280795301780653|47184594,00|1661959028802|Upstart
8796093037899|4821948925541883054|36894726,00|1642461260570|TD Bank
4398046546795|4776349979314756783|74336027,00|1628510333970|US Bank
4398046546795|4905546993624947888|60903259,00|1668138975107|LendingPoint
19791209345659|4883310470464806065|62404151,00|1661338550922|Avant
19791209345659|4822511875495304370|32520946,00|1642662690418|Best Egg
15393162854555|4765372455223041203|47510967,00|1625066914943|BlueVine
15393162854555|4909206168322186420|9109047,00|1669263884058|Prosper
15393162854555|4911739443112582325|96284872,00|1670054816086|LightStream
30786325653419|4915117142833110198|99467827,00|1671144490340|Citibank
30786325653419|4917368942646795447|28616861,00|1671778198651|Wells Fargo
30786325653419|4917368942646795448|53407348,00|1671796710310|Funding Circle
30786325653419|4919339267483770041|20832718,00|1672421304247|Rocket Loans
13194139549004|4816600900984380602|27487126,00|1640863427607|Wells Fargo
24189255836764|4912583868042714299|50104678,00|1670301951078|Citibank
24189255836764|4903576668787973308|36162657,00|1667585339862|Funding Circle
24189255836764|4880495720697699517|33062080,00|1660478115952|Patch of Land
30786325653420|4915398617809820862|29986739,00|1671166883915|Rocket Loans
30786325653420|4912020918089292991|23721773,00|1670157347026|Upstart
30786325653420|4912865343019424960|47217751,00|1670423093190|Marcus by Goldman Sachs
30786325653420|4916524517716663489|33070714,00|1671505920125|US Bank
13194139549005|4803371577078979778|62692772,00|1636729115808|BlueVine
13194139549005|4820541550658329795|46606874,00|1642079751515|Upstart
13194139549005|4796897652614634692|96312566,00|1634754235390|LightStream
19791209325661|4823074825448725701|26949661,00|1642797222625|BlueVine
24189255846765|4871207046466247878|60848597,00|1657596745411|Upgrade
24189255846765|4906109943578369223|63489932,00|1668364741261|Bank of America
24189255846765|4899073069160602824|44340541,00|1666210877137|US Bank
17592186090109|4891473244789415113|32754736,00|1663858221293|Wells Fargo
19791209375661|4864170172048481482|12879814,00|1655451357874|Chase Bank
19791209375661|4853192647956765899|32965151,00|1652037699731|LendingPoint
19791209375661|4864451647025192140|22019493,00|1655554759559|Kabbage
19791209375661|4887814070092176589|5669988,00|1662692258622|Fundbox
21990232581214|4897384219300338894|93827199,00|1665664561695|Discover
2199023291246|4766779830106594511|54108958,00|1625521002019|Earnest
2199023291246|4913991242926267600|43594892,00|1670720590297|Citibank
21990232601214|4899636019114024145|58502757,00|1666381518187|Upstart
55694|4759180005735406802|75768177,00|1623219422925|Peerform
15393162854558|4813223201263852755|80591865,00|1639806142698|Rocket Loans
15393162854558|4792394052987264212|46020700,00|1633439009808|LendingPoint
15393162854558|4766216880153173205|94655205,00|1625335643086|Patch of Land
15393162854558|4809282551589903574|9135928,00|1638603477613|Fundrise
21990232631214|4841933648888339671|17779504,00|1648661720583|Capital One
21990232571215|4906954368508501208|75792961,00|1668612153340|State Farm Bank
30786325603423|4914835667856399577|84503075,00|1670978794713|Rocket Loans
30786325603423|4912865343019424986|80151184,00|1670393298112|Best Egg
30786325603423|4911457968135871707|98640900,00|1670000131136|Kabbage
24189255856767|4909206168322186460|60851470,00|1669260652343|Fundbox
19791209365663|4834333824517151965|32590417,00|1646300577766|OneMain Financial
19791209365663|4822511875495304414|32837713,00|1642692608461|Prosper
19791209365663|4882747520511384799|13455956,00|1661163164422|State Farm Bank
19791209365663|4885843745255202016|51861023,00|1662086530654|SoFi
10995116283456|4848689048329395425|7943926,00|1650718231578|Citibank
10995116283456|4871769996419669218|69956091,00|1657816377462|Earnest
10995116283456|4869236721629273315|11198020,00|1657051246367|Prosper
10995116283456|4833770874563730660|12033542,00|1646154390037|BlueVine
24189255836768|4881903095581252837|80163386,00|1660922881564|Prosper
24189255836768|4911739443112582374|46501829,00|1670074075172|Earnest
10995116313456|4778038829175020775|61101609,00|1628995543710|SunTrust
24189255856768|4886969645162044648|25047290,00|1662489263928|BlueVine
24189255856768|4865577546932034793|99034844,00|1655915860252|Wells Fargo
24189255856768|4897665694277049578|49506084,00|1665785452538|OneMain Financial
24189255856768|4894006519579811051|11200688,00|1664619805302|Capital One
4398046566800|4884436370371648748|96711407,00|1661704416756|Citibank
19791209365664|4904139618741394669|3196543,00|1667702513742|Chase Bank
19791209365664|4857133297630715118|36417261,00|1653274774806|SoFi
28587302327873|4900198969067445487|64482491,00|1666527732269|Fundbox
28587302327873|4906672893531790576|22973666,00|1668537852681|Upstart
28587302327873|4917931892600216817|12167826,00|1671969361461|Peerform
28587302327873|4914835667856399602|69385233,00|1670977942355|US Bank
17592186060113|4836304149354126579|21580985,00|1646907578103|BlueVine
26388279092321|4875147696140197108|9299083,00|1658820856159|State Farm Bank
26388279092321|4890347344882572533|37588795,00|1663478671224|PNC Bank
24189255866769|4907798793438633206|13014023,00|1668884542912|OnDeck
24189255866769|4916805992693374199|71741377,00|1671612475173|American Express
24189255866769|4902450768881130744|7663796,00|1667217717094|Best Egg
24189255866769|4887532595115465977|9241999,00|1662633819029|Earnest
21990232631217|4841652173911629050|19338472,00|1648552248156|SoFi
21990232581218|4895132419486653691|5145755,00|1665006767777|LightStream
21990232581218|4904702568694815996|16113977,00|1667865692562|SoFi
21990232581218|4879088345814146301|10902448,00|1660044816877|Marcus by Goldman Sachs
21990232581218|4833489399587020030|93135124,00|1645986441774|Chase Bank
19791209335666|4818852700798065919|89391995,00|1641568908001|Earnest
19791209335666|4890910294835993856|51162229,00|1663625881343|Earnest
19791209335666|4814912051124116737|77677812,00|1640325077789|American Express
19791209335666|4835741199400705282|62830706,00|1646705204775|Best Egg
10995116343458|4822793350472015107|9981835,00|1642746676897|Discover
19791209375666|4869518196605984004|8060412,00|1657067078665|State Farm Bank
19791209375666|4869799671582694661|85809437,00|1657173521993|Fundrise
19791209375666|4892317669719547142|89799300,00|1664106694927|Fundbox
19791209375666|4910050593252318471|34376596,00|1669572836643|OneMain Financial
19791209355667|4828985799959649544|14171736,00|1644619088868|Chase Bank
19791209355667|4872614421349801225|97804955,00|1658073066397|LendingClub
19791209355667|4814067626193984778|73864809,00|1640037153241|PNC Bank
19791209355667|4846155773538999563|70858728,00|1649876946992|Rocket Loans
28587302387875|4914272717902978316|75538026,00|1670878882458|LendingClub
26388279142323|4899917494090734861|18302634,00|1666399202517|BlueVine
8796093027908|4794645852800949518|62785627,00|1634124377960|State Farm Bank
8796093027908|4811815826380299535|52044543,00|1639383350815|OnDeck
8796093027908|4821104500611751184|98186034,00|1642187784601|Navy Federal Credit Union
8796093027908|4885280795301780753|25211337,00|1661962861870|Fundbox
6597069782356|4696129610952219922|25310889,00|1603835466244|Kabbage
6597069782356|4763965080339488019|31338987,00|1624640032030|Best Egg
6597069782356|4741728557179346196|88164042,00|1617847786544|Navy Federal Credit Union
6597069782356|4736380532621843733|8995497,00|1616183240566|Fundbox
21990232591220|4879651295767567638|18028272,00|1660190736494|Rocket Loans
13194139579012|4825889575215832343|19506426,00|1643669728944|Roofstock
15393162844564|4910050593252318488|9504268,00|1669521093726|Roofstock
15393162844564|4837992999214390553|38120941,00|1647391855956|PNC Bank
15393162844564|4841652173911629082|64621602,00|1648546358061|TD Bank
15393162844564|4807593701729639707|80409081,00|1638043362001|Fundrise
6597069832356|4694440761091955996|59724596,00|1603301488730|Upgrade
6597069832356|4843341023771893021|32903464,00|1649025440689|LightStream
6597069832356|4740321182295792926|97492112,00|1617400179441|Peerform
6597069832356|4789016353266736415|31706081,00|1632385804504|SoFi
15393162804565|4803371577078979872|97357521,00|1636804924579|OneMain Financial
15393162804565|4851785273073212705|20390371,00|1651689398428|Capital One
15393162804565|4799712402381741346|79611645,00|1635626878105|OneMain Financial
15393162814565|4897665694277049635|43175876,00|1665707139111|Bank of America
15393162814565|4787890453359893796|39580403,00|1632051595907|Wells Fargo
15393162814565|4810408451496746277|24171406,00|1638961954810|Peerform
15393162834565|4842215123865050406|24250560,00|1648696768813|OnDeck
15393162834565|4900198969067445543|33289211,00|1666487288300|PNC Bank
15393162834565|4906391418555079976|12616262,00|1668420853926|LightStream
15393162834565|4834052349540441385|79057968,00|1646214902206|RealtyMogul
17592186110117|4873177371303222570|42355952,00|1658234623003|Chase Bank
75701|4836304149354126635|19418744,00|1646912012088|Funding Circle
75701|4778883254105152812|65104981,00|1629285998153|Funding Circle
75701|4815756476054248749|27891614,00|1640564523170|Upgrade
13194139549014|4770720479780543790|86290809,00|1626773194561|SoFi
28587302347878|4902732243857841455|75995273,00|1667270870607|Fundrise
21990232591222|4912020918089293104|83873395,00|1670123844482|Chase Bank
21990232591222|4913428292972846385|18513181,00|1670600681682|Bank of America
13194139599014|4795771752707792178|91495907,00|1634440000598|TD Bank
13194139599014|4887814070092176691|53127941,00|1662686545591|Fundbox
13194139599014|4776349979314756916|36112880,00|1628487855706|Bank of America
13194139599014|4844748398655446325|15897052,00|1649509546729|Fundrise
15393162804567|4884717845348359478|7765586,00|1661768392729|OneMain Financial
15393162804567|4795490277731081527|75464721,00|1634333675896|TD Bank
4398046546807|4834052349540441400|49598289,00|1646162711332|US Bank
4398046546807|4714706959415123257|99255093,00|1609507290349|OneMain Financial
4398046546807|4796897652614634810|69562178,00|1634743747591|Upstart
4398046546807|4867547871769009467|77941922,00|1656510848677|Fundbox
30786325643431|4919057792507059516|8193717,00|1672333850946|Roofstock
30786325643431|4918494842553638205|88005845,00|1672101171620|Avant
21990232591224|4856288872700583230|47467905,00|1653023253466|State Farm Bank
26388279122328|4896258319393496383|28604163,00|1665319058053|OneMain Financial
26388279122328|4893443569626389824|7832656,00|1664410416643|RealtyMogul
6597069842360|4757772630851853633|10026867,00|1622757290420|State Farm Bank
8796093027913|4811534351403588930|176703,00|1639295610637|Wells Fargo
8796093027913|4739476757365660995|33626840,00|1617155102652|OnDeck
6597069782361|4847844623399263556|28238612,00|1650394398856|Avant
35705|4761713280525802821|25860729,00|1623950596159|Navy Federal Credit Union
35705|4812378776333720902|24135937,00|1639562817239|LendingClub
35705|4834615299493862727|73757760,00|1646404646642|PNC Bank
8796093067913|4878243920884014408|90704526,00|1659794187828|Avant
8796093067913|4740602657272503625|30329468,00|1617526056963|BlueVine
8796093077913|4759180005735406922|16190130,00|1623232850293|SunTrust
8796093077913|4836867099307547979|99508617,00|1647073553058|Upstart
8796093077913|4785638653546208588|55599311,00|1631284583483|Upstart
4398046576809|4836022674377416013|40285788,00|1646793554700|OnDeck
4398046576809|4771283429733965134|55244807,00|1626908584746|Fundrise
4398046576809|4671922762955103567|15446994,00|1596402873507|American Express
4398046576809|4882466045534674256|36256629,00|1661037252876|Patch of Land
8796093097913|4748765431597112657|5679639,00|1620020389727|Funding Circle
8796093097913|4861073947304664402|20000125,00|1654465333477|Avant
30786325583434|4915961567763242323|77764732,00|1671337050553|Capital One
4398046526810|4908643218368765268|16847289,00|1669084954291|SoFi
10995116323466|4779727679035284821|26454178,00|1629518473940|Discover
10995116323466|4822511875495304534|25848361,00|1642669850777|American Express
13194139599018|4786201603499629911|45873033,00|1631509745102|Discover
13194139599018|4814630576147406168|69517038,00|1640243835872|Upstart
26388279142330|4887814070092176729|91746652,00|1662756301868|Kabbage
19791209305675|4879651295767567706|55838551,00|1660191475234|Prosper
19791209305675|4908643218368765275|96559201,00|1669142072514|State Farm Bank
17592186070123|4898510119207181660|33793255,00|1665992058331|BlueVine
2199023291259|4778320304151731549|30139818,00|1629032978416|PNC Bank
30786325623435|4919339267483770206|2387382,00|1672442599302|Chase Bank
30786325623435|4917931892600216927|45762806,00|1671951854196|Capital One
30786325623435|4917368942646795616|56648027,00|1671771056741|Avant
30786325623435|4916805992693374305|48416533,00|1671629340865|Prosper
5708|4774661129454493026|36275332,00|1627960422831|Marcus by Goldman Sachs
5708|4687685361650900323|87652193,00|1601210056917|Capital One
5708|4682900287046819172|18860213,00|1599731762629|Discover
24189255826780|4867266396792298853|41494770,00|1656376122056|BlueVine
25708|4837430049260969318|57834404,00|1647199898626|Upgrade
25708|4633923641099165031|84950891,00|1584689157173|LightStream
10995116313468|4761713280525802856|48305015,00|1623964940107|Rocket Loans
28587302367884|4915398617809821033|32355680,00|1671218914047|OnDeck
28587302367884|4901043393997577578|4341973,00|1666817069323|SunTrust
28587302367884|4913428292972846443|59950974,00|1670557089653|Marcus by Goldman Sachs
28587302367884|4914272717902978412|11408695,00|1670860963882|Rocket Loans
6597069822364|4769594579873701229|83876012,00|1626392174532|Chase Bank
6597069822364|4916524517716663662|92446373,00|1671559188988|Peerform
15393162854572|4773816704524361071|25340253,00|1627655044698|BlueVine
15393162854572|4906672893531790704|28583948,00|1668502896572|SunTrust
15393162854572|4805060426939243889|28068055,00|1637288019743|Kabbage
8796093027917|4778601779128442226|40154480,00|1629154034175|Wells Fargo
8796093027917|4890910294835993971|40364469,00|1663643039773|LightStream
8796093027917|4835459724423994740|22635872,00|1646602118210|Earnest
8796093037917|4867266396792298869|32729328,00|1656385679421|Chase Bank
4398046536813|4728780708250656118|22218899,00|1613833454071|US Bank
35709|4645745590121012599|40487204,00|1588366317496|Rocket Loans
35709|4745387731876584824|81386744,00|1618918108582|SunTrust
35709|4886406695208623481|26224441,00|1662296104703|Prosper
35709|4754957881084747130|57362613,00|1621878212451|Rocket Loans
13194139579021|4887814070092176763|82874779,00|1662696068110|Marcus by Goldman Sachs
6597069822365|4727373333367102844|59668766,00|1613429406210|Fundrise
6597069822365|4875147696140197245|51802191,00|1658789429685|TD Bank
6597069822365|4911176493159161214|87759396,00|1669863365981|LendingPoint
17592186120125|4825326625262411135|36444272,00|1643485121490|Kabbage
17592186120125|4848970523306106240|50590873,00|1650743731367|TD Bank
2199023281262|4795771752707792257|73497672,00|1634430126057|Rocket Loans
2199023281262|4666011788444179842|31467165,00|1594541081654|State Farm Bank
2199023281262|4757491155875143043|20002323,00|1622669250002|Patch of Land
13194139599022|4751298706387508612|99533995,00|1620776134983|OneMain Financial
28587302397886|4894569469533232517|43522725,00|1664788420747|Chase Bank
26388279082335|4917931892600216966|41304504,00|1671978610967|Chase Bank
26388279082335|4908361743392054663|7515193,00|1669052796785|Patch of Land
26388279082335|4917931892600216968|69549559,00|1672003776832|Marcus by Goldman Sachs
26388279082335|4908643218368765321|49435959,00|1669118896853|Upstart
6597069792367|4850096423212948874|37462205,00|1651170268682|American Express
6597069792367|4763120655409356171|69362164,00|1624399491535|Best Egg
10995116343471|4890065869905862028|2767949,00|1663378490532|OneMain Financial
10995116343471|4838274474191101325|11341646,00|1647463131594|Capital One
10995116343471|4763402130386066830|50581143,00|1624466821966|LightStream
10995116343471|4819415650751487375|43274324,00|1641715563931|Fundrise
21990232571232|4890347344882572688|86388083,00|1663476195593|Patch of Land
21990232571232|4845592823585578385|12922540,00|1649762625109|Roofstock
21990232571232|4875429171116907922|10433475,00|1658907929745|Rocket Loans
21990232571232|4877118020977171859|32791654,00|1659406742610|SoFi
24189255836784|4872614421349801364|5697105,00|1658018575007|LightStream
13194139569024|4883873420418227605|50269719,00|1661495352628|Kabbage
13194139569024|4816600900984380822|77981572,00|1640849086395|Navy Federal Credit Union
13194139579024|4880214245720989079|37349146,00|1660416566845|RealtyMogul
13194139579024|4853192647956766104|45029721,00|1652075183697|Rocket Loans
13194139579024|4878806870837435801|4815454,00|1659936166276|OneMain Financial
13194139579024|4904984043671526810|88982695,00|1667982102837|SunTrust
10995116333472|4871488521442958747|50303635,00|1657677458425|Patch of Land
28587302397888|4912302393066003868|59945218,00|1670241613349|Earnest
15393162814577|4827578425076096413|3889763,00|1644194381153|Upgrade
15393162814577|4822793350472015262|3670750,00|1642776947849|LightStream
15393162814577|4833207924610309535|13934872,00|1645970779270|Upstart
19791209335681|4861355422281375136|9054192,00|1654557509347|TD Bank
19791209335681|4888658495022308769|29119798,00|1663013485939|Rocket Loans
19791209335681|4913146817996135842|46900220,00|1670458043976|Prosper
2199023301265|4801964202195426723|17399591,00|1636315512276|SunTrust
2199023301265|4907235843485212068|82347537,00|1668671891687|SoFi
2199023301265|4678115212442738085|77795107,00|1598270342263|Wells Fargo
2199023301265|4915398617809821094|15619836,00|1671173230827|OnDeck
15393162864577|4781135053918838183|62317017,00|1629932800286|Rocket Loans
15393162864577|4886125220231912872|53068742,00|1662205988357|BlueVine
24189255816786|4891191769812704681|44958242,00|1663724196093|Chase Bank
26388279082338|4881621620604542378|97510350,00|1660781176014|Funding Circle
26388279082338|4906954368508501419|37643073,00|1668628422637|Avant
26388279082338|4886688170185334188|73309644,00|1662336849093|US Bank
26388279082338|4898510119207181741|2800892,00|1665976884086|Marcus by Goldman Sachs
19791209325682|4912583868042714542|1063566,00|1670321733283|Funding Circle
19791209325682|4883873420418227631|18729405,00|1661462590328|Fundrise
19791209325682|4896258319393496496|48438566,00|1665278632272|LendingPoint
28587302367890|4917650417623506353|38462285,00|1671913433206|Best Egg
65714|4871769996419669426|64926146,00|1657747605097|Marcus by Goldman Sachs
10995116283475|4907798793438633395|12360447,00|1668871774361|US Bank
17592186060131|4858540672514268596|51416041,00|1653704946943|Navy Federal Credit Union
17592186060131|4816319426007670197|12812325,00|1640736676689|Earnest
17592186060131|4848407573352684982|12611521,00|1650646215923|Wells Fargo
24189255846787|4890628819859283383|64863622,00|1663593866746|SoFi
24189255846787|4896258319393496504|48198243,00|1665326994408|Discover
24189255846787|4897665694277049785|85912760,00|1665748394377|Citibank
4398046566819|4659819338956545466|40421483,00|1592626319549|Discover
26388279132339|4886688170185334203|88843717,00|1662350666699|RealtyMogul
26388279132339|4890910294835994044|85739321,00|1663634104414|Capital One
28587302397891|4912583868042714557|38708149,00|1670324438410|SoFi
30786325593444|4918213367576927678|74411224,00|1672048339748|RealtyMogul
26388279092340|4888658495022308799|24970997,00|1662963265417|PNC Bank
26388279092340|4903576668787973568|60184556,00|1667540248834|RealtyMogul
30786325613444|4917931892600217025|13814564,00|1672004251857|LendingClub
30786325613444|4912865343019425218|73758977,00|1670376464107|Upgrade
30786325613444|4916524517716663747|64706102,00|1671561734347|OnDeck
30786325613444|4914835667856399812|12955943,00|1671002410026|State Farm Bank
19791209345684|4890910294835994053|92855593,00|1663689532783|US Bank
19791209345684|4828985799959649734|94526565,00|1644670165643|RealtyMogul
19791209345684|4898791594183892423|39950545,00|1666075913557|Earnest
19791209345684|4832082024703466952|69626760,00|1645565753691|State Farm Bank
55716|4872332946373090761|40969013,00|1657971631858|Marcus by Goldman Sachs
55716|4684870611883793866|1601049,00|1600347968896|US Bank
26388279142340|4894569469533232587|76702985,00|1664764532965|Navy Federal Credit Union
26388279142340|4910332068229029324|66402536,00|1669602147203|Capital One
26388279142340|4907798793438633421|98768859,00|1668896460787|SunTrust
26388279142340|4905828468601658830|60395216,00|1668235804819|Citibank
2199023261269|4657567539142860239|12909599,00|1591986566353|Wells Fargo
10995116293477|4769313104896990672|38401145,00|1626297834155|Citibank
10995116293477|4742572982109478353|59433824,00|1618128308157|American Express
21990232581237|4873740321256644050|42091026,00|1658423759838|State Farm Bank
21990232581237|4857696247584136659|97479781,00|1653497371284|Discover
21990232581237|4906109943578369492|61266795,00|1668373532169|Wells Fargo
21990232581237|4855162972793740757|85009483,00|1652662920719|OnDeck
28587302357893|4916524517716663766|71065628,00|1671578072500|Citibank
5718|4720336458949336535|80656826,00|1611287873028|BlueVine
5718|4657286064166149592|77819258,00|1591847682683|Peerform
2199023271270|4677833737466027481|29368109,00|1598201459357|SoFi
2199023271270|4750735756434087386|38051268,00|1620586906667|TD Bank
2199023271270|4717803184158940635|2648308,00|1610469408994|PNC Bank
17592186100134|4861918372234796508|41761864,00|1654799995962|BlueVine
17592186100134|4824200725355568605|81041658,00|1643169659353|Patch of Land
8796093037927|4827015475122675166|41683014,00|1643993808548|Chase Bank
13194139559031|4828704324982939103|15818316,00|1644583862166|LendingClub
13194139559031|4898228644230471136|84359571,00|1665938248562|Capital One
13194139559031|4797460602568056289|27211221,00|1634986743461|State Farm Bank
15393162834583|4864451647025192418|73194064,00|1655560941145|Fundrise
15393162834583|4854318547863608803|30242243,00|1652420182629|TD Bank
15393162834583|4840807748981497316|10670066,00|1648283641649|Wells Fargo
15393162834583|4850377898189659621|58906551,00|1651184532073|SoFi
4398046586823|4761431805549092326|6201779,00|1623862783490|Prosper
4398046586823|4842215123865050599|22197937,00|1648680661336|LendingPoint
4398046586823|4880214245720989160|74662980,00|1660423743754|Navy Federal Credit Union
4398046556824|4846155773538999785|24836,00|1649892374367|Prosper
4398046556824|4704855335230250474|57622816,00|1606530932435|Fundbox
55720|4666293263420890603|96073351,00|1594628211727|Navy Federal Credit Union
8796093097928|4849814948236238316|28401519,00|1651036352113|Discover
8796093097928|4727373333367102957|3652799,00|1613396942283|Fundbox
8796093097928|4860510997351243246|90276269,00|1654341943812|Patch of Land
28587302347897|4917087467670085103|46426864,00|1671715365584|LendingPoint
24189255846793|4915961567763242480|25040295,00|1671404815541|BlueVine
75721|4855444447770451441|35946682,00|1652731457451|Upstart
75721|4757209680898432498|84819980,00|1622546623375|Marcus by Goldman Sachs
4398046516826|4822230400518594035|37814800,00|1642553917823|Upgrade
21990232571242|4916243042739953140|16509354,00|1671458699722|Roofstock
21990232571242|4872051471396380149|40628539,00|1657901385420|Roofstock
21990232571242|4857696247584136694|9665027,00|1653474507465|Navy Federal Credit Union
10995116313482|4778320304151731703|93621551,00|1629055146212|Earnest
10995116313482|4841933648888339960|16831478,00|1648644809926|Best Egg
10995116313482|4853192647956766201|20920836,00|1652048059361|LendingPoint
2199023311274|4748202481643691514|77836003,00|1619863845099|Wells Fargo
21990232621242|4905265518648237563|67847717,00|1668046818667|Rocket Loans
2199023331274|4678959637372870140|51635900,00|1598577998877|Citibank
24189255816795|4873177371303222781|70498593,00|1658256997492|Wells Fargo
24189255816795|4892036194742836734|24703479,00|1664026982351|Best Egg
24189255816795|4886969645162044927|80649868,00|1662415068063|Kabbage
24189255816795|4882466045534674432|90842046,00|1661043516505|Citibank
2199023271275|4894569469533232641|70034242,00|1664831309783|Best Egg
2199023271275|4677833737466027522|96245622,00|1598193270902|Chase Bank
55723|4720054983972625923|62086778,00|1611156908249|Earnest
10995116343483|4826171050192543236|73293462,00|1643799752787|Capital One
10995116343483|4809564026566614533|92310580,00|1638667883077|US Bank
10995116343483|4830956124796624390|88545142,00|1645255868493|LightStream
17592186120139|4884436370371649031|30328739,00|1661678954385|Discover
17592186120139|4910050593252318728|28576899,00|1669541603277|Bank of America
17592186120139|4845592823585578505|5603306,00|1649734021561|OneMain Financial
17592186120139|4908080268415344138|17676635,00|1668922793675|Patch of Land
4398046516828|4773253754570939915|44277419,00|1627495338476|RealtyMogul
4398046516828|4903295193811262988|46314016,00|1667452519951|Earnest
4398046516828|4719773508995915277|81900314,00|1611098397015|BlueVine
24189255836796|4886125220231912974|49696207,00|1662180594005|Fundbox
17592186080140|4874021796233354767|42468920,00|1658443457811|LendingClub
17592186100140|4856288872700583440|33459746,00|1653008304062|Upgrade
4398046576828|4751861656340930065|99535444,00|1620986585672|Upgrade
24189255816797|4872051471396380178|16033023,00|1657861227159|SunTrust
4398046556829|4855162972793740819|69986566,00|1652679832249|SunTrust
4398046556829|4838274474191101460|99208543,00|1647533256912|Earnest
30786325653453|4915117142833110549|50167149,00|1671078837934|American Express
10995116283486|4904984043671526934|54618096,00|1667972995368|American Express
10995116283486|4791268153080421911|53411316,00|1633072725684|Rocket Loans
15726|4913991242926267928|17515797,00|1670749894381|Fundrise
15726|4635331015982718489|24120298,00|1585142439563|SoFi
26388279112350|4886125220231912986|47999693,00|1662203352208|PNC Bank
26388279112350|4879932770744278555|558075,00|1660268758658|Prosper
2199023311278|4838274474191101468|64990142,00|1647506981002|Navy Federal Credit Union
5727|4868392296699141661|64769976,00|1656760744328|Chase Bank
5727|4739476757365661214|31638206,00|1617173818223|Prosper
5727|4714706959415123487|45297279,00|1609547708872|Upgrade
8796093037935|4806186326846086688|85274926,00|1637638418541|OneMain Financial
6597069822383|4868110821722431009|3403016,00|1656666065666|LightStream
65727|4726810383413681698|98573030,00|1613285765495|SunTrust
17592186050144|4886406695208623651|64232462,00|1662276101182|Rocket Loans
17592186050144|4794645852800949796|58842966,00|1634107285827|SoFi
2199023271280|4889784394929151525|4986967,00|1663288496746|American Express
2199023271280|4781416528895548966|18201305,00|1630057730185|Earnest
2199023271280|4777475879221599783|49556550,00|1628819994947|BlueVine
4398046536832|4758054105828564520|29881465,00|1622882288653|RealtyMogul
4398046536832|4886688170185334313|54985964,00|1662364131649|Wells Fargo
4398046536832|4674456037745499690|99206232,00|1597130169398|LendingClub
4398046536832|4667700638304443947|37680307,00|1595083982699|SoFi
6597069802384|4778601779128442412|1861255,00|1629199428087|Best Egg
28587302377904|4893443569626390061|61614299,00|1664453531439|Bank of America
28587302377904|4904421093718105646|66395259,00|1667851371866|SoFi
28587302377904|4894569469533232687|96451446,00|1664780028224|US Bank
28587302377904|4895413894463364656|22014827,00|1665046290967|Chase Bank
28587302397904|4901324868974288433|18147015,00|1666903582020|State Farm Bank
28587302397904|4896821269346917938|9525866,00|1665523895011|Upstart
28587302397904|4906672893531790899|30843905,00|1668536616849|Wells Fargo
28587302397904|4893443569626390068|61957166,00|1664406450675|Capital One
13194139549041|4901324868974288437|53649043,00|1666902075597|OnDeck
13194139549041|4791549628057132598|62374759,00|1633104161435|State Farm Bank
13194139549041|4795490277731081783|61829534,00|1634360611093|Earnest
13194139549041|4910050593252318776|79053799,00|1669508918798|Bank of America
6597069802385|4729062183227366969|64054249,00|1613956543827|Navy Federal Credit Union
24189255866801|4900198969067445818|79564427,00|1666485195407|SoFi
4398046576833|4761994755502513723|48517360,00|1624074931600|SoFi
4398046576833|4676144887605763644|70412720,00|1597649971402|Upgrade
4398046576833|4895695369440075325|65225348,00|1665102313661|OneMain Financial
30786325653457|4917368942646795838|36412988,00|1671801385420|PNC Bank
30786325653457|4917650417623506495|83911201,00|1671848090606|LightStream
30786325653457|4918776317530349120|23174277,00|1672202696581|LendingClub
28587302337906|4911457968135872065|35421320,00|1669996354121|LightStream
21990232591250|4874584746186776130|41317063,00|1658669396406|RealtyMogul
30786325633458|4918494842553638467|56943962,00|1672176252302|PNC Bank
21990232631250|4894006519579811396|7250843,00|1664654735705|US Bank
21990232631250|4887532595115466309|29853522,00|1662619674952|Funding Circle
21990232631250|4891191769812704838|89644800,00|1663748742911|TD Bank
21990232631250|4897665694277049927|61481121,00|1665741090233|Chase Bank
6597069782387|4803934527032401480|36104442,00|1636907448689|SoFi
6597069782387|4859385097444400713|39855193,00|1653971747455|Patch of Land
6597069782387|4758898530758696522|96663028,00|1623111845554|RealtyMogul
6597069782387|4738913807412239947|64823548,00|1616964327548|Navy Federal Credit Union
28587302347907|4910050593252318796|2503065,00|1669533933393|Roofstock
28587302347907|4919620742460481101|16505060,00|1672445758890|Prosper
28587302347907|4912865343019425358|18652311,00|1670372754544|BlueVine
28587302347907|4917368942646795855|83859493,00|1671771576926|Funding Circle
30786325623459|4914835667856399952|9264670,00|1671024491056|Peerform
8796093077939|4908361743392054865|31635574,00|1669052226508|Rocket Loans
8796093077939|4733002832901316178|80182957,00|1615159293652|SoFi
17592186110147|4877399495953882707|11294067,00|1659539138639|BlueVine
17592186110147|4912020918089293396|56198811,00|1670111686966|RealtyMogul
17592186110147|4830111699866492501|60188483,00|1644959153175|Wells Fargo
13194139539044|4843622498748603990|6278221,00|1649141318958|RealtyMogul
13194139539044|4797742077544767063|41049173,00|1635014294373|SoFi
13194139539044|4773535229547650648|49215617,00|1627625653159|Marcus by Goldman Sachs
19791209325700|4857696247584136793|14302454,00|1653435715880|Citibank
19791209325700|4862481322188217946|50418613,00|1654891050486|US Bank
19791209325700|4828704324982939227|50436666,00|1644553272318|PNC Bank
19791209325700|4861918372234796636|73361459,00|1654745385265|Citibank
15393162834596|4910895018182450781|28123462,00|1669808114688|Discover
4398046576836|4738632332435529310|85808982,00|1616872171817|State Farm Bank
4398046576836|4718647609089072735|20448454,00|1610770199130|OneMain Financial
4398046586836|4803934527032401504|12740957,00|1636942526266|Funding Circle
4398046586836|4775787029361335905|97943841,00|1628279327691|Roofstock
4398046586836|4698381410765905506|51015176,00|1604532778569|Bank of America
4398046586836|4782260953825680995|88697591,00|1630267745100|Upstart
5733|4694722236068666980|8159806,00|1603419243440|SoFi
13194139559045|4839118899121233509|49842168,00|1647713661361|Upgrade
19791209345701|4830674649819913830|39202490,00|1645160977094|Earnest
15393162794598|4829267274936360551|41637078,00|1644758611854|Wells Fargo
28587302337910|4901324868974288488|25411601,00|1666909402789|PNC Bank
28587302337910|4897947169253760617|62690858,00|1665798762190|Upstart
24189255836806|4890628819859283562|236168,00|1663583007276|LightStream
24189255836806|4872332946373090923|73317112,00|1657979112706|Roofstock
24189255836806|4858822147490979436|85755542,00|1653836849483|SoFi
24189255836806|4864733122001903213|60198120,00|1655640299296|LendingPoint
45734|4812378776333721198|71134594,00|1639513994473|SunTrust
8796093077942|4865577546932035183|65276020,00|1655842374566|Earnest
15393162854598|4905265518648237680|15641730,00|1668097927171|State Farm Bank
15393162854598|4812097301357010545|44293368,00|1639468330924|LightStream
26388279072359|4911457968135872114|43161679,00|1670016200115|Earnest
26388279072359|4909769118275608179|66561695,00|1669470460357|Fundbox
26388279072359|4913709767949557364|58959328,00|1670668143048|TD Bank
26388279072359|4906391418555080309|46140789,00|1668404393860|Capital One
28587302377911|4908080268415344246|23451357,00|1668926096860|Roofstock
28587302377911|4911176493159161463|22772067,00|1669871421233|Prosper
28587302377911|4909769118275608184|44399154,00|1669421936777|Chase Bank
19791209365703|4815756476054249081|16173700,00|1640597925463|Navy Federal Credit Union
10995116353495|4834333824517152378|7504483,00|1646255794713|Rocket Loans
15393162794600|4787327503406472827|43361822,00|1631858348508|LightStream
28587302357912|4908080268415344252|35740040,00|1668977301035|Kabbage
28587302357912|4908643218368765565|43904257,00|1669124873534|Best Egg
17592186110152|4900480444044156542|67027733,00|1666599606775|Fundbox
17592186110152|4864170172048481919|15634215,00|1655412870283|Kabbage
17592186110152|4888658495022308992|54018571,00|1662944463185|Upstart
26388279072361|4895976844416786049|58823976,00|1665264442961|Avant
15737|4748202481643691650|36298227,00|1619812616747|State Farm Bank
4398046566841|4762557705455935107|51681355,00|1624199131559|State Farm Bank
21990232621257|4885843745255202436|20739591,00|1662108139897|State Farm Bank
21990232621257|4878525395860725381|24545263,00|1659873851782|Peerform
2199023271290|4767624255036726918|13314943,00|1625790127557|Upgrade
2199023271290|4825608100239122055|75265445,00|1643627913827|TD Bank
2199023271290|4828704324982939272|40125859,00|1644527862324|Navy Federal Credit Union
10995116313498|4753831981177904777|23612480,00|1621567415537|Marcus by Goldman Sachs
10995116313498|4919057792507059850|21899848,00|1672299639570|LendingClub
10995116313498|4819978600704908939|48469373,00|1641903341368|Citibank
10995116313498|4899917494090735244|61808446,00|1666459390948|Peerform
21990232601258|4879088345814146701|16315925,00|1660013408161|OnDeck
10995116333498|4866984921815588494|51639864,00|1656328936273|LendingClub
10995116333498|4903576668787973775|68780247,00|1667526390661|US Bank
10995116333498|4745950681830006416|3401624,00|1619151267606|Chase Bank
10995116333498|4816600900984381073|50389948,00|1640816737785|LendingPoint
6597069832394|4706825660067225234|65376583,00|1607095755104|American Express
6597069832394|4859103622467690131|14831388,00|1653879067769|Discover
13194139559051|4831237599773335188|25648618,00|1645360142589|SoFi
30786325623467|4918213367576927893|89490154,00|1672027328850|US Bank
30786325623467|4917650417623506582|30843306,00|1671881841522|Capital One
30786325623467|4918776317530349207|24702102,00|1672252770660|Kabbage
6597069832395|4772127854664097432|8706099,00|1627202550576|Fundrise
75739|4855725922747162265|27854204,00|1652872799969|Funding Circle
75739|4735536107691712154|42777388,00|1615922852772|Bank of America
75739|4684589136907083419|85824916,00|1600268798341|LendingPoint
17592186050156|4872895896326512284|48084848,00|1658165359472|LendingClub
15393162804604|4818571225821355677|74784168,00|1641458904546|American Express
8796093067948|4896539794370207390|73229735,00|1665432433577|SunTrust
8796093067948|4745106256899874463|41544861,00|1618892327297|Kabbage
8796093067948|4852348223026634400|10603590,00|1651785954680|Roofstock
8796093067948|4740039707319082657|67273490,00|1617306866859|Funding Circle
10995116343500|4780290628988706466|38204270,00|1629638026226|Funding Circle
10995116343500|4754957881084747427|7774402,00|1621890169229|LendingClub
10995116343500|4820260075681619620|80870191,00|1641996469580|Bank of America
24189255886812|4884154895394938533|73201402,00|1661567126734|Upgrade
24189255886812|4874584746186776230|24662154,00|1658670298228|SunTrust
24189255886812|4875429171116908199|18606476,00|1658908468295|SunTrust
4398046516845|4754957881084747432|10923584,00|1621914445643|Patch of Land
4398046516845|4805904851869376169|2488627,00|1637549187884|Avant
19791209315709|4843059548795182762|56787231,00|1648945294943|SoFi
26388279092365|4879932770744278699|33855253,00|1660271965309|Peerform
4398046566845|4815475001077538476|98973619,00|1640465791524|BlueVine
4398046566845|4778883254105153197|42686319,00|1629257210748|OnDeck
4398046566845|4815475001077538478|51374651,00|1640477117384|American Express
21990232621261|4894569469533232815|53100146,00|1664752548380|LendingClub
21990232621261|4873177371303222960|73410869,00|1658194899384|Discover
26388279142365|4884154895394938545|77391270,00|1661567860545|Discover
26388279142365|4894287994556522162|86610154,00|1664737378441|Patch of Land
30786325583470|4913428292972846771|5594606,00|1670601956742|Patch of Land
30786325583470|4916524517716663988|54069685,00|1671530787026|LendingPoint
8796093037950|4818289750844645045|58011353,00|1641344108633|Marcus by Goldman Sachs
8796093037950|4839963324051365558|36896210,00|1648042349440|State Farm Bank
8796093037950|4879651295767568055|34085304,00|1660227859346|Bank of America
4398046556846|4761994755502513848|26295570,00|1624060178465|LendingClub
4398046556846|4863325747118350009|42559557,00|1655183013711|Navy Federal Credit Union
4398046556846|4716114334298676922|47332576,00|1610001012475|Chase Bank
4398046556846|4906954368508501691|65900589,00|1668589499483|OneMain Financial
6597069812399|4867266396792299196|27280318,00|1656370543855|OneMain Financial
6597069842399|4695285186022088381|37903679,00|1603531162128|LightStream
6597069842399|4689655686487875262|23662926,00|1601868129974|Wells Fargo
6597069842399|4678959637372870335|26706898,00|1598528682009|Rocket Loans
6597069842399|4843059548795182784|28844660,00|1648930257586|Citibank
17592186050160|4810971401450168001|35596175,00|1639149874348|Wells Fargo
17592186050160|4871207046466248386|81108752,00|1657572555123|Citibank
6597069782400|4738913807412240067|12066187,00|1616939602870|Bank of America
17592186070160|4895976844416786116|51062398,00|1665239402338|Earnest
35744|4846437248515710661|7444817,00|1650012964390|Upstart
35744|4722588258763022022|52694367,00|1611957750040|Citibank
35744|4641241990493642439|7909945,00|1586984466202|Citibank
35744|4705136810206961352|96606470,00|1606633843324|Kabbage
4398046556848|4841652173911629513|46012576,00|1648548976257|American Express
4398046556848|4792112578010554058|35568901,00|1633354476536|Upgrade
2199023331296|4795771752707792587|25911463,00|1634453924482|Chase Bank
2199023331296|4682055862116687564|42316154,00|1599530915134|Peerform
2199023331296|4897947169253760717|44574414,00|1665791956779|Citibank
21990232571265|4849814948236238542|70821978,00|1651013938420|Fundrise
21990232571265|4854600022840319695|59896524,00|1652486083679|TD Bank
21990232571265|4863888697071771344|32887081,00|1655372158963|Fundbox
21990232571265|4836867099307548369|77560909,00|1647056940540|State Farm Bank
25745|4771846379687386834|3581534,00|1627070488478|Capital One
25745|4676144887605763795|14914394,00|1597644212760|LightStream
13194139589057|4749609856527245012|90748381,00|1620279448343|RealtyMogul
19791209305714|4871207046466248405|41637579,00|1657588648786|Funding Circle
4398046536850|4777757354198310614|5877147,00|1628897993854|Kabbage
28587302367922|4916243042739953367|26633602,00|1671438008245|BlueVine
28587302367922|4919620742460481240|23587333,00|1672471131391|TD Bank
28587302367922|4897384219300339417|2750005,00|1665673222362|Roofstock
15393162844610|4910050593252318938|18475543,00|1669507747132|RealtyMogul
8796093027955|4857696247584136923|81285873,00|1653452419687|Patch of Land
26388279082371|4875429171116908252|88592686,00|1658876632984|SoFi
24189255846819|4918776317530349277|64432754,00|1672210075469|LendingClub
24189255846819|4854037072886898398|75968993,00|1652376004571|LendingPoint
10995116343507|4915117142833110751|14569832,00|1671064095038|Earnest
10995116353507|4852066748049923808|62475448,00|1651762069232|Prosper
10995116353507|4821385975588462305|91764045,00|1642268979673|Patch of Land
10995116353507|4892880619672968930|60070397,00|1664273688796|Bank of America
24189255826820|4869799671582695139|65697943,00|1657206515295|US Bank
17592186070164|4805341901915954916|34483520,00|1637369493685|Best Egg
17592186070164|4873458846279933669|68141829,00|1658333099083|Chase Bank
17592186070164|4842496598841761510|1225342,00|1648765325018|Kabbage
17592186070164|4834896774470573799|8988175,00|1646440283044|TD Bank
10995116323508|4807030751776218856|781168,00|1637934237053|TD Bank
10995116323508|4781979478848970473|76487391,00|1630215707461|American Express
10995116323508|4844185448702025450|32499050,00|1649303623547|Kabbage
4398046566852|4680367012256423659|42550053,00|1598985410962|PNC Bank
4398046566852|4906954368508501740|92405426,00|1668558306405|TD Bank
4398046566852|4729343658204077805|76060995,00|1614027830814|American Express
24189255876820|4885562270278491886|78352377,00|1661985710704|Fundbox
24189255876820|4909206168322186991|44994498,00|1669251668192|Earnest
24189255876820|4869236721629273840|7313951,00|1656970319193|American Express
24189255876820|4893443569626390257|31950208,00|1664412522263|TD Bank
19791209375716|4901887818927709938|38440364,00|1667028298318|LightStream
10995116283509|4915680092786532083|47138762,00|1671241263683|LendingPoint
10995116283509|4884436370371649268|5024294,00|1661660537501|SunTrust
10995116283509|4726247433460260597|6307436,00|1613096289635|OnDeck
10995116283509|4839963324051365622|9857099,00|1648045707085|Funding Circle
19791209315717|4826171050192543479|90655671,00|1643757431150|Discover
19791209315717|4902450768881131256|7885288,00|1667172359393|American Express
19791209315717|4888658495022309113|59895163,00|1662934756183|Upstart
2199023281301|4660100813933256442|95214535,00|1592744801492|Prosper
2199023281301|4832926449633599227|18442178,00|1645840685312|SunTrust
2199023281301|4709921884811042556|88933119,00|1608023807037|Avant
2199023281301|4904421093718105853|66023147,00|1667857369349|Roofstock
6597069812405|4910613543205740286|91908574,00|1669740062274|TD Bank
6597069812405|4712736634578149119|6707198,00|1608914400310|Navy Federal Credit Union
21990232611269|4868955246652563200|20489135,00|1656926736563|Fundrise
21990232611269|4830674649819913985|72715803,00|1645197239468|Fundrise
21990232611269|4848126098375974658|80161340,00|1650557966119|Roofstock
21990232611269|4883873420418227971|31980401,00|1661471342908|State Farm Bank
4398046576853|4675863412629053188|41798294,00|1597609456845|Peerform
15393162814614|4899636019114024709|28400078,00|1666384507184|Patch of Land
15393162814614|4776349979314757382|23983615,00|1628450922745|Upgrade
15393162814614|4814067626193985287|6637132,00|1640051530390|LendingClub
15393162814614|4854037072886898440|2899344,00|1652302263665|US Bank
19791209345718|4868110821722431241|80084435,00|1656687378854|OneMain Financial
15393162804615|4907798793438633738|78485652,00|1668841321007|PNC Bank
15393162804615|4807875176706350859|9505246,00|1638113158751|SunTrust
15393162804615|4823074825448726284|67512139,00|1642864318987|State Farm Bank
19791209335719|4834052349540441869|44057867,00|1646189115934|Chase Bank
19791209335719|4880214245720989454|22402446,00|1660358294452|Capital One
19791209335719|4894287994556522255|19904535,00|1664708825670|Fundbox
19791209335719|4902732243857841936|91096038,00|1667298877371|Bank of America
10995116323511|4784794228616077073|5681729,00|1631070666157|LendingClub
10995116323511|4810408451496746770|22590581,00|1638908291563|Discover
10995116323511|4755239356061458195|88703718,00|1621991953679|Bank of America
4398046566855|4811252876426878740|99002035,00|1639230912160|Capital One
13194139599063|4854600022840319765|57539829,00|1652503395026|Prosper
13194139599063|4768468679966859030|10309048,00|1626021532379|Discover
13194139599063|4830111699866492695|13732589,00|1644984954255|Peerform
30786325653479|4919057792507059992|74283892,00|1672346019659|Fundbox
30786325603480|4911739443112582937|24658402,00|1670092997182|Discover
30786325603480|4919339267483770650|30849910,00|1672443341203|Marcus by Goldman Sachs
30786325603480|4919620742460481307|1217351,00|1672475198069|TD Bank
30786325603480|4917087467670085404|83761889,00|1671745527183|Capital One
8796093067960|4881340145627832093|89583806,00|1660744599432|SunTrust
8796093067960|4785638653546209054|89922725,00|1631329571853|Roofstock
8796093067960|4794645852800950047|55580425,00|1634081860430|PNC Bank
8796093067960|4919057792507060000|15394904,00|1672289112161|Patch of Land
21990232621272|4895976844416786209|75904432,00|1665265295973|Capital One
21990232621272|4900198969067446050|22686290,00|1666513781612|Fundbox
21990232621272|4884154895394938659|42302561,00|1661615638174|Citibank
21990232621272|4894006519579811620|16039137,00|1664644318757|Best Egg
8796093027961|4725965958483549989|72449739,00|1612994459298|LendingClub
26388279082377|4918776317530349350|36619238,00|1672256710691|Capital One
8796093047961|4891754719766126375|85076987,00|1663910510246|Prosper
8796093047961|4820823025635041064|12841917,00|1642149331502|Fundrise
8796093047961|4776631454291468073|46760065,00|1628572366264|Funding Circle
26388279102377|4892599144696258346|16111379,00|1664194533814|OneMain Financial
26388279102377|4892317669719547691|37985115,00|1664090588592|Best Egg
26388279102377|4918776317530349356|92646803,00|1672193638032|Discover
10995116323513|4838555949167812397|94060725,00|1647611876820|SoFi
13194139589065|4789579303220158254|74735172,00|1632577145456|OnDeck
13194139589065|4911176493159161647|59387446,00|1669908188512|OnDeck
13194139589065|4842496598841761584|32299852,00|1648811250540|American Express
13194139589065|4758898530758696753|88638034,00|1623145260997|Rocket Loans
10995116343513|4903576668787973938|92526079,00|1667552987206|Discover
10995116343513|4914272717902978867|39239343,00|1670866005197|Avant
10995116343513|4854600022840319796|97900638,00|1652506009005|TD Bank
10995116343513|4859948047397822261|65683495,00|1654163815395|LendingPoint
10995116353513|4859948047397822262|12089010,00|1654156760633|US Bank
24189255826826|4855725922747162423|17817964,00|1652884380236|Prosper
24189255826826|4909769118275608376|29544495,00|1669425600036|LendingClub
24189255826826|4917650417623506745|29456057,00|1671876150557|TD Bank
4398046556858|4777475879221600058|9995943,00|1628803382204|Discover
4398046556858|4858259197537558331|23872086,00|1653663055956|Marcus by Goldman Sachs
24189255886826|4876273596047040316|19515697,00|1659199089263|Avant
26388279092379|4918213367576928061|67641786,00|1672094521347|LightStream
26388279092379|4919057792507060030|28569544,00|1672308329081|TD Bank
26388279092379|4886406695208623935|93803787,00|1662268304834|Upgrade
26388279112379|4891191769812705088|36403759,00|1663775150674|Capital One
17592186100171|4881058670651121473|65387832,00|1660653487549|SunTrust
17592186100171|4823074825448726338|56637834,00|1642851662262|Fundrise
17592186100171|4873177371303223107|72550009,00|1658189097113|OneMain Financial
10995116353515|4808438126659772228|79291014,00|1638355639201|Fundrise
13194139569068|4881903095581253445|493090,00|1660893548282|RealtyMogul
21990232601276|4845592823585578822|20383642,00|1649705206767|Patch of Land
4398046566860|4735817582668422983|54271551,00|1616053086669|BlueVine
4398046566860|4720899408902758216|98190381,00|1611448444894|Fundrise
4398046566860|4797742077544767305|92119092,00|1635015954259|Citibank
8796093087964|4901324868974288714|87402229,00|1666851033440|Navy Federal Credit Union
8796093087964|4898510119207182155|14695412,00|1665969780576|Citibank
28587302327933|4913146817996136268|13841371,00|1670528987132|Marcus by Goldman Sachs
28587302327933|4916243042739953485|56472650,00|1671409471596|Funding Circle
75757|4897102744323628878|6602707,00|1665550840493|Patch of Land
5758|4749046906573823823|68561953,00|1620078768030|Prosper
28587302337934|4903858143764684624|64947445,00|1667683918202|TD Bank
28587302337934|4913428292972846929|21962545,00|1670574739321|US Bank
28587302337934|4905828468601659218|68112137,00|1668293205146|State Farm Bank
8796093047966|4777194404244889427|23794046,00|1628712168518|Avant
8796093047966|4825045150285700948|41457260,00|1643434875942|Prosper
8796093047966|4746232156806717269|51249867,00|1619243106885|US Bank
26388279122382|4901887818927710038|40070185,00|1667007018266|LendingPoint
28587302387934|4892036194742837079|38685156,00|1664019377966|Upstart
28587302387934|4918213367576928088|91102762,00|1672031522093|Upstart
24189255816831|4896258319393496921|65531090,00|1665296547783|Prosper
24189255816831|4878243920884014938|91041801,00|1659778994329|Roofstock
19791209325727|4902450768881131355|35504070,00|1667190617081|US Bank
6597069802415|4835178249447284572|52553109,00|1646575445723|American Express
6597069802415|4708233034950778717|11862767,00|1607536389169|Upgrade
6597069802415|4744261831969742686|58029618,00|1618575087975|Wells Fargo
6597069802415|4911457968135872351|1252010,00|1669978544041|US Bank
19791209345727|4837992999214391136|8804527,00|1647390874999|SoFi
2199023311311|4660945238863388513|88854340,00|1593056814793|State Farm Bank
2199023311311|4745387731876585314|69504619,00|1618965518523|Prosper
28587302387935|4900198969067446115|66253268,00|1666503561247|OneMain Financial
28587302387935|4909206168322187108|15476725,00|1669250188123|Rocket Loans
28587302387935|4913146817996136293|25553579,00|1670509740900|American Express
28587302387935|4912020918089293670|61442348,00|1670185392741|LightStream
13194139609071|4874021796233355111|69801822,00|1658461811969|LightStream
24189255816832|4859666572421111656|37081365,00|1654105680918|Best Egg
24189255816832|4896258319393496937|2257102,00|1665285724189|Fundbox
24189255816832|4906109943578369898|34421459,00|1668315572855|LightStream
24189255816832|4912020918089293675|5007588,00|1670194424807|Citibank
28587302357936|4911457968135872364|41042252,00|1669962600892|OneMain Financial
28587302357936|4918213367576928109|55542050,00|1672065672794|Rocket Loans
17592186110176|4891473244789415790|11576660,00|1663827609832|Fundrise
17592186110176|4869518196605984623|41533806,00|1657132381651|Upgrade
17592186110176|4906109943578369904|58170013,00|1668363973180|Upstart
17592186110176|4835459724423995249|36165696,00|1646628789397|LendingClub
10995116353520|4767061305083305842|12413434,00|1625607598948|Upstart
10995116353520|4902169293904420723|13741771,00|1667138620736|Kabbage
5761|4780853578942127988|86809294,00|1629880625874|Best Egg
6597069782417|4819697125728198517|86723153,00|1641780982706|LendingClub
6597069782417|4830111699866492790|91474973,00|1644953358813|Earnest
6597069782417|4897947169253760887|56797222,00|1665868698185|Fundrise
6597069782417|4913709767949557624|74627565,00|1670659469684|Fundrise
21990232591281|4879651295767568249|11248342,00|1660207159811|TD Bank
28587302367937|4907517318461923194|52491852,00|1668741961231|BlueVine
6597069842417|4794082902847528827|34179752,00|1633904670882|Fundrise
6597069842417|4737506432528686972|92313376,00|1616501945720|Roofstock
6597069842417|4729906608157499261|44798305,00|1614188075155|Prosper
6597069842417|4824482200332279678|99852538,00|1643246607123|Peerform
15393162804626|4839118899121233791|22054810,00|1647717686407|US Bank
15393162804626|4822230400518594432|54471113,00|1642591003534|Discover
15393162804626|4871769996419669889|82174164,00|1657746305036|Best Egg
35762|4843341023771893634|78221269,00|1649046228825|Funding Circle
4398046556866|4846437248515710851|51929172,00|1650023288049|Upgrade
4398046556866|4854600022840319876|25931876,00|1652494528897|BlueVine
4398046556866|4769031629920280453|97912001,00|1626186352308|Chase Bank
4398046556866|4910050593252319110|22765863,00|1669588819707|TD Bank
15393162844626|4889221444975730567|10854010,00|1663151733744|LendingClub
4398046576866|4882747520511385480|12169801,00|1661119924987|RealtyMogul
4398046576866|4852629698003345289|85884643,00|1651868380961|Navy Federal Credit Union
4398046576866|4742010032156057482|97962836,00|1617958607866|Navy Federal Credit Union
19791209375730|4853755597910187915|76055248,00|1652259090559|PNC Bank
19791209375730|4879369820790857612|88638165,00|1660131302076|Capital One
19791209375730|4861918372234796941|54298057,00|1654758099774|Navy Federal Credit Union
26388279092387|4907517318461923214|58585367,00|1668800154636|Wells Fargo
26388279092387|4919057792507060111|32720970,00|1672351021490|Upgrade
26388279092387|4912583868042715024|62745486,00|1670314677258|Prosper
8796093067971|4745106256899874705|15116487,00|1618833794442|Earnest
24189255866835|4879369820790857618|58194931,00|1660146422382|TD Bank
24189255866835|4892880619672969107|20259394,00|1664263305408|Avant
24189255866835|4879088345814146964|38424138,00|1660030149743|PNC Bank
19791209365731|4823637775402147733|60167004,00|1642985380109|Upgrade
19791209365731|4826734000145964950|43126187,00|1643945535830|Fundbox
19791209365731|4823637775402147735|90324774,00|1643031356860|Funding Circle
24189255886835|4859103622467690392|85775766,00|1653917155352|Citibank
24189255886835|4893725044603101081|97822851,00|1664562348699|Discover
24189255886835|4884154895394938778|86642554,00|1661577106204|Funding Circle
8796093027972|4768187204990148507|55721181,00|1625962618813|Rocket Loans
21990232571284|4906109943578369948|48620339,00|1668332106321|Patch of Land
30786325603492|4919620742460481437|28658341,00|1672453649660|Capital One
10995116313524|4805904851869376414|15090416,00|1637570045306|Bank of America
8796093067972|4730751033087631263|54350106,00|1614502260551|Navy Federal Credit Union
8796093067972|4906109943578369952|49637165,00|1668298176047|Bank of America
8796093067972|4761431805549092769|31303052,00|1623916522774|RealtyMogul
8796093067972|4764809505269620642|64879082,00|1624945872396|SoFi
10995116333524|4915961567763242915|73464942,00|1671373987660|Upgrade
10995116333524|4821104500611751844|24830713,00|1642179301392|Bank of America
10995116333524|4764809505269620645|66533923,00|1624912678945|Discover
10995116343524|4779446204058574758|82615853,00|1629414333936|LendingClub
10995116343524|4845311348608868263|95290200,00|1649637474967|Roofstock
10995116343524|4869236721629274024|74186155,00|1656965732081|Chase Bank
10995116343524|4841933648888340393|8600537,00|1648631326079|Bank of America
2199023271317|4727373333367103402|10555166,00|1613427076117|OnDeck
2199023271317|4846437248515710891|17881559,00|1649983433376|LendingPoint
2199023281317|4743980356993032108|7232498,00|1618491158988|Best Egg
17592186080181|4822230400518594477|13051124,00|1642601469283|Upstart
4398046556869|4778601779128442798|86109841,00|1629173461832|OneMain Financial
4398046556869|4728780708250656687|2055969,00|1613814181413|Avant
4398046556869|4713018109554859952|85375424,00|1609043366016|Best Egg
4398046556869|4908924693345476529|46271569,00|1669166139873|Bank of America
21990232631285|4869236721629274034|36150348,00|1657037441461|State Farm Bank
10995116283526|4912865343019425715|67403308,00|1670380277461|Patch of Land
28587302337942|4918494842553638836|24928121,00|1672180454127|Rocket Loans
21990232601286|4910332068229029813|88688858,00|1669653944412|Upstart
6597069822422|4779164729081864118|47712855,00|1629305224657|LendingClub
8796093087974|4871488521442959287|29700601,00|1657692028694|Navy Federal Credit Union
8796093087974|4805623376892665784|37158231,00|1637481778417|Wells Fargo
28587302397942|4901043393997578169|70772081,00|1666790093033|BlueVine
26388279072391|4883591945441517498|55371122,00|1661389119635|Peerform
2199023281319|4875710646093619131|87948656,00|1658977306328|State Farm Bank
21990232591287|4888377020045598652|33097240,00|1662851571177|RealtyMogul
21990232591287|4857696247584137149|41198617,00|1653456788556|Kabbage
21990232591287|4841933648888340414|51833427,00|1648646032238|Patch of Land
24189255876839|4880495720697700287|22417159,00|1660476526937|RealtyMogul
24189255876839|4878806870837436352|75742757,00|1659956667572|Peerform
24189255876839|4895695369440075713|56705187,00|1665145570186|Avant
28587302397943|4911176493159161794|91218538,00|1669857302782|Discover
6597069772424|4691344536348139459|46195724,00|1602396173397|Best Egg
6597069772424|4868673771675852740|3658143,00|1656837807975|LendingClub
8796093057976|4747076581736849349|18036518,00|1619451395645|PNC Bank
19791209345736|4876555071023751110|63080739,00|1659264979120|TD Bank
19791209345736|4863044272141639623|39844210,00|1655119192290|SunTrust
30786325633496|4916243042739953608|80177096,00|1671433329505|Chase Bank
28587302327945|4897384219300339657|56557304,00|1665682104843|Patch of Land
8796093037977|4892317669719547850|56880136,00|1664068815404|Wells Fargo
8796093037977|4737787907505397707|3762152,00|1616621930741|State Farm Bank
8796093037977|4869236721629274060|12816427,00|1656984109131|Peerform
8796093037977|4730188083134209997|68692153,00|1614308236043|Wells Fargo
17592186070185|4912583868042715086|13405024,00|1670348092983|Roofstock
13194139569081|4783386853732523983|58850100,00|1630652219771|Avant
13194139569081|4782542428802392016|66887322,00|1630370983950|Best Egg
13194139569081|4824763675308990417|69123567,00|1643345132593|Roofstock
2199023301321|4653345414492200914|60513272,00|1590659429962|Wells Fargo
2199023301321|4650249189748383699|94336767,00|1589747594530|Upstart
2199023311321|4878525395860725716|92288658,00|1659867934915|RealtyMogul
10995116343529|4856851822654005205|18051883,00|1653188542783|State Farm Bank
10995116343529|4760305905642250198|43606700,00|1623523313769|RealtyMogul
10995116343529|4821948925541883863|61095706,00|1642438867416|Peerform
10995116343529|4841089223958208472|28266205,00|1648360839055|American Express
21990232561290|4847281673445842905|43705546,00|1650238304509|PNC Bank
13194139569082|4793519952894107610|10128883,00|1633773232273|BlueVine
13194139569082|4886125220231913435|29155071,00|1662215583001|Patch of Land
13194139569082|4787327503406473180|6853827,00|1631865217698|Best Egg
13194139569082|4916243042739953629|67869128,00|1671485862162|OneMain Financial
8796093077978|4902169293904420830|37976692,00|1667154892341|State Farm Bank
8796093077978|4784794228616077279|2197618,00|1631045825396|Peerform
8796093077978|4791549628057133024|63557534,00|1633180950377|State Farm Bank
10995116343530|4754394931131326433|17381856,00|1621720481510|Kabbage
10995116343530|4764528030292910050|13576680,00|1624824169006|Capital One
10995116343530|4883310470464806883|17702662,00|1661310320880|Prosper
6597069842426|4874866221163487204|77054201,00|1658771804299|Patch of Land
6597069842426|4825889575215833061|74206030,00|1643647911174|Patch of Land
6597069842426|4809564026566615014|5844398,00|1638644212008|Avant
8796093037979|4911176493159161831|94129036,00|1669879958426|Marcus by Goldman Sachs
8796093077979|4736662007598555112|11919603,00|1616238562731|RealtyMogul
10995116343531|4838837424144523241|22273253,00|1647641008690|Bank of America
24189255826844|4864733122001903594|8104372,00|1655600595948|SunTrust
19791209355740|4810689926473457643|19154838,00|1639031182631|State Farm Bank
65772|4698381410765905900|97977286,00|1604504784895|BlueVine
30786325653500|4911739443112583149|66253132,00|1670090797183|SoFi
19791209305741|4856851822654005230|2588041,00|1653176320212|American Express
21990232571293|4868955246652563439|61450905,00|1656885363588|Capital One
28587302357949|4912020918089293808|38645183,00|1670113694956|Rocket Loans
28587302357949|4915680092786532337|98715618,00|1671270202901|Navy Federal Credit Union
28587302357949|4906109943578370034|33012061,00|1668362028562|SunTrust
30786325623501|4916524517716664307|61467457,00|1671520932644|TD Bank
30786325623501|4915117142833111028|13198713,00|1671131759975|Peerform
21990232561294|4875710646093619189|44668371,00|1659006458405|Avant
13194139549086|4805060426939244534|16598449,00|1637272316523|Navy Federal Credit Union
15393162814638|4805904851869376503|15516990,00|1637576156902|BlueVine
15393162814638|4885843745255202808|79253419,00|1662114785888|TD Bank
15393162814638|4895976844416786425|64099187,00|1665195827822|US Bank
2199023301326|4692188961278271482|94173328,00|1602643689083|Best Egg
26388279132398|4915961567763243003|60442061,00|1671356567811|BlueVine
26388279132398|4897384219300339708|95741130,00|1665626670382|RealtyMogul
75774|4650249189748383741|66459432,00|1589709857276|Capital One
2199023261327|4720054983972626430|92239737,00|1611211274690|Avant
25775|4822793350472015871|97450497,00|1642701020433|Upstart
25775|4888658495022309376|81056476,00|1663017916298|Navy Federal Credit Union
2199023301327|4659256389003124737|84928340,00|1592530073449|TD Bank
6597069772432|4768187204990148610|71848104,00|1625954621348|SunTrust
24189255826848|4882747520511385603|89834064,00|1661122607015|Navy Federal Credit Union
24189255826848|4897947169253761028|93849099,00|1665838910728|Funding Circle
24189255826848|4894006519579811845|82600799,00|1664639716031|LendingClub
24189255826848|4883310470464806918|57936032,00|1661334977209|Peerform
2199023281328|4846437248515710983|10775114,00|1649962990479|Patch of Land
8796093077984|4857977722560847880|13108369,00|1653554853968|SoFi
8796093077984|4804778951962533897|92527987,00|1637226905363|Kabbage
8796093077984|4775505554384625674|63266904,00|1628196506216|Avant
24189255876848|4867829346745720843|52426148,00|1656599420420|Upgrade
24189255876848|4889784394929152012|20771030,00|1663307072519|Best Egg
19791209375744|4917650417623506957|91409473,00|1671905761896|Chase Bank
19791209375744|4832644974656888846|78576575,00|1645785271947|OnDeck
17592186070193|4893725044603101199|11144291,00|1664541906341|Capital One
17592186070193|4831237599773335568|3140052,00|1645291738674|Earnest
17592186070193|4903576668787974161|40744401,00|1667578151859|Marcus by Goldman Sachs
17592186090193|4878243920884015122|42322477,00|1659750800676|Marcus by Goldman Sachs
17592186090193|4834052349540442131|62521332,00|1646171977974|State Farm Bank
6597069822433|4913428292972847124|45731283,00|1670577906704|American Express
24189255876849|4858259197537558549|68859574,00|1653634965125|OnDeck
24189255816850|4863607222095061014|95549095,00|1655251502165|Wells Fargo
24189255816850|4890347344882573335|27085048,00|1663519354061|Funding Circle
24189255816850|4908080268415344664|97691702,00|1668903778318|SunTrust
24189255816850|4892880619672969241|31286368,00|1664295840436|Patch of Land
17592186060194|4912302393066004506|42216670,00|1670275239887|Roofstock
24189255836850|4853474122933477403|69663133,00|1652134468670|TD Bank
24189255836850|4908080268415344668|10956544,00|1668932665181|Bank of America
10995116323538|4890065869905862685|48217563,00|1663446558638|RealtyMogul
10995116323538|4865859021908746270|31194421,00|1656013479846|American Express
10995116323538|4916524517716664351|16898152,00|1671521680466|TD Bank
10995116323538|4828985799959650336|94477652,00|1644635393551|PNC Bank
6597069832434|4710203359787753505|84468677,00|1608135595397|US Bank
6597069832434|4828422850006229026|79605134,00|1644462273461|BlueVine
6597069832434|4738913807412240419|6685965,00|1616985340189|Citibank
28587302327955|4919057792507060260|9861673,00|1672278594807|OneMain Financial
21990232571299|4893443569626390565|61064029,00|1664431021328|Chase Bank
30786325603507|4912583868042715174|54294160,00|1670345668315|Citibank
30786325603507|4913709767949557799|35152913,00|1670656097150|Patch of Land
30786325603507|4919620742460481576|15358374,00|1672497582873|Capital One
35779|4787608978383183913|9958983,00|1631923713348|RealtyMogul
35779|4687966836627611690|47391014,00|1601336059004|US Bank
35779|4641523465470353451|40103927,00|1587042767463|Discover
2199023301331|4780853578942128172|17932575,00|1629889026560|BlueVine
2199023301331|4640397565563510829|85304284,00|1586734052403|State Farm Bank
2199023301331|4805623376892665902|71093671,00|1637435001398|Peerform
24189255876851|4887532595115466799|84979783,00|1662666480138|Fundrise
13194139609091|4883028995488096304|92658204,00|1661247451314|Capital One
2199023261332|4696411085928931377|20001006,00|1603929363258|Chase Bank
2199023261332|4709640409834332210|27107101,00|1607953370626|SoFi
2199023261332|4906672893531791411|59406749,00|1668477138239|Navy Federal Credit Union
17592186060196|4841370698934919220|30374018,00|1648440193400|Peerform
15393162814644|4840244799028076597|28638808,00|1648111904336|LendingClub
30786325613508|4914554192879689782|63341668,00|1670970134394|LendingClub
30786325613508|4914554192879689783|54485469,00|1670896607625|Upgrade
30786325613508|4917368942646796344|74877505,00|1671762816262|Citibank
2199023301332|4646027065097723961|1973588,00|1588472957938|Capital One
2199023301332|4910613543205740602|96193474,00|1669712968718|Avant
2199023301332|4787890453359894587|15311972,00|1632016956891|Wells Fargo
2199023301332|4754113456154615868|15866090,00|1621648484222|Citibank
8796093087988|4790705203127001149|46883255,00|1632878854986|Wells Fargo
10995116353540|4827578425076097086|35416285,00|1644179649132|Citibank
10995116353540|4873458846279934015|20471609,00|1658275532500|Avant
10995116353540|4853192647956766784|80853066,00|1652069295152|Navy Federal Credit Union
10995116353540|4900480444044156993|55107799,00|1666645069067|State Farm Bank
2199023261333|4878525395860725826|74260983,00|1659866959744|Upstart
2199023261333|4886688170185334851|21501612,00|1662343557370|Patch of Land
2199023261333|4851222323119792196|90098016,00|1651489087732|Chase Bank
19791209315749|4865577546932035653|83807444,00|1655850290814|SunTrust
15393162844645|4845592823585579078|4081701,00|1649781356872|Roofstock
15393162844645|4895976844416786503|52513652,00|1665213216082|Kabbage
15393162844645|4766216880153174088|1233043,00|1625333457761|Fundbox
19791209305750|4915680092786532425|61017747,00|1671264292283|Marcus by Goldman Sachs
24189255836854|4907517318461923402|20123606,00|1668782310634|Fundbox
21990232611302|4876836546000461899|79356929,00|1659309146107|OnDeck
21990232611302|4866984921815588940|31898180,00|1656279777124|Rocket Loans
21990232611302|4917650417623507021|21050440,00|1671921270015|American Express
4398046576886|4915961567763243086|68836524,00|1671371589214|Fundbox
4398046576886|4769876054850412623|86887073,00|1626467721269|LendingPoint
75782|4638427240726536272|2192944,00|1586091998897|Avant
75782|4830956124796624977|88007660,00|1645223244067|Roofstock
75782|4820260075681620050|95667566,00|1641994731705|BlueVine
75782|4812378776333721683|32999564,00|1639497042031|Fundrise
5783|4863044272141639764|66301200,00|1655120311588|PNC Bank
15783|4707951559974068309|83703713,00|1607413637129|Citibank
15783|4872332946373091414|30685172,00|1657969782041|LightStream
15783|4913991242926268503|16030606,00|1670772425905|Marcus by Goldman Sachs
15783|4619005467333501016|91744197,00|1580124438007|Avant
15393162834647|4822793350472015961|65710586,00|1642708075719|Patch of Land
15393162834647|4872332946373091418|29221630,00|1657922252824|LightStream
15393162834647|4822511875495305307|26295844,00|1642645787031|Fundrise
15393162834647|4823637775402147932|45846074,00|1643028413496|LightStream
2199023311335|4817445325914513501|4489490,00|1641119484015|Funding Circle
30786325643511|4916805992693375070|4602701,00|1671613991877|Chase Bank
10995116283544|4802245677172138079|16285979,00|1636417257882|Rocket Loans
13194139549096|4825326625262411872|44667380,00|1643492925126|Fundbox
13194139549096|4877680970930593889|49449929,00|1659592418159|Marcus by Goldman Sachs
13194139549096|4860792472327954530|22006705,00|1654418607793|PNC Bank
4398046536888|4686840936720769123|9224564,00|1600954515124|SoFi
4398046536888|4708795984904200292|57540296,00|1607724415000|Avant
4398046536888|4782542428802392165|47540675,00|1630410269364|Marcus by Goldman Sachs
4398046536888|4861918372234797158|84901295,00|1654739601411|US Bank
35784|4760024430665539687|55140771,00|1623439722306|SunTrust
6597069812440|4739195282388951144|11824636,00|1617011805600|Patch of Land
6597069812440|4814349101170696297|5978045,00|1640182453200|RealtyMogul
17592186100200|4917087467670085738|40751908,00|1671686054753|Best Egg
17592186100200|4825889575215833195|33421610,00|1643662202576|Prosper
17592186100200|4859385097444401260|54539402,00|1653955713850|SunTrust
28587302387960|4903295193811263597|68279139,00|1667497192937|TD Bank
24189255816857|4871488521442959470|62431645,00|1657718219319|Best Egg
26388279082409|4889502919952441455|60381040,00|1663263610449|Bank of America
26388279082409|4901887818927710320|37727652,00|1667068554170|Upgrade
25785|4916805992693375089|56666714,00|1671658781239|SunTrust
25785|4754957881084747890|4477618,00|1621914767716|SoFi
25785|4660663763886678131|93440645,00|1592930162718|Bank of America
25785|4734691682761580660|47345850,00|1615632311146|LendingClub
8796093057993|4810689926473457781|39016179,00|1638979773177|Marcus by Goldman Sachs
8796093057993|4816600900984381558|11187687,00|1640877118829|Earnest
26388279072410|4895132419486654583|11078742,00|1664972755522|SunTrust
26388279072410|4908361743392055416|27643110,00|1668993540146|US Bank
26388279072410|4896821269346918521|34687318,00|1665446909750|Chase Bank
17592186060202|4866984921815588986|24195567,00|1656309262959|Upgrade
15393162814650|4843059548795183227|84205726,00|1648960776869|Peerform
24189255846858|4870362621536116860|77238143,00|1657394641128|Fundrise
24189255846858|4869236721629274237|56664588,00|1656989896275|TD Bank
24189255846858|4882184570557964414|16820458,00|1660971616799|Capital One
24189255856858|4903858143764684927|54835701,00|1667611154631|Prosper
2199023331338|4816600900984381568|96628372,00|1640861110006|Peerform
24189255816859|4865859021908746369|73519230,00|1655945936822|TD Bank
24189255816859|4884999320325070978|19284560,00|1661893177883|TD Bank
24189255816859|4906391418555080835|53905599,00|1668453502361|SoFi
24189255816859|4897947169253761156|85942660,00|1665871952831|Capital One
6597069782443|4697818460812484741|47015098,00|1604380817032|LendingPoint
15393162814651|4845029873632157830|74463573,00|1649568870671|Bank of America
15393162814651|4916524517716664455|35051482,00|1671577125730|Citibank
4398046546891|4700351735602880648|93174473,00|1605102944595|Kabbage
8796093077995|4879369820790857865|65684142,00|1660083025815|PNC Bank
8796093077995|4891754719766126730|97125697,00|1663955126908|OneMain Financial
8796093077995|4768468679966859403|7576532,00|1626067467032|Earnest
24189255876859|4910895018182451340|41025907,00|1669808778100|Prosper
10995116293548|4735536107691712653|50141957,00|1615972178971|TD Bank
10995116293548|4848407573352685710|19331986,00|1650613688046|Earnest
13194139579100|4885843745255202959|6444158,00|1662092167140|Marcus by Goldman Sachs
13194139579100|4775787029361336464|38439889,00|1628317699862|State Farm Bank
30786325633516|4919339267483771025|71195034,00|1672438548566|Capital One
30786325583517|4913709767949557906|54742240,00|1670714266436|PNC Bank
8796093037997|4740884132249215123|43329104,00|1617577215542|Capital One
8796093037997|4803653052055691412|10528886,00|1636839314025|Avant
8796093037997|4853474122933477525|82644577,00|1652205986545|Kabbage
8796093037997|4887532595115466902|20128217,00|1662619443874|PNC Bank
25789|4835178249447284887|73450368,00|1646570370331|OnDeck
25789|4813504676240564376|22723506,00|1639904299169|American Express
75789|4647434439981277337|74085857,00|1588900069074|Roofstock
15790|4772972279594229914|31565994,00|1627432727467|Navy Federal Credit Union
15790|4705699760160383131|62716933,00|1606789024022|TD Bank
15790|4707951559974068380|58564503,00|1607468791327|Discover
13194139559102|4831237599773335709|51963871,00|1645296262185|American Express
13194139559102|4747921006666981534|82849001,00|1619714389324|Discover
13194139559102|4746232156806717599|94938266,00|1619235615767|OneMain Financial
26388279102414|4890910294835994784|90326856,00|1663707079963|Funding Circle
4398046556894|4722588258763022497|65895161,00|1611927696757|Avant
13194139589102|4889502919952441506|8254207,00|1663228368740|Roofstock
24189255876862|4877118020977172643|58971051,00|1659451776464|Upstart
24189255876862|4892880619672969380|33632206,00|1664248758960|State Farm Bank
24189255876862|4850940848143081637|58106844,00|1651373343960|PNC Bank
28587302397966|4893162094649680038|40375171,00|1664376470994|RealtyMogul
28587302397966|4918776317530349735|99620832,00|1672252050706|Upstart
30786325583519|4917931892600217768|54525876,00|1672001892558|OneMain Financial
2199023291343|4690218636441297065|48432579,00|1601977305619|State Farm Bank
28587302377967|4894287994556522666|28708434,00|1664724900625|BlueVine
28587302377967|4900198969067446443|35859699,00|1666558754632|LendingClub
17592186120207|4803653052055691436|85118642,00|1636872486335|OnDeck
17592186120207|4800556827311874221|99770733,00|1635921837586|Fundrise
17592186120207|4809564026566615214|49368778,00|1638657139344|Earnest
17592186050208|4850096423212949679|85911486,00|1651108387789|LendingPoint
17592186050208|4838837424144523440|93701848,00|1647694141113|Capital One
28587302337968|4913991242926268593|13460361,00|1670744616032|SunTrust
28587302337968|4906672893531791538|54217461,00|1668471799397|Fundbox
2199023321344|4644056740260749491|92247862,00|1587832988561|TD Bank
2199023321344|4743698882016321716|23682896,00|1618441475713|LendingPoint
8796093098000|4816037951030960309|65701936,00|1640655703338|Rocket Loans
15393162824657|4915398617809821878|81802547,00|1671214775368|US Bank
15393162824657|4902450768881131703|71226174,00|1667205916190|Kabbage
24189255866865|4871769996419670200|44578710,00|1657821051382|LendingClub
24189255866865|4890628819859284153|48034014,00|1663577770513|Citibank
26388279142417|4914835667856400570|84792417,00|1671040379349|Fundbox
26388279072418|4899354544137314491|13571802,00|1666287297152|Marcus by Goldman Sachs
26388279072418|4909769118275608764|33626291,00|1669429331514|OneMain Financial
26388279072418|4918213367576928445|87059743,00|1672065275450|RealtyMogul
8796093038002|4729625133180788926|15839702,00|1614138356193|Peerform
8796093038002|4868673771675852991|64836545,00|1656834041613|Fundbox
8796093038002|4877118020977172672|70380772,00|1659422485178|Upgrade
45794|4855162972793741505|72049827,00|1652708625017|PNC Bank
45794|4624916441844424898|38714507,00|1581964306522|LendingClub
2199023331346|4859385097444401347|36428877,00|1653977463305|SunTrust
2199023331346|4863888697071771844|67455641,00|1655346478731|State Farm Bank
2199023331346|4919339267483771077|72899421,00|1672401119280|Peerform
2199023331346|4728780708250656966|51270250,00|1613876010235|PNC Bank
10995116283555|4774661129454493895|32334435,00|1627922273605|OneMain Financial
15393162824659|4798586502474899656|45212650,00|1635332116599|State Farm Bank
28587302367971|4908080268415344841|46150174,00|1668910259273|Capital One
24189255866867|4866703446838878410|23104847,00|1656237727125|Funding Circle
24189255866867|4902732243857842379|92956649,00|1667341289958|Marcus by Goldman Sachs
24189255866867|4918494842553639116|56618388,00|1672179839827|OneMain Financial
17592186110211|4906954368508502221|89307144,00|1668594890397|Capital One
17592186120211|4822511875495305422|3273980,00|1642616338964|Fundrise
17592186120211|4883310470464807119|92517929,00|1661327324682|RealtyMogul
17592186120211|4895132419486654672|12218193,00|1664989908094|Upgrade
17592186120211|4918776317530349777|69204546,00|1672264631188|BlueVine
21990232561316|4919057792507060434|37702201,00|1672326667113|Roofstock
26388279082420|4915961567763243219|29609713,00|1671331157263|Chase Bank
26388279082420|4879369820790857940|58162470,00|1660083269527|Citibank
28587302357972|4913146817996136661|64618007,00|1670492455744|Marcus by Goldman Sachs
28587302357972|4915398617809821910|62328760,00|1671220607807|Rocket Loans
15393162834660|4818008275867934935|78921667,00|1641284808352|Discover
17592186050213|4906672893531791576|8960373,00|1668510272353|Fundrise
17592186050213|4886125220231913689|53560443,00|1662185252425|Fundrise
2199023271349|4893162094649680090|22442391,00|1664324226269|Navy Federal Credit Union
2199023271349|4878806870837436635|32613200,00|1659923966743|LightStream
6597069792453|4680929962209845468|75612227,00|1599172416300|Best Egg
6597069792453|4703729435323408605|72967212,00|1606116519010|BlueVine
6597069792453|4802808627125559518|77583950,00|1636568740901|Bank of America
17592186090213|4831519074750046431|38758124,00|1645462509215|Chase Bank
17592186090213|4870644096512827616|28688340,00|1657454524999|Capital One
17592186090213|4803090102102270177|41217472,00|1636656768525|Marcus by Goldman Sachs
4398046566901|4875147696140198114|21408056,00|1658831755252|OnDeck
24189255816870|4878806870837436643|30479534,00|1659939670314|PNC Bank
24189255816870|4897947169253761252|41068034,00|1665870474514|Funding Circle
24189255816870|4896258319393497317|76954049,00|1665338106167|SoFi
24189255816870|4871207046466248934|48979950,00|1657646223781|Bank of America
2199023291350|4852629698003345639|51043207,00|1651901109471|State Farm Bank
21990232601318|4853192647956766952|46042034,00|1652050832593|Bank of America
21990232601318|4845592823585579241|74847,00|1649708100607|RealtyMogul
21990232601318|4840807748981498090|58224892,00|1648272038658|Patch of Land
8796093088006|4915961567763243243|78524668,00|1671392797430|US Bank
26388279072423|4906954368508502252|30771244,00|1668613823468|OnDeck
6597069782455|4691907486301561069|57178700,00|1602495516275|Upstart
6597069782455|4869518196605985006|6563937,00|1657104744593|OneMain Financial
6597069782455|4752706081271062767|40243713,00|1621192643906|OnDeck
21990232581319|4904139618741395696|30204281,00|1667743911391|SunTrust
21990232581319|4840244799028076785|87241039,00|1648135851213|Chase Bank
21990232581319|4844748398655447282|53006548,00|1649454300188|RealtyMogul
21990232581319|4905265518648238323|34594779,00|1668065218111|Bank of America
26388279072424|4899073069160603892|2026588,00|1666172638498|Rocket Loans
26388279072424|4888658495022309621|64333228,00|1662975056903|Upgrade
6597069812456|4776912929268179190|46033044,00|1628620240952|OnDeck
6597069812456|4761994755502514423|95189701,00|1624097734710|OnDeck
6597069812456|4872332946373091576|94227707,00|1657952944108|American Express
28587302387976|4919339267483771129|34806208,00|1672383387125|SoFi
28587302387976|4892599144696258810|76337084,00|1664205925931|US Bank
10995116353560|4731032508064342267|54210444,00|1614585691235|LightStream
10995116353560|4763965080339489020|14711707,00|1624672340341|LendingClub
10995116353560|4916524517716664573|77875046,00|1671506348983|Upgrade
19791209345769|4919339267483771134|83800303,00|1672411764613|US Bank
8796093088009|4736662007598555391|14503518,00|1616242968545|Peerform
2199023331353|4789579303220158720|87140678,00|1632540245222|TD Bank
6597069842458|4757491155875143937|72481889,00|1622662839569|Fundrise
6597069842458|4809845501543325954|84376125,00|1638727784526|Peerform
6597069842458|4762839180432646403|92568955,00|1624321403882|SunTrust
6597069842458|4695848135975510276|64928259,00|1603750328164|Avant
10995116293563|4773253754570940677|90640370,00|1627542596102|Capital One
10995116293563|4795771752707793158|91178755,00|1634453788649|US Bank
10995116293563|4866984921815589127|92808595,00|1656353120905|SoFi
6597069822459|4678115212442738952|15545454,00|1598272464195|Fundbox
30786325583532|4914835667856400649|97607935,00|1670993275825|Marcus by Goldman Sachs
15804|4769876054850412810|71634379,00|1626499538583|American Express
15804|4837992999214391563|89032269,00|1647389272340|Upstart
15804|4827015475122675980|57441660,00|1644039476016|LendingPoint
15804|4738350857458819341|53068317,00|1616768010539|OneMain Financial
21990232591324|4845592823585579278|63257075,00|1649752788534|Upstart
21990232591324|4919620742460481807|4172716,00|1672460944083|Capital One
21990232591324|4879932770744279312|14051892,00|1660326667094|Fundbox
21990232591324|4903013718834553105|36830788,00|1667372978653|Bank of America
19791209365772|4899354544137314578|50935810,00|1666295969598|Best Egg
13194139609116|4773816704524362003|18216418,00|1627660835243|PNC Bank
13194139609116|4835178249447285012|64919683,00|1646554238474|LightStream
13194139609116|4769876054850412821|37249801,00|1626464496746|Wells Fargo
6597069772461|4889784394929152278|3907907,00|1663317077842|Roofstock
6597069772461|4814067626193985815|15797456,00|1640068855983|US Bank
19791209325773|4891191769812705560|54574817,00|1663779773192|Earnest
15393162824669|4843903973725315353|9988673,00|1649214872616|Bank of America
13194139579117|4890065869905862938|86460624,00|1663397629310|OneMain Financial
13194139579117|4869236721629274395|31535778,00|1657035392989|Capital One
13194139579117|4829830224889782556|10165535,00|1644883667484|Marcus by Goldman Sachs
25806|4719773508995916061|32213892,00|1611077977919|Avant
25806|4919057792507060510|56675977,00|1672323071195|Funding Circle
25806|4869518196605985055|86958721,00|1657136706035|Fundbox
19791209335774|4901043393997578528|62207115,00|1666815450376|Wells Fargo
19791209335774|4847563148422553889|72743597,00|1650319639255|Bank of America
30786325623534|4914554192879690018|61666529,00|1670900696524|Marcus by Goldman Sachs
6597069842462|4792957002940686627|43286204,00|1633602876383|Avant
21990232561327|4852348223026635044|41502931,00|1651784332299|TD Bank
21990232561327|4882466045534675237|2088990,00|1661071284425|RealtyMogul
24189255826879|4889221444975730982|42720102,00|1663132490301|LendingClub
21990232581327|4912020918089294119|3272353,00|1670117082269|Upstart
21990232581327|4863044272141639976|76844656,00|1655122653152|Kabbage
17592186080223|4799993877358453033|47316603,00|1635760062509|Capital One
17592186080223|4877399495953883434|25183508,00|1659485492914|Chase Bank
17592186080223|4856288872700584235|51296295,00|1653011087055|SoFi
8796093068015|4852348223026635052|27543779,00|1651812632095|State Farm Bank
8796093088015|4805623376892666157|52912018,00|1637496739194|LendingPoint
8796093088015|4859948047397822766|28676277,00|1654173753244|Chase Bank
8796093088015|4762839180432646447|58481652,00|1624276456509|Citibank
8796093088015|4868110821722431792|72312700,00|1656639646598|Citibank
19791209375775|4813786151217275185|80831856,00|1640010715495|Roofstock
19791209375775|4875992121070330162|34842486,00|1659042810102|Patch of Land
19791209375775|4852348223026635059|69043173,00|1651859580885|Earnest
19791209375775|4888658495022309684|17668182,00|1663001735226|Avant
21990232561328|4917650417623507253|143812,00|1671924423486|LendingClub
4398046546912|4748765431597113654|3580727,00|1620009067571|Upgrade
19791209365776|4835178249447285047|96028671,00|1646548068506|Capital One
19791209365776|4894287994556522808|62555829,00|1664733598510|OnDeck
21990232561329|4888658495022309689|54559102,00|1663015404052|PNC Bank
21990232561329|4893725044603101498|23011963,00|1664567159659|Upgrade
21990232561329|4845592823585579323|93041308,00|1649773423446|Peerform
10995116293569|4805341901915955516|26612871,00|1637352426361|Roofstock
10995116293569|4763965080339489085|33936240,00|1624626625135|LendingPoint
10995116293569|4860792472327954750|31989111,00|1654438668648|Marcus by Goldman Sachs
10995116293569|4767624255036727615|95737285,00|1625772080977|Best Egg
21990232581329|4884436370371649856|3798462,00|1661685469838|RealtyMogul
17592186110225|4814630576147407169|10128146,00|1640256714240|Bank of America
17592186110225|4890910294835994946|40098883,00|1663701118934|Kabbage
17592186110225|4882466045534675267|60435278,00|1661086512900|Bank of America
17592186110225|4916243042739953988|77550060,00|1671419760676|LendingPoint
21990232631329|4846437248515711301|49650593,00|1649990767050|OneMain Financial
4398046536914|4738632332435530054|74363347,00|1616845836643|LendingClub
4398046536914|4777194404244889927|47446213,00|1628706776473|OnDeck
4398046536914|4688248311604322632|2880056,00|1601442779966|TD Bank
24189255856882|4877962445907304777|76247653,00|1659719776497|Rocket Loans
6597069822466|4908924693345476938|37070270,00|1669162824945|OnDeck
6597069822466|4886688170185335115|32021111,00|1662374532327|American Express
6597069822466|4904421093718106444|84465195,00|1667816535808|State Farm Bank
6597069822466|4730188083134210381|36610448,00|1614280240955|SunTrust
30786325643538|4912020918089294158|67457488,00|1670115989711|Prosper
30786325643538|4916524517716664655|30975832,00|1671504565393|US Bank
30786325643538|4912020918089294160|27918959,00|1670157669423|SoFi
6597069772467|4884154895394939217|49817917,00|1661595671167|Avant
30786325603539|4918494842553639250|93471016,00|1672105372514|Earnest
28587302367987|4892036194742837587|90166199,00|1663972944088|RealtyMogul
28587302367987|4894006519579812180|54754505,00|1664617978879|Discover
2199023321363|4696692560905642325|54399297,00|1604006259896|LendingPoint
2199023321363|4874866221163487574|24891051,00|1658780385543|Best Egg
2199023321363|4919620742460481879|25731749,00|1672473930544|LendingPoint
24189255886883|4873458846279934296|69542594,00|1658285912460|SunTrust
4398046516916|4898791594183893337|97926696,00|1666061578895|Roofstock
4398046516916|4753269031224484186|1390963,00|1621388786812|Roofstock
28587302337988|4919057792507060571|70088668,00|1672353330517|Peerform
17592186070228|4825326625262412124|99552131,00|1643544038783|Capital One
24189255846884|4892317669719548253|3102718,00|1664069833394|BlueVine
24189255846884|4866703446838878558|82267197,00|1656256044963|American Express
24189255846884|4875992121070330207|65877853,00|1659054494286|LendingClub
24189255846884|4870081146559406432|85090867,00|1657300308645|Navy Federal Credit Union
13194139589124|4827859900052808033|69489350,00|1644264978863|LendingClub
13194139589124|4869518196605985122|83080416,00|1657130643972|Prosper
13194139589124|4834615299493863779|55355064,00|1646395972993|Navy Federal Credit Union
17592186120228|4793238477917397348|9568202,00|1633664988394|Roofstock
17592186120228|4861918372234797413|71891358,00|1654765920072|OneMain Financial
17592186120228|4897102744323629414|91013337,00|1665607391012|LendingClub
17592186120228|4848407573352685927|11547172,00|1650602966130|TD Bank
24189255816885|4865296071955325288|73904865,00|1655784386589|SoFi
24189255816885|4884717845348360553|6141817,00|1661803019743|Patch of Land
28587302337989|4912302393066004842|89953751,00|1670206671675|Roofstock
28587302337989|4898510119207182699|92109167,00|1666023672000|OneMain Financial
26388279092437|4904139618741395820|18751449,00|1667692335401|SunTrust
2199023291365|4889502919952441709|57313068,00|1663220787636|SunTrust
8796093028022|4700351735602880878|3704752,00|1605110758674|Prosper
19791209315782|4823919250378858863|15222271,00|1643117525564|RealtyMogul
19791209315782|4828704324982940016|44784996,00|1644557774296|Marcus by Goldman Sachs
19791209315782|4874584746186776945|18604357,00|1658691972494|Best Egg
28587302357990|4911176493159162226|65869966,00|1669857204403|OneMain Financial
13194139589126|4918213367576928627|15479382,00|1672059770341|Navy Federal Credit Union
2199023321366|4788171928336605556|47981587,00|1632137981139|LendingClub
2199023321366|4732158407971185013|51942308,00|1614860561985|LendingClub
2199023321366|4708795984904200566|31524426,00|1607676926329|Wells Fargo
6597069842470|4890347344882573687|37952116,00|1663506426776|PNC Bank
6597069842470|4693877811138535800|15428509,00|1603144596365|Fundbox
6597069842470|4714425484438413689|40924718,00|1609432328390|Wells Fargo
13194139569127|4805904851869376890|74825123,00|1637564496894|Best Egg
6597069822471|4810126976520036731|55285542,00|1638810774849|American Express
6597069822471|4829267274936361340|51683145,00|1644751483232|Funding Circle
6597069822471|4873458846279934333|23321158,00|1658311080871|Discover
15393162864679|4798586502474899838|67387243,00|1635286512635|Fundbox
28587302327992|4903295193811263871|84826029,00|1667500912017|Funding Circle
28587302327992|4914835667856400768|48219385,00|1670977985448|Kabbage
28587302327992|4901606343950999937|95338540,00|1666990835792|PNC Bank
28587302327992|4894850944509944194|50086175,00|1664843533220|RealtyMogul
26388279082440|4918213367576928643|96386650,00|1672036415340|SoFi
26388279082440|4880777195674411396|4930419,00|1660567544795|LendingPoint
26388279082440|4910332068229030277|14362722,00|1669624555562|Fundbox
4398046536920|4889784394929152390|90316816,00|1663351672722|Fundrise
8796093068024|4808438126659772807|21325700,00|1638301176179|Upstart
28587302337993|4907235843485213064|85626284,00|1668642226556|US Bank
15393162814681|4842496598841762185|566249,00|1648825331349|Patch of Land
8796093058025|4778601779128443274|38275507,00|1629197412164|Peerform
8796093058025|4830956124796625291|22435772,00|1645250301333|LendingPoint
8796093058025|4701477635509723532|88987379,00|1605502169594|Kabbage
8796093078025|4764246555316199821|840795,00|1624787564473|Fundbox
8796093078025|4915398617809822094|11883377,00|1671188813360|Capital One
8796093078025|4879932770744279439|65908216,00|1660258496199|SunTrust
8796093078025|4761431805549093264|99829624,00|1623924377177|LendingPoint
5818|4732721357924606353|13235665,00|1615058697384|LendingPoint
5818|4834896774470574482|82589115,00|1646425468424|US Bank
5818|4857133297630716307|17643404,00|1653308016486|Bank of America
30786325593546|4919057792507060628|49280631,00|1672354630247|Patch of Land
17592186070234|4848689048329396629|81275716,00|1650695806430|Bank of America
17592186070234|4862762797164929430|87304767,00|1655048098928|LendingPoint
35818|4792112578010554775|63876903,00|1633333368996|State Farm Bank
10995116333578|4802527152148849048|35007141,00|1636483331647|LightStream
21990232621338|4908643218368766361|97157328,00|1669094849518|BlueVine
21990232621338|4868673771675853210|50413103,00|1656835421336|American Express
21990232621338|4857977722560848283|49068152,00|1653561155450|Roofstock
75818|4801119777265295772|48303910,00|1636047289665|BlueVine
21990232571339|4872051471396381085|37588709,00|1657846936899|Upstart
21990232571339|4873177371303223710|85790916,00|1658230976481|OneMain Financial
2199023291371|4813223201263853983|49232049,00|1639813396136|Avant
65819|4751298706387509664|60144104,00|1620789468552|Patch of Land
15393162864683|4872332946373091745|81595671,00|1657945842834|Peerform
15393162864683|4903013718834553250|81578223,00|1667381851699|BlueVine
15393162864683|4855725922747163043|33103060,00|1652849483649|American Express
15393162864683|4917650417623507364|57222511,00|1671906255256|Capital One
25820|4723714158669865381|60488534,00|1612277152942|State Farm Bank
25820|4742291507132768678|91824903,00|1618010105706|LendingClub
25820|4789016353266737575|9733003,00|1632325656521|TD Bank
25820|4683744711976952232|99257934,00|1600034020960|Discover
35820|4790705203127001513|1127304,00|1632856032044|Chase Bank
13194139579132|4875429171116908970|67729220,00|1658943468512|LendingPoint
13194139579132|4901606343950999979|86029252,00|1666927181007|Patch of Land
10995116353580|4877399495953883564|66357839,00|1659484691491|LendingClub
10995116353580|4916243042739954093|10848401,00|1671455291957|Wells Fargo
15393162814685|4786764553453052334|18605111,00|1631671662039|Marcus by Goldman Sachs
15393162814685|4899636019114025391|51143656,00|1666386884484|OnDeck
15393162814685|4820823025635041712|91493743,00|1642121337544|OneMain Financial
15393162814685|4890347344882573745|52394436,00|1663469275050|Discover
6597069802477|4918213367576928690|79547268,00|1672083385782|US Bank
13194139599133|4838555949167813043|40250237,00|1647598846940|LendingPoint
24189255886893|4905546993624949172|33196393,00|1668128870334|Upgrade
24189255886893|4894287994556522933|87284324,00|1664675184054|TD Bank
19791209305790|4843903973725315510|4925821,00|1649223503511|Upgrade
19791209305790|4915961567763243447|83675809,00|1671393167338|RealtyMogul
19791209305790|4892880619672969656|1711757,00|1664263091156|Wells Fargo
35822|4762557705455935929|58993380,00|1624207049320|Fundrise
35822|4693877811138535866|68692140,00|1603110952155|Upstart
35822|4912020918089294267|48653335,00|1670169082859|Patch of Land
35822|4754394931131326908|57477773,00|1621723123874|Capital One
30786325643550|4914272717902979517|7956092,00|1670880667400|Rocket Loans
30786325643550|4915961567763243454|839484,00|1671398236448|Bank of America
6597069842478|4847844623399264703|18123374,00|1650476028698|Avant
6597069842478|4906672893531791808|60481012,00|1668543055530|Upgrade
6597069842478|4691344536348139969|26539181,00|1602381155024|American Express
6597069842478|4826171050192544194|65952293,00|1643766233121|Chase Bank
8796093028031|4910895018182451651|429325,00|1669814160504|Best Egg
8796093028031|4905265518648238532|19349235,00|1668054878740|Wells Fargo
13194139549135|4813786151217275333|10702843,00|1639952635037|Wells Fargo
13194139549135|4859103622467690950|62808322,00|1653931312888|State Farm Bank
13194139549135|4919057792507060679|89431163,00|1672354344774|OnDeck
13194139549135|4783949803685945800|48502170,00|1630762824207|OnDeck
19791209345791|4811252876426879433|61955177,00|1639217783468|Wells Fargo
19791209345791|4893725044603101642|74884801,00|1664494899044|Avant
19791209345791|4830674649819914699|41949578,00|1645199170093|BlueVine
19791209345791|4906109943578370508|16960335,00|1668302365277|SoFi
24189255866895|4874584746186777037|98611219,00|1658671303455|SoFi
26388279132447|4918494842553639374|93372870,00|1672174399206|TD Bank
75823|4849533473259528655|44505620,00|1650974019784|Funding Circle
75823|4647715914957988304|40630077,00|1588906574656|Fundbox
75823|4881621620604543441|29876916,00|1660783518043|Chase Bank
75823|4745669206853296594|23241148,00|1619040678149|Capital One
15824|4834896774470574547|88351373,00|1646428277082|LightStream
21990232581344|4919057792507060692|48486344,00|1672313358207|Roofstock
21990232581344|4890628819859284437|69991641,00|1663564446020|Chase Bank
21990232581344|4828141375029518806|15090792,00|1644409113728|Rocket Loans
8796093098032|4877118020977172951|41270649,00|1659425048207|SunTrust
2199023271377|4651938039608648152|66440796,00|1590285442884|Patch of Land
2199023271377|4843059548795183577|53944477,00|1649004913180|Fundbox
25825|4855162972793741786|70020918,00|1652659683157|LendingClub
17592186080241|4786764553453052379|26687331,00|1631686544402|Citibank
2199023301377|4731595458017763804|67163058,00|1614724276500|Avant
2199023301377|4743135932062900701|90138599,00|1618246831035|Kabbage
28587302378001|4916805992693375454|39452168,00|1671584859244|US Bank
28587302378001|4915680092786532831|86755394,00|1671260529783|Wells Fargo
28587302378001|4914835667856400864|30464368,00|1670979023571|Rocket Loans
28587302378001|4910332068229030369|71806580,00|1669595996825|Prosper
8796093088033|4732158407971185122|87198870,00|1614880307713|OnDeck
26388279142449|4881340145627832803|56204787,00|1660732455177|Discover
26388279142449|4884436370371650020|66038504,00|1661644933929|Earnest
26388279142449|4879369820790858213|86737365,00|1660104697416|LightStream
25826|4816882375961092582|10181961,00|1640953394321|PNC Bank
4398046546930|4739195282388951527|39102707,00|1617084469478|LendingClub
4398046546930|4882184570557964776|40963810,00|1660991959244|Fundrise
24189255866898|4878525395860726249|58800475,00|1659894111728|Funding Circle
13194139609138|4809001076613194218|43652418,00|1638484930007|TD Bank
13194139609138|4856570347677295083|19994040,00|1653107996632|Avant
13194139609138|4890065869905863148|19121381,00|1663379517218|BlueVine
13194139609138|4912583868042715629|73628594,00|1670355618621|SunTrust
6597069772483|4861073947304665582|31469309,00|1654515647074|Bank of America
8796093038035|4843903973725315567|18539815,00|1649211818600|Prosper
8796093038035|4745106256899875312|76455877,00|1618895934152|Discover
30786325613555|4911739443112583665|29981575,00|1670067679518|Marcus by Goldman Sachs
45827|4716395809275388402|67241344,00|1610080951840|Chase Bank
45827|4767905730013438451|21319061,00|1625918875388|Fundbox
45827|4847000198469132788|23451510,00|1650160711205|LightStream
45827|4622946117007450613|51521608,00|1581335068379|Best Egg
65827|4835178249447285238|35988382,00|1646570629167|Upstart
65827|4862199847211508215|65335726,00|1654816183262|BlueVine
65827|4676426362582475256|48414910,00|1597810543809|Wells Fargo
65827|4788453403313316345|59561750,00|1632178536477|Fundbox
6597069842483|4796616177637925370|6465641,00|1634666881456|OnDeck
21990232571348|4873740321256645115|51828201,00|1658395615103|Avant
15393162824692|4880777195674411516|86220217,00|1660516506670|Fundbox
15393162824692|4793238477917397501|69795779,00|1633686944378|Funding Circle
15393162824692|4855162972793741822|63044084,00|1652659906257|Rocket Loans
15393162824692|4885280795301782015|86381430,00|1661920321457|Funding Circle
30786325633556|4917650417623507456|44425201,00|1671855798034|Kabbage
30786325633556|4918776317530350081|69262645,00|1672268731420|Wells Fargo
30786325633556|4917368942646796802|46092514,00|1671773813531|Upstart
30786325633556|4918213367576928771|25960302,00|1672096897053|Wells Fargo
8796093088036|4898228644230472196|58783012,00|1665930692101|Earnest
8796093088036|4891754719766127109|71957208,00|1663926729405|PNC Bank
8796093088036|4853192647956767238|49561055,00|1652072326354|SunTrust
8796093088036|4745387731876585991|73271221,00|1618956720303|American Express
8796093098036|4733002832901317128|984985,00|1615150759894|State Farm Bank
8796093098036|4802527152148849161|26134385,00|1636469809102|LendingPoint
8796093098036|4760587380618961418|59857853,00|1623631348223|State Farm Bank
30786325603557|4918776317530350091|34279386,00|1672215962556|Avant
30786325603557|4914835667856400908|27624367,00|1671028742864|PNC Bank
30786325603557|4914835667856400909|92422570,00|1671060853692|Capital One
4398046556933|4718366134112363022|90804112,00|1610688506458|TD Bank
4398046556933|4683181762023531023|81734793,00|1599833850740|BlueVine
4398046556933|4758054105828565520|95699594,00|1622872229743|PNC Bank
28587302378005|4906109943578370577|82890603,00|1668323839454|PNC Bank
28587302378005|4911739443112583698|63750344,00|1670068811895|US Bank
26388279132453|4878525395860726291|583615,00|1659886259936|LightStream
26388279132453|4883591945441518100|72408572,00|1661461409837|TD Bank
10995116313590|4771001954757255701|56693496,00|1626835502709|Kabbage
10995116323590|4879651295767568918|49335134,00|1660212857781|RealtyMogul
10995116323590|4882184570557964823|6101661,00|1660968255896|OnDeck
10995116323590|4874021796233355800|29484972,00|1658475210727|Capital One
10995116323590|4738632332435530265|1779172,00|1616839310846|US Bank
13194139589142|4841652173911630362|45182891,00|1648511086801|Rocket Loans
21990232561351|4915680092786532891|55042325,00|1671303515538|Avant
6597069802487|4806186326846087708|37905734,00|1637668470864|Bank of America
6597069802487|4859666572421112349|75372531,00|1654096088467|Funding Circle
24189255856903|4880214245720990238|93589856,00|1660349690509|US Bank
24189255856903|4862199847211508255|92205825,00|1654817503406|BlueVine
24189255856903|4892036194742837792|88150751,00|1664031586464|Best Egg
55831|4717803184158941729|54936621,00|1610466259712|Kabbage
55831|4798586502474900002|96703637,00|1635329135778|Citibank
55831|4879651295767568931|87815204,00|1660197972321|Upgrade
19791209305800|4852066748049924644|46093154,00|1651770243024|Capital One
4398046546936|4904421093718106661|49551614,00|1667804874102|Avant
4398046546936|4685996511790637606|46923425,00|1600746563875|American Express
4398046546936|4916524517716664871|57711160,00|1671574891150|Marcus by Goldman Sachs
2199023301384|4742854457086190120|59778044,00|1618140890079|Fundbox
2199023301384|4882184570557964841|96885642,00|1660947964219|SoFi
2199023301384|4898228644230472234|55137331,00|1665896823986|SunTrust
2199023311384|4869518196605985323|61962950,00|1657130398357|Marcus by Goldman Sachs
19791209365800|4890910294835995180|10707809,00|1663692678218|Earnest
19791209365800|4829830224889782829|70101038,00|1644870925617|BlueVine
5833|4742291507132768814|16896747,00|1618041364003|OnDeck
5833|4870925571489538607|92766085,00|1657495171061|SoFi
19791209325801|4846437248515711536|7178281,00|1650045214762|SoFi
24189255846905|4876555071023751729|62514865,00|1659283739963|LendingClub
2199023301385|4798867977451610674|39631816,00|1635416007593|Upgrade
2199023301385|4662071138770231859|79032281,00|1593394192888|Upstart
4398046566937|4760587380618961460|67974906,00|1623649014733|Capital One
4398046566937|4674174562768790069|74352218,00|1597099004854|Marcus by Goldman Sachs
4398046566937|4736943482575266358|56117967,00|1616401004177|LendingPoint
15393162794698|4822230400518595127|14044092,00|1642562574560|Navy Federal Credit Union
15393162794698|4838555949167813176|63270051,00|1647597966434|Avant
25834|4833770874563732025|4505243,00|1646140630798|SoFi
25834|4737224957551977018|44619061,00|1616437687962|Chase Bank
15393162824698|4776912929268179515|40188235,00|1628615891457|Bank of America
15393162824698|4907517318461923900|92838898,00|1668726283231|Earnest
8796093078042|4747358056713560637|86578043,00|1619519871999|Patch of Land
8796093078042|4911739443112583742|92258809,00|1670089544820|Rocket Loans
8796093078042|4873740321256645183|4329847,00|1658393174229|Peerform
8796093078042|4779727679035286080|85604274,00|1629530790459|Bank of America
13194139599146|4759461480712118849|78341266,00|1623269432805|LendingClub
13194139599146|4840807748981498434|15831264,00|1648270613174|Rocket Loans
28587302398010|4891754719766127171|57623660,00|1663887842793|US Bank
13194139539147|4907517318461923908|43724805,00|1668755183380|Upgrade
13194139539147|4886969645162046021|29776221,00|1662427363519|PNC Bank
15393162804699|4838274474191102534|42169694,00|1647468929817|Peerform
15393162804699|4821948925541884487|68586126,00|1642471794224|Fundrise
15393162804699|4853192647956767304|53100906,00|1652100051929|Earnest
21990232581355|4855444447770452553|29371825,00|1652793034996|American Express
21990232591355|4896539794370208330|70706078,00|1665439387624|Bank of America
21990232591355|4889221444975731275|41444015,00|1663167563137|Discover
55835|4797742077544768076|77901547,00|1635079545019|Bank of America
55835|4782260953825681997|99758508,00|1630252003832|OnDeck
55835|4910613543205741134|90161774,00|1669731592690|US Bank
55835|4745106256899875407|63435245,00|1618905306539|TD Bank
24189255886907|4868955246652564048|25246262,00|1656902925495|Upstart
24189255886907|4900761919020868177|70659351,00|1666719879840|Prosper
24189255886907|4896821269346918994|11077130,00|1665457209132|Prosper
4398046516940|4903013718834553427|5315496,00|1667412069466|Prosper
4398046516940|4798586502474900052|67760038,00|1635268203553|Kabbage
4398046516940|4848126098375975509|43150535,00|1650509148530|SunTrust
4398046516940|4706262710113804886|74630164,00|1606913291299|Citibank
10995116293596|4782260953825682007|11127361,00|1630269727818|Rocket Loans
24189255856908|4865296071955325528|72548781,00|1655814326667|State Farm Bank
24189255856908|4862762797164929625|7522051,00|1655006802279|Fundbox
6597069822492|4744543306946454106|41648493,00|1618671068981|Fundrise
6597069822492|4851222323119792731|74204062,00|1651460367123|OneMain Financial
6597069822492|4703729435323408988|64078304,00|1606155151919|Discover
6597069822492|4900761919020868189|86173216,00|1666672171054|OnDeck
15393162794701|4799149452428321374|60050835,00|1635485436127|TD Bank
15393162794701|4916805992693375583|98888411,00|1671603166753|Fundrise
15393162794701|4852066748049924704|41272575,00|1651703351502|Discover
28587302338013|4917368942646796897|91321288,00|1671779814376|Navy Federal Credit Union
24189255836909|4887251120138756706|62737878,00|1662554086495|American Express
19791209345805|4828422850006229603|62498026,00|1644448020805|Patch of Land
19791209345805|4859666572421112420|56893167,00|1654083371020|Bank of America
21990232611357|4909487643298898533|55471674,00|1669376096450|State Farm Bank
4398046516942|4889221444975731302|2157176,00|1663180319989|Funding Circle
28587302338014|4906672893531791975|32788059,00|1668538050170|Patch of Land
28587302338014|4915398617809822312|17056950,00|1671219095636|Funding Circle
21990232601358|4854037072886899305|18868986,00|1652324623572|Upgrade
21990232601358|4905828468601660010|62173297,00|1668253593742|SunTrust
21990232601358|4873177371303223915|84543030,00|1658231806655|Navy Federal Credit Union
21990232601358|4902732243857842796|8267779,00|1667309070257|Prosper
28587302388014|4908643218368766573|37626105,00|1669120621379|Wells Fargo
28587302388014|4905546993624949358|52153132,00|1668188335569|Peerform
28587302388014|4897947169253761647|71443621,00|1665797934457|Funding Circle
21990232591359|4895413894463365744|31156103,00|1665029546092|BlueVine
28587302378015|4919057792507060849|59217599,00|1672314112845|Citibank
28587302378015|4904702568694817394|96009506,00|1667907970776|Rocket Loans
8796093098047|4908361743392055923|20893951,00|1669057706216|Best Egg
8796093098047|4850096423212950132|15945636,00|1651159328317|LightStream
8796093098047|4773253754570941045|35827461,00|1627499547455|Avant
26388279072464|4901043393997578870|19817217,00|1666739046236|OnDeck
26388279072464|4877118020977173111|84526911,00|1659461044944|Wells Fargo
26388279072464|4897102744323629688|74990912,00|1665585281178|Best Egg
15393162814704|4807312226752930425|77843183,00|1638016942492|Upgrade
15393162814704|4828141375029518970|18531528,00|1644421044279|Best Egg
6597069812496|4690218636441297531|35841139,00|1601987577332|Best Egg
19791209355808|4858259197537559164|49868598,00|1653599691709|LendingPoint
19791209355808|4895413894463365757|32561926,00|1665028564863|Citibank
19791209365808|4892317669719548542|93810386,00|1664105783224|Upgrade
19791209365808|4841652173911630463|31445104,00|1648508514006|TD Bank
19791209365808|4858540672514269824|18821993,00|1653717370760|LightStream
28587302398016|4911739443112583809|7750052,00|1670030415462|Upgrade
28587302398016|4915961567763243650|92806364,00|1671339105583|RealtyMogul
28587302398016|4902169293904421507|6590979,00|1667139649034|Wells Fargo
19791209315809|4819134175774777988|8119526,00|1641630406094|Discover
19791209315809|4823919250378859141|86864761,00|1643101997816|US Bank
19791209315809|4874584746186777222|64304821,00|1658643945328|Citibank
15393162824705|4919057792507060871|32190403,00|1672294771048|Best Egg
15393162824705|4851222323119792776|43696965,00|1651468731020|Marcus by Goldman Sachs
30786325633569|4918213367576928905|25403130,00|1672040011614|RealtyMogul
13194139599153|4851222323119792778|3425809,00|1651462978529|Avant
13194139609153|4805904851869377163|66324930,00|1637534058759|TD Bank
8796093038050|4705418285183672972|57870683,00|1606674515017|Fundrise
8796093038050|4716114334298677901|99770313,00|1609999116854|Roofstock
8796093038050|4875992121070330510|47249258,00|1659059776610|Prosper
17592186090258|4905546993624949391|61356961,00|1668149378283|Navy Federal Credit Union
17592186090258|4839118899121234576|49467104,00|1647713365662|Funding Circle
17592186090258|4874021796233355921|69894239,00|1658507524385|Wells Fargo
17592186100258|4905265518648238738|82000851,00|1668076260047|Chase Bank
28587302388018|4908080268415345299|85633587,00|1668915481584|Chase Bank
28587302398018|4918213367576928916|30527000,00|1672030524619|Navy Federal Credit Union
8796093038051|4813504676240564885|41111526,00|1639915081987|Capital One
8796093038051|4868673771675853462|75124298,00|1656803274890|SunTrust
8796093038051|4850096423212950167|72887994,00|1651114913574|PNC Bank
8796093038051|4754394931131327128|75038976,00|1621700477425|PNC Bank
28587302358019|4901043393997578905|96525940,00|1666744641049|LendingPoint
65843|4697818460812485274|39544042,00|1604301979130|LendingPoint
65843|4767905730013438619|72638238,00|1625888097821|US Bank
65843|4891191769812705948|66834086,00|1663784411225|Rocket Loans
13194139609155|4835741199400706717|44306609,00|1646756793431|Kabbage
15393162814708|4843622498748605086|56898426,00|1649108452611|SunTrust
15393162814708|4825608100239123103|64361285,00|1643619097508|Prosper
15393162814708|4788734878290027168|98720617,00|1632241553172|Fundbox
10995116323604|4895695369440076449|87437206,00|1665151511864|Roofstock
10995116323604|4887814070092178082|91889403,00|1662687378980|SoFi
10995116323604|4841933648888341155|27595052,00|1648661898156|PNC Bank
10995116323604|4785357178569499300|8113021,00|1631202151585|Wells Fargo
19791209375812|4899917494090736293|64791271,00|1666440169477|Patch of Land
19791209375812|4895695369440076454|32899593,00|1665095144051|Marcus by Goldman Sachs
13194139549157|4908924693345477287|42448106,00|1669234457335|SunTrust
30786325603573|4918494842553639592|74470068,00|1672144901747|Navy Federal Credit Union
30786325603573|4919057792507060905|89557170,00|1672288492444|RealtyMogul
30786325603573|4918776317530350250|30715204,00|1672264825502|TD Bank
30786325603573|4918776317530350251|20061225,00|1672243527236|Prosper
2199023291397|4878243920884015788|99269807,00|1659791108957|Upstart
2199023291397|4718084659135652525|28576138,00|1610574597477|SoFi
2199023291397|4818008275867935406|32239093,00|1641241781206|TD Bank
2199023291397|4743417407039611567|52443780,00|1618388874670|Avant
6597069812501|4803090102102270640|42966107,00|1636692064987|Navy Federal Credit Union
6597069812501|4788453403313316529|10021618,00|1632209948704|OneMain Financial
6597069812501|4886688170185335474|30670743,00|1662347420527|State Farm Bank
6597069812501|4856007397723873971|53438453,00|1652973111510|PNC Bank
4398046566949|4869799671582696116|84670591,00|1657174378816|SunTrust
4398046566949|4842496598841762485|945891,00|1648763222529|OnDeck
4398046566949|4883028995488096950|10132006,00|1661274771941|Wells Fargo
4398046566949|4738069382482109111|91399600,00|1616680245826|OneMain Financial
17592186120261|4867266396792300216|50229940,00|1656364048409|PNC Bank
17592186120261|4914272717902979769|39001575,00|1670871545210|Prosper
10995116303606|4912302393066005178|55953874,00|1670197819335|Upgrade
10995116303606|4906391418555081403|45626469,00|1668459503629|Fundbox
10995116303606|4886406695208624828|49086388,00|1662274726133|US Bank
35846|4658693439049704125|62543872,00|1592296381036|Chase Bank
2199023301398|4636175440912851646|22317074,00|1585420638580|Fundrise
2199023301398|4832363499680178879|387446,00|1645710390713|Chase Bank
2199023301398|4715269909368545984|40261452,00|1609666822076|Roofstock
6597069822502|4723432683693155009|20230167,00|1612210052977|Discover
17592186110262|4827015475122676418|39447333,00|1643997876557|RealtyMogul
19791209375814|4807030751776219843|8091691,00|1637858442237|LendingClub
19791209375814|4895695369440076484|87834164,00|1665161916012|Chase Bank
19791209375814|4880214245720990405|16784403,00|1660343538963|LightStream
19791209375814|4875992121070330566|28281194,00|1659068426240|OnDeck
4398046516951|4858822147490980551|26359053,00|1653849752201|Upgrade
4398046516951|4782260953825682120|89125719,00|1630286663596|SunTrust
4398046516951|4760024430665540297|87954019,00|1623446568477|LendingClub
26388279082471|4915117142833111754|94202383,00|1671067356581|Upgrade
26388279082471|4890065869905863371|41474801,00|1663400092130|Discover
26388279082471|4919057792507060940|41146994,00|1672287064040|Upstart
15393162834711|4811815826380301005|60526774,00|1639330172496|LendingClub
15393162834711|4769876054850413262|13452535,00|1626504568466|TD Bank
13194139589159|4894287994556523215|10716245,00|1664729515795|Best Egg
19791209365815|4816600900984382160|36008755,00|1640822340772|Fundrise
19791209365815|4914835667856401105|20861056,00|1671008939435|Wells Fargo
19791209365815|4888095545068888786|62428465,00|1662776744915|Marcus by Goldman Sachs
19791209365815|4837148574284260051|10665156,00|1647164022975|PNC Bank
28587302398023|4900198969067446996|10232977,00|1666560326270|Marcus by Goldman Sachs
24189255826920|4861918372234797781|45383223,00|1654787555269|Upstart
21990232591368|4861918372234797782|18981236,00|1654756122895|LightStream
21990232591368|4843341023771894487|46691237,00|1649052070150|TD Bank
21990232591368|4852348223026635480|4618706,00|1651826222265|LendingClub
28587302368024|4916805992693375705|70876867,00|1671612855685|LendingClub
21990232611368|4918494842553639642|49080392,00|1672142311401|LightStream
21990232611368|4864733122001904347|98445797,00|1655665779708|Kabbage
21990232611368|4868955246652564188|76115270,00|1656882529958|Rocket Loans
21990232611368|4907235843485213405|19790710,00|1668696400546|Earnest
10995116343608|4852911172980056798|19408753,00|1651995715615|State Farm Bank
10995116343608|4775224079407915743|2563359,00|1628094092898|Navy Federal Credit Union
10995116343608|4776912929268179680|79229316,00|1628667056366|PNC Bank
10995116343608|4810971401450169057|7623301,00|1639117227814|OneMain Financial
10995116283609|4840526274004787938|2156184,00|1648215193450|LightStream
19791209315817|4852066748049924835|67970472,00|1651737279302|Kabbage
19791209315817|4853755597910188772|5499775,00|1652262827034|Bank of America
19791209315817|4846718723492422373|5929172,00|1650088701620|Chase Bank
19791209315817|4898228644230472422|47379800,00|1665890630206|OnDeck
2199023291401|4782542428802392807|73993895,00|1630407842071|Bank of America
2199023291401|4667419163327734504|10167973,00|1595019712552|Capital One
8796093068057|4844466923678737129|88582192,00|1649375563634|Roofstock
8796093068057|4837430049260970730|95602306,00|1647245844266|Best Egg
8796093068057|4814630576147407595|65208833,00|1640214848206|Fundrise
8796093068057|4861918372234797804|76277828,00|1654770059604|TD Bank
26388279142473|4881058670651122413|24468726,00|1660634238855|BlueVine
26388279142473|4879088345814147822|7908478,00|1660028307511|LendingClub
26388279142473|4915398617809822447|21836387,00|1671188775253|Rocket Loans
26388279142473|4906391418555081456|67067097,00|1668386999579|Peerform
30786325583578|4915961567763243761|60629073,00|1671404331573|Upstart
19791209325818|4899073069160604402|3141599,00|1666206523065|Capital One
2199023291402|4808438126659773171|583096,00|1638331313645|American Express
2199023291402|4816600900984382196|19315126,00|1640840254938|Citibank
2199023291402|4735254632715002613|17450464,00|1615821002610|Peerform
2199023291402|4900198969067447030|37548368,00|1666560590983|TD Bank
8796093068058|4894006519579812599|20424955,00|1664575205516|Peerform
8796093068058|4766498355129885432|91607263,00|1625471106282|Discover
17592186100266|4877399495953883897|51878614,00|1659534926015|SunTrust
4398046576954|4735817582668423930|77583233,00|1615979858299|OneMain Financial
2199023331402|4745669206853296891|3905094,00|1619066013678|PNC Bank
2199023331402|4681492912163267324|48512786,00|1599335316953|Funding Circle
2199023331402|4663478513653785341|78448955,00|1593759189911|Best Egg
19791209305819|4812378776333722366|667097,00|1639504777116|Bank of America
4398046546955|4747921006666982143|976488,00|1619696380457|Discover
17592186090267|4881621620604543744|50152657,00|1660818001874|Chase Bank
4398046566955|4839963324051366657|69342400,00|1647995551571|SoFi
8796093088059|4803934527032402690|5035526,00|1636980197048|Upstart
21990232631371|4869799671582696195|47692757,00|1657173191115|OnDeck
6597069792508|4712173684624728836|105661,00|1608770373617|Wells Fargo
17592186080268|4870644096512828165|46313952,00|1657470106946|LendingPoint
17592186080268|4896539794370208518|25004968,00|1665435297044|Best Egg
17592186080268|4857696247584137991|47936104,00|1653487391173|Rocket Loans
2199023261405|4835459724423996168|58621888,00|1646653210692|Roofstock
2199023261405|4899354544137315081|27633458,00|1666296305267|LendingPoint
2199023261405|4787890453359895306|69325190,00|1631978611003|LightStream
6597069792509|4861918372234797835|3734836,00|1654735853315|SunTrust
13194139569165|4885562270278492940|12505014,00|1662053179892|Rocket Loans
13194139569165|4758054105828565773|45305034,00|1622867487847|Best Egg
13194139569165|4880777195674411790|6371372,00|1660544672123|LendingPoint
13194139569165|4915680092786533135|21259480,00|1671283980464|US Bank
21990232601373|4864170172048483088|32257913,00|1655414918792|Peerform
21990232601373|4914835667856401169|9381615,00|1671000294993|Bank of America
21990232601373|4879932770744279826|26071138,00|1660292554053|Patch of Land
21990232601373|4830393174843204371|9656960,00|1645068191972|US Bank
26388279122477|4869236721629274900|36637320,00|1656977599177|Best Egg
28587302388029|4919057792507061013|29959287,00|1672296526374|Upstart
28587302388029|4908361743392056086|7208490,00|1669022969456|State Farm Bank
28587302388029|4905546993624949527|48445320,00|1668205757186|LightStream
28587302388029|4919339267483771672|24680980,00|1672372010696|Fundrise
8796093098061|4787608978383184665|14895375,00|1631911859979|Fundrise
8796093098061|4770720479780545306|19976245,00|1626777802413|Chase Bank
8796093098061|4880214245720990491|34218476,00|1660377779298|Peerform
10995116293614|4784794228616078108|36171495,00|1631063099930|American Express
10995116293614|4873740321256645405|50531399,00|1658349587547|Prosper
28587302358030|4913146817996137246|21894834,00|1670513850840|Peerform
28587302358030|4895976844416787231|93241258,00|1665211975469|Prosper
17592186100270|4855444447770452768|7891457,00|1652736594546|PNC Bank
6597069832510|4850659373166371617|48004506,00|1651330805088|Fundbox
6597069832510|4771564904710677282|24855668,00|1626989245655|Citibank
6597069832510|4915680092786533155|54444569,00|1671276348612|Upstart
6597069832510|4882466045534675748|29460000,00|1661106031685|SoFi
8796093048063|4916805992693375781|56802315,00|1671607386698|Prosper
55855|4647434439981277990|84667263,00|1588857031255|SoFi
55855|4825889575215833895|2151859,00|1643712388724|Marcus by Goldman Sachs
55855|4800275352335164200|81402635,00|1635852362429|Earnest
8796093088063|4865859021908747049|73072235,00|1655981619134|Prosper
75855|4781416528895550250|45130079,00|1629998138490|BlueVine
75855|4658693439049704235|73072830,00|1592311929265|American Express
75855|4731032508064342828|89190507,00|1614531641904|SunTrust
15856|4750172806480667437|96175191,00|1620423861891|Fundbox
28587302358032|4897665694277051182|28969845,00|1665763893769|Upgrade
19791209345824|4850096423212950319|94786232,00|1651140774979|Bank of America
26388279132480|4896821269346919216|66499127,00|1665453396106|Navy Federal Credit Union
26388279132480|4890910294835995441|74067389,00|1663652757547|TD Bank
26388279132480|4917650417623507762|66772063,00|1671908973478|Peerform
26388279132480|4903576668787974963|17539168,00|1667582329039|State Farm Bank
13194139539169|4880495720697701172|51281802,00|1660485043981|Upstart
4398046526961|4849814948236239669|85701807,00|1651063215190|State Farm Bank
4398046526961|4899073069160604470|1350147,00|1666141952675|SunTrust
4398046526961|4792957002940687159|74655042,00|1633594092525|Marcus by Goldman Sachs
19791209325825|4807875176706351928|49049795,00|1638172002322|LightStream
26388279102481|4906391418555081529|73580513,00|1668385898429|American Express
6597069832513|4898228644230472506|82374520,00|1665903876124|Upstart
6597069832513|4774098179501073211|81777530,00|1627768824022|Chase Bank
17592186120273|4814912051124118332|22982153,00|1640294462775|Marcus by Goldman Sachs
28587302328034|4916243042739954493|22413005,00|1671463317890|TD Bank
28587302328034|4915680092786533182|72254906,00|1671287442832|Discover
28587302328034|4911739443112583999|53529465,00|1670094981487|PNC Bank
28587302328034|4919339267483771712|82914390,00|1672384466352|Marcus by Goldman Sachs
8796093068066|4888377020045599553|90778006,00|1662926080822|LendingPoint
8796093068066|4711610734671307586|44051479,00|1608586918160|Chase Bank
8796093068066|4903295193811264323|17814877,00|1667436070941|SoFi
8796093068066|4912865343019426628|64932297,00|1670432542386|Patch of Land
19791209375826|4819978600704910149|7985264,00|1641836015742|Fundrise
8796093028067|4901324868974289734|11503709,00|1666886388926|SunTrust
8796093028067|4779164729081865031|35603787,00|1629312701044|Chase Bank
8796093028067|4837711524237681480|90672143,00|1647322624419|Capital One
24189255826931|4865296071955325769|1010097,00|1655792879536|American Express
8796093068067|4820823025635042122|41703650,00|1642099527975|LendingPoint
8796093068067|4759180005735408459|43755575,00|1623219505562|Capital One
6597069822515|4711610734671307596|75490143,00|1608543254810|Prosper
6597069822515|4688248311604323149|78156622,00|1601364980636|Chase Bank
15393162864723|4844748398655447886|69201704,00|1649488260019|Bank of America
2199023261412|4732158407971185487|29182694,00|1614868724126|American Express
2199023261412|4754957881084748624|86790224,00|1621893084800|Upgrade
2199023261412|4756365255968301905|78608347,00|1622287594512|Patch of Land
2199023261412|4651093614678516562|14890588,00|1589958238296|Capital One
26388279082484|4897947169253761875|59504656,00|1665804287485|RealtyMogul
26388279082484|4896821269346919252|44720572,00|1665519761369|Fundrise
26388279082484|4904702568694817621|87895521,00|1667926723318|TD Bank
26388279082484|4876555071023752022|96568428,00|1659252697793|LendingClub
19791209335828|4858822147490980695|87841425,00|1653842206777|US Bank
26388279122484|4890065869905863512|52086753,00|1663414287944|Fundbox
26388279122484|4887814070092178265|62648302,00|1662723475410|Fundbox
4398046516965|4817726800891224922|42448934,00|1641191840524|Funding Circle
35861|4788734878290027355|33395980,00|1632285366823|Bank of America
13194139579173|4825608100239123292|61449585,00|1643610792400|Patch of Land
17592186100277|4900761919020868445|16301737,00|1666703801197|Discover
17592186100277|4914554192879690590|71176411,00|1670902137811|PNC Bank
17592186100277|4917087467670086495|9132076,00|1671727817468|American Express
17592186100277|4844466923678737248|35097177,00|1649433253093|Earnest
28587302388037|4901606343951000417|42037248,00|1666940825713|Roofstock
4398046586965|4793801427870819170|61234290,00|1633869269870|Best Egg
15393162794726|4884999320325071715|89546265,00|1661873602389|BlueVine
13194139589174|4752987556247774052|98829598,00|1621249820757|OneMain Financial
13194139589174|4817445325914514277|8862336,00|1641133477893|TD Bank
13194139589174|4874866221163488102|46943715,00|1658724238357|Kabbage
13194139589174|4870081146559406951|31508275,00|1657291523237|TD Bank
2199023331414|4731595458017764200|33864064,00|1614726713461|Earnest
2199023331414|4784231278662656873|41382421,00|1630866933207|State Farm Bank
2199023331414|4749328381550535530|52189327,00|1620147848192|Rocket Loans
30786325593591|4915961567763243883|95626647,00|1671344704247|Chase Bank
30786325593591|4914554192879690604|80525659,00|1670971992634|American Express
2199023291415|4850940848143082349|149435,00|1651345512847|Upstart
2199023291415|4856851822654006126|1908123,00|1653216183840|BlueVine
2199023291415|4819415650751488879|36475036,00|1641716575465|Rocket Loans
2199023291415|4793801427870819184|76491672,00|1633819354446|State Farm Bank
28587302368039|4912865343019426673|95091608,00|1670372764451|RealtyMogul
15393162844727|4914835667856401266|66327295,00|1671013385787|Roofstock
75863|4732721357924606835|23059250,00|1615085660684|Bank of America
24189255826936|4918776317530350452|95817719,00|1672227132383|American Express
2199023281416|4814912051124118389|51468442,00|1640334609882|Fundbox
2199023281416|4648278864911410038|73232705,00|1589159279277|Avant
2199023281416|4820541550658331511|52615554,00|1642061715096|OnDeck
13194139569176|4802808627125560184|59632186,00|1636637159312|Avant
17592186090280|4859103622467691385|64417394,00|1653860697420|Upstart
24189255866936|4912865343019426682|24423397,00|1670404041745|Earnest
10995116353624|4765653930199753595|19689191,00|1625199859738|US Bank
10995116353624|4897384219300340604|83393406,00|1665672018592|Chase Bank
10995116353624|4867266396792300413|7227985,00|1656377094099|Fundrise
10995116353624|4837430049260970878|90084320,00|1647277755412|Rocket Loans
2199023261417|4878243920884015999|70289334,00|1659740927798|Earnest
19791209325833|4877680970930594688|61298933,00|1659628548836|Navy Federal Credit Union
19791209325833|4919620742460482433|8160015,00|1672490790736|LendingPoint
19791209325833|4888095545068888962|37903351,00|1662844231660|OnDeck
19791209325833|4851503798096503683|13667566,00|1651575727600|Peerform
24189255846937|4892599144696259460|5318898,00|1664220331269|Best Egg
24189255846937|4906954368508502917|87694970,00|1668607233498|TD Bank
8796093068073|4905828468601660294|94477401,00|1668229072877|Earnest
15393162844729|4859103622467691399|54358442,00|1653861533578|Fundbox
15393162844729|4910050593252320136|6619616,00|1669580652561|Discover
15393162844729|4916524517716665225|74792780,00|1671526022653|Upstart
15393162844729|4877118020977173386|71703989,00|1659428392289|Capital One
30786325583594|4919339267483771787|74693860,00|1672415415213|RealtyMogul
30786325583594|4919057792507061132|63819358,00|1672304490468|Upstart
30786325583594|4919339267483771789|26367637,00|1672413639881|Funding Circle
30786325583594|4919620742460482446|54828681,00|1672520496435|OneMain Financial
8796093038074|4764246555316200335|85517412,00|1624745798732|TD Bank
21990232591386|4903013718834553744|74658811,00|1667342698842|Avant
30786325593595|4919620742460482449|43398343,00|1672514108589|Earnest
10995116303627|4787608978383184786|97536441,00|1631937611946|RealtyMogul
13194139569179|4844466923678737299|58448310,00|1649420243468|OnDeck
13194139569179|4841089223958209428|16024490,00|1648366223647|OnDeck
13194139569179|4896821269346919317|49962664,00|1665523000079|Upstart
21990232601387|4886969645162046358|44236633,00|1662428648837|Funding Circle
15393162864731|4834896774470574999|57278498,00|1646476316123|Peerform
15393162864731|4812660251310433176|10662835,00|1639642297549|RealtyMogul
24189255816940|4864733122001904537|34931238,00|1655624171979|Capital One
24189255816940|4880495720697701274|38948419,00|1660477455252|Fundrise
24189255816940|4907235843485213595|26977541,00|1668711976073|LendingPoint
24189255836940|4911457968135873436|33222240,00|1669992669801|Navy Federal Credit Union
13194139569180|4784512753639367581|83042438,00|1630959288041|Upstart
10995116323628|4775224079407915934|30018658,00|1628090117209|Upstart
10995116323628|4892880619672970143|93049483,00|1664237871949|BlueVine
10995116323628|4855725922747163552|56454306,00|1652872092783|Upgrade
10995116323628|4876273596047041441|31761867,00|1659211955831|State Farm Bank
30786325633596|4918213367576929186|17240381,00|1672045700471|Kabbage
30786325633596|4918494842553639843|87242154,00|1672156446554|Discover
13194139599180|4856007397723874212|33985063,00|1652926736605|Best Egg
10995116353628|4777757354198311845|22971695,00|1628929008920|PNC Bank
10995116353628|4811252876426879910|95383465,00|1639224544896|SunTrust
10995116353628|4751861656340931495|20839524,00|1620904569787|Discover
21990232561389|4859385097444402088|43664047,00|1654000222362|Bank of America
21990232561389|4848689048329397161|14289400,00|1650668371485|LendingPoint
21990232561389|4886688170185335722|47630397,00|1662370045215|Fundbox
21990232561389|4892599144696259499|53217259,00|1664159925352|Kabbage
6597069782525|4754113456154616748|87601046,00|1621644594324|Marcus by Goldman Sachs
6597069782525|4770157529827124141|68282156,00|1626605593696|Discover
6597069782525|4820260075681620910|17009608,00|1641954744941|Navy Federal Credit Union
6597069782525|4739195282388951983|21915934,00|1617028210760|Capital One
24189255876941|4867266396792300464|567140,00|1656417284288|Capital One
21990232631389|4846155773539001265|21280218,00|1649938887214|OnDeck
19791209305838|4851503798096503730|58253821,00|1651532201889|Fundrise
19791209305838|4886969645162046387|14156948,00|1662447514723|Upgrade
21990232571390|4878806870837437364|38887258,00|1659919846677|RealtyMogul
21990232571390|4861918372234798005|58810953,00|1654767658878|LightStream
21990232571390|4864733122001904566|23551129,00|1655653707307|LightStream
21990232571390|4877680970930594743|38016477,00|1659587355753|Discover
35870|4919057792507061176|75345685,00|1672296845454|Navy Federal Credit Union
35870|4704292385276830649|12864633,00|1606309095116|PNC Bank
26388279112494|4875992121070330810|13811185,00|1659050674037|Avant
19791209365838|4864451647025193915|32368621,00|1655503683812|OnDeck
19791209365838|4846437248515711932|39872533,00|1649991185679|Earnest
19791209365838|4907235843485213629|7476016,00|1668706805493|US Bank
13194139539183|4824482200332280766|85118452,00|1643293702030|TD Bank
19791209315839|4896821269346919359|82956478,00|1665481690966|Kabbage
15393162824735|4840244799028077504|91382297,00|1648095970596|OnDeck
15393162824735|4882747520511386561|48603839,00|1661169599586|Peerform
15393162824735|4868110821722432450|52448493,00|1656682019561|State Farm Bank
15393162824735|4819978600704910275|72415649,00|1641916555680|Funding Circle
19791209365839|4860510997351244740|18287625,00|1654356172558|American Express
19791209335840|4839681849074656197|35804804,00|1647951828477|LightStream
15393162844736|4913428292972848070|13513170,00|1670553758844|Funding Circle
15393162844736|4910613543205741511|54631856,00|1669697686940|SoFi
15393162844736|4776068504338047944|41603072,00|1628344064558|OnDeck
15393162844736|4812941726287143881|71072249,00|1639679107131|Roofstock
24189255876944|4863044272141640650|64700924,00|1655143333729|American Express
24189255876944|4914835667856401355|22529535,00|1671026263159|Roofstock
10995116283633|4789579303220159436|18760211,00|1632539977788|Upgrade
17592186060289|4805060426939245517|3718281,00|1637306975095|Chase Bank
15393162824737|4919057792507061198|92228211,00|1672309076142|LendingClub
15393162824737|4893162094649680847|47484273,00|1664318840668|Patch of Land
15393162824737|4872614421349802960|3417906,00|1658073172218|Avant
15393162824737|4881058670651122641|20015859,00|1660681583519|State Farm Bank
2199023301425|4780572103965418450|37863253,00|1629789850457|Peerform
2199023301425|4697536985835774931|30529575,00|1604241890531|LendingPoint
2199023301425|4705981235137094612|82081242,00|1606874920673|Kabbage
13194139599185|4816882375961093077|78831031,00|1640927815978|Prosper
28587302358050|4912020918089294806|70335442,00|1670131670492|Roofstock
19791209345842|4837148574284260311|99086563,00|1647111140527|Marcus by Goldman Sachs
19791209345842|4842778073818473432|47057445,00|1648886482650|Prosper
19791209355842|4849251998282818521|7472391,00|1650899185228|Funding Circle
19791209355842|4908924693345477594|25418219,00|1669171262019|BlueVine
26388279142498|4906672893531792347|34051855,00|1668520135468|SoFi
17592186050291|4906954368508503004|83819861,00|1668599293355|Prosper
17592186050291|4898791594183893981|28951430,00|1666070424046|Wells Fargo
17592186050291|4864170172048483294|58111400,00|1655485609370|LendingPoint
26388279102499|4897665694277051359|34471013,00|1665731628519|Wells Fargo
26388279102499|4906109943578371040|94297577,00|1668342981358|Navy Federal Credit Union
26388279102499|4896539794370208737|86366990,00|1665430918736|Funding Circle
26388279102499|4887814070092178402|64977502,00|1662733948199|Discover
15393162844739|4807030751776220131|64529116,00|1637892727262|BlueVine
15393162844739|4881903095581254628|30599342,00|1660889765215|Upgrade
15393162844739|4905546993624949733|36250268,00|1668152059872|Rocket Loans
15393162844739|4814912051124118502|25298534,00|1640336303070|SunTrust
4398046586979|4848689048329397223|36543468,00|1650686262942|US Bank
4398046586979|4698944360719328232|14455113,00|1604657631064|Funding Circle
4398046586979|4857133297630716905|86690958,00|1653324944919|LightStream
4398046516980|4714144009461703658|73247175,00|1609316065958|American Express
4398046536980|4687122411697480683|12876215,00|1601082328619|American Express
4398046536980|4662071138770232300|71412143,00|1593350407423|Prosper
4398046536980|4726528908436972525|7679375,00|1613130869877|OneMain Financial
21990232601396|4896258319393498094|22339876,00|1665314915470|Discover
13194139549189|4758335580805276655|62548905,00|1622943102652|Upstart
13194139549189|4854037072886899696|62852485,00|1652345901448|State Farm Bank
13194139549189|4766216880153175025|52356612,00|1625382316594|State Farm Bank
26388279092501|4914835667856401394|12475295,00|1671043667716|LendingPoint
26388279092501|4915961567763244019|9493469,00|1671336592196|PNC Bank
26388279092501|4880777195674412020|57094838,00|1660559014345|Prosper
26388279092501|4879651295767569397|62084178,00|1660212172735|Kabbage
28587302358053|4908361743392056310|99301226,00|1669048590016|Upstart
28587302358053|4900761919020868599|68277114,00|1666675255393|Fundrise
28587302358053|4908643218368766968|83458547,00|1669117427819|American Express
28587302368053|4909487643298898937|57487786,00|1669376056593|Citibank
28587302368053|4914835667856401402|21047854,00|1671025476637|Prosper
17592186110293|4801119777265296379|37799865,00|1636096749240|OnDeck
17592186110293|4809282551589905404|17096148,00|1638622885200|Roofstock
17592186110293|4886688170185335805|52377971,00|1662369444728|Capital One
17592186110293|4836867099307549694|48838565,00|1647050111923|LightStream
19791209315846|4905265518648239103|63440068,00|1668109375249|Roofstock
19791209315846|4916243042739954688|665837,00|1671470381440|LightStream
17592186070294|4861355422281376769|87062066,00|1654563998257|Chase Bank
17592186070294|4862762797164930050|95041345,00|1654996117737|Upgrade
30786325643606|4916243042739954691|34895916,00|1671415994136|Discover
30786325643606|4913146817996137476|96833276,00|1670491778532|Bank of America
30786325643606|4917087467670086661|44811640,00|1671673102202|Funding Circle
15393162864742|4903013718834553862|83767424,00|1667385567175|RealtyMogul
15393162864742|4830956124796625927|50454855,00|1645286521477|Navy Federal Credit Union
15393162864742|4823919250378859528|16451870,00|1643079102459|Funding Circle
24189255816951|4855444447770453001|46658631,00|1652739330308|RealtyMogul
24189255816951|4887814070092178442|93107735,00|1662711955731|SoFi
24189255816951|4877118020977173515|74646932,00|1659464044951|Earnest
15879|4810971401450169356|43341361,00|1639145201449|American Express
17592186070295|4867266396792300557|43345314,00|1656380091068|TD Bank
24189255846951|4860792472327955470|62142891,00|1654434605152|SoFi
24189255846951|4866140496885457935|64199564,00|1656048268931|Wells Fargo
24189255846951|4883873420418229264|70741940,00|1661471480425|Upstart
24189255846951|4908361743392056337|44753521,00|1669027947546|Capital One
10995116343639|4897665694277051410|57472430,00|1665769431168|Peerform
10995116343639|4745950681830007827|11769447,00|1619141328872|Wells Fargo
10995116343639|4870362621536117780|3576891,00|1657345494448|SunTrust
26388279142503|4875429171116909589|8422942,00|1658949788817|SoFi
17592186070296|4838274474191102998|24414647,00|1647512414678|Roofstock
17592186070296|4862481322188219415|81969144,00|1654958149940|Funding Circle
17592186070296|4849533473259529240|52554367,00|1650951008392|American Express
17592186070296|4818571225821357081|26765599,00|1641400924814|Fundbox
15393162824744|4853474122933478426|7945370,00|1652141829984|Kabbage
15393162824744|4803934527032402971|95437479,00|1636984664096|LendingPoint
15393162824744|4874303271210066972|62108194,00|1658606109860|RealtyMogul
15393162824744|4793519952894108701|29570992,00|1633706888950|Fundbox
28587302378056|4908643218368767006|74148023,00|1669078659002|American Express
28587302378056|4910050593252320287|80048968,00|1669516663691|Earnest
28587302378056|4912020918089294880|89884144,00|1670133594465|BlueVine
19791209365848|4897384219300340769|61503468,00|1665696219801|Capital One
19791209365848|4905546993624949794|61867311,00|1668199903364|Capital One
19791209365848|4842778073818473507|77981053,00|1648842618694|SunTrust
19791209365848|4872332946373092388|49185041,00|1657949091355|Kabbage
75880|4651938039608648741|80277640,00|1590276189893|Fundrise
75880|4832363499680179238|16100608,00|1645696506434|Navy Federal Credit Union
8796093038089|4857414772607427623|79301717,00|1653375426786|Peerform
2199023281433|4852348223026635816|50737995,00|1651781846762|Navy Federal Credit Union
2199023281433|4659256389003125801|52171516,00|1592530903837|SunTrust
2199023281433|4700633210579592234|37641743,00|1605202024061|Fundrise
2199023281433|4718929084065784875|55863364,00|1610831673160|RealtyMogul
17592186090297|4891754719766127660|60034911,00|1663901290254|Rocket Loans
17592186090297|4887814070092178477|76910249,00|1662711869833|Upstart
17592186090297|4852629698003346478|76070975,00|1651889949289|Rocket Loans
17592186090297|4825608100239123503|78799348,00|1643562152246|LendingPoint
21990232561402|4896258319393498160|79769838,00|1665303109120|Navy Federal Credit Union
15393162814746|4893162094649680945|67453354,00|1664381194650|OnDeck
15393162814746|4903576668787975218|39320028,00|1667581308359|Funding Circle
15393162814746|4830111699866494003|28833065,00|1644960503040|Navy Federal Credit Union
13194139589194|4857414772607427636|53175336,00|1653417680396|Fundbox
30786325653610|4918213367576929333|41611163,00|1672089636663|American Express
30786325653610|4919057792507061302|50748101,00|1672272522493|LightStream
17592186050299|4808156651683062839|12645145,00|1638283104484|Best Egg
17592186050299|4906954368508503096|40549596,00|1668586176661|Navy Federal Credit Union
17592186050299|4891473244789417017|81560178,00|1663872967134|Chase Bank
15393162824747|4850377898189661242|81909441,00|1651237280440|Peerform
28587302378059|4909769118275609659|79786210,00|1669494723199|BlueVine
28587302378059|4905265518648239164|7319575,00|1668081283565|Funding Circle
28587302378059|4906109943578371133|10702758,00|1668331865562|Capital One
26388279132507|4919620742460482622|57880000,00|1672523326678|LightStream
21990232561404|4861918372234798143|29780058,00|1654801788118|PNC Bank
2199023271436|4805904851869377600|10316274,00|1637586561353|Upstart
2199023271436|4725684483506840641|47273697,00|1612895722714|LendingClub
2199023271436|4760024430665540674|8247281,00|1623435357051|Funding Circle
21990232581404|4917650417623508035|52921850,00|1671840917652|Upstart
21990232581404|4917650417623508036|65771450,00|1671898048753|BlueVine
21990232581404|4854318547863610437|5515251,00|1652408838594|BlueVine
21990232581404|4863044272141640774|56701552,00|1655109699068|OnDeck
17592186080300|4849533473259529287|63772107,00|1650911981737|OnDeck
17592186080300|4844466923678737480|1460459,00|1649368988093|LightStream
21990232621404|4865577546932036681|23676603,00|1655888644902|Roofstock
21990232621404|4865296071955326026|87653481,00|1655775614343|Fundbox
21990232621404|4865014596978615371|78556787,00|1655683364484|Marcus by Goldman Sachs
21990232621404|4913428292972848204|38759623,00|1670575329361|PNC Bank
6597069842540|4684307661930374221|4616794,00|1600227801651|SunTrust
6597069842540|4847000198469133390|74561951,00|1650148175276|Avant
24189255836957|4881058670651122767|1069143,00|1660640512252|Funding Circle
24189255836957|4883310470464808016|39776287,00|1661360489673|LendingPoint
24189255836957|4907517318461924433|68450709,00|1668767170803|State Farm Bank
13194139569197|4911176493159162962|33659573,00|1669909372141|US Bank
13194139569197|4756365255968302163|52711869,00|1622291888495|OneMain Financial
24189255856957|4872614421349803092|52277456,00|1658010767854|RealtyMogul
24189255856957|4872895896326513749|98030921,00|1658106218625|Fundbox
24189255856957|4903576668787975254|78645548,00|1667546820149|LendingPoint
28587302378061|4909487643298899031|90868223,00|1669389329485|LendingPoint
28587302378061|4899073069160604760|90905004,00|1666183039983|Upgrade
28587302378061|4910895018182452313|88120585,00|1669772181391|Kabbage
4398046576989|4915117142833112154|52991482,00|1671102068894|Funding Circle
4398046576989|4766216880153175131|8699580,00|1625389624755|Wells Fargo
4398046576989|4780290628988707932|63393108,00|1629710453571|RealtyMogul
4398046576989|4850377898189661277|97328739,00|1651207497882|Roofstock
21990232561406|4859385097444402270|64667875,00|1653960055050|American Express
4398046576990|4754113456154616927|53685032,00|1621677377830|Patch of Land
4398046576990|4878806870837437536|22672832,00|1659909991489|Wells Fargo
4398046576990|4813223201263854689|85713650,00|1639773516594|OnDeck
4398046586990|4684026186953663586|45032311,00|1600074959125|BlueVine
24189255816959|4857696247584138339|62884372,00|1653432388356|RealtyMogul
30786325593615|4912302393066005604|70834507,00|1670231367936|OneMain Financial
28587302348063|4908643218368767077|64712008,00|1669092006067|Discover
28587302348063|4902732243857843302|30613016,00|1667274134706|Earnest
28587302348063|4913146817996137575|29767581,00|1670540108693|Avant
17592186080303|4800556827311875176|78571675,00|1635924266510|State Farm Bank
17592186080303|4877962445907305577|24533958,00|1659704630813|OneMain Financial
13194139589199|4868955246652564586|12029677,00|1656921358543|Marcus by Goldman Sachs
13194139599199|4837992999214392427|16711302,00|1647418562998|Discover
21990232561408|4892317669719549036|9530168,00|1664083648446|Patch of Land
21990232561408|4839400374097945709|8416472,00|1647872190747|Peerform
19791209315856|4837430049260971118|2354647,00|1647258739670|Peerform
6597069792544|4892317669719549039|27859844,00|1664062391657|Funding Circle
6597069792544|4791549628057134192|63982483,00|1633103810846|SoFi
4398046546992|4854600022840321137|97766489,00|1652498578021|Kabbage
4398046546992|4818289750844646514|82400911,00|1641394746477|Kabbage
28587302368064|4914272717902980211|70332322,00|1670817240704|American Express
8796093078096|4751861656340931700|59721535,00|1620941238174|Roofstock
8796093078096|4869799671582696565|59813501,00|1657182455965|Marcus by Goldman Sachs
19791209315857|4902732243857843318|78843791,00|1667303116464|Kabbage
19791209315857|4898791594183894135|34973213,00|1666124270981|PNC Bank
19791209315857|4912583868042716280|20760235,00|1670352841256|Capital One
19791209315857|4880214245720990841|69928255,00|1660422141000|Upgrade
21990232581409|4844748398655448186|56632583,00|1649475035704|RealtyMogul
15393162824753|4783949803685946491|61271091,00|1630824513045|TD Bank
19791209345857|4902169293904422012|15421148,00|1667134339190|Bank of America
4398046526994|4801401252242007165|50285512,00|1636170032917|TD Bank
4398046526994|4668263588257866878|88037546,00|1595227556829|SoFi
4398046526994|4847281673445844095|18998341,00|1650305653932|SunTrust
4398046526994|4899354544137315456|55770094,00|1666254192917|Marcus by Goldman Sachs
17592186070306|4881340145627833473|90413024,00|1660749154625|LendingPoint
26388279122514|4891473244789417090|56536699,00|1663821968420|LendingPoint
26388279122514|4910332068229031043|54970793,00|1669595929590|Upgrade
26388279122514|4909769118275609732|90395335,00|1669483889834|Discover
26388279132514|4904139618741396613|15005373,00|1667740406622|OneMain Financial
6597069772547|4917087467670086790|82953705,00|1671739613147|Discover
6597069772547|4842215123865052295|22498887,00|1648730110447|Peerform
6597069772547|4709358934857622664|12315912,00|1607910983778|Avant
13194139559203|4781698003872261257|65377178,00|1630092061643|Capital One
15393162824755|4766498355129885834|36610018,00|1625458668304|Rocket Loans
15393162824755|4811252876426880139|40639123,00|1639219828634|Kabbage
13194139589203|4871488521442960524|86953774,00|1657722344507|PNC Bank
13194139589203|4789579303220159629|64446545,00|1632511787241|Prosper
13194139589203|4771846379687388302|29508198,00|1627049495263|Fundbox
13194139589203|4861073947304666255|86786328,00|1654527156732|Citibank
19791209305860|4892599144696259728|57052519,00|1664210160724|Marcus by Goldman Sachs
10995116293652|4778320304151733393|16211308,00|1629057198914|Marcus by Goldman Sachs
17592186070308|4806186326846088338|9465948,00|1637650132602|TD Bank
17592186070308|4849814948236240019|98707679,00|1651056047451|OnDeck
19791209345860|4811815826380301460|59174025,00|1639393335345|Best Egg
8796093078100|4903295193811264661|23744881,00|1667473072577|Fundbox
8796093078100|4701477635509724310|22817419,00|1605458074950|LendingClub
8796093078100|4873458846279935127|26491796,00|1658273976383|TD Bank
28587302388068|4915961567763244184|5232648,00|1671381115849|Fundbox
28587302388068|4916243042739954841|98846648,00|1671470801136|Fundrise
28587302388068|4905546993624949914|54703091,00|1668144130386|American Express
28587302388068|4903013718834554011|12593908,00|1667389037614|American Express
19791209305861|4879651295767569564|34925035,00|1660170702515|Roofstock
19791209305861|4872051471396381853|40313269,00|1657873691683|Fundbox
19791209305861|4821667450565174430|44435009,00|1642395330190|BlueVine
19791209305861|4847000198469133471|68774282,00|1650167116283|LendingPoint
21990232581413|4872051471396381856|57819731,00|1657896662302|Patch of Land
21990232581413|4829267274936362145|67603598,00|1644747925773|Marcus by Goldman Sachs
21990232581413|4916524517716665506|91305501,00|1671517218333|OneMain Financial
21990232581413|4912020918089295011|11674817,00|1670195185397|State Farm Bank
19791209345861|4893443569626391716|28157261,00|1664442518115|Earnest
19791209345861|4879369820790858917|30003075,00|1660138208382|Peerform
19791209345861|4857696247584138406|14611140,00|1653503356784|Prosper
4398046566997|4788453403313317031|41948944,00|1632227557117|TD Bank
4398046566997|4683463237000242344|80724366,00|1599931861088|US Bank
17592186110309|4804778951962535081|18076544,00|1637190450667|LendingClub
17592186110309|4838274474191103146|71598821,00|1647492564665|LendingPoint
17592186110309|4893162094649681067|15088469,00|1664396101509|Funding Circle
26388279142517|4903576668787975340|81853688,00|1667584097680|Avant
26388279142517|4913146817996137645|4023218,00|1670500347271|RealtyMogul
26388279142517|4906954368508503214|23710582,00|1668608601831|Fundrise
4398046516998|4728217758297236655|27823143,00|1613713688151|Chase Bank
13194139549206|4860229522374534320|59560436,00|1654265700666|Chase Bank
2199023281446|4747921006666982577|62971250,00|1619702069498|LendingPoint
2199023281446|4669952438118130866|21216663,00|1595745986145|Avant
8796093088102|4787890453359895731|54511344,00|1632023350308|Wells Fargo
8796093088102|4796053227684504756|74216605,00|1634559019181|Chase Bank
8796093088102|4719492034019206325|35916813,00|1611026064153|US Bank
8796093088102|4868955246652564662|14065292,00|1656957499315|SunTrust
15393162804759|4849814948236240055|1671267,00|1651037903608|Rocket Loans
15393162804759|4831800549726758072|31748792,00|1645536825498|Kabbage
15393162804759|4821104500611753145|70158669,00|1642189839359|LightStream
28587302348071|4902732243857843386|95200904,00|1667311273810|Prosper
28587302348071|4911739443112584379|79204757,00|1670102711296|Chase Bank
28587302348071|4914554192879690940|90785575,00|1670966904404|BlueVine
6597069802551|4897665694277051581|37074159,00|1665756752560|Citibank
6597069802551|4752143131317642430|68672385,00|1621036483772|Discover
6597069802551|4759180005735408831|28879800,00|1623223950268|SunTrust
24189255856967|4855162972793742528|62724526,00|1652725476486|PNC Bank
2199023321447|4897102744323630273|25470763,00|1665555793971|Peerform
26388279072520|4894006519579813058|83657324,00|1664649066211|LightStream
6597069782552|4701759110486435011|24261118,00|1605552388742|Fundbox
6597069782552|4840244799028077764|72643253,00|1648106278609|Citibank
6597069782552|4869799671582696645|19418974,00|1657148197881|Marcus by Goldman Sachs
6597069782552|4733847257831449798|59144289,00|1615407099222|Capital One
17592186070312|4836867099307549895|29160654,00|1647031309271|Upstart
17592186070312|4831519074750047432|27631249,00|1645396453450|Chase Bank
17592186070312|4897384219300340937|43338415,00|1665671908979|Citibank
35896|4832644974656890058|59255323,00|1645806863721|BlueVine
35896|4649967714771674315|81448989,00|1589638293852|Roofstock
6597069812552|4800556827311875276|12458380,00|1635929058686|Wells Fargo
6597069812552|4712736634578150605|81020711,00|1608922396367|Best Egg
26388279132520|4876555071023752398|36620675,00|1659230155025|OnDeck
21990232561417|4912583868042716367|98267822,00|1670333435995|Upstart
21990232561417|4840244799028077776|94773510,00|1648115328850|US Bank
21990232561417|4870925571489539281|99852568,00|1657550027280|Bank of America
8796093038105|4864170172048483538|737336,00|1655493919880|LendingPoint
8796093038105|4759742955688830163|35198356,00|1623368981681|Best Egg
2199023291449|4827859900052808916|95595494,00|1644329669711|Wells Fargo
2199023291449|4665730313467471061|12905741,00|1594497196296|Fundrise
28587302378073|4895976844416787670|97391259,00|1665212670260|State Farm Bank
28587302378073|4892036194742838487|17650415,00|1664003856676|Chase Bank
28587302378073|4905546993624949976|20864159,00|1668130454427|BlueVine
28587302378073|4899354544137315545|57643591,00|1666290628855|TD Bank
13194139599209|4778883254105154778|30544222,00|1629285891691|Bank of America
15393162864761|4910895018182452443|31033070,00|1669798328978|Upstart
15393162864761|4802245677172139228|45554608,00|1636419621386|American Express
15393162864761|4874303271210067165|66311598,00|1658571659074|Wells Fargo
15393162864761|4883873420418229470|32364877,00|1661504168779|OneMain Financial
17592186050314|4896539794370208991|16563535,00|1665368313999|SunTrust
6597069782554|4822230400518595808|41421432,00|1642588291979|Bank of America
6597069782554|4908643218368767201|29966798,00|1669108320407|Fundrise
6597069782554|4781979478848972002|20009887,00|1630195292477|Chase Bank
6597069782554|4909769118275609827|56040255,00|1669483010159|Upstart
25898|4756928205921723620|77435594,00|1622530578543|Kabbage
28587302358074|4914835667856401637|23130130,00|1671043965311|BlueVine
15393162854762|4870081146559407334|90929046,00|1657264675447|TD Bank
4398046587002|4838837424144524519|81743739,00|1647682890698|Roofstock
5899|4679241112349582568|51853171,00|1598622928127|Discover
5899|4839118899121235177|26161173,00|1647753132425|Discover
5899|4817163850937804010|7913768,00|1640972025537|Discover
5899|4886125220231914731|83394750,00|1662199209176|TD Bank
15393162814763|4901324868974290156|21776081,00|1666877784422|Best Egg
8796093058107|4865014596978615533|6095244,00|1655716392121|Fundbox
28587302378075|4916524517716665582|77926044,00|1671543702873|LightStream
15393162794764|4813786151217276143|90823718,00|1639981795879|Kabbage
15393162794764|4912583868042716400|39834854,00|1670314897541|Earnest
15393162794764|4801119777265296625|69207979,00|1636100319464|Upgrade
15393162794764|4796616177637926130|56580842,00|1634666186249|Upstart
6597069782556|4731595458017764595|88157993,00|1614717674405|Best Egg
6597069782556|4835459724423996660|70311782,00|1646609691284|BlueVine
6597069782556|4746513631783429365|74929973,00|1619305407197|RealtyMogul
6597069782556|4761994755502515446|90227979,00|1624045667860|LendingPoint
25900|4647715914957989111|35875973,00|1588916599276|Best Egg
25900|4638145765749826808|68033708,00|1585977735454|Earnest
17592186080316|4800275352335164665|14291475,00|1635782327433|Best Egg
17592186080316|4892880619672970490|2400791,00|1664235849536|Capital One
17592186080316|4848689048329397499|8355699,00|1650728102112|Wells Fargo
24189255866972|4898228644230472956|84415501,00|1665918029456|BlueVine
26388279072525|4917650417623508221|83195137,00|1671868058357|Capital One
8796093038109|4741165607225926910|8555492,00|1617646315654|OnDeck
8796093038109|4911739443112584447|76828509,00|1670048001632|PNC Bank
8796093038109|4901324868974290176|76759831,00|1666877279568|Marcus by Goldman Sachs
21990232601421|4843341023771895041|52903481,00|1649075408713|Roofstock
21990232601421|4873740321256645890|77070229,00|1658385288815|Fundbox
21990232601421|4876273596047041795|88934684,00|1659187948977|Peerform
21990232601421|4838837424144524548|20941479,00|1647694525924|OneMain Financial
10995116343661|4799993877358454021|50140906,00|1635774312348|Earnest
26388279142525|4913428292972848390|81232467,00|1670585599033|Bank of America
26388279142525|4875147696140199175|8261298,00|1658814814892|US Bank
26388279142525|4915680092786533640|7191863,00|1671266375899|PNC Bank
26388279142525|4901887818927711497|58973732,00|1667040372240|RealtyMogul
21990232561422|4904984043671528714|51786841,00|1668027435012|TD Bank
21990232561422|4882747520511386891|98946209,00|1661116126186|Fundbox
21990232561422|4833770874563732748|5020339,00|1646086177673|SoFi
21990232561422|4861918372234798349|46823603,00|1654737351086|PNC Bank
4398046557006|4772409329640809742|59048137,00|1627244354054|Wells Fargo
4398046557006|4842496598841763087|67748438,00|1648822566534|Peerform
4398046557006|4760868855595672848|95975660,00|1623754842109|Peerform
4398046557006|4787327503406474513|53747398,00|1631859888713|LendingClub
55902|4727373333367104786|53661084,00|1613453343484|RealtyMogul
21990232621422|4889221444975731987|36955798,00|1663140659135|Peerform
15393162864766|4787890453359895828|21434230,00|1631996045913|Upstart
24189255826975|4886969645162046741|27496907,00|1662492393367|LightStream
24189255826975|4867266396792300822|92188263,00|1656420735070|OnDeck
4398046547007|4878243920884016407|36544275,00|1659735828815|Prosper
4398046547007|4784231278662657304|17416924,00|1630858739850|TD Bank
75903|4909769118275609881|11054697,00|1669429272709|Patch of Land
75903|4917368942646797594|44377689,00|1671804604985|State Farm Bank
75903|4915398617809823003|48674522,00|1671204404723|Earnest
75903|4682618812070110492|18806868,00|1599713869508|SoFi
19791209315872|4909769118275609885|15174649,00|1669451579537|Upstart
19791209315872|4870362621536118046|64347248,00|1657343257881|LendingPoint
19791209315872|4829548749913072927|46916365,00|1644832650467|Marcus by Goldman Sachs
19791209315872|4906109943578371360|18446748,00|1668297790847|Fundbox
2199023281456|4769031629920281889|56568673,00|1626237665757|Upstart
2199023281456|4807312226752931106|12673976,00|1637970926279|Capital One
2199023281456|4902732243857843491|40797955,00|1667311882115|BlueVine
2199023281456|4894287994556523812|44010110,00|1664745522516|Discover
10995116343664|4877399495953884453|36117739,00|1659536744530|Rocket Loans
10995116343664|4888095545068889382|67679826,00|1662828600267|Chase Bank
10995116343664|4753269031224485159|81859173,00|1621411760193|TD Bank
10995116343664|4833207924610311464|9706814,00|1645931429978|Upgrade
8796093028113|4887251120138757417|64282404,00|1662542114713|Navy Federal Credit Union
4398046527009|4688811261557744938|79238962,00|1601537010365|Navy Federal Credit Union
4398046527009|4731313983041053995|36604622,00|1614673002799|Marcus by Goldman Sachs
25905|4862481322188219692|1287864,00|1654965435602|Wells Fargo
13194139569217|4888095545068889389|90249679,00|1662815192497|Kabbage
13194139569217|4818008275867936046|62508416,00|1641276729866|Fundrise
26388279112529|4902732243857843503|41706824,00|1667277170772|Upstart
26388279112529|4892317669719549232|10658545,00|1664105461620|Marcus by Goldman Sachs
26388279112529|4914272717902980401|49429638,00|1670824528879|BlueVine
19791209355873|4898791594183894322|59628592,00|1666052930092|Upgrade
19791209355873|4829548749913072947|62988827,00|1644856784795|BlueVine
19791209355873|4855725922747163956|61360437,00|1652844401032|Discover
19791209355873|4866984921815590197|92857338,00|1656288720899|US Bank
8796093028114|4721180883879470390|95298858,00|1611549997897|Roofstock
8796093028114|4711047784717886775|7082963,00|1608428324128|Patch of Land
8796093028114|4803934527032403256|34771078,00|1636945398091|Fundbox
8796093028114|4875710646093620537|88934075,00|1659026333087|Citibank
13194139549218|4890347344882574650|91298277,00|1663469779686|LendingPoint
13194139549218|4911176493159163195|80606791,00|1669862422188|Avant
13194139549218|4844466923678737724|30220265,00|1649366441909|LendingPoint
13194139549218|4866984921815590205|51763164,00|1656336109000|Upstart
19791209305875|4887532595115468094|80738432,00|1662593355456|Rocket Loans
19791209305875|4919339267483772223|4617275,00|1672412283049|Peerform
28587302338083|4907517318461924672|83835591,00|1668793590732|Capital One
28587302338083|4918213367576929601|26237746,00|1672020135082|American Express
28587302338083|4901043393997579586|657452,00|1666770024495|Upstart
28587302338083|4917931892600218947|94483799,00|1671966222681|Fundbox
4398046537011|4742572982109480260|53330617,00|1618061324688|LightStream
13194139569219|4755239356061459781|7823990,00|1621951209440|LendingPoint
45907|4892036194742838598|21858900,00|1663978957230|Patch of Land
45907|4673893087792080199|29753078,00|1597023290265|Capital One
45907|4648560339888121160|23668940,00|1589219556340|SoFi
55907|4722306783786313033|64870918,00|1611893821407|TD Bank
55907|4660100813933258058|74062134,00|1592754886372|American Express
55907|4657567539142862155|46957774,00|1591975736706|Patch of Land
55907|4843903973725316428|24012484,00|1649263710337|Fundrise
15393162854771|4898510119207183693|17884714,00|1666039838089|State Farm Bank
26388279142531|4892880619672970574|72082214,00|1664302323967|OnDeck
15393162794772|4793519952894109007|27302567,00|1633710882495|US Bank
15393162794772|4894006519579813200|66564716,00|1664580622519|TD Bank
15393162794772|4832926449633600849|20881566,00|1645826739056|Best Egg
15393162794772|4918776317530350930|83904216,00|1672270761892|RealtyMogul
4398046527012|4776068504338048339|20393385,00|1628403975655|Avant
4398046527012|4905828468601660756|95256875,00|1668265894603|Fundrise
6597069792564|4762276230479226197|7688033,00|1624122062660|Bank of America
17592186080324|4893443569626391894|76160170,00|1664477627507|Upgrade
17592186080324|4909769118275609943|66962230,00|1669444665722|Marcus by Goldman Sachs
45908|4798305027498190168|29847458,00|1635192597204|Fundbox
26388279122532|4915680092786533721|18761688,00|1671247023160|Upgrade
26388279122532|4884436370371650906|16448788,00|1661717212609|LendingClub
26388279132532|4875710646093620571|80552241,00|1658997464775|Chase Bank
26388279132532|4900761919020868956|91389986,00|1666689351104|Chase Bank
26388279142532|4868110821722432861|20057519,00|1656701169665|SoFi
26388279142532|4917087467670087006|69036360,00|1671742824789|Fundbox
26388279142532|4889502919952442719|18066538,00|1663272752226|Peerform
26388279142532|4909487643298899296|47808683,00|1669341944739|Peerform
4398046527013|4756083780991591777|57926941,00|1622258532012|PNC Bank
4398046527013|4666011788444181858|23306628,00|1594602824251|LendingClub
4398046527013|4776349979314759011|94800616,00|1628466414996|LendingPoint
4398046527013|4896821269346919780|74364031,00|1665487531298|State Farm Bank
8796093048117|4713862534484993381|35822291,00|1609233940520|OnDeck
8796093048117|4732721357924607334|76012054,00|1615042970720|SoFi
8796093048117|4748202481643693415|72050737,00|1619802145287|Upstart
26388279102533|4881621620604544360|2001254,00|1660816722464|SunTrust
26388279102533|4901606343951000937|96672738,00|1666976756556|Capital One
17592186090325|4839400374097945962|48356015,00|1647858177585|Avant
28587302378085|4901324868974290283|96465113,00|1666901294686|Peerform
4398046577013|4854881497817032044|41853994,00|1652595259543|Upstart
6597069842565|4720617933926049133|20852998,00|1611329824060|Rocket Loans
19791209305878|4843341023771895150|48517616,00|1649022534141|Fundrise
19791209305878|4839118899121235311|94226356,00|1647775762414|Fundbox
19791209305878|4811534351403591024|54380738,00|1639253634567|State Farm Bank
19791209305878|4818852700798068081|73244130,00|1641541326113|Bank of America
24189255846982|4888658495022310770|78401153,00|1663009902601|PNC Bank
24189255846982|4895132419486655859|91783833,00|1664930417463|Citibank
6597069842566|4822511875495306612|7178155,00|1642623318149|LendingPoint
24189255816983|4880214245720991093|81180201,00|1660398707562|SunTrust
8796093038119|4717803184158942582|51361905,00|1610517224130|Funding Circle
8796093048119|4727373333367104887|94078486,00|1613387120714|State Farm Bank
2199023291463|4831800549726758264|59489730,00|1645543877534|Funding Circle
2199023291463|4832926449633600889|96248022,00|1645839834722|Upstart
2199023291463|4799712402381743482|87854887,00|1635615669860|Peerform
13194139579223|4885843745255204219|12398426,00|1662084570411|US Bank
13194139579223|4860792472327955836|59541919,00|1654417878531|PNC Bank
13194139579223|4771564904710677885|21890761,00|1626967715212|Prosper
13194139579223|4748202481643693438|92170103,00|1619857303885|Marcus by Goldman Sachs
10995116333671|4823074825448727935|12059411,00|1642814542386|SoFi
10995116333671|4865296071955326336|79620220,00|1655786435072|LendingPoint
10995116333671|4914835667856401793|17210671,00|1670995130656|OneMain Financial
10995116333671|4887251120138757506|15185856,00|1662573199808|American Express
2199023321463|4747076581736850819|83413925,00|1619513005156|Fundbox
2199023321463|4717803184158942596|18237139,00|1610496056110|Citibank
2199023321463|4750172806480668037|43426076,00|1620407185976|OnDeck
26388279072536|4901043393997579654|79261570,00|1666800696055|Patch of Land
26388279072536|4880777195674412423|96999763,00|1660528179273|Rocket Loans
8796093038120|4849533473259529608|6558533,00|1650985722016|LendingPoint
8796093038120|4820823025635042697|58649784,00|1642152056819|Bank of America
8796093038120|4760024430665541002|25160669,00|1623413664897|Fundbox
8796093038120|4756928205921723787|47332381,00|1622488582905|Funding Circle
26388279102536|4909769118275609996|12570003,00|1669472619643|Patch of Land
26388279102536|4885280795301782925|60102870,00|1661961739347|Best Egg
26388279102536|4902732243857843598|58611462,00|1667291763077|Wells Fargo
26388279102536|4919620742460482959|32278998,00|1672486160887|Prosper
13194139589224|4836022674377418128|61814976,00|1646794832872|LendingPoint
13194139589224|4783386853732525457|66485456,00|1630619245557|Peerform
13194139589224|4875992121070331282|99802091,00|1659120875706|Patch of Land
13194139589224|4774098179501073811|89763320,00|1627739571773|Capital One
19791209365880|4913428292972848532|65068194,00|1670551110932|BlueVine
19791209365880|4830393174843205013|27939766,00|1645065763301|Best Egg
19791209365880|4904421093718107542|83371562,00|1667802920264|Best Egg
24189255886984|4915680092786533783|13397497,00|1671304196150|Marcus by Goldman Sachs
6597069812569|4863888697071773080|92123056,00|1655361576505|Patch of Land
6597069812569|4844748398655448473|10081766,00|1649498187190|PNC Bank
6597069812569|4840526274004788634|27876372,00|1648144248533|Capital One
26388279082538|4917650417623508379|18287343,00|1671922585392|OnDeck
26388279082538|4912302393066005916|40216833,00|1670223460694|Peerform
26388279082538|4895695369440077213|12525530,00|1665168883473|Roofstock
26388279082538|4905265518648239518|75655421,00|1668103312053|LightStream
17592186070330|4810408451496748447|26943706,00|1638909227642|American Express
17592186070330|4888939969999021472|11778419,00|1663028483079|RealtyMogul
15393162824778|4888658495022310817|72932514,00|1662973811581|LendingPoint
13194139579226|4778320304151733666|40476360,00|1629075502543|Earnest
15393162844778|4899636019114026403|65774662,00|1666334392770|Peerform
5915|4883028995488097700|65525641,00|1661204802118|Capital One
5915|4631108891332060581|59461615,00|1583886869356|Navy Federal Credit Union
15393162804779|4864451647025194406|5412366,00|1655552462289|Avant
15393162804779|4891191769812706727|3445613,00|1663762885656|LightStream
10995116303675|4834333824517154216|5885507,00|1646248562329|SoFi
10995116303675|4805904851869377961|42794366,00|1637583633948|Citibank
10995116303675|4765935405176464810|8119293,00|1625250842458|LendingClub
8796093058123|4879651295767569835|72473253,00|1660230501728|Best Egg
8796093058123|4906391418555082156|93893359,00|1668438710787|OneMain Financial
8796093058123|4794645852800951725|11656813,00|1634080610725|Avant
2199023311467|4805623376892667310|261566,00|1637453992766|Peerform
19791209365883|4857133297630717359|15706633,00|1653284846062|Navy Federal Credit Union
24189255886987|4886688170185336240|73259713,00|1662364951109|LendingClub
8796093048124|4707670084997359025|64294126,00|1607384102096|Marcus by Goldman Sachs
8796093048124|4761150330572383666|96378193,00|1623812519372|Peerform
8796093048124|4847563148422555059|38770161,00|1650307753472|Chase Bank
8796093048124|4854881497817032116|63120875,00|1652562410611|State Farm Bank
8796093058124|4890065869905864117|45179101,00|1663440783843|RealtyMogul
8796093058124|4748483956620404150|94669285,00|1619876733613|SunTrust
19791209345884|4913991242926269879|99285684,00|1670748894110|Roofstock
17592186100332|4816037951030961592|54097738,00|1640650448147|State Farm Bank
17592186100332|4902450768881132985|76949077,00|1667182889983|PNC Bank
17592186100332|4868110821722432954|18289092,00|1656657758086|Prosper
6597069842572|4774098179501073851|76216538,00|1627773836898|Fundrise
6597069842572|4861355422281377212|55233010,00|1654593692317|State Farm Bank
6597069842572|4856007397723874749|72457218,00|1652974047200|RealtyMogul
6597069842572|4861636897258087870|88160884,00|1654686863241|Roofstock
13194139539229|4771564904710677951|29650259,00|1627035482816|Kabbage
13194139539229|4884999320325072320|27948035,00|1661863135890|Capital One
17592186080333|4857977722560849345|2132353,00|1653559452895|Avant
17592186080333|4860510997351245250|90131588,00|1654317034144|OneMain Financial
17592186080333|4833489399587022275|38412113,00|1646048200098|OnDeck
17592186080333|4846155773539001796|81908810,00|1649890011516|American Express
15393162854781|4913146817996137925|44872068,00|1670517870066|Avant
15393162854781|4855162972793742790|23396805,00|1652683220489|PNC Bank
15393162854781|4807030751776220615|71505766,00|1637853433725|RealtyMogul
17592186060334|4830111699866494408|33109136,00|1645010179507|Discover
17592186060334|4840526274004788681|397361,00|1648205600079|OneMain Financial
17592186060334|4868110821722432970|44153826,00|1656636094783|Bank of America
17592186060334|4895695369440077259|68431415,00|1665144279188|Rocket Loans
4398046537022|4803090102102271436|404643,00|1636699460089|Peerform
4398046537022|4841652173911631309|78092138,00|1648504301965|LendingPoint
17592186080334|4868110821722432974|7408782,00|1656692088390|LendingClub
17592186080334|4887532595115468239|39569552,00|1662649878738|Discover
17592186080334|4805904851869378000|36062255,00|1637515906027|Prosper
45918|4832363499680179665|82983639,00|1645705797842|LightStream
45918|4783105378755814866|89079033,00|1630523035951|Upgrade
45918|4851503798096504275|5196969,00|1651546134385|Earnest
15393162844782|4895976844416787924|40156191,00|1665246093525|Roofstock
15393162844782|4917650417623508437|12126094,00|1671878262402|Fundbox
17592186110334|4846437248515712470|46913063,00|1649976926582|Earnest
17592186110334|4868955246652564951|55642904,00|1656940412703|Avant
17592186110334|4795490277731083736|9662230,00|1634366555119|Bank of America
13194139539231|4760305905642251737|6633132,00|1623569962717|OneMain Financial
13194139539231|4877399495953884634|48063702,00|1659497617166|Capital One
6597069782575|4877399495953884635|45645568,00|1659517609281|Rocket Loans
13194139579231|4770439004803835356|47821712,00|1626655754783|LendingPoint
4398046567023|4675863412629054941|46607519,00|1597587951889|Upgrade
4398046567023|4781135053918840286|40910876,00|1629936546626|Patch of Land
4398046567023|4834052349540443615|36302868,00|1646226966312|Best Egg
8796093098127|4787327503406474720|62007099,00|1631855556577|Wells Fargo
8796093098127|4843622498748605921|89000445,00|1649160979964|Bank of America
2199023261472|4718366134112364002|30747096,00|1610637717860|Capital One
17592186060336|4851503798096504291|8019020,00|1651577754125|PNC Bank
4398046537024|4678678162396161508|47260276,00|1598419117690|LightStream
4398046537024|4798867977451611621|18452090,00|1635358100506|LendingPoint
4398046537024|4710484834764465638|49558520,00|1608257971111|Patch of Land
13194139569232|4834052349540443623|55166584,00|1646169366652|PNC Bank
2199023301472|4763683605362779624|59537148,00|1624551574525|Roofstock
2199023301472|4716958759228810729|97222335,00|1610189139923|Fundbox
2199023301472|4816882375961093610|54670696,00|1640882200214|RealtyMogul
19791209355888|4809845501543327211|73243154,00|1638723364759|Prosper
19791209355888|4907517318461924844|92748490,00|1668780985911|LightStream
19791209355888|4847563148422555117|3242601,00|1650317492239|Navy Federal Credit Union
13194139609232|4872895896326514158|55494880,00|1658107437721|Rocket Loans
13194139609232|4798586502474900975|32881500,00|1635302508964|PNC Bank
19791209305889|4912583868042716656|12498339,00|1670325708743|Wells Fargo
28587302358097|4915398617809823217|24176106,00|1671182815718|Fundrise
28587302358097|4912020918089295346|66570660,00|1670122995802|TD Bank
24189255856993|4917931892600219123|28450581,00|1671939252523|Best Egg
24189255856993|4878243920884016628|85929864,00|1659777504517|Marcus by Goldman Sachs
24189255856993|4919339267483772405|30071549,00|1672391024395|Funding Circle
24189255876993|4885843745255204342|99632758,00|1662120158859|Patch of Land
24189255876993|4872895896326514167|50669531,00|1658104408961|Peerform
24189255876993|4884436370371651064|11232588,00|1661711690657|US Bank
24189255876993|4910895018182452729|5079290,00|1669812608890|RealtyMogul
24189255886993|4904139618741396986|71797608,00|1667718879408|OneMain Financial
24189255886993|4898791594183894523|29810763,00|1666121905919|RealtyMogul
24189255886993|4889784394929153532|39440368,00|1663360559517|US Bank
4398046517026|4862481322188219901|32449093,00|1654925173532|TD Bank
4398046517026|4878243920884016638|43144658,00|1659790851730|Capital One
4398046517026|4780572103965419007|27363645,00|1629788312324|US Bank
4398046517026|4770439004803835392|69502060,00|1626653527728|Wells Fargo
26388279082546|4913991242926269953|31172777,00|1670738619017|SunTrust
26388279082546|4903013718834554370|43953694,00|1667371402042|Earnest
26388279082546|4904984043671528963|84930834,00|1668021370877|PNC Bank
26388279082546|4898228644230473220|49625177,00|1665954480516|Fundrise
25922|4714144009461704197|59141813,00|1609378918802|PNC Bank
25922|4767905730013439494|30479127,00|1625902690738|LightStream
25922|4677833737466029575|38512912,00|1598187379874|LightStream
35922|4915680092786533896|21900400,00|1671269053302|RealtyMogul
19791209345890|4837148574284260873|12710824,00|1647189049847|Citibank
19791209345890|4840526274004788746|63671989,00|1648174310211|LightStream
17592186100338|4805904851869378059|78316647,00|1637520955876|Avant
17592186100338|4891754719766128140|80757831,00|1663890360284|Rocket Loans
17592186100338|4905546993624950285|83638112,00|1668196063798|Avant
13194139609234|4795490277731083790|90716532,00|1634389793876|Earnest
8796093028131|4824200725355570703|87596748,00|1643157216412|Navy Federal Credit Union
4398046527027|4879088345814148624|85549871,00|1660070858809|Upstart
6597069802579|4876555071023752721|57140931,00|1659289523754|Capital One
6597069802579|4908361743392056850|49148903,00|1669033888733|Fundbox
13194139579235|4896258319393498643|41816874,00|1665339379465|Upstart
13194139579235|4828985799959651860|72823543,00|1644656205518|Upgrade
13194139579235|4765653930199754261|42862712,00|1625172515680|Rocket Loans
10995116333683|4912302393066006038|22830135,00|1670227960582|Rocket Loans
2199023261476|4857133297630717463|30116489,00|1653249733437|Citibank
2199023261476|4639271665656669720|64226525,00|1586383339217|Best Egg
30786325593652|4918776317530351129|69162726,00|1672261989936|US Bank
30786325593652|4919057792507061786|9899067,00|1672317707831|Citibank
2199023281476|4852348223026636315|48697360,00|1651820463294|State Farm Bank
2199023281476|4833207924610311708|41495384,00|1645906170376|PNC Bank
2199023281476|4656441639236019741|88606676,00|1591647607549|PNC Bank
17592186080340|4876555071023752734|1540449,00|1659275813288|Fundrise
17592186080340|4788734878290028063|90042098,00|1632268761054|Funding Circle
4398046567028|4904139618741397024|85945515,00|1667769423147|Bank of America
4398046567028|4743980356993033761|90779024,00|1618492767234|Capital One
4398046567028|4750735756434089506|38170262,00|1620578508428|Roofstock
4398046567028|4742291507132769827|60207732,00|1617976639087|Funding Circle
21990232571445|4914272717902980644|41013622,00|1670835147278|Earnest
21990232571445|4894569469533234725|52471547,00|1664753345143|TD Bank
21990232571445|4850659373166372390|657080,00|1651270371575|Roofstock
21990232571445|4867547871769011751|79632814,00|1656459120312|Avant
4398046537029|4827578425076098600|61153439,00|1644238271607|LendingClub
4398046537029|4846718723492423209|19174353,00|1650108293812|Fundrise
4398046537029|4774379654477784618|46399877,00|1627852109158|SunTrust
4398046537029|4854318547863610923|53148864,00|1652396303195|Chase Bank
15393162824789|4875147696140199468|55039689,00|1658785663398|Best Egg
28587302368101|4907235843485214253|77861894,00|1668709188520|Capital One
6597069842581|4858822147490981422|27669663,00|1653775085401|Upgrade
10995116293686|4808156651683063343|26606428,00|1638277902754|Peerform
10995116293686|4917087467670087216|80726510,00|1671702066506|Marcus by Goldman Sachs
10995116293686|4828422850006230577|46475628,00|1644489991597|Best Egg
10995116293686|4787046028429764146|45645582,00|1631794002476|Upgrade
6597069802582|4917650417623508531|67267265,00|1671859492304|PNC Bank
21990232621446|4910050593252320820|55352590,00|1669549634368|LightStream
8796093028135|4770157529827124789|35848290,00|1626598874943|Roofstock
8796093028135|4834615299493865014|92942578,00|1646349970429|Discover
8796093028135|4751861656340932151|90264872,00|1620942736545|Wells Fargo
28587302338103|4901887818927711800|52003924,00|1667048977108|Citibank
8796093048135|4745106256899876409|78235990,00|1618904260634|Upgrade
15393162834791|4838274474191103546|36003652,00|1647504312734|RealtyMogul
15393162834791|4782823903779104315|71911639,00|1630501744692|Best Egg
15393162834791|4850940848143083068|23994753,00|1651426952516|Rocket Loans
4398046567031|4710203359787755069|28461578,00|1608181041059|Prosper
30786325653655|4913991242926270014|11082712,00|1670755317138|OnDeck
28587302328104|4912020918089295423|6081170,00|1670159769570|Funding Circle
13194139549240|4827859900052809280|77675496,00|1644280455655|Fundbox
4398046537032|4878806870837438017|48249300,00|1659909000837|LendingPoint
4398046537032|4805623376892667458|37659314,00|1637462035736|LightStream
4398046547032|4741447082202637891|7285794,00|1617751028928|LightStream
45928|4897102744323630660|44598917,00|1665529333389|Peerform
45928|4689092736534455877|29226352,00|1601677101331|BlueVine
45928|4625760866774558278|81121233,00|1582211508143|Citibank
24189255867000|4884154895394940487|71416974,00|1661613835500|Rocket Loans
4398046517033|4913428292972848712|28370475,00|1670613649717|Navy Federal Credit Union
8796093048137|4820823025635042889|80351537,00|1642130843857|Fundbox
8796093048137|4760868855595673162|49086636,00|1623730991978|Funding Circle
15393162824793|4902169293904422475|40628741,00|1667100138035|SunTrust
6597069812585|4909487643298899532|12849368,00|1669376666827|Discover
6597069812585|4711329259694597709|28921780,00|1608473567437|Rocket Loans
6597069812585|4874584746186778190|80391064,00|1658633421698|Best Egg
6597069812585|4762557705455937103|98635374,00|1624227477758|Citibank
21990232621449|4840244799028078160|90027655,00|1648117617561|Discover
21990232621449|4857977722560849489|18687941,00|1653557497578|Fundbox
21990232621449|4914835667856402002|92175475,00|1670991117947|LightStream
21990232621449|4895132419486656083|94276183,00|1664923842863|Avant
17592186120345|4915398617809823316|34214274,00|1671155048244|RealtyMogul
17592186120345|4844748398655448661|9934043,00|1649471553784|Avant
17592186120345|4907798793438635606|59318144,00|1668849621902|Upstart
17592186120345|4838837424144524887|93792905,00|1647711699974|Marcus by Goldman Sachs
17592186050346|4917931892600219224|36511217,00|1671988295279|Kabbage
17592186050346|4859103622467692121|51711470,00|1653861466031|US Bank
15930|4665448838490760794|79488911,00|1594401334693|Best Egg
15930|4636456915889563227|62946317,00|1585472173359|LendingClub
17592186070346|4905546993624950364|34289075,00|1668191844409|SunTrust
17592186070346|4830956124796626525|43821961,00|1645236894066|LendingClub
17592186070346|4841370698934920798|34653672,00|1648450596880|Avant
21990232591450|4831519074750047839|18907032,00|1645387935400|RealtyMogul
10995116323690|4803934527032403552|77680504,00|1636957219930|Upgrade
26388279132554|4913428292972848737|83513386,00|1670594609663|OneMain Financial
26388279082555|4900480444044158562|24657620,00|1666619884350|Roofstock
26388279082555|4899073069160605283|40860353,00|1666182388249|Best Egg
26388279082555|4893443569626392164|6966474,00|1664411379695|RealtyMogul
10995116303691|4879651295767570021|99325895,00|1660191400662|Prosper
10995116303691|4745106256899876454|672953,00|1618863421079|American Express
10995116303691|4760587380618962535|97824515,00|1623664868039|RealtyMogul
55931|4891191769812706920|63191446,00|1663736997759|Bank of America
55931|4888377020045600361|87160746,00|1662860696620|OnDeck
55931|4740321182295795306|29676624,00|1617369607691|BlueVine
55931|4808156651683063403|98824685,00|1638269502756|PNC Bank
15393162864795|4810689926473459308|98539354,00|1639049477337|SoFi
15932|4857977722560849517|96437437,00|1653582475303|TD Bank
15932|4885562270278493806|66790132,00|1662031659745|Funding Circle
24189255847004|4904984043671529071|13399143,00|1668004127680|Fundrise
21990232611452|4916524517716665968|40594844,00|1671572940315|Fundrise
28587302348109|4909769118275610225|81797569,00|1669441761307|LendingClub
28587302348109|4918213367576929906|82942457,00|1672074929844|LightStream
19791209345901|4862762797164930675|59314048,00|1655056528762|SoFi
55933|4866703446838879860|86453780,00|1656250809980|Marcus by Goldman Sachs
55933|4872895896326514293|39899368,00|1658119359212|Avant
55933|4756083780991592054|83510342,00|1622282007305|Citibank
55933|4772127854664099447|8779826,00|1627208545139|Best Egg
28587302338110|4919057792507061880|52148727,00|1672317352997|Roofstock
19791209335902|4874303271210067577|10746963,00|1658530685095|PNC Bank
4398046567038|4707107135043937914|58020224,00|1607205994301|Wells Fargo
4398046567038|4705136810206963323|9827495,00|1606587060882|Funding Circle
4398046567038|4722588258763023996|28880450,00|1611985602038|Upstart
4398046577038|4855444447770453629|88176805,00|1652766208117|TD Bank
28587302398110|4911739443112584830|30669413,00|1670059070225|Discover
28587302398110|4908643218368767615|94402469,00|1669105259772|State Farm Bank
19791209305903|4862481322188220032|24649247,00|1654953163420|Rocket Loans
19791209305903|4884717845348361857|72865350,00|1661788405092|OneMain Financial
19791209305903|4902732243857843842|6670162,00|1667317697197|Fundrise
10995116303695|4762557705455937155|51829527,00|1624201728842|Prosper
10995116303695|4835178249447286404|90449139,00|1646579610325|SoFi
10995116303695|4799149452428322437|96015025,00|1635481472786|American Express
2199023321487|4731313983041054342|30469841,00|1614675391532|Upgrade
24189255817008|4872895896326514311|56667348,00|1658146827370|Roofstock
24189255817008|4884154895394940552|66101219,00|1661610675291|BlueVine
24189255817008|4885843745255204489|76288803,00|1662124002011|Earnest
21990232601456|4860792472327956106|24424891,00|1654435391564|American Express
10995116333696|4737224957551978123|89117393,00|1616479041467|Roofstock
10995116333696|4819415650751489676|74810805,00|1641705750619|RealtyMogul
10995116333696|4810126976520038029|98581398,00|1638835845769|Discover
21990232621456|4896539794370209422|20414746,00|1665409185019|Marcus by Goldman Sachs
17592186120352|4888095545068889743|3225889,00|1662837948562|Discover
17592186120352|4841652173911631504|40593813,00|1648498155587|Funding Circle
17592186120352|4804216002009114257|96673491,00|1637018346795|Best Egg
26388279082561|4905546993624950418|53010527,00|1668194909008|LightStream
26388279082561|4885280795301783187|50390969,00|1661938865610|Prosper
26388279082561|4877399495953884820|8043469,00|1659508009985|Discover
26388279082561|4875429171116910229|11441830,00|1658945008401|Navy Federal Credit Union
26388279102561|4903576668787975830|6416679,00|1667566899499|LendingClub
26388279102561|4900198969067447959|78654715,00|1666510263131|Kabbage
26388279102561|4896539794370209432|67408696,00|1665359120603|Peerform
26388279102561|4900198969067447961|89542025,00|1666518186497|Discover
19791209345905|4914272717902980762|3123552,00|1670848296473|Prosper
30786325633665|4914835667856402075|4283650,00|1670975859644|LightStream
30786325633665|4917931892600219292|54791106,00|1671967508495|Avant
21990232631457|4851785273073215133|81931087,00|1651663535917|Chase Bank
21990232631457|4905265518648239774|25480977,00|1668046295561|Rocket Loans
21990232631457|4859666572421113503|55452251,00|1654081394642|LendingClub
21990232631457|4903858143764686496|92913374,00|1667676167731|Capital One
30786325593666|4919620742460483233|60941361,00|1672521117283|TD Bank
17592186090354|4816600900984383138|76495025,00|1640802413447|LightStream
17592186090354|4904421093718107811|11333162,00|1667851233789|Prosper
6597069822594|4847281673445844644|71128287,00|1650285944572|LightStream
30786325653666|4918776317530351269|44653804,00|1672214911615|US Bank
19791209335907|4869799671582697126|25813659,00|1657207819710|SoFi
19791209335907|4844466923678738087|30393214,00|1649400981125|Peerform
30786325623667|4915398617809823400|26348410,00|1671210556094|Navy Federal Credit Union
30786325623667|4915398617809823401|45050690,00|1671168790725|Navy Federal Credit Union
30786325623667|4915398617809823402|24321315,00|1671206650034|TD Bank
55939|4745950681830008491|2376304,00|1619130224190|Upgrade
55939|4812941726287144620|82556274,00|1639743026653|Fundrise
55939|4892880619672970925|28438923,00|1664294397807|Rocket Loans
55939|4737787907505399470|25388444,00|1616613166684|Earnest
4398046577043|4695003711045379759|25653508,00|1603440511950|American Express
4398046577043|4683181762023532208|50872086,00|1599840589931|TD Bank
4398046577043|4841933648888342193|45471098,00|1648591396976|PNC Bank
4398046577043|4685715036813928114|80330166,00|1600600646223|Discover
10995116353699|4795208802754373299|33973902,00|1634259721208|LightStream
10995116353699|4727654808343815860|21354727,00|1613503602072|Earnest
21990232581460|4899073069160605365|52248602,00|1666185582636|State Farm Bank
21990232581460|4872332946373093046|67984129,00|1657926393373|Kabbage
21990232581460|4877118020977174199|21780146,00|1659460327375|PNC Bank
21990232581460|4903295193811265208|17630691,00|1667456216763|US Bank
24189255847012|4857977722560849593|93406151,00|1653548364618|State Farm Bank
6597069812596|4795490277731083962|90809282,00|1634393573692|LendingPoint
6597069812596|4842496598841763515|12500788,00|1648813416352|Funding Circle
4398046567044|4738350857458820796|64180019,00|1616778909491|American Express
10995116313701|4732439882947897021|89031465,00|1614998892008|Prosper
24189255877013|4909487643298899646|28705793,00|1669383077538|US Bank
24189255817014|4888658495022311103|96312861,00|1662968760037|SunTrust
4398046527046|4754676406108038848|50245277,00|1621846310583|Funding Circle
4398046527046|4911739443112584897|77154538,00|1670059560399|Rocket Loans
4398046527046|4774942604431206082|30268125,00|1627998767937|Patch of Land
30786325603670|4917087467670087363|2748767,00|1671701709324|Fundbox
30786325603670|4917931892600219332|71650183,00|1671986415541|US Bank
30786325603670|4918776317530351301|91024201,00|1672191045947|Peerform
19791209335910|4830674649819915974|7485468,00|1645118749129|Funding Circle
19791209335910|4825608100239124167|96043648,00|1643604836768|Funding Circle
19791209335910|4857414772607428296|59669129,00|1653363024731|Peerform
19791209335910|4846155773539002057|66113367,00|1649929326029|US Bank
28587302368118|4910613543205742282|7126771,00|1669702574334|Navy Federal Credit Union
28587302368118|4909769118275610315|49726818,00|1669432781855|Chase Bank
28587302368118|4906109943578371788|31620365,00|1668345638557|Capital One
6597069832598|4808438126659774157|85582831,00|1638311341026|Capital One
6597069832598|4733847257831450318|1132431,00|1615422581810|Funding Circle
6597069832598|4768187204990150351|15725043,00|1625948873024|American Express
10995116353702|4907235843485214416|10857782,00|1668665786211|LendingPoint
10995116353702|4751580181364221649|29809827,00|1620853432938|State Farm Bank
10995116353702|4807030751776220882|14050157,00|1637937489770|Earnest
13194139539255|4785357178569500371|29032832,00|1631219954512|RealtyMogul
17592186090359|4868673771675854548|19441050,00|1656805529280|RealtyMogul
17592186090359|4912865343019427541|69729937,00|1670404809148|Avant
17592186100359|4917650417623508694|8969164,00|1671858058088|SunTrust
10995116343703|4821104500611753687|17746292,00|1642204936094|Capital One
10995116343703|4744824781923165912|66636318,00|1618823087167|Upstart
10995116343703|4740602657272506073|48241236,00|1617490673994|BlueVine
17592186120359|4894569469533234906|27991309,00|1664756776839|LendingPoint
17592186120359|4910895018182452955|92242622,00|1669800440047|LendingPoint
17592186050360|4918776317530351324|25398061,00|1672227593964|LendingPoint
17592186050360|4856007397723875037|7901607,00|1652968453685|State Farm Bank
17592186050360|4850096423212951262|57866612,00|1651120790738|Roofstock
17592186050360|4810408451496748767|85872689,00|1638949551532|Best Egg
13194139579256|4874303271210067680|69163363,00|1658560125293|Bank of America
13194139579256|4776912929268180705|94754158,00|1628684182577|Funding Circle
24189255867016|4897947169253762786|20691894,00|1665822628522|Best Egg
24189255867016|4888658495022311139|53109788,00|1662945423317|Rocket Loans
24189255867016|4898228644230473444|1150123,00|1665939326953|Earnest
28587302398120|4912583868042716901|11480622,00|1670344797891|Earnest
28587302398120|4917931892600219366|50577132,00|1671960132862|Discover
28587302398120|4915961567763244775|39557604,00|1671356553738|Kabbage
8796093038153|4734691682761582312|91833310,00|1615656006501|Peerform
26388279102569|4910895018182452969|54719046,00|1669838278665|Capital One
26388279102569|4878806870837438186|67296591,00|1659962565324|Avant
26388279102569|4908361743392057067|45750059,00|1669055580409|Best Egg
2199023321497|4723151208716445420|95831577,00|1612148748989|Roofstock
2199023321497|4663197038677075693|19484238,00|1593668259966|Prosper
2199023321497|4736662007598556910|87382549,00|1616254770549|OnDeck
2199023321497|4709358934857623279|89055255,00|1607879042485|Wells Fargo
6597069842601|4852066748049925872|65339007,00|1651743284910|Roofstock
6597069842601|4754957881084749553|89844596,00|1621917265256|RealtyMogul
6597069842601|4856007397723875058|1349173,00|1652974043031|Fundbox
19791209325914|4897947169253762803|65980550,00|1665802769231|Patch of Land
24189255847018|4883873420418230004|22387743,00|1661507189592|SoFi
4398046577050|4816882375961093877|36127843,00|1640904057139|OnDeck
2199023331498|4855444447770453750|40230078,00|1652764329349|SunTrust
2199023331498|4775224079407916791|73512869,00|1628109071642|Bank of America
2199023331498|4704292385276831480|17875700,00|1606317384111|Avant
2199023331498|4644056740260751097|39435430,00|1587793021776|RealtyMogul
13194139539259|4795208802754373370|47529331,00|1634257671668|Upgrade
13194139539259|4808719601636484859|61066189,00|1638419861002|PNC Bank
13194139539259|4855162972793743100|92612733,00|1652669921772|Fundbox
55947|4747358056713561853|97380779,00|1619572611424|Funding Circle
8796093088155|4848407573352687358|90968549,00|1650601074135|RealtyMogul
8796093088155|4843903973725316863|84429155,00|1649245850810|Chase Bank
6597069782604|4785920128522921728|60057320,00|1631373656661|American Express
6597069782604|4874866221163489025|31831954,00|1658770538042|Best Egg
6597069782604|4754676406108038914|78112882,00|1621804632180|Patch of Land
6597069782604|4907798793438635779|14690102,00|1668837929437|Discover
2199023281500|4658130489096283908|31402803,00|1592169306834|Upstart
2199023281500|4666574738397603589|95807894,00|1594718587275|Roofstock
2199023281500|4693596336161826566|14040351,00|1603049703750|Capital One
2199023281500|4767905730013439751|722635,00|1625912668610|Rocket Loans
26388279102572|4895413894463366920|19807790,00|1665069580306|LendingClub
26388279102572|4908080268415346441|21165307,00|1668933081083|TD Bank
2199023311500|4825326625262413578|44249023,00|1643502432832|Navy Federal Credit Union
26388279142572|4907235843485214475|82512061,00|1668676447562|Rocket Loans
26388279142572|4881058670651123468|54412478,00|1660641929519|Best Egg
26388279142572|4912583868042716941|82676303,00|1670344170011|American Express
26388279142572|4892880619672971022|8374861,00|1664254851928|Fundrise
4398046517053|4771846379687388943|77533250,00|1627094380694|Bank of America
4398046517053|4839963324051367696|24086254,00|1648049490476|Best Egg
4398046517053|4780853578942129937|33172098,00|1629835739607|Chase Bank
4398046517053|4910332068229031698|42839356,00|1669626189539|Prosper
8796093038157|4905828468601661203|36129208,00|1668279968254|TD Bank
8796093038157|4789016353266738964|43582212,00|1632332066172|Kabbage
8796093038157|4764809505269622549|60339010,00|1624964143580|LendingPoint
13194139559261|4822793350472017686|86522105,00|1642748053430|SunTrust
6597069802605|4863888697071773463|57430574,00|1655406446864|American Express
6597069802605|4762557705455937304|75518171,00|1624234493696|LendingClub
6597069812605|4800556827311875865|16936287,00|1635871635709|OneMain Financial
6597069812605|4835741199400707866|66720857,00|1646726901859|Discover
19791209315918|4824763675308992283|85065984,00|1643321350624|BlueVine
19791209315918|4879651295767570204|86781553,00|1660180408824|LightStream
19791209315918|4903295193811265309|19361054,00|1667496994030|Capital One
10995116303710|4809845501543327518|49629588,00|1638726619789|TD Bank
13194139589262|4875429171116910367|85693515,00|1658951726566|Navy Federal Credit Union
13194139589262|4798867977451611936|22814255,00|1635360665534|Roofstock
26388279132574|4897665694277052193|98058078,00|1665709830254|LendingClub
2199023331502|4665448838490760994|79152350,00|1594377013520|Roofstock
15951|4732721357924607779|42378848,00|1615046150411|Avant
2199023281503|4672204237931816740|81865347,00|1596473445713|Prosper
2199023281503|4827015475122677541|19960273,00|1644016426327|Avant
6597069822607|4717803184158943014|19264880,00|1610475086341|Wells Fargo
6597069822607|4761713280525805351|74310970,00|1623975333123|Navy Federal Credit Union
26388279132575|4910895018182453032|10934925,00|1669774705613|Marcus by Goldman Sachs
26388279132575|4918213367576930089|92728367,00|1672015523811|Avant
26388279132575|4911739443112585002|71773747,00|1670027786103|Peerform
26388279142575|4887532595115468587|36272229,00|1662622346054|State Farm Bank
26388279142575|4880777195674412844|98753740,00|1660577515422|Discover
26388279142575|4882466045534676781|5304079,00|1661069943017|BlueVine
24189255827024|4871769996419671854|47487088,00|1657813375969|Prosper
24189255827024|4890065869905864495|70432188,00|1663383640777|Chase Bank
24189255827024|4904984043671529264|5478978,00|1668018959052|Roofstock
24189255827024|4903295193811265329|67813697,00|1667443679155|Discover
17592186070368|4823637775402149682|89012424,00|1643021001502|Fundbox
17592186070368|4807593701729642291|13190790,00|1638075717543|Fundrise
17592186070368|4855444447770453812|55125809,00|1652730205171|RealtyMogul
17592186070368|4789860778196870965|2756435,00|1632610950699|LightStream
13194139589264|4858540672514271030|39768886,00|1653724491937|Discover
4398046587056|4712173684624729911|24223341,00|1608766017098|Funding Circle
26388279072577|4881621620604544824|12803396,00|1660809304887|TD Bank
21990232571473|4912583868042716985|85606435,00|1670324446486|Earnest
21990232571473|4876836546000463674|34151876,00|1659334789516|Discover
21990232571473|4890628819859285819|41372735,00|1663547540695|LightStream
21990232571473|4852629698003347260|17774503,00|1651907495958|Fundbox
25953|4673330137838659389|39915807,00|1596852838351|PNC Bank
25953|4766779830106597182|3167879,00|1625487556996|Marcus by Goldman Sachs
19791209335921|4830393174843205439|16514862,00|1645055136125|Earnest
19791209335921|4816037951030961984|77671107,00|1640647344182|Capital One
4398046557057|4883310470464808769|32710552,00|1661291337742|RealtyMogul
15393162854817|4910050593252321090|28919785,00|1669580310358|OnDeck
15393162804818|4855725922747164483|33661351,00|1652878161778|OneMain Financial
15393162804818|4798305027498190660|17881973,00|1635211644935|LendingPoint
15393162804818|4918776317530351429|34203109,00|1672200967227|Rocket Loans
25954|4760868855595673414|57875329,00|1623740734814|Fundbox
25954|4809001076613195591|13143024,00|1638507381928|Discover
25954|4687685361650902856|6100777,00|1601228480144|Upstart
25954|4912865343019427657|87293700,00|1670373127671|Upstart
35954|4745106256899876682|34679009,00|1618842249711|Fundrise
15393162844818|4872895896326514507|45267737,00|1658133331835|OnDeck
15393162844818|4827296950099388236|62581064,00|1644082835867|LendingPoint
10995116343714|4814067626193987405|14224395,00|1640094658572|SoFi
10995116343714|4813786151217276750|74285932,00|1639976690707|PNC Bank
10995116343714|4769594579873703759|89116645,00|1626379017159|Fundrise
8796093028163|4868110821722433360|37807883,00|1656621242609|Fundrise
6597069792611|4727091858390394705|52416925,00|1613337625688|Prosper
6597069792611|4887251120138757970|86065410,00|1662527532870|RealtyMogul
6597069792611|4831800549726758739|61645091,00|1645533343921|Bank of America
6597069792611|4867829346745722708|35460235,00|1656584923466|OneMain Financial
8796093058163|4914554192879691605|53096088,00|1670970294507|Chase Bank
8796093058163|4803653052055693142|74030281,00|1636860868535|Upgrade
8796093058163|4736943482575267671|18076007,00|1616384498801|Patch of Land
8796093058163|4800838302288586584|44486523,00|1636018600728|LendingClub
6597069822611|4812378776333723481|37309833,00|1639534282004|Prosper
6597069822611|4767061305083307866|76327057,00|1625654243854|LendingClub
6597069822611|4715551384345257819|24411521,00|1609765275865|PNC Bank
13194139609267|4913428292972848988|41437572,00|1670624912064|Best Egg
13194139609267|4812378776333723485|79053396,00|1639514635420|Roofstock
13194139609267|4886125220231915358|51454981,00|1662179008302|Funding Circle
13194139609267|4814349101170698079|33312998,00|1640181830831|PNC Bank
2199023261508|4812660251310434144|59461751,00|1639630038526|PNC Bank
21990232601476|4913146817996138337|8841505,00|1670480955854|Bank of America
21990232601476|4903295193811265378|54713013,00|1667472191720|PNC Bank
65956|4724277108623288163|64522871,00|1612475664569|Capital One
65956|4703729435323410276|22532411,00|1606185010753|Citibank
65956|4713018109554861925|855652,00|1609051252644|Citibank
65956|4870081146559407974|37725089,00|1657229192587|Patch of Land
4398046587060|4859103622467692391|37503544,00|1653916954464|SunTrust
4398046587060|4763402130386069352|13004207,00|1624454760739|Roofstock
19791209305925|4889221444975732585|82769035,00|1663187648435|Prosper
19791209305925|4903013718834554730|46280322,00|1667348738147|Fundrise
19791209305925|4911176493159163755|16294789,00|1669930016525|Upgrade
19791209305925|4885280795301783404|86446266,00|1661930100403|BlueVine
21990232571477|4917368942646798189|929175,00|1671794255318|Patch of Land
21990232571477|4848126098375976814|93949587,00|1650530686863|Prosper
10995116303717|4815756476054251375|71535996,00|1640618009765|Peerform
10995116303717|4900480444044158832|96409776,00|1666595446851|Marcus by Goldman Sachs
26388279102581|4919057792507062129|39125781,00|1672322773599|Fundrise
26388279102581|4908643218368767858|58888828,00|1669089994014|BlueVine
26388279102581|4892036194742839155|41467419,00|1664023311824|Roofstock
26388279102581|4890910294835996532|32109568,00|1663651712676|Avant
15393162844821|4826171050192545653|72930680,00|1643734430309|Fundbox
21990232621477|4892036194742839158|97886665,00|1664044428369|PNC Bank
21990232621477|4872895896326514551|78987863,00|1658090344772|Rocket Loans
21990232621477|4860792472327956344|79665962,00|1654423301462|State Farm Bank
21990232621477|4904984043671529337|53509237,00|1667971677215|State Farm Bank
24189255887029|4917368942646798202|36113065,00|1671797423942|RealtyMogul
19791209305926|4913428292972849019|85952438,00|1670550758817|Peerform
19791209305926|4908924693345478524|96196718,00|1669244322513|Fundrise
15958|4795490277731084157|34761851,00|1634336971438|BlueVine
15958|4892036194742839166|38939778,00|1664039376294|US Bank
15958|4780290628988708735|84853577,00|1629647187433|TD Bank
21990232581478|4876273596047042432|71030736,00|1659130960473|American Express
21990232581478|4851785273073215361|1147277,00|1651666269455|Rocket Loans
21990232581478|4869518196605986690|14351778,00|1657103314683|Navy Federal Credit Union
21990232581478|4894569469533235075|38205978,00|1664814585787|Earnest
10995116333718|4785357178569500548|38971719,00|1631257179651|LendingPoint
10995116333718|4852629698003347333|13739069,00|1651948500649|Roofstock
10995116333718|4833207924610312070|8239953,00|1645929037167|Wells Fargo
10995116333718|4825045150285703047|79676558,00|1643455929412|Fundbox
6597069832614|4918776317530351496|9759604,00|1672262542784|Funding Circle
30786325583687|4917650417623508873|91549654,00|1671864674140|Patch of Land
30786325583687|4913991242926270346|67331410,00|1670758737731|TD Bank
30786325583687|4915680092786534283|9997958,00|1671289070277|State Farm Bank
30786325583687|4914272717902981004|65656576,00|1670874842790|Bank of America
28587302338135|4908361743392057229|46694470,00|1669053975639|Best Egg
28587302338135|4907798793438635918|26155320,00|1668884865268|LendingClub
28587302338135|4915117142833112975|5355688,00|1671071997145|Kabbage
15393162814823|4868673771675854736|2145599,00|1656868759024|Avant
15393162814823|4888658495022311313|40075414,00|1662959269618|Marcus by Goldman Sachs
21990232591479|4911739443112585106|49686165,00|1670053612939|Funding Circle
15393162834823|4821385975588464531|75042245,00|1642278016508|Rocket Loans
2199023311511|4646871490027857812|6165472,00|1588679350365|Avant
17592186110375|4852066748049926037|96249176,00|1651762531971|Funding Circle
13194139539272|4840244799028078486|44211950,00|1648088046339|Discover
13194139539272|4843059548795185047|89236663,00|1648963917148|Roofstock
13194139539272|4903013718834554776|23207158,00|1667388964704|Rocket Loans
13194139539272|4870362621536118681|52809948,00|1657376905591|Kabbage
13194139549272|4811252876426880922|29871594,00|1639205396928|Navy Federal Credit Union
26388279092584|4886125220231915419|85931977,00|1662238964105|Peerform
26388279092584|4917931892600219548|83117169,00|1671933542324|Marcus by Goldman Sachs
26388279092584|4913991242926270365|79062223,00|1670751044127|Prosper
26388279092584|4913991242926270366|10932937,00|1670735513036|Patch of Land
35960|4901606343951001503|59847107,00|1666967144788|Roofstock
6597069842616|4904984043671529376|8250165,00|1668009346776|BlueVine
6597069842616|4711047784717887393|62343664,00|1608429561877|Navy Federal Credit Union
6597069842616|4843903973725317026|44366977,00|1649238792613|RealtyMogul
5961|4772409329640810403|74172240,00|1627296856547|Peerform
5961|4748483956620404644|73566381,00|1619870345630|BlueVine
30786325593689|4919620742460483493|89646400,00|1672447367195|OnDeck
30786325593689|4916805992693376934|35066756,00|1671585733402|Earnest
30786325593689|4916243042739955623|38451086,00|1671431305065|Capital One
26388279102585|4897102744323631016|18516504,00|1665545129361|Upstart
26388279102585|4889221444975732649|28589574,00|1663171748276|Funding Circle
26388279102585|4915398617809823658|2517694,00|1671165174002|Fundbox
28587302378137|4910332068229031851|66517457,00|1669663593729|Upstart
28587302378137|4917931892600219564|37201665,00|1671970261709|LendingClub
28587302378137|4911739443112585133|1013900,00|1670024696180|Fundbox
28587302378137|4910332068229031854|98863994,00|1669640369639|RealtyMogul
28587302388137|4906672893531793327|39235428,00|1668470378826|BlueVine
24189255887033|4907517318461925296|38342140,00|1668748780350|Upstart
24189255887033|4896258319393499057|38513881,00|1665299202387|US Bank
24189255887033|4861918372234799026|3835315,00|1654756782782|OnDeck
24189255887033|4861636897258088371|54218125,00|1654684955024|OneMain Financial
28587302328138|4908924693345478580|82958492,00|1669220487173|Prosper
28587302328138|4915961567763244981|40945228,00|1671393001402|Peerform
13194139559274|4897665694277052342|19725880,00|1665743533308|Marcus by Goldman Sachs
2199023291514|4741728557179348919|21091580,00|1617818561138|Capital One
6597069822618|4823356300425439160|95376434,00|1642871773609|PNC Bank
6597069822618|4885843745255204793|19305138,00|1662146971950|Upstart
6597069822618|4875710646093621178|86425497,00|1658996486998|Fundrise
24189255887034|4866703446838880187|29521328,00|1656263192551|SoFi
24189255887034|4912302393066006460|1406529,00|1670236189553|Avant
24189255887034|4889784394929153981|77701060,00|1663356271162|SunTrust
24189255887034|4871488521442961342|4206494,00|1657700792241|OneMain Financial
24189255817035|4904984043671529407|58876886,00|1667979053482|Fundrise
2199023281515|4729062183227369408|73689900,00|1613966971203|Wells Fargo
35963|4738913807412242369|94354512,00|1616932606708|US Bank
10995116343723|4835459724423997378|39193095,00|1646608912014|LendingPoint
10995116343723|4812660251310434243|15336974,00|1639617024415|Citibank
13194139609275|4907517318461925316|95462784,00|1668737963597|Upgrade
13194139609275|4902732243857844165|85348129,00|1667297695397|Fundbox
13194139609275|4859666572421113798|25050430,00|1654089957318|TD Bank
13194139609275|4899636019114026951|82192524,00|1666349574414|Rocket Loans
6597069772620|4838274474191103944|42449358,00|1647483842258|American Express
6597069772620|4728780708250658761|75929902,00|1613884698866|Marcus by Goldman Sachs
24189255827036|4908361743392057290|22969481,00|1669056446375|Fundrise
35964|4837992999214393291|98342312,00|1647438393213|Capital One
35964|4711047784717887436|69489245,00|1608412621906|Prosper
35964|4713581059508283341|14084011,00|1609198017776|Avant
2199023311516|4807030751776221134|81043699,00|1637868506054|Patch of Land
2199023311516|4682618812070111183|84762909,00|1599652402205|LendingClub
10995116353724|4845592823585581008|77336914,00|1649753495993|Funding Circle
10995116353724|4852911172980058065|74465242,00|1651966708608|Peerform
10995116353724|4916524517716666322|10869767,00|1671504202477|LendingPoint
10995116353724|4881903095581255635|10676744,00|1660875026801|Roofstock
28587302348141|4897102744323631060|60546952,00|1665529707929|RealtyMogul
28587302348141|4919620742460483541|80371627,00|1672462539409|OnDeck
28587302348141|4889221444975732694|1196329,00|1663176117018|Navy Federal Credit Union
19791209335933|4860510997351245783|32437642,00|1654308425377|SoFi
26388279122589|4906672893531793368|33223593,00|1668549671622|Fundrise
2199023321517|4917087467670087641|12862141,00|1671692277102|State Farm Bank
2199023321517|4843903973725317082|23690625,00|1649261458053|Peerform
24189255817038|4905828468601661403|50837950,00|1668226398313|OnDeck
8796093048174|4825326625262413788|44506645,00|1643519269308|Marcus by Goldman Sachs
8796093048174|4887814070092179421|43969158,00|1662683327818|Chase Bank
8796093048174|4761150330572384222|45953832,00|1623759753642|Kabbage
8796093048174|4796616177637926879|97814814,00|1634697622989|US Bank
24189255847038|4870362621536118752|70124199,00|1657381086486|Peerform
21990232601486|4892317669719549921|38050997,00|1664119381911|State Farm Bank
21990232601486|4885280795301783522|55464181,00|1661971313612|Funding Circle
21990232601486|4846718723492423651|726163,00|1650053709344|State Farm Bank
17592186100382|4904702568694818788|61426684,00|1667875654998|Funding Circle
24189255887038|4889221444975732709|85900586,00|1663183274916|PNC Bank
19791209305935|4854600022840322022|44903539,00|1652480203497|Citibank
21990232591487|4848407573352687591|67545575,00|1650569195944|OnDeck
4398046517072|4799712402381744104|53239857,00|1635635427964|Rocket Loans
4398046517072|4760868855595673577|50469571,00|1623745129920|Wells Fargo
4398046517072|4817163850937804778|92771165,00|1641007465994|Rocket Loans
4398046517072|4701477635509725163|91692097,00|1605477769000|Best Egg
19791209315936|4879932770744281068|63612873,00|1660312127878|LightStream
28587302348144|4914554192879691757|84494934,00|1670897346414|LightStream
28587302348144|4905546993624950766|63012020,00|1668197885174|Avant
13194139579280|4831237599773337583|32140573,00|1645307687631|Wells Fargo
13194139579280|4835178249447286768|48579063,00|1646532502945|Kabbage
21990232611488|4874584746186778609|17535176,00|1658613587335|SoFi
21990232611488|4879088345814149106|79563184,00|1660061955665|OneMain Financial
26388279142592|4919339267483772915|28101275,00|1672410873661|LendingClub
26388279142592|4895132419486656500|25441362,00|1664925230095|State Farm Bank
21990232561489|4868673771675854837|88660508,00|1656865971696|Upgrade
21990232561489|4870081146559408118|19041432,00|1657267512736|Avant
21990232561489|4876273596047042551|94718159,00|1659192913731|Citibank
17592186070385|4876555071023753208|91924837,00|1659230442971|OneMain Financial
45969|4879932770744281081|25930662,00|1660314213848|Peerform
45969|4823074825448728570|98576641,00|1642861435342|BlueVine
45969|4731595458017765371|79858114,00|1614759660695|Funding Circle
13194139539282|4883310470464808956|94475303,00|1661317406011|Kabbage
4398046557074|4740039707319085053|1662398,00|1617346657821|Chase Bank
4398046557074|4805623376892667902|15393473,00|1637454185013|Best Egg
4398046557074|4715832859321968639|73759254,00|1609893023317|Upgrade
4398046557074|4876836546000463872|27704195,00|1659365717800|Rocket Loans
8796093098178|4878806870837438465|4770270,00|1659950078380|Navy Federal Credit Union
24189255837043|4895976844416788482|46383287,00|1665191179655|Upgrade
21990232591491|4899636019114027011|99703411,00|1666384208646|SunTrust
26388279122595|4911176493159163908|51211024,00|1669926547330|Rocket Loans
26388279122595|4904421093718108165|61618968,00|1667818188892|LightStream
65971|4694722236068669446|12906125,00|1603418009340|Discover
17592186070388|4830393174843205639|19330622,00|1645033603888|LendingClub
17592186070388|4870644096512829448|16260443,00|1657458391763|Fundbox
4398046557076|4889784394929154057|45749664,00|1663343242098|State Farm Bank
24189255867044|4889221444975732746|18608366,00|1663185517968|LendingPoint
24189255867044|4905546993624950795|13985931,00|1668201482880|State Farm Bank
24189255877044|4899636019114027020|70305945,00|1666317314440|RealtyMogul
24189255877044|4917087467670087693|19622948,00|1671706108823|BlueVine
24189255877044|4914272717902981134|57611952,00|1670885019745|Avant
24189255877044|4881903095581255695|93081584,00|1660924553908|Earnest
4398046587076|4853192647956768784|18113231,00|1652059376694|LendingClub
10995116293733|4846437248515713041|73665048,00|1650029675141|Upgrade
17592186070389|4906109943578372114|3723484,00|1668345139534|Avant
17592186070389|4894287994556524563|63663484,00|1664689354116|State Farm Bank
17592186070389|4796334702661216276|28592593,00|1634635039312|Fundrise
15393162824837|4801119777265297429|23920418,00|1636060976169|PNC Bank
15393162824837|4866140496885458966|75032366,00|1656015920310|American Express
15393162824837|4846155773539002391|23076429,00|1649958942236|Peerform
15393162824837|4851785273073215512|4656436,00|1651604038161|LendingClub
26388279122597|4886688170185336857|82376593,00|1662356981005|Fundbox
6597069842629|4825045150285703194|18428089,00|1643456057822|Rocket Loans
21990232561494|4886125220231915547|41225774,00|1662172820786|OneMain Financial
21990232561494|4918776317530351644|80714353,00|1672198213039|Capital One
21990232561494|4889502919952443421|63586875,00|1663197096591|LendingPoint
21990232561494|4887532595115468830|22295672,00|1662648135635|American Express
8796093038182|4880777195674413087|70678977,00|1660540217930|Fundrise
8796093038182|4875147696140199968|5096373,00|1658816884698|Funding Circle
24189255847046|4906672893531793441|61645490,00|1668509601370|Capital One
2199023301526|4667137688351025186|22581487,00|1594915290276|LendingClub
2199023301526|4689937161464588323|68267589,00|1601909753322|Capital One
2199023301526|4744543306946455588|70168613,00|1618693769433|Fundbox
19791209355942|4872895896326514725|58712035,00|1658123648070|Upgrade
21990232621494|4833770874563733542|75508351,00|1646143838174|Avant
21990232621494|4855725922747164711|86507316,00|1652855851867|Prosper
21990232621494|4895695369440077864|34719503,00|1665140619854|Fundbox
21990232621494|4877399495953885225|57192123,00|1659526915408|Roofstock
10995116353734|4749891331503958058|96120936,00|1620317807072|OnDeck
13194139539287|4861073947304667179|984204,00|1654521885315|Patch of Land
13194139539287|4873458846279936044|28030796,00|1658336112264|Best Egg
15393162814839|4869236721629276205|2281429,00|1657020849190|Discover
15393162814839|4817163850937804846|42663529,00|1640993943847|US Bank
15393162814839|4917087467670087727|22893624,00|1671721466746|Bank of America
15393162814839|4856570347677296688|89341426,00|1653124777947|US Bank
24189255847047|4863607222095063089|69511428,00|1655318363274|LightStream
24189255847047|4918494842553641010|57588163,00|1672183975278|SunTrust
2199023311527|4863607222095063091|89576474,00|1655275268002|Earnest
17592186110391|4819978600704911412|34001238,00|1641913357622|State Farm Bank
17592186110391|4855444447770454069|37354250,00|1652728618751|Upstart
17592186110391|4866140496885458998|32365035,00|1656072521301|RealtyMogul
17592186110391|4899917494090737719|12268055,00|1666431498634|SoFi
8796093028184|4757209680898435128|12406494,00|1622593947052|Avant
17592186060392|4901324868974291001|25224771,00|1666880137745|Peerform
17592186060392|4836585624330840122|63192366,00|1646947527272|Navy Federal Credit Union
4398046547080|4748483956620404795|78994335,00|1619906729014|LendingClub
4398046547080|4791268153080424508|73202341,00|1633026799120|SoFi
4398046547080|4843903973725317181|97692305,00|1649261259606|Best Egg
4398046547080|4701759110486435902|90997264,00|1605540314655|Capital One
30786325623704|4919620742460483647|79786295,00|1672501562766|PNC Bank
30786325623704|4919339267483772992|30772087,00|1672371329406|Chase Bank
30786325623704|4919339267483772993|89703892,00|1672360779369|American Express
17592186100392|4834052349540444226|41281965,00|1646205280301|Kabbage
65976|4655878689282598979|22782069,00|1591474071701|Patch of Land
10995116353736|4740321182295795780|88804700,00|1617363905488|Bank of America
10995116353736|4918494842553641029|24004005,00|1672112060005|Citibank
10995116353736|4919057792507062342|83954832,00|1672342638217|Wells Fargo
10995116353736|4780009154011998279|87399959,00|1629564269826|State Farm Bank
15393162804841|4784231278662658120|67402242,00|1630895779053|Avant
15393162804841|4807030751776221257|28273424,00|1637870174080|Upgrade
2199023281529|4748483956620404810|73510002,00|1619910631429|Best Egg
2199023281529|4815756476054251595|44143377,00|1640589643560|Wells Fargo
2199023281529|4776631454291470412|56980818,00|1628579811990|LightStream
2199023281529|4827859900052809805|42051420,00|1644286887508|State Farm Bank
8796093058185|4740039707319085134|17406953,00|1617324905841|Capital One
45977|4718929084065785935|15493361,00|1610852312658|Citibank
45977|4755239356061460560|65518533,00|1621946224483|Patch of Land
26388279122601|4895976844416788561|19639353,00|1665259084961|LendingPoint
26388279122601|4873177371303225426|36267826,00|1658209733078|Fundrise
26388279122601|4916243042739955795|89697120,00|1671439944031|State Farm Bank
15393162854841|4843341023771895892|14847232,00|1649043988273|Marcus by Goldman Sachs
15393162854841|4852348223026636885|77993092,00|1651857468759|Earnest
15393162854841|4838837424144525398|89931690,00|1647641285149|PNC Bank
4398046517082|4838837424144525399|79152984,00|1647672726410|Patch of Land
19791209315946|4823919250378860632|661786,00|1643083534989|Avant
19791209315946|4874021796233357401|81515977,00|1658498997341|OnDeck
2199023281530|4701759110486435930|51271062,00|1605559011593|Citibank
2199023281530|4790986678103713883|61906748,00|1632980544552|SunTrust
2199023281530|4889784394929154140|17188798,00|1663321432906|LendingClub
2199023301530|4662634088723654749|79000294,00|1593553640524|Upstart
2199023301530|4703729435323410526|16845842,00|1606142360077|Navy Federal Credit Union
2199023301530|4907517318461925471|22293433,00|1668802348854|OnDeck
2199023301530|4798586502474901600|33383836,00|1635314743135|Fundrise
19791209365946|4806467801822799969|29742712,00|1637755032308|Capital One
19791209365946|4864733122001905762|27911750,00|1655650117318|Bank of America
19791209365946|4842496598841763939|46821511,00|1648758950251|Upgrade
19791209365946|4830674649819916388|86788585,00|1645180949105|Fundbox
15393162864842|4808156651683063909|46122213,00|1638279800662|American Express
4398046517083|4676989312535898214|10780901,00|1597918795931|Chase Bank
8796093048187|4843341023771895911|8403211,00|1649047645852|LightStream
8796093048187|4907798793438636136|54205495,00|1668825498226|OnDeck
8796093048187|4892036194742839401|9921893,00|1664045789647|Funding Circle
8796093048187|4728499233273948266|70656047,00|1613808727394|SunTrust
24189255857051|4849814948236241003|14768621,00|1651032711755|Best Egg
24189255857051|4908643218368768108|67412416,00|1669076536616|Patch of Land
10995116343739|4871488521442961517|34735901,00|1657742184366|Best Egg
10995116343739|4778320304151734382|99380631,00|1629059920794|Best Egg
26388279142603|4876836546000463983|12300816,00|1659372319566|Discover
28587302328156|4914835667856402544|78327548,00|1671024586717|TD Bank
17592186060396|4835741199400708209|10746393,00|1646697192730|US Bank
28587302348156|4917087467670087794|2158414,00|1671733045084|SunTrust
28587302348156|4912865343019427955|12976979,00|1670411226955|State Farm Bank
19791209365948|4874021796233357428|76132402,00|1658439100042|Fundrise
19791209365948|4890628819859286133|5043174,00|1663571740534|PNC Bank
2199023331532|4899917494090737782|29864324,00|1666463123672|Kabbage
17592186050397|4857414772607428727|80896250,00|1653379519387|Fundrise
17592186050397|4908080268415346808|73507081,00|1668919212965|Navy Federal Credit Union
10995116303741|4828141375029520505|94569235,00|1644366845515|LightStream
21990232611501|4870925571489540218|52449644,00|1657498805819|Marcus by Goldman Sachs
21990232611501|4908080268415346811|98108225,00|1668940601850|Chase Bank
75981|4796897652614637692|4409631,00|1634769774416|PNC Bank
75981|4630545941378639997|65079235,00|1583647964037|Wells Fargo
75981|4819697125728200830|2286938,00|1641753770221|Roofstock
75981|4653345414492203135|99100518,00|1590638875791|OnDeck
2199023271534|4707951559974070400|41346354,00|1607413696682|Best Egg
10995116303742|4823637775402150017|96339311,00|1642964434724|LendingClub
10995116303742|4902732243857844354|39107328,00|1667327870035|SunTrust
10995116303742|4837148574284261507|54722385,00|1647146253243|OnDeck
10995116303742|4904702568694818948|87844149,00|1667895979027|US Bank
15393162824846|4880214245720991877|33100257,00|1660380018651|US Bank
15393162824846|4839118899121236102|46384324,00|1647724644375|Best Egg
15393162824846|4790142253173581959|17793875,00|1632748088611|Wells Fargo
10995116323742|4772690804617521288|74464621,00|1627374996870|Prosper
10995116323742|4911739443112585353|48359285,00|1670063277674|Earnest
10995116323742|4853474122933479562|89092580,00|1652167119044|Marcus by Goldman Sachs
10995116323742|4894287994556524683|56577785,00|1664690698367|Marcus by Goldman Sachs
8796093078190|4747921006666983564|24314540,00|1619726473328|Chase Bank
2199023321534|4899917494090737805|35359940,00|1666435212309|PNC Bank
2199023321534|4672485712908527758|51448282,00|1596567145736|US Bank
15393162794847|4801401252242008207|31376986,00|1636180968490|State Farm Bank
25983|4826171050192545936|76350810,00|1643774398724|SunTrust
21990232591503|4909769118275610769|18537052,00|1669458448206|Earnest
21990232591503|4882466045534677138|4002247,00|1661075152945|State Farm Bank
45983|4836585624330840211|95278640,00|1646985126740|Avant
8796093098191|4839963324051368084|24289538,00|1647996517336|Kabbage
4398046527088|4723995633646577813|83011275,00|1612413684938|LendingPoint
4398046527088|4852911172980058262|49125902,00|1651978005080|Citibank
4398046527088|4789016353266739351|54692659,00|1632382816515|American Express
6597069802640|4778320304151734424|45033430,00|1629101477544|SoFi
19791209345952|4855162972793743513|77403434,00|1652647758600|LightStream
19791209345952|4874866221163489434|21154896,00|1658735085024|RealtyMogul
19791209375952|4889221444975732891|97668032,00|1663178107220|US Bank
19791209375952|4898228644230473884|13671184,00|1665950330968|LendingPoint
19791209375952|4826734000145967261|66945527,00|1643922889596|Roofstock
17592186060401|4801401252242008222|81693808,00|1636184533134|LightStream
17592186060401|4900761919020869791|5910537,00|1666716069617|Upgrade
17592186080401|4852066748049926304|70334311,00|1651745784645|Marcus by Goldman Sachs
17592186080401|4827578425076099233|44668842,00|1644222307211|Chase Bank
10995116323745|4836585624330840226|7403539,00|1646958346648|Discover
10995116323745|4752706081271064739|44582375,00|1621207087681|Funding Circle
10995116323745|4888658495022311588|51751434,00|1663007917448|Chase Bank
10995116323745|4786483078476343461|85088617,00|1631568523766|American Express
19791209355953|4859385097444403366|94148950,00|1653987470689|US Bank
2199023321537|4642086415423776935|92363178,00|1587217106871|OneMain Financial
19791209375953|4870362621536118952|12293068,00|1657371713219|OneMain Financial
24189255817058|4917931892600219817|63170519,00|1671929790920|OnDeck
24189255817058|4894287994556524714|32160731,00|1664726711269|Peerform
24189255817058|4899636019114027179|31030273,00|1666320726520|BlueVine
10995116323746|4742572982109481132|48694732,00|1618054536512|OnDeck
10995116323746|4865859021908748461|23368375,00|1656008439358|Roofstock
10995116323746|4876836546000464046|71615889,00|1659311912694|Navy Federal Credit Union
10995116323746|4796616177637927087|33549076,00|1634730324351|Upgrade
30786325633714|4915117142833113264|47476415,00|1671087497563|Fundrise
30786325633714|4918213367576930481|47666526,00|1672014735703|Fundrise
30786325633714|4914554192879691954|57207966,00|1670938045563|American Express
30786325633714|4916243042739955891|12627564,00|1671433179261|LendingClub
24189255877058|4899917494090737844|86545030,00|1666432922671|Marcus by Goldman Sachs
24189255877058|4876836546000464053|44303804,00|1659364725364|Rocket Loans
24189255877058|4910050593252321462|5006345,00|1669515793400|US Bank
24189255877058|4866140496885459127|24930100,00|1656087874838|Discover
2199023331538|4915961567763245240|93961391,00|1671369736713|Funding Circle
2199023331538|4854600022840322233|66068654,00|1652544386850|RealtyMogul
2199023331538|4684307661930375354|39583058,00|1600163527780|LendingClub
2199023331538|4813223201263855803|49838973,00|1639771686094|Prosper
15393162794851|4855162972793743548|74549121,00|1652685176723|OneMain Financial
10995116303747|4778883254105155773|23056830,00|1629217258396|PNC Bank
15393162854851|4863607222095063230|35307227,00|1655253371822|PNC Bank
21990232561508|4842215123865053375|92761321,00|1648688302254|Marcus by Goldman Sachs
21990232561508|4877399495953885376|68508572,00|1659492149993|Avant
21990232561508|4877118020977174721|76890900,00|1659441062014|American Express
21990232561508|4908361743392057538|91858767,00|1669008781530|Upgrade
13194139549300|4755520831038171331|34612880,00|1622059933194|Fundbox
35988|4781135053918841028|69800964,00|1629952145122|State Farm Bank
26388279112612|4912865343019428037|50632592,00|1670399843804|BlueVine
30786325633716|4919339267483773126|99654534,00|1672440681937|Marcus by Goldman Sachs
30786325633716|4918494842553641159|51422424,00|1672178408068|OneMain Financial
30786325633716|4919057792507062472|52130405,00|1672309502464|US Bank
30786325633716|4919339267483773129|69063628,00|1672382719437|State Farm Bank
13194139609300|4897102744323631306|23244449,00|1665572542753|PNC Bank
15989|4890065869905864907|21240337,00|1663399017879|RealtyMogul
15989|4834615299493865676|80651390,00|1646340867279|Patch of Land
15989|4910613543205742797|73719644,00|1669699982267|Chase Bank
15989|4662634088723654862|82726265,00|1593513330142|Citibank
10995116313749|4894850944509946063|74378191,00|1664901663886|Bank of America
10995116313749|4768187204990150864|36560177,00|1625963773538|Chase Bank
10995116313749|4741165607225927889|51856410,00|1617697008192|Discover
8796093078197|4764246555316201682|9649971,00|1624791427962|Funding Circle
13194139549302|4866984921815591123|8751073,00|1656293470557|OnDeck
2199023281542|4829548749913073876|65709583,00|1644829884052|Peerform
28587302358166|4904984043671529685|26206152,00|1667950029943|Citibank
28587302358166|4909769118275610838|8832103,00|1669420266690|SoFi
17592186090406|4898228644230473943|30569529,00|1665953807190|Fundrise
17592186090406|4805060426939246808|41747704,00|1637328570565|Fundrise
19791209355958|4856570347677296857|31205593,00|1653096006402|Kabbage
19791209355958|4839118899121236186|59196805,00|1647757616974|Kabbage
19791209355958|4880214245720991963|61691447,00|1660389381354|Earnest
19791209355958|4835741199400708316|44618494,00|1646729164171|SunTrust
17592186110406|4807875176706353373|21563102,00|1638166341057|Bank of America
17592186110406|4845029873632159966|56619498,00|1649582819303|SunTrust
17592186110406|4855444447770454239|25379368,00|1652790031404|Roofstock
4398046587094|4710484834764466400|6259261,00|1608242995515|OnDeck
4398046587094|4892036194742839521|63483154,00|1663984330137|SunTrust
30786325593719|4919339267483773154|90116571,00|1672437440403|Discover
4398046537095|4805060426939246819|94897572,00|1637328925687|Chase Bank
4398046537095|4874303271210068196|70518600,00|1658591428147|OneMain Financial
28587302378167|4896258319393499365|14647423,00|1665353217070|OnDeck
8796093088199|4787046028429764838|25428478,00|1631719334155|BlueVine
8796093038200|4741165607225927911|76131782,00|1617653247590|LendingClub
8796093038200|4875429171116910824|58688718,00|1658904609034|Chase Bank
8796093038200|4821385975588464873|91151169,00|1642296315515|Best Egg
15393162814856|4821667450565175530|64697689,00|1642394270083|PNC Bank
35992|4628857091518376171|38252809,00|1583177266758|Upstart
35992|4702322060439857388|72921852,00|1605764582217|TD Bank
15393162844856|4873458846279936237|59437829,00|1658329608811|Chase Bank
2199023331544|4719492034019207406|11482754,00|1610966885898|Capital One
2199023331544|4889502919952443631|85886043,00|1663193122291|Bank of America
2199023331544|4771564904710678768|99203292,00|1626992213211|State Farm Bank
28587302338169|4898510119207184625|51500757,00|1666018695402|American Express
28587302338169|4903295193811265778|50811184,00|1667496021218|Wells Fargo
35993|4877399495953885427|33993051,00|1659558573836|BlueVine
2199023301545|4696974035882354932|88729252,00|1604074920019|Avant
2199023301545|4687122411697481973|43550948,00|1601041560410|RealtyMogul
17592186070410|4901324868974291190|45534134,00|1666882176286|Patch of Land
17592186070410|4913709767949560055|65371752,00|1670660709001|Patch of Land
17592186070410|4809001076613196024|94805704,00|1638516497228|LendingClub
17592186070410|4831519074750048505|31558344,00|1645409142988|Upstart
6597069832650|4790705203127003386|27373009,00|1632870394535|Marcus by Goldman Sachs
6597069832650|4760868855595673851|59694408,00|1623688896445|OnDeck
4398046587098|4695285186022091004|66760793,00|1603537105532|Peerform
4398046587098|4857414772607428861|47139078,00|1653380002225|Rocket Loans
4398046587098|4715832859321968894|46656946,00|1609856637386|Navy Federal Credit Union
4398046587098|4697536985835776255|24805622,00|1604274587975|LendingClub
13194139539307|4858822147490982144|42236332,00|1653820049951|Funding Circle
8796093048203|4749046906573826305|84127149,00|1620095903087|Peerform
8796093048203|4884154895394941186|55136664,00|1661614649846|Navy Federal Credit Union
8796093048203|4719210559042496771|32356615,00|1610945253095|Capital One
8796093048203|4806186326846089476|58107916,00|1637603625955|Discover
15393162834859|4858540672514271493|32747836,00|1653734380525|Fundbox
15393162834859|4868110821722433798|44296195,00|1656654294235|Prosper
19791209365963|4859666572421114119|94104956,00|1654035646642|US Bank
2199023331547|4834615299493865736|11662606,00|1646363994483|US Bank
4398046517100|4718647609089075465|5773489,00|1610765008327|Capital One
2199023271548|4753550506201196810|81994465,00|1621459887865|Navy Federal Credit Union
2199023271548|4872332946373093643|88700495,00|1657978192170|Rocket Loans
2199023271548|4848689048329398540|72080203,00|1650673770000|Earnest
2199023271548|4701477635509725453|94005928,00|1605432455644|Upstart
10995116303756|4744824781923166478|7770643,00|1618745316653|Upgrade
6597069802652|4834615299493865743|92822252,00|1646344396003|Kabbage
6597069802652|4872332946373093648|83024465,00|1657974663092|Funding Circle
2199023301548|4689092736534456593|19241167,00|1601685916026|Fundbox
24189255867068|4888377020045601042|31575103,00|1662896868877|Best Egg
24189255867068|4875992121070332179|5416958,00|1659077323277|SunTrust
24189255867068|4868392296699144468|43164251,00|1656713690627|BlueVine
2199023321548|4728780708250659093|12992729,00|1613862528626|Earnest
24189255887068|4883591945441519894|18137445,00|1661449593178|Discover
24189255887068|4851222323119794455|99227520,00|1651483289677|Prosper
8796093038205|4887814070092179736|32863294,00|1662757838798|SoFi
8796093038205|4813223201263855897|63126606,00|1639822927359|Chase Bank
17592186070413|4833770874563733786|52829130,00|1646102027844|Navy Federal Credit Union
17592186070413|4854318547863611675|62983678,00|1652433482085|SunTrust
26388279102621|4885280795301783836|4603606,00|1661919312105|Wells Fargo
17592186110413|4906109943578372381|6891335,00|1668341922052|OneMain Financial
24189255887069|4905546993624951070|90523085,00|1668198242607|Wells Fargo
8796093028206|4725403008530131231|53416556,00|1612842131201|Prosper
8796093028206|4753831981177907488|96115003,00|1621548636476|State Farm Bank
8796093028206|4879932770744281377|60369206,00|1660264378876|Bank of America
6597069792654|4902732243857844514|94292545,00|1667310343743|SunTrust
17592186090414|4861355422281378083|27353136,00|1654618697093|Chase Bank
8796093078206|4762839180432648484|32270566,00|1624337423302|PNC Bank
17592186110414|4870081146559408421|82105456,00|1657266205726|Prosper
8796093098206|4870644096512829734|38553785,00|1657403587316|Capital One
8796093098206|4880777195674413351|58144477,00|1660555487568|BlueVine
2199023291551|4703447960346700072|6806525,00|1606048362941|Avant
2199023291551|4913991242926270761|84294008,00|1670772224924|Roofstock
2199023291551|4738350857458821418|42931523,00|1616760297949|RealtyMogul
2199023291551|4655315739329177899|56126445,00|1591317920866|Patch of Land
13194139589311|4746232156806719788|2182426,00|1619239980443|Earnest
24189255877071|4900761919020869933|27669290,00|1666656517199|TD Bank
4398046587103|4684870611883796782|66448187,00|1600359027089|Roofstock
4398046587103|4719492034019207471|51556585,00|1610980602530|State Farm Bank
4398046587103|4752706081271064880|19205082,00|1621216690912|Patch of Land
4398046587103|4862199847211510065|64880656,00|1654813240793|PNC Bank
13194139539312|4887251120138758450|47356368,00|1662504782194|OneMain Financial
13194139539312|4897102744323631411|53350120,00|1665566111741|OneMain Financial
13194139539312|4807030751776221492|16482529,00|1637927474988|Best Egg
21990232571520|4873458846279936309|71031268,00|1658345495018|Roofstock
21990232571520|4886406695208626486|97381187,00|1662254411572|Upgrade
21990232571520|4880495720697702711|42003299,00|1660505870502|American Express
21990232571520|4893162094649682232|68039770,00|1664345443567|OneMain Financial
4398046557104|4740602657272506681|11928115,00|1617517038642|Fundrise
4398046557104|4756646730945014074|11877963,00|1622379294584|Earnest
4398046557104|4837148574284261691|50470625,00|1647146752384|Bank of America
2199023311552|4783668328709237052|76026348,00|1630682862293|Discover
2199023311552|4834052349540444477|49235386,00|1646174249625|OneMain Financial
24189255887072|4866421971862169918|64229958,00|1656110090395|Best Egg
13194139539313|4868392296699144511|9101812,00|1656742579287|Best Egg
26388279082625|4905265518648240448|99657961,00|1668067213477|Upgrade
26388279082625|4897665694277052737|31931424,00|1665756867561|Marcus by Goldman Sachs
26388279082625|4892317669719550274|79781274,00|1664065760984|SoFi
13194139559313|4757491155875146051|8663838,00|1622670383556|Navy Federal Credit Union
13194139559313|4913146817996138820|37921536,00|1670465676952|Bank of America
13194139559313|4909487643298900293|95671200,00|1669339003763|Rocket Loans
13194139559313|4747076581736851782|41034170,00|1619471559409|LendingClub
8796093068209|4800838302288587079|63315473,00|1635992352718|Peerform
8796093068209|4884436370371651912|13398706,00|1661648719255|Avant
8796093068209|4840807748981500233|4979169,00|1648312402496|Avant
8796093068209|4767905730013440330|64712436,00|1625892483662|LightStream
15393162844865|4848126098375977291|81901170,00|1650550991215|OneMain Financial
6597069832657|4700633210579593548|74077553,00|1605175979853|LendingPoint
6597069832657|4865014596978616653|95903619,00|1655744786920|LightStream
6597069832657|4882184570557966670|59086439,00|1661010974682|Funding Circle
6597069832657|4859666572421114191|99806569,00|1654091222088|OneMain Financial
19791209375969|4885562270278494544|75547957,00|1662031373977|Earnest
13194139539314|4803371577078982993|94207896,00|1636803005840|RealtyMogul
13194139539314|4786483078476343634|76625809,00|1631608873641|RealtyMogul
13194139539314|4778038829175023955|13135656,00|1628981735249|Upstart
13194139539314|4866703446838880596|51680472,00|1656235299369|American Express
16002|4887532595115469141|34069101,00|1662631502686|SunTrust
16002|4884154895394941270|53550983,00|1661620581415|Discover
16002|4627731191611533655|93176902,00|1582787465230|Funding Circle
24189255847074|4857696247584139608|57573089,00|1653447586153|LendingClub
28587302388178|4918776317530351961|9753236,00|1672207819320|Peerform
28587302388178|4913146817996138842|42222382,00|1670481985937|LendingClub
28587302388178|4913991242926270811|18767094,00|1670785547156|OneMain Financial
28587302388178|4904702568694819164|58578958,00|1667864524119|Prosper
76002|4765935405176465757|68039366,00|1625235171905|OnDeck
76002|4738632332435532126|35659673,00|1616851302263|BlueVine
76002|4856851822654007647|35239370,00|1653237061172|Citibank
15393162794867|4823074825448728928|69234603,00|1642827918721|American Express
21990232571523|4861636897258088801|84689414,00|1654700640049|Citibank
21990232571523|4884154895394941282|94877372,00|1661630301709|PNC Bank
21990232571523|4879088345814149475|65386542,00|1660044614630|OneMain Financial
21990232571523|4841652173911632228|69935383,00|1648555705835|American Express
24189255837075|4887532595115469157|28625554,00|1662658536531|Peerform
24189255857075|4874584746186778982|69686559,00|1658662771113|State Farm Bank
24189255857075|4904702568694819175|82933236,00|1667943983225|Upgrade
24189255857075|4907798793438636392|57907391,00|1668890100292|BlueVine
28587302378179|4916805992693377385|98794516,00|1671599899249|Best Egg
28587302378179|4915117142833113450|58524198,00|1671136856818|Wells Fargo
28587302378179|4917087467670088043|89952026,00|1671706876201|SunTrust
28587302378179|4900480444044159340|55775467,00|1666639580031|Fundbox
6597069832659|4775787029361338733|72892752,00|1628316557521|SunTrust
10995116353763|4745950681830009198|78033317,00|1619106471228|RealtyMogul
10995116353763|4901043393997580655|45343564,00|1666774113642|BlueVine
10995116353763|4852348223026637168|3133864,00|1651797336947|American Express
6597069782660|4787327503406475633|22394273,00|1631841270472|State Farm Bank
6597069782660|4848689048329398642|71840086,00|1650697142455|Bank of America
6597069782660|4807593701729642867|85070232,00|1638072451447|OneMain Financial
2199023291556|4675581937652345204|32046723,00|1597509684403|Fundrise
2199023291556|4678678162396162421|91293996,00|1598497966642|Upstart
2199023291556|4754957881084750198|20404342,00|1621855214184|Peerform
8796093068212|4903013718834555255|71187861,00|1667343186725|BlueVine
8796093068212|4795771752707795320|46192070,00|1634437792823|Prosper
8796093068212|4796334702661216633|27004386,00|1634588537623|PNC Bank
17592186100420|4911457968135874938|46258654,00|1669951477473|Best Egg
17592186100420|4853474122933479803|86840588,00|1652183914198|Funding Circle
17592186100420|4888939969999022460|37451055,00|1663021462343|OnDeck
15393162854868|4877680970930596221|13446590,00|1659577815877|LightStream
15393162854868|4900761919020870014|77948866,00|1666674911162|LightStream
15393162864868|4809282551589906815|86755627,00|1638579906651|Patch of Land
21990232571525|4863607222095063424|7366984,00|1655289488342|Upgrade
19791209345973|4867547871769012609|88024622,00|1656467134008|Discover
19791209345973|4851785273073215874|55692500,00|1651612480184|Fundrise
19791209345973|4846437248515713411|69693370,00|1650046447605|Prosper
19791209345973|4839963324051368324|52682821,00|1648045018565|Funding Circle
13194139599317|4754957881084750213|27087483,00|1621899116260|American Express
13194139599317|4891191769812707718|85746342,00|1663738587690|SoFi
13194139599317|4805060426939246983|37886968,00|1637299329455|Patch of Land
4398046587109|4873458846279936392|12295542,00|1658326451948|Peerform
4398046587109|4754957881084750217|9570550,00|1621907086532|Kabbage
4398046587109|4713581059508283786|56740652,00|1609199685753|Kabbage
2199023281558|4819978600704911755|61312112,00|1641880947846|Citibank
2199023281558|4836022674377419148|98856395,00|1646844448385|Best Egg
36006|4649123289841543565|94165345,00|1589372813718|American Express
36006|4786483078476343694|190687,00|1631576639101|US Bank
36006|4790986678103714191|69649646,00|1632943862396|Citibank
36006|4850096423212951952|63908935,00|1651137610747|Prosper
4398046587110|4794364377824242065|31275672,00|1634038241101|TD Bank
21990232561527|4914835667856402834|47319741,00|1670999566596|US Bank
21990232561527|4905828468601661843|38567527,00|1668253356429|Peerform
6597069782663|4792675527963978132|83059870,00|1633523905811|OnDeck
10995116303767|4796616177637927317|46223914,00|1634696091456|Prosper
10995116303767|4722025308809603478|24939102,00|1611799066143|Prosper
10995116303767|4745950681830009239|47580906,00|1619090709214|Rocket Loans
21990232621527|4839963324051368344|53685768,00|1648036500825|OnDeck
28587302398183|4908080268415347097|2299176,00|1668932716773|RealtyMogul
16008|4771846379687389594|40485026,00|1627078753152|SunTrust
26388279102632|4908080268415347099|92788290,00|1668933552760|Fundrise
26388279102632|4917650417623509404|75802519,00|1671871889966|Wells Fargo
26388279102632|4897665694277052829|33437192,00|1665735135913|SoFi
8796093078216|4774098179501074846|17138598,00|1627792381560|American Express
8796093078216|4720617933926050207|25702421,00|1611365188112|Chase Bank
6597069782665|4863044272141642144|7558773,00|1655071316890|Discover
28587302348185|4908924693345479073|88388982,00|1669189352442|Prosper
2199023301561|4674174562768791970|63271638,00|1597043207438|Marcus by Goldman Sachs
2199023301561|4697255510859065763|34422764,00|1604194169799|Upstart
2199023301561|4705699760160385444|5996023,00|1606732471918|Bank of America
2199023301561|4785075703592790437|90894904,00|1631184283067|SoFi
10995116333769|4839681849074657702|54340988,00|1647969842708|Prosper
10995116333769|4854318547863611815|70769662,00|1652402229955|Kabbage
10995116333769|4774098179501074856|78522254,00|1627777653637|US Bank
10995116283770|4840244799028079017|68594044,00|1648134854030|BlueVine
17592186070426|4861918372234799530|33274614,00|1654762944245|SunTrust
21990232601530|4843059548795185579|57314795,00|1649006741519|BlueVine
2199023311562|4780572103965419948|89784892,00|1629789338497|State Farm Bank
2199023311562|4771001954757257645|76722961,00|1626811034205|LendingPoint
24189255887082|4899354544137316782|62817782,00|1666223509951|Bank of America
6597069772667|4863607222095063471|88222499,00|1655294053991|Marcus by Goldman Sachs
19791209315979|4873458846279936432|18552723,00|1658277004718|Roofstock
28587302358187|4911176493159164337|92198703,00|1669932891941|Patch of Land
19791209355979|4828704324982942130|9578147,00|1644575099220|Fundbox
10995116353771|4854037072886901171|37189681,00|1652325205862|Navy Federal Credit Union
28587302358188|4916524517716666804|11427737,00|1671561561364|Prosper
28587302358188|4910050593252321717|27427684,00|1669504883036|SoFi
17592186090428|4846437248515713462|55651340,00|1649985634229|BlueVine
17592186090428|4902732243857844663|25312119,00|1667317401389|BlueVine
17592186090428|4859103622467692984|21053704,00|1653870063227|US Bank
17592186090428|4916243042739956153|85432459,00|1671480060151|Best Egg
13194139609324|4769313104896993722|87446253,00|1626296215859|Wells Fargo
13194139609324|4831519074750048699|49539207,00|1645439711598|Earnest
13194139609324|4897947169253763516|71273138,00|1665789022300|Rocket Loans
13194139609324|4805060426939247037|56946907,00|1637274085087|Roofstock
8796093028221|4741165607225928126|35464842,00|1617638599746|Fundrise
8796093028221|4867266396792302015|54420954,00|1656441387915|American Express
8796093028221|4829548749913074112|15890849,00|1644779848107|Avant
8796093028221|4853192647956769217|45695801,00|1652047675142|Citibank
8796093048221|4786764553453054402|93293528,00|1631641667197|PNC Bank
15393162824877|4843622498748606915|5147665,00|1649132386592|TD Bank
15393162824877|4843059548795185604|41535756,00|1648954090310|SunTrust
15393162824877|4884154895394941381|42065771,00|1661612076415|SoFi
15393162824877|4886688170185337286|31553815,00|1662403496085|SunTrust
19791209345981|4852629698003347911|74428422,00|1651924771344|OnDeck
13194139589325|4911457968135875016|90908219,00|1669973430396|State Farm Bank
13194139589325|4866703446838880713|51021498,00|1656229363710|Navy Federal Credit Union
13194139589325|4886969645162047946|46550543,00|1662449834728|Funding Circle
13194139589325|4873740321256647115|84564001,00|1658399959348|SoFi
26388279142637|4895413894463367628|60382884,00|1665072000731|Rocket Loans
17592186050430|4863888697071774157|47212191,00|1655405840207|LendingClub
17592186050430|4803934527032404430|87786494,00|1636906908910|Marcus by Goldman Sachs
17592186050430|4894287994556525007|96556208,00|1664715666620|American Express
15393162804878|4886125220231915984|46936300,00|1662193455095|Peerform
26388279122638|4906954368508504529|60362474,00|1668591502388|Upstart
26388279122638|4900480444044159442|46597335,00|1666622745427|Earnest
26388279122638|4918213367576930771|80459066,00|1672090161608|Capital One
26388279122638|4889221444975733204|26938781,00|1663124617247|Wells Fargo
24189255877086|4872332946373093845|49008704,00|1657994912264|Avant
19791209375982|4836867099307551190|19697082,00|1647048795011|Funding Circle
19791209375982|4839400374097947095|45503377,00|1647798757182|Funding Circle
19791209375982|4879651295767570904|79304946,00|1660209653061|Fundbox
24189255817087|4884154895394941401|43504862,00|1661625281617|SunTrust
24189255817087|4878806870837438938|96170210,00|1659952276425|Capital One
24189255817087|4914835667856402907|43036017,00|1671052911825|US Bank
24189255817087|4911457968135875036|59081873,00|1669983987910|SoFi
21990232581535|4870644096512829917|83078768,00|1657409101568|American Express
17592186080431|4785638653546211806|5949260,00|1631285720770|Fundrise
17592186080431|4844466923678738911|78810990,00|1649373916785|BlueVine
26388279112639|4900198969067448800|29643950,00|1666515975922|BlueVine
2199023311567|4744543306946456033|19102361,00|1618724778168|State Farm Bank
15393162854879|4907235843485215202|76188328,00|1668721206209|Discover
15393162854879|4864170172048484835|82192151,00|1655488519674|Kabbage
13194139609327|4765090980246333924|94894341,00|1624984870723|Best Egg
13194139609327|4843622498748606949|83152210,00|1649176253369|LendingPoint
13194139609327|4770439004803836390|71580981,00|1626645721827|US Bank
8796093048224|4790705203127003623|77750427,00|1632858673294|OneMain Financial
19791209345984|4846155773539002856|12597566,00|1649878665809|RealtyMogul
19791209345984|4887532595115469289|90098958,00|1662662626380|Fundrise
56016|4719773508995918314|2652253,00|1611053598160|Roofstock
56016|4705981235137096171|36971997,00|1606842988827|Best Egg
56016|4854600022840322540|14475365,00|1652514113653|US Bank
10995116343776|4745387731876588013|44551762,00|1618940853329|Upstart
21990232631536|4865577546932038126|57130769,00|1655847165139|Peerform
21990232631536|4897665694277052911|96169512,00|1665737839856|Fundbox
4398046527121|4881058670651124208|13284799,00|1660628891294|Best Egg
4398046527121|4744543306946456049|22088660,00|1618690622299|LendingPoint
4398046537121|4733847257831451122|39928986,00|1615444764723|American Express
4398046537121|4799993877358455283|77620492,00|1635708358855|Avant
4398046537121|4741165607225928180|75691512,00|1617695498752|LendingClub
4398046537121|4750454281457379829|68229025,00|1620493964363|TD Bank
19791209335985|4909206168322189814|17102317,00|1669259054294|Earnest
19791209335985|4868392296699144695|86756119,00|1656759907753|Funding Circle
19791209335985|4838555949167815160|9326107,00|1647559237092|Kabbage
19791209345985|4814067626193988089|21074365,00|1640074518836|US Bank
2199023321569|4732158407971187194|31597514,00|1614927879511|Discover
2199023321569|4832082024703470075|29396912,00|1645617728709|Prosper
2199023321569|4732439882947897852|7543965,00|1614966835185|Rocket Loans
6597069842673|4804497476985825789|41192693,00|1637142162254|American Express
17592186070434|4808719601636485630|81831474,00|1638409222046|BlueVine
24189255867090|4917931892600220159|45612076,00|1672007555351|Upstart
17592186110434|4892317669719550464|29012806,00|1664078414344|State Farm Bank
17592186110434|4795208802754374145|1224417,00|1634278017590|Bank of America
17592186110434|4809845501543328258|28739010,00|1638765991168|RealtyMogul
19791209375986|4888939969999022595|71891587,00|1663073313068|OnDeck
19791209375986|4900761919020870148|16791581,00|1666718552440|Fundrise
19791209375986|4843341023771896325|15577430,00|1649044970523|Fundbox
4398046517123|4726528908436974086|46290544,00|1613170614121|OnDeck
4398046527123|4915398617809824263|42522460,00|1671165256459|OneMain Financial
4398046527123|4725121533553420808|22142719,00|1612758245350|American Express
4398046527123|4812941726287145481|26050408,00|1639737352576|Roofstock
4398046527123|4672485712908528138|38876321,00|1596541357493|Chase Bank
2199023291571|4684870611883797003|73339189,00|1600405237433|Earnest
4398046567123|4711047784717888012|36336971,00|1608394409579|LendingPoint
4398046567123|4824200725355571725|8484972,00|1643153260141|SunTrust
4398046577123|4818289750844647950|66089396,00|1641329850298|Patch of Land
24189255887091|4869236721629276687|75714623,00|1656974499348|American Express
28587302358196|4912865343019428368|25273629,00|1670447652453|Fundbox
6597069812676|4824200725355571729|34778843,00|1643134054600|Kabbage
30786325653748|4919339267483773458|53882495,00|1672386532221|BlueVine
30786325653748|4915117142833113619|54782582,00|1671088661218|SoFi
30786325653748|4913991242926270996|72200869,00|1670744330275|OnDeck
26388279072645|4879088345814149653|40574466,00|1660041525388|Funding Circle
26388279092645|4908924693345479190|65054564,00|1669200124265|Bank of America
26388279102645|4876555071023753751|50872063,00|1659246470697|Citibank
26388279102645|4897665694277052952|10976355,00|1665741145401|Kabbage
2199023301573|4919620742460484121|97438742,00|1672496433762|LightStream
10995116333781|4869236721629276698|58049375,00|1657019431055|RealtyMogul
10995116333781|4731313983041055259|99792138,00|1614641659878|Bank of America
28587302388197|4899917494090738204|89639138,00|1666438643756|US Bank
8796093098229|4767624255036729885|27657734,00|1625757838113|Upstart
8796093098229|4765653930199755294|95835519,00|1625183674650|US Bank
30786325593750|4918213367576930847|60016870,00|1672013742546|Kabbage
30786325593750|4914835667856402976|47127998,00|1671039872558|Upgrade
30786325593750|4915961567763245601|67725657,00|1671389029568|LendingClub
8796093048230|4808719601636485666|11925390,00|1638436042669|American Express
8796093048230|4762839180432648739|98005348,00|1624278449737|LendingClub
8796093048230|4876836546000464420|33162323,00|1659330636964|SunTrust
8796093048230|4896539794370210341|3615078,00|1665435052931|BlueVine
17592186110438|4814630576147409446|62309535,00|1640188674630|Fundbox
15393162794887|4917368942646798887|6657459,00|1671833648157|Rocket Loans
13194139549335|4759461480712120872|52238931,00|1623322671751|Upstart
26023|4779727679035288105|87519602,00|1629541686669|Kabbage
26023|4913991242926271018|85525603,00|1670781608329|PNC Bank
46023|4863607222095063595|73117546,00|1655301782713|Best Egg
6597069822679|4784512753639369260|8368468,00|1630962584832|LightStream
6597069822679|4850659373166373421|17828520,00|1651308888106|Best Egg
6597069822679|4803653052055693870|88855621,00|1636867800359|Citibank
6597069822679|4695848135975512623|1896260,00|1603749529794|Patch of Land
21990232631543|4847000198469134896|92352691,00|1650192694487|Best Egg
16024|4804216002009115185|41567023,00|1637004872661|American Express
28587302348200|4906109943578372658|31586759,00|1668296594932|SoFi
8796093058232|4754676406108039731|15965737,00|1621782738473|American Express
8796093058232|4875992121070332468|12948785,00|1659106099355|Roofstock
8796093058232|4888377020045601333|47103096,00|1662856556771|Upgrade
8796093058232|4831237599773338166|53993006,00|1645307035889|Bank of America
46024|4873740321256647223|23554969,00|1658393307276|Kabbage
46024|4883591945441520184|55117554,00|1661443992984|Chase Bank
15393162854888|4804497476985825849|73655756,00|1637121046558|Fundbox
15393162854888|4842215123865053754|29415795,00|1648687203510|OnDeck
15393162854888|4795771752707795515|26201539,00|1634399110407|Avant
76024|4662071138770233916|98317669,00|1593335289346|LendingClub
6025|4718366134112365117|92026592,00|1610656721833|Best Egg
6025|4778038829175024190|47683273,00|1628999080926|Fundrise
6025|4666293263420893759|98061987,00|1594658559149|SunTrust
6025|4911739443112585792|87675008,00|1670070391840|Navy Federal Credit Union
4398046527129|4853474122933480001|12464349,00|1652129967469|Capital One
6597069792681|4790423728150293058|89629675,00|1632831588560|Avant
66025|4830111699866495555|55596421,00|1645011193092|LightStream
66025|4886688170185337412|81453078,00|1662384052511|Fundrise
17592186050442|4881903095581256261|32346819,00|1660909489215|Chase Bank
26388279082650|4912020918089296454|35026304,00|1670174938898|Peerform
4398046547130|4834052349540444743|64146592,00|1646186960074|OneMain Financial
4398046547130|4852911172980058696|32727528,00|1651972076443|LendingPoint
4398046547130|4689655686487878217|21505073,00|1601821467357|Peerform
13194139589338|4855162972793743946|87297515,00|1652656272643|OneMain Financial
13194139589338|4778038829175024203|54991569,00|1629002417037|BlueVine
13194139589338|4828985799959652940|82422557,00|1644675766149|Wells Fargo
13194139589338|4890065869905865293|6488936,00|1663440943299|Avant
19791209375994|4912583868042717774|54502193,00|1670340483381|TD Bank
19791209375994|4897102744323631695|51721151,00|1665588519045|Citibank
19791209375994|4821667450565175888|32837810,00|1642391907271|Best Egg
21990232561547|4857414772607429201|9769690,00|1653375064314|BlueVine
28587302358203|4898228644230474322|86835394,00|1665954477630|Fundrise
28587302378203|4919057792507062867|13197343,00|1672308966650|Avant
28587302378203|4914272717902981716|11406439,00|1670809344789|RealtyMogul
28587302378203|4918213367576930901|17158866,00|1672042014219|OneMain Financial
21990232571548|4867547871769012822|82066532,00|1656518106274|State Farm Bank
21990232571548|4885562270278494807|31308150,00|1661986472117|Roofstock
21990232571548|4906672893531794008|34009297,00|1668510106238|SoFi
21990232571548|4893443569626393177|63533590,00|1664425765135|Chase Bank
19791209325996|4903295193811266138|50997543,00|1667448503288|LendingClub
19791209325996|4908924693345479259|21488270,00|1669235283527|State Farm Bank
19791209325996|4840244799028079196|72249535,00|1648068696956|Wells Fargo
17592186090444|4886969645162048093|21739723,00|1662469074458|Patch of Land
17592186090444|4897102744323631710|15307877,00|1665581447647|TD Bank
17592186090444|4809564026566617695|52862779,00|1638649399451|State Farm Bank
17592186090444|4787327503406475872|49441666,00|1631814156981|LendingClub
8796093078236|4823356300425439841|8342537,00|1642869109660|Best Egg
8796093078236|4726810383413684834|86007704,00|1613288709804|Upgrade
8796093078236|4890628819859286627|93415369,00|1663538572101|OneMain Financial
66028|4664322938583919204|22733904,00|1594086181494|American Express
66028|4674174562768792165|61549738,00|1597119533999|Fundrise
66028|4723995633646578278|69145814,00|1612353630380|Marcus by Goldman Sachs
66028|4746795106760141415|79856980,00|1619369307678|LightStream
10995116353788|4758054105828567656|27540910,00|1622856813720|OneMain Financial
10995116353788|4896258319393499753|17580637,00|1665290483425|Patch of Land
10995116353788|4724840058576710250|2986184,00|1612633297952|Marcus by Goldman Sachs
4398046517133|4734128732808161899|17256516,00|1615520225271|OneMain Financial
10995116293789|4911176493159164524|87432426,00|1669887043656|Fundrise
10995116293789|4779164729081866861|11198206,00|1629376107211|TD Bank
10995116293789|4783105378755816046|17321016,00|1630542785849|Discover
10995116293789|4746513631783430767|9837971,00|1619313246212|Capital One
28587302348205|4917087467670088304|22782507,00|1671673565562|Roofstock
28587302348205|4904421093718108785|9095626,00|1667804294898|State Farm Bank
28587302348205|4910332068229032562|17016536,00|1669641139320|Capital One
4398046577133|4753831981177907827|22888507,00|1621538106679|State Farm Bank
4398046577133|4848407573352688244|75947760,00|1650649210156|Bank of America
4398046577133|4878525395860728437|98293329,00|1659819770560|Kabbage
4398046577133|4906672893531794038|5194640,00|1668519828826|Bank of America
10995116353789|4775787029361338999|45391153,00|1628274080985|SunTrust
10995116353789|4777194404244892280|64814709,00|1628697096355|US Bank
10995116283790|4916524517716667001|70611693,00|1671513907182|Fundrise
10995116283790|4843903973725317754|51767759,00|1649222491689|OnDeck
10995116283790|4762276230479227515|63629464,00|1624178948077|Patch of Land
10995116283790|4778038829175024252|48684581,00|1629026731057|Discover
13194139549342|4793238477917399677|81321529,00|1633676379509|LightStream
13194139549342|4813504676240566910|27195683,00|1639866499569|Roofstock
13194139549342|4876836546000464511|7685412,00|1659320697215|LendingClub
36030|4631671841285483136|15238601,00|1584041151201|US Bank
2199023321582|4755520831038171777|77963571,00|1622104970632|Prosper
2199023321582|4794927327777663618|13386572,00|1634173081114|SoFi
2199023321582|4668826538211289731|11866702,00|1595456214985|Rocket Loans
28587302398206|4910613543205743236|60019268,00|1669681490315|Fundrise
6597069772687|4745106256899877509|81673721,00|1618896741182|Kabbage
6597069772687|4787608978383186566|97617732,00|1631899019826|Fundrise
6597069772687|4698381410765908615|2911367,00|1604499067931|Roofstock
26031|4789579303220161160|43486717,00|1632499133266|BlueVine
26031|4821385975588465289|23109987,00|1642276391437|Fundrise
26031|4853755597910190730|94004386,00|1652244520936|Citibank
8796093058239|4710766309741177483|84716713,00|1608334757514|Discover
8796093058239|4885562270278494860|74857613,00|1662008670087|Rocket Loans
8796093058239|4715269909368547981|48843902,00|1609712001402|Avant
8796093058239|4896539794370210446|1671703,00|1665385125033|Citibank
17592186100447|4795208802754374287|22002958,00|1634260468418|Navy Federal Credit Union
15393162854895|4819415650751490704|53921273,00|1641664366304|Fundrise
17592186060448|4863607222095063697|26997074,00|1655264171384|Funding Circle
13194139559344|4902450768881134226|68032284,00|1667191376952|Fundbox
13194139559344|4901043393997580947|53451035,00|1666747278631|SunTrust
36032|4762839180432648852|58020378,00|1624280275373|Navy Federal Credit Union
36032|4629701516448508565|24032368,00|1583455673565|TD Bank
26388279122656|4915680092786535062|90613430,00|1671314695583|Roofstock
26388279132656|4903013718834555543|97068733,00|1667381857955|Fundbox
26388279132656|4884999320325073560|67782026,00|1661819956705|Avant
26388279132656|4904421093718108825|62011687,00|1667838760700|Prosper
4398046587136|4744261831969745562|88271783,00|1618634868231|Fundbox
17592186070449|4836022674377419419|56550559,00|1646797908541|Kabbage
10995116313793|4851503798096505500|67978383,00|1651560798494|BlueVine
4398046517138|4739476757365664413|87624484,00|1617106757064|American Express
4398046517138|4745106256899877534|27591750,00|1618914046417|SunTrust
4398046517138|4911176493159164575|53967642,00|1669882229662|Marcus by Goldman Sachs
21990232591554|4852348223026637472|56142676,00|1651817591589|LightStream
21990232591554|4900198969067448993|64646416,00|1666486033153|LightStream
21990232591554|4893443569626393250|90026002,00|1664431849268|Marcus by Goldman Sachs
21990232591554|4901043393997580963|23903932,00|1666792428786|Citibank
26388279112658|4890347344882576036|88800384,00|1663501018494|Prosper
28587302378210|4906391418555083429|80784039,00|1668447339772|Upgrade
28587302378210|4907235843485215398|65458147,00|1668663291396|LendingPoint
17592186110450|4912020918089296551|37865824,00|1670147689588|BlueVine
17592186110450|4828985799959653032|9049860,00|1644646901692|Chase Bank
21990232631554|4854037072886901417|84598936,00|1652309449402|LendingPoint
21990232631554|4869518196605987498|61415389,00|1657073721586|Citibank
21990232631554|4892317669719550635|73019282,00|1664110436703|Bank of America
26388279072659|4904139618741398188|79206645,00|1667719840582|Chase Bank
24189255847107|4911739443112585901|4109530,00|1670063722179|American Express
24189255847107|4876273596047043246|19906938,00|1659180044361|Peerform
6597069812691|4818008275867937455|25072215,00|1641234677288|OnDeck
17592186100451|4867266396792302256|53488775,00|1656401533763|American Express
10995116343795|4730469558110923441|89275743,00|1614411085907|Chase Bank
10995116343795|4847000198469135026|84005827,00|1650193647197|Roofstock
10995116343795|4781135053918841523|58664759,00|1629946364079|OneMain Financial
10995116343795|4877680970930596532|62861304,00|1659577667595|Discover
17592186120451|4849814948236241589|13215781,00|1651063121103|LendingPoint
17592186120451|4825045150285703862|63099082,00|1643421417861|Chase Bank
17592186120451|4899917494090738359|94987973,00|1666433154199|Fundbox
17592186120451|4859385097444403896|3002823,00|1653969555571|Peerform
24189255817108|4873177371303226041|39160761,00|1658208341787|Rocket Loans
24189255817108|4897102744323631802|62807383,00|1665586190769|PNC Bank
24189255817108|4865296071955327675|16391967,00|1655822208218|Avant
24189255817108|4911176493159164604|76826479,00|1669906602953|Capital One
21990232571556|4908643218368768701|63239911,00|1669094471222|TD Bank
36036|4911176493159164606|11776653,00|1669901215933|Capital One
36036|4776068504338049727|27125456,00|1628403253071|Upgrade
36036|4706262710113807040|19185795,00|1606896995227|OnDeck
4398046567140|4907235843485215425|35913692,00|1668717109113|Funding Circle
4398046567140|4776912929268181698|40493593,00|1628634861149|American Express
4398046567140|4785920128522922691|22011603,00|1631422959852|SunTrust
4398046567140|4796897652614638276|58326184,00|1634745542126|Upgrade
66036|4662915563700366021|36644636,00|1593584757019|Kabbage
66036|4863325747118353094|90702022,00|1655157906112|OneMain Financial
66036|4901324868974291655|50248147,00|1666852921609|Marcus by Goldman Sachs
66036|4781416528895552200|38376393,00|1630037318211|LightStream
26388279082661|4889221444975733449|62621264,00|1663115341148|PNC Bank
8796093048245|4751017231410801354|8684815,00|1620719121164|Citibank
8796093048245|4904139618741398219|31275629,00|1667744152222|OneMain Financial
19791209336005|4857414772607429324|2736411,00|1653369790246|LendingPoint
19791209336005|4839681849074657997|45600578,00|1647947581943|SoFi
19791209336005|4839681849074657998|19937431,00|1647956928881|Bank of America
13194139579349|4824200725355571919|57662735,00|1643155773179|Fundrise
13194139579349|4830674649819917008|18684573,00|1645160734322|Kabbage
13194139579349|4830393174843206353|56248058,00|1645072763945|Best Egg
17592186120453|4816319426007673554|15713421,00|1640771684857|Upgrade
17592186120453|4859666572421114579|51675129,00|1654075848536|State Farm Bank
17592186120453|4886406695208626900|19435801,00|1662312156275|Marcus by Goldman Sachs
26388279072662|4919339267483773653|61361002,00|1672391931390|LightStream
26388279072662|4912020918089296598|27547955,00|1670119227807|Marcus by Goldman Sachs
26388279072662|4913709767949560535|724800,00|1670696704525|SoFi
26388279072662|4898510119207185112|52024143,00|1666017848515|Navy Federal Credit Union
8796093038246|4699507310672751321|3643590,00|1604840693607|Fundbox
21990232581558|4868955246652566234|12263257,00|1656911143991|Upstart
26388279102662|4909206168322190043|48359255,00|1669293632569|Fundbox
26388279102662|4913428292972849884|20666923,00|1670604633434|Fundrise
26388279102662|4877962445907307229|31331739,00|1659689264708|LightStream
15393162864902|4907235843485215454|51462847,00|1668643186753|RealtyMogul
2199023261591|4855725922747165407|91717125,00|1652861773838|Roofstock
2199023261591|4806749276799511264|57383420,00|1637808281613|TD Bank
2199023261591|4696411085928934113|1985315,00|1603924407013|State Farm Bank
4398046547143|4841370698934921954|76208838,00|1648428663116|Capital One
24189255817112|4898510119207185123|99801127,00|1666035196308|Wells Fargo
24189255817112|4918776317530352356|38738772,00|1672185385920|TD Bank
24189255817112|4889784394929154789|43388218,00|1663343282558|Earnest
24189255817112|4901324868974291686|28873608,00|1666846304807|PNC Bank
15393162804905|4917931892600220391|91664910,00|1672009887133|Fundrise
2199023281593|4704010910300121832|9578514,00|1606210087977|Upgrade
2199023281593|4844185448702028521|76840402,00|1649336569991|Fundrise
24189255847113|4889784394929154794|13429942,00|1663332298773|Bank of America
24189255847113|4896821269346921195|82301155,00|1665509251347|Upstart
24189255857113|4887532595115469548|75269658,00|1662616510235|LendingPoint
24189255857113|4889502919952444141|76979468,00|1663254681344|OneMain Financial
19791209356009|4882466045534677742|33457132,00|1661065566247|Wells Fargo
28587302388217|4910050593252322031|22485082,00|1669571639435|OneMain Financial
28587302388217|4916805992693377776|51209310,00|1671617655171|Patch of Land
28587302388217|4918213367576931057|1371351,00|1672077820442|Discover
28587302388217|4900761919020870386|99196946,00|1666668221242|Funding Circle
30786325593770|4915961567763245811|26137380,00|1671385824647|OnDeck
30786325593770|4916524517716667124|86893996,00|1671536511227|RealtyMogul
30786325593770|4919339267483773685|94509669,00|1672419362434|TD Bank
30786325593770|4917087467670088438|85680770,00|1671711541115|LendingClub
8796093048250|4820823025635044087|68260606,00|1642170955964|LendingClub
8796093048250|4796897652614638328|21271907,00|1634825566469|Navy Federal Credit Union
8796093048250|4751861656340933369|56050664,00|1620911224737|SoFi
24189255847114|4883873420418231034|69613936,00|1661513870103|Kabbage
2199023301594|4889502919952444155|54575655,00|1663229652095|Fundrise
2199023301594|4796334702661217020|72087634,00|1634625970531|SoFi
2199023301594|4729062183227370237|47394749,00|1613967443086|Prosper
24189255867114|4898791594183895806|88063723,00|1666077882588|SoFi
24189255867114|4893162094649682687|32920351,00|1664385489928|Peerform
24189255867114|4881340145627835136|18266255,00|1660725031323|Fundbox
24189255867114|4868392296699144961|64685470,00|1656736643338|Upstart
66042|4743135932062903042|86593839,00|1618272682079|Rocket Loans
66042|4781416528895552259|33075067,00|1630059683868|Rocket Loans
66042|4896258319393499908|23867905,00|1665272020991|Patch of Land
66042|4906391418555083525|315643,00|1668396592535|OneMain Financial
17592186120458|4847563148422556422|40893797,00|1650332401142|OnDeck
17592186120458|4842778073818475271|82445941,00|1648842838678|LendingClub
17592186120458|4808438126659775240|52940827,00|1638352181715|Upstart
17592186120458|4886125220231916297|40483411,00|1662214785562|OnDeck
10995116283803|4859666572421114634|76043336,00|1654067064300|State Farm Bank
6597069822699|4908361743392058123|7347137,00|1669020284683|Navy Federal Credit Union
8796093088251|4735254632715004684|57672902,00|1615811084976|Roofstock
8796093088251|4792394052987267853|40364012,00|1633357336490|SoFi
8796093088251|4739476757365664526|32137987,00|1617120035464|Rocket Loans
8796093088251|4721180883879471887|1967930,00|1611505202881|RealtyMogul
17592186120459|4841933648888343312|98598409,00|1648621338319|US Bank
17592186120459|4793801427870821137|80479122,00|1633855726925|Rocket Loans
17592186120459|4838837424144526098|12763084,00|1647647147466|Upstart
6597069782700|4791268153080425235|96506890,00|1633017936848|State Farm Bank
6597069782700|4840244799028079380|61473671,00|1648065817502|Prosper
6597069782700|4848407573352688405|92460524,00|1650568960568|OneMain Financial
19791209326012|4912865343019428630|38635560,00|1670441645079|Bank of America
15393162824908|4806749276799511319|17732696,00|1637787418677|Earnest
15393162824908|4875147696140200728|76107046,00|1658833734569|Best Egg
15393162824908|4897947169253763865|23083018,00|1665853661949|Fundrise
21990232601564|4861355422281378586|55541930,00|1654584099831|Earnest
19791209356012|4859385097444403995|99447052,00|1653986986879|Discover
28587302398220|4916805992693377820|21317783,00|1671635836932|Roofstock
28587302398220|4911739443112586013|40353882,00|1670053305725|Bank of America
17592186070461|4823637775402150686|65965131,00|1642986538086|Wells Fargo
4398046547149|4830111699866495775|28625070,00|1644973956171|PNC Bank
6597069772702|4772127854664100640|2732103,00|1627129835782|Rocket Loans
6597069772702|4888658495022312225|86534811,00|1662991380177|Citibank
6597069772702|4861073947304667938|26426311,00|1654531514250|US Bank
16046|4903858143764687651|95501949,00|1667643127784|SoFi
16046|4776912929268181796|59840417,00|1628616623923|Marcus by Goldman Sachs
16046|4865859021908749093|31918296,00|1655936702488|Wells Fargo
30786325613774|4915680092786535206|88924978,00|1671310807354|Upstart
30786325613774|4912302393066007335|19620283,00|1670205479120|Peerform
56046|4899354544137317160|29551309,00|1666257322402|Avant
56046|4635893965936143145|23246502,00|1585352896118|Kabbage
8796093098254|4843622498748607274|14671189,00|1649150664296|Roofstock
8796093098254|4748483956620405547|4186213,00|1619875858640|SunTrust
8796093098254|4874303271210068780|18157257,00|1658555782910|Navy Federal Credit Union
17592186050463|4820823025635044141|27911065,00|1642152232772|Bank of America
17592186050463|4836304149354130222|42616913,00|1646875571384|Rocket Loans
17592186050463|4881903095581256495|7721555,00|1660921493779|Kabbage
17592186050463|4883028995488099120|78909360,00|1661209236508|Avant
17592186060463|4800556827311876913|33973327,00|1635932158174|RealtyMogul
8796093058255|4903576668787977010|53084112,00|1667578454543|Earnest
8796093068255|4852066748049926963|8104144,00|1651725224823|Citibank
8796093068255|4739758232342375220|95584929,00|1617207522030|State Farm Bank
8796093068255|4899354544137317173|42107001,00|1666296239596|Chase Bank
76047|4696974035882355510|41070508,00|1604055155984|RealtyMogul
76047|4899354544137317175|43036463,00|1666218292047|Fundrise
76047|4734691682761583416|79592328,00|1615686549125|Patch of Land
2199023261600|4731876932994476857|88961177,00|1614798329496|Fundbox
2199023261600|4865859021908749114|98608975,00|1655991354784|Bank of America
30786325603776|4917087467670088507|88111656,00|1671733989981|Kabbage
30786325603776|4918776317530352444|1031236,00|1672201554423|Bank of America
15393162824912|4903013718834555709|56545350,00|1667417977432|LendingPoint
28587302368224|4912865343019428670|43532055,00|1670390083607|Upstart
28587302368224|4911176493159164735|70172603,00|1669923271616|Prosper
28587302368224|4916524517716667200|84307857,00|1671518521742|Capital One
28587302368224|4915680092786535233|19345264,00|1671257694697|Navy Federal Credit Union
19791209356016|4898510119207185218|19877016,00|1665987370634|RealtyMogul
19791209356016|4907517318461926211|67368887,00|1668748783129|Discover
19791209356016|4838555949167815492|22816900,00|1647556326329|Kabbage
2199023321600|4720054983972629317|73103187,00|1611182189242|Kabbage
2199023321600|4723995633646578502|88030061,00|1612346137056|Upstart
2199023321600|4838555949167815495|4772174,00|1647541151583|Patch of Land
2199023321600|4655597214305889096|74321842,00|1591348678421|BlueVine
28587302328225|4902732243857845065|18165909,00|1667286171292|BlueVine
4398046537153|4671641287978396490|19790921,00|1596271606116|PNC Bank
4398046537153|4748202481643694923|36586840,00|1619862930492|Avant
4398046537153|4857696247584140108|8522225,00|1653451840064|Upstart
4398046537153|4697255510859066189|67337523,00|1604191842737|Funding Circle
17592186080465|4894569469533236046|16239279,00|1664830404414|American Express
17592186080465|4835178249447287631|98549316,00|1646554898568|Upgrade
46049|4741447082202639184|83293118,00|1617752142280|Rocket Loans
13194139599361|4859666572421114705|23531402,00|1654076712160|Rocket Loans
13194139599361|4750172806480669522|10792538,00|1620393145662|PNC Bank
13194139599361|4835459724423998291|67975833,00|1646671855837|SunTrust
13194139599361|4850659373166373716|82715402,00|1651341972293|BlueVine
19791209306018|4867266396792302421|36390513,00|1656377856494|Avant
19791209306018|4839400374097947478|82781354,00|1647850752525|Citibank
8796093048258|4914554192879692631|344363,00|1670899331434|Marcus by Goldman Sachs
8796093048258|4788453403313318744|57489025,00|1632215591913|Avant
8796093048258|4768468679966862169|14186995,00|1626047642549|Chase Bank
2199023301602|4655878689282599770|22461948,00|1591434174648|Marcus by Goldman Sachs
4398046567154|4712455159601441627|98295417,00|1608840589590|Wells Fargo
4398046567154|4785075703592790876|3049016,00|1631164024525|OneMain Financial
4398046567154|4732439882947898205|10176923,00|1615011197824|Citibank
4398046567154|4885280795301784414|64432916,00|1661924388196|Marcus by Goldman Sachs
6597069832706|4904139618741398367|45391076,00|1667727265030|Upstart
6597069832706|4868673771675855712|7125011,00|1656805393900|Navy Federal Credit Union
6597069832706|4722306783786314593|11016809,00|1611879427202|OneMain Financial
6597069832706|4779727679035288418|53059705,00|1629524106520|BlueVine
26388279082675|4885843745255205731|1156698,00|1662143337050|Rocket Loans
26388279082675|4893443569626393444|13969168,00|1664443554686|Upgrade
26388279082675|4886406695208627045|69459281,00|1662326494501|Best Egg
21990232581571|4881058670651124582|10677694,00|1660635362770|Citibank
17592186080467|4848407573352688487|13370847,00|1650608533028|US Bank
17592186080467|4846718723492424552|78890819,00|1650113895537|Upgrade
17592186080467|4866703446838881129|7360146,00|1656215244801|TD Bank
17592186080467|4901887818927713130|84738761,00|1667016228536|Rocket Loans
26388279142675|4910050593252322155|48376157,00|1669589941529|LightStream
19791209306020|4849533473259531116|78304271,00|1650916174592|BlueVine
13194139549364|4885280795301784429|14246404,00|1661900475185|Bank of America
13194139549364|4765090980246334318|61996305,00|1624990803427|RealtyMogul
13194139549364|4825608100239125359|61107810,00|1643588450633|Fundrise
13194139549364|4750454281457380208|91768846,00|1620509341975|SoFi
15393162814916|4917931892600220529|27177867,00|1671988202622|LendingPoint
15393162814916|4861355422281378674|77608313,00|1654586896014|RealtyMogul
15393162824916|4863044272141642611|78629944,00|1655089180195|State Farm Bank
15393162824916|4871207046466251636|51762285,00|1657575511087|TD Bank
15393162824916|4803653052055694197|38152216,00|1636832859841|Fundbox
15393162824916|4794645852800953206|23811379,00|1634051117037|SoFi
2199023301604|4733565782854740855|18330387,00|1615324178322|SunTrust
15393162844916|4897102744323631992|45864327,00|1665603258787|Fundbox
15393162844916|4805623376892668793|86634158,00|1637479742591|Avant
15393162844916|4850940848143084410|75980883,00|1651429806063|Upgrade
26388279132676|4892317669719550843|87100611,00|1664117770564|Funding Circle
8796093098260|4844185448702028668|99724076,00|1649303591522|Peerform
8796093098260|4817445325914516349|3562354,00|1641088428122|State Farm Bank
6053|4861918372234799998|30932769,00|1654745579150|Citibank
6053|4755802306014882687|90812696,00|1622159683607|Avant
30786325593781|4916243042739956608|95812174,00|1671460495827|LendingClub
30786325593781|4917087467670088577|65599771,00|1671697022979|Bank of America
30786325593781|4919620742460484482|24819242,00|1672464616860|Upstart
30786325593781|4917087467670088579|22902693,00|1671684553250|TD Bank
26388279102677|4895695369440078724|72789672,00|1665142801868|Navy Federal Credit Union
26388279102677|4878243920884018053|9186521,00|1659769833059|OneMain Financial
26388279102677|4901887818927713158|25952708,00|1667038631666|Avant
26388279102677|4890910294835997575|14336732,00|1663656281692|Rocket Loans
24189255857125|4879651295767571336|89297443,00|1660240627251|LendingClub
24189255857125|4889221444975733641|11243724,00|1663176822815|Kabbage
24189255857125|4904984043671530378|50602027,00|1667974001115|Fundbox
26388279122677|4893725044603104139|73045223,00|1664499096334|Rocket Loans
26388279122677|4890347344882576268|52153048,00|1663479569199|LendingPoint
26388279122677|4886688170185337741|46729454,00|1662391378651|SoFi
6597069832709|4710484834764467086|70645903,00|1608272691882|Wells Fargo
6597069832709|4882184570557967247|85754834,00|1660971378321|SoFi
6597069832709|4830674649819917200|79627911,00|1645138810010|Bank of America
15393162864917|4835459724423998353|78968352,00|1646599056124|Capital One
15393162864917|4810971401450171282|30020402,00|1639066389642|Avant
15393162864917|4909769118275611539|5478008,00|1669430454755|Prosper
4398046527158|4713581059508284308|67091994,00|1609219907104|Fundrise
4398046527158|4798867977451613077|57744284,00|1635422155075|RealtyMogul
4398046527158|4878525395860728726|50572249,00|1659823935302|Fundrise
28587302348230|4915398617809824663|45581263,00|1671220737980|Discover
28587302348230|4908080268415347608|87908909,00|1668978834962|LightStream
28587302348230|4915680092786535321|2156487,00|1671290870682|Earnest
28587302348230|4912583868042718106|41761064,00|1670290118411|Best Egg
2199023291606|4886688170185337755|98701173,00|1662378833631|SoFi
10995116333814|4859103622467693468|42981197,00|1653894384290|LightStream
21990232621574|4909206168322190237|12399443,00|1669247104240|PNC Bank
21990232621574|4883591945441520542|53533342,00|1661376989949|Patch of Land
21990232621574|4869518196605987743|87494409,00|1657083583078|State Farm Bank
21990232621574|4829548749913074592|10010763,00|1644851689489|Wells Fargo
28587302338231|4909206168322190241|52224189,00|1669245229216|Fundbox
28587302338231|4896821269346921378|28599934,00|1665503182868|Fundbox
28587302338231|4896821269346921379|23431506,00|1665488566379|RealtyMogul
28587302338231|4907517318461926308|44060719,00|1668738049189|US Bank
21990232581575|4876555071023754149|59354324,00|1659245539216|RealtyMogul
13194139569367|4762557705455938470|16957966,00|1624250782445|BlueVine
13194139569367|4755802306014882727|74279840,00|1622161195177|State Farm Bank
46055|4835459724423998376|80320793,00|1646634259750|Bank of America
46055|4839681849074658217|98454295,00|1647956295619|Prosper
46055|4633923641099168682|56675752,00|1584717697367|SunTrust
46055|4847281673445845931|34916733,00|1650278774329|TD Bank
26388279132679|4897665694277053356|33792931,00|1665766980967|OneMain Financial
26388279132679|4897384219300342701|9631113,00|1665641973516|US Bank
26388279132679|4904702568694819758|90956942,00|1667923194730|Wells Fargo
10995116353815|4777757354198313903|13171904,00|1628914482195|Peerform
21990232561576|4890910294835997616|67632339,00|1663653988220|SoFi
2199023271608|4698662885742619569|97637141,00|1604614857187|State Farm Bank
2199023271608|4676707837559188402|4865674,00|1597838067823|Chase Bank
4398046547160|4776068504338049971|35033486,00|1628402395895|Wells Fargo
21990232611576|4883873420418231220|44880957,00|1661519287650|TD Bank
21990232591577|4870081146559409077|68834039,00|1657259447021|Kabbage
21990232591577|4851785273073216438|93938531,00|1651644027030|Wells Fargo
28587302328234|4917931892600220599|50356493,00|1671956054694|LendingPoint
28587302328234|4913428292972850104|91823541,00|1670605288277|Peerform
28587302328234|4907235843485215673|76014974,00|1668647755747|Wells Fargo
17592186070474|4799712402381745082|45030828,00|1635627515038|Rocket Loans
17592186070474|4805341901915958203|1566134,00|1637347150997|SunTrust
17592186070474|4809845501543328700|828737,00|1638725814656|Fundbox
10995116333818|4778038829175024573|52507213,00|1629024078378|Discover
10995116333818|4897102744323632062|75628199,00|1665600314656|Upgrade
10995116333818|4818008275867937727|97441878,00|1641257454226|OneMain Financial
10995116333818|4787046028429765568|45736524,00|1631775374298|TD Bank
30786325643786|4919620742460484545|15672200,00|1672470719179|Marcus by Goldman Sachs
30786325643786|4918213367576931266|42173575,00|1672083808967|SoFi
30786325643786|4916805992693377987|43535713,00|1671650599858|Rocket Loans
21990232631578|4906109943578373060|39012215,00|1668303743030|Roofstock
10995116283819|4822511875495308229|59470961,00|1642610433361|RealtyMogul
6597069802715|4852066748049927110|31390083,00|1651745167012|American Express
6597069802715|4760305905642253255|26410372,00|1623535803872|LightStream
6597069802715|4791831103033846728|21348507,00|1633210043296|LendingClub
6597069802715|4758898530758699977|90041455,00|1623115221659|Peerform
46059|4865577546932038602|7408662,00|1655924718214|PNC Bank
46059|4662352613746944971|17083654,00|1593479156616|Wells Fargo
46059|4747921006666984396|40396490,00|1619717019389|Best Egg
46059|4685433561837218765|41539159,00|1600502157055|Citibank
28587302378235|4902450768881134542|9871203,00|1667199353592|Capital One
28587302378235|4916243042739956687|43644985,00|1671476619882|Rocket Loans
28587302378235|4906672893531794384|12771395,00|1668523156938|Upstart
19791209366027|4835459724423998417|30518314,00|1646612145701|State Farm Bank
4398046517164|4676426362582477778|51093541,00|1597774247512|OnDeck
19791209326028|4834052349540445139|46087475,00|1646235906604|LendingPoint
10995116313820|4857133297630718932|77557931,00|1653294450651|Upstart
10995116313820|4813504676240567253|9391893,00|1639890230640|Upstart
10995116313820|4795771752707795926|2424148,00|1634440905964|PNC Bank
10995116313820|4901043393997581271|23855817,00|1666784752338|LendingClub
56060|4783668328709237720|34184059,00|1630721480160|BlueVine
56060|4715832859321969625|35589397,00|1609868007861|SoFi
6597069842716|4873177371303226330|69720611,00|1658187843665|Upstart
6597069842716|4724558583599999963|51707010,00|1612584833823|Capital One
13194139539373|4764246555316202460|83305331,00|1624756617578|Best Egg
17592186070477|4836304149354130397|32511673,00|1646868807802|Upstart
19791209336029|4899917494090738654|99640489,00|1666397381247|LendingPoint
19791209336029|4857133297630718943|29614979,00|1653314986205|OneMain Financial
19791209336029|4832644974656891872|79201005,00|1645751359782|Prosper
19791209336029|4820823025635044321|23038885,00|1642111439539|Discover
28587302378237|4911176493159164898|84426042,00|1669861860264|Marcus by Goldman Sachs
15393162854925|4787327503406476259|69232997,00|1631884932132|Chase Bank
15393162864925|4781698003872263140|37299153,00|1630102925862|Rocket Loans
2199023261614|4876555071023754213|75005035,00|1659285418322|Marcus by Goldman Sachs
2199023261614|4643775265284041702|77855915,00|1587741123587|LightStream
2199023261614|4736099057645136871|59447222,00|1616119968955|Patch of Land
2199023261614|4888939969999023080|2007210,00|1663080179779|OneMain Financial
10995116293822|4778883254105156585|78297668,00|1629216365370|LendingClub
26062|4739476757365664746|48544815,00|1617170873598|Discover
36062|4846155773539003371|18197851,00|1649929981571|SunTrust
36062|4622664642030742508|4501794,00|1581282885658|SoFi
26388279112686|4889784394929155053|14835012,00|1663358724235|LightStream
28587302378238|4918494842553641966|807658,00|1672173301011|Marcus by Goldman Sachs
28587302378238|4913709767949560815|36006836,00|1670706269592|Marcus by Goldman Sachs
28587302378238|4917368942646799344|89654007,00|1671762129311|BlueVine
19791209366030|4836022674377419761|38802555,00|1646808669516|Rocket Loans
6597069842718|4894569469533236210|57403602,00|1664781703242|Avant
2199023261615|4771564904710679539|13712314,00|1627017831136|LendingPoint
17592186060479|4913991242926271476|12159009,00|1670728109639|SunTrust
24189255877135|4908643218368769013|27385817,00|1669143355164|RealtyMogul
24189255877135|4904421093718109174|70098429,00|1667816593891|State Farm Bank
24189255877135|4896821269346921463|76732146,00|1665509702811|Best Egg
24189255877135|4873177371303226360|73529413,00|1658241514397|Upgrade
4398046537168|4857977722560850937|85469168,00|1653579185085|Upstart
4398046537168|4866703446838881274|10844404,00|1656199657431|American Express
4398046537168|4717521709182233595|63019514,00|1610417724222|SunTrust
6597069812720|4811534351403592700|68924615,00|1639269625515|Prosper
6597069812720|4691907486301563901|10415144,00|1602507038258|Bank of America
6597069812720|4833770874563734526|54110964,00|1646091091231|Kabbage
10995116343824|4741728557179350015|21107169,00|1617815476503|Citibank
10995116343824|4767061305083309056|42614508,00|1625613065379|Fundrise
10995116343824|4829267274936364033|47084127,00|1644706482093|Earnest
10995116343824|4810971401450171394|74239741,00|1639133054827|SoFi
4398046517169|4705418285183675395|43029747,00|1606705386827|Prosper
4398046517169|4755520831038172164|54644605,00|1622039670314|LendingClub
4398046517169|4879932770744282117|1262346,00|1660252126528|Fundrise
13194139549377|4862481322188221446|92502493,00|1654940596447|Navy Federal Credit Union
13194139549377|4852066748049927175|56963649,00|1651707232034|Patch of Land
13194139549377|4769594579873704968|66568759,00|1626430086600|Kabbage
13194139549377|4906109943578373129|50998509,00|1668309007569|Kabbage
4398046547169|4811815826380303370|3905911,00|1639363331949|Chase Bank
6597069822721|4763120655409359883|60237065,00|1624420665319|Avant
6597069822721|4823356300425440268|88932448,00|1642933403444|Fundbox
6597069822721|4916805992693378061|91068099,00|1671603266957|Upgrade
19791209366033|4834896774470577166|18311693,00|1646441453849|Roofstock
4398046587169|4657567539142863887|28549847,00|1591999012714|TD Bank
4398046587169|4852348223026637840|46639188,00|1651798097634|Citibank
4398046587169|4771001954757258257|26709499,00|1626809564029|Avant
4398046587169|4801401252242009106|62469709,00|1636172756689|LendingPoint
26388279072690|4888377020045601811|97042232,00|1662917161349|Peerform
13194139559378|4905546993624951828|17440557,00|1668169596859|Fundbox
13194139559378|4848126098375978005|60676735,00|1650535308820|Patch of Land
13194139559378|4780572103965420566|41959238,00|1629730506235|Kabbage
17592186090482|4803371577078983703|97101702,00|1636759311331|SoFi
15393162844930|4872614421349805080|41787761,00|1658048556304|Fundrise
15393162844930|4905828468601662489|55593794,00|1668239360012|Rocket Loans
15393162844930|4827859900052810778|43842956,00|1644263137777|Roofstock
15393162844930|4854881497817033755|62097957,00|1652560732823|OneMain Financial
2199023331618|4854318547863612444|3684613,00|1652413787414|Fundrise
2199023331618|4835459724423998493|92078357,00|1646667413273|Avant
2199023331618|4755520831038172190|56400897,00|1622066935845|OneMain Financial
26388279082691|4900761919020870687|82339960,00|1666687910352|LendingPoint
26388279082691|4909769118275611680|45147136,00|1669430980675|Chase Bank
24189255847139|4867829346745723937|72342213,00|1656533045175|SunTrust
66067|4649404764818254882|13321764,00|1589432953776|Chase Bank
10995116353827|4768750154943573027|78755121,00|1626137497070|Wells Fargo
10995116353827|4828704324982942756|94698074,00|1644590570288|Bank of America
13194139549380|4904139618741398565|13534261,00|1667772367759|Funding Circle
13194139549380|4826734000145968166|64126214,00|1643926669386|Prosper
30786325623796|4916524517716667431|17024212,00|1671572639939|Upgrade
30786325623796|4918776317530352680|13792483,00|1672196043772|Patch of Land
30786325623796|4915398617809824809|38263764,00|1671219959834|Best Egg
30786325623796|4916243042739956778|78659430,00|1671461718561|LendingPoint
2199023321620|4693877811138538539|87612374,00|1603128595961|Citibank
28587302398244|4913991242926271532|19745632,00|1670749009149|Marcus by Goldman Sachs
30786325593797|4918213367576931373|82017115,00|1672025226487|LendingClub
30786325593797|4919620742460484654|27281327,00|1672464118220|Peerform
30786325593797|4918494842553642031|23370839,00|1672160078993|Kabbage
21990232581589|4865296071955328048|26672944,00|1655757559508|Capital One
21990232581589|4873177371303226417|2117381,00|1658227382081|LightStream
21990232581589|4878525395860728882|74919447,00|1659874409615|Kabbage
21990232591589|4905546993624951859|50066457,00|1668135355573|SoFi
21990232591589|4846155773539003444|55447916,00|1649934159747|OneMain Financial
21990232591589|4903295193811266613|34777307,00|1667434420945|BlueVine
8796093068277|4719773508995918902|33402488,00|1611051146446|Peerform
13194139589381|4794927327777664055|56789596,00|1634149422842|Rocket Loans
13194139589381|4869799671582698552|61844557,00|1657206897472|Funding Circle
19791209366037|4907235843485215801|80857915,00|1668671577798|State Farm Bank
19791209366037|4886688170185337914|69568812,00|1662350169207|American Express
19791209366037|4821667450565176379|57565592,00|1642353387794|Citibank
19791209366037|4917931892600220732|79737256,00|1671975151146|Fundrise
4398046517174|4875429171116911677|87437716,00|1658929940624|Navy Federal Credit Union
4398046517174|4662634088723655742|59148518,00|1593501090597|SunTrust
4398046527174|4731595458017766463|2171556,00|1614717847090|Fundrise
24189255837142|4854881497817033792|62326177,00|1652590346037|Rocket Loans
24189255837142|4855725922747165761|82457596,00|1652836970923|RealtyMogul
24189255837142|4897665694277053506|48976620,00|1665710363143|Upstart
21990232591590|4888939969999023171|40162876,00|1663081875823|SunTrust
24189255867142|4873740321256647748|66151216,00|1658375301507|Peerform
24189255867142|4910332068229033029|65595193,00|1669671118622|SunTrust
24189255867142|4877118020977175622|51845779,00|1659437896348|Wells Fargo
24189255867142|4911457968135875655|35468256,00|1670010690654|LendingPoint
4398046577174|4695848135975513160|64248845,00|1603780049944|Patch of Land
4398046577174|4901887818927713353|92831025,00|1667007603216|Chase Bank
4398046577174|4768187204990151754|30056294,00|1625950292621|US Bank
6597069772727|4798023552521481291|26923494,00|1635154609799|Capital One
6597069772727|4747639531690273868|69067840,00|1619675945674|OnDeck
6597069772727|4684307661930376269|22343556,00|1600181731768|Prosper
6597069772727|4795771752707796046|37557912,00|1634415200207|SoFi
26388279082695|4897102744323632207|49165726,00|1665600373328|American Express
26388279082695|4883591945441520720|51194095,00|1661414534499|SoFi
26388279082695|4897102744323632209|97062934,00|1665570205514|Marcus by Goldman Sachs
26388279082695|4887814070092180562|41339906,00|1662732143216|SoFi
19791209326039|4832363499680181331|41929923,00|1645698084366|RealtyMogul
19791209326039|4818289750844648532|39570017,00|1641326285353|PNC Bank
19791209326039|4909206168322190421|29338102,00|1669273135452|OneMain Financial
36071|4832926449633602646|63291497,00|1645877604863|Discover
36071|4749891331503959127|40792813,00|1620300742263|BlueVine
30786325633799|4917368942646799448|92837969,00|1671759416894|Discover
28587302388247|4895695369440078937|82114041,00|1665100262540|RealtyMogul
10995116353831|4720054983972629594|29555832,00|1611138063366|LendingClub
10995116283832|4817445325914516571|87623155,00|1641126440949|OneMain Financial
4398046527176|4672204237931818076|69586011,00|1596433375854|US Bank
4398046527176|4756083780991593565|91611654,00|1622254971434|State Farm Bank
4398046537176|4798305027498191966|41110367,00|1635244755942|American Express
4398046537176|4700914685556304991|98935757,00|1605255133552|BlueVine
4398046537176|4842778073818475616|49931622,00|1648836653270|Capital One
21990232611592|4852066748049927265|5140250,00|1651698545182|US Bank
21990232621592|4846437248515714146|62467736,00|1649980494741|RealtyMogul
21990232621592|4869799671582698595|51479976,00|1657194029054|Rocket Loans
17592186120488|4828422850006232164|35927118,00|1644440539425|PNC Bank
17592186120488|4801964202195430501|49638331,00|1636366672284|Best Egg
17592186120488|4851503798096505958|89898257,00|1651569429157|LightStream
21990232561593|4847844623399267431|67899843,00|1650393307306|Funding Circle
21990232561593|4913709767949560936|48912844,00|1670633372525|State Farm Bank
30786325603801|4915961567763246185|57713418,00|1671344393196|Capital One
30786325603801|4918494842553642090|22694971,00|1672145324776|BlueVine
30786325603801|4912865343019428971|25792647,00|1670433832694|Rocket Loans
30786325603801|4915117142833114220|68683989,00|1671110473083|SunTrust
6597069802729|4863325747118353517|16774674,00|1655180663368|SunTrust
6597069802729|4903013718834556014|41395358,00|1667404057258|American Express
15393162834937|4827015475122678895|87320931,00|1644044320989|Kabbage
15393162834937|4901887818927713392|24848012,00|1667028783203|Funding Circle
15393162834937|4812378776333724785|11313629,00|1639558549989|Peerform
24189255867145|4891191769812708466|71823495,00|1663773340336|Funding Circle
24189255867145|4906109943578373235|74985397,00|1668319314593|Upstart
19791209376041|4904702568694819956|32669652,00|1667899228261|Marcus by Goldman Sachs
2199023261626|4888095545068891253|68133717,00|1662786171912|Kabbage
2199023261626|4779446204058578038|26838767,00|1629438807531|BlueVine
2199023261626|4789016353266740343|32666004,00|1632384633600|Fundrise
2199023271626|4850659373166374008|31874343,00|1651276413979|LendingClub
2199023271626|4894287994556525689|27323368,00|1664692096721|Wells Fargo
2199023271626|4688811261557746810|63508778,00|1601566391593|Upgrade
2199023271626|4758335580805278843|8742076,00|1622965966880|Rocket Loans
6597069802730|4876836546000465020|34548084,00|1659356087239|LendingPoint
30786325623802|4918494842553642109|27238759,00|1672132843557|Prosper
15393162844938|4857133297630719102|33002223,00|1653259091388|SunTrust
28587302388250|4916805992693378175|56429336,00|1671637627964|PNC Bank
30786325593803|4919057792507063424|16730034,00|1672340456939|Earnest
24189255837147|4902732243857845377|74600665,00|1667320602261|Chase Bank
24189255837147|4861636897258089602|93389697,00|1654667933224|Chase Bank
36075|4906391418555083907|5585988,00|1668395128037|Earnest
36075|4861918372234800260|93433248,00|1654796416097|Citibank
36075|4812378776333724805|25394948,00|1639539335341|RealtyMogul
13194139579387|4856288872700587142|8506896,00|1653042617586|Kabbage
24189255867147|4919620742460484743|65407382,00|1672459132961|Chase Bank
15393162854939|4878243920884018312|96985206,00|1659762666323|Citibank
2199023261628|4854600022840323209|42321323,00|1652545887086|OneMain Financial
30786325613804|4917368942646799498|69776501,00|1671799154609|Fundrise
24189255857148|4872895896326515851|97277519,00|1658166784130|Rocket Loans
24189255857148|4903858143764688012|54193962,00|1667678423359|LendingClub
24189255857148|4888939969999023245|90679453,00|1663104107639|Fundbox
24189255857148|4918213367576931470|94646595,00|1672033613357|Kabbage
56076|4861636897258089615|73018160,00|1654666491404|Best Egg
10995116343836|4756646730945014928|12670063,00|1622398698301|Rocket Loans
10995116343836|4797460602568060049|67111242,00|1634991703840|PNC Bank
10995116343836|4803090102102273170|25863958,00|1636680883608|LendingPoint
21990232631596|4842496598841765011|47529050,00|1648811527629|Roofstock
21990232631596|4896539794370210964|84487624,00|1665404353957|Peerform
21990232561597|4861073947304668309|24902131,00|1654458150122|OneMain Financial
21990232561597|4909487643298901142|26503607,00|1669343263247|Wells Fargo
21990232561597|4847563148422556823|78521761,00|1650306829059|LightStream
21990232561597|4904702568694819992|36940491,00|1667892575083|Rocket Loans
15393162804941|4904984043671530649|12991389,00|1667999617166|OneMain Financial
26077|4797742077544770714|40485617,00|1635070856048|Fundbox
26077|4693033386208406683|11383371,00|1602912811825|Earnest
26077|4728780708250659996|62529824,00|1613872319544|Bank of America
21990232591597|4835178249447287965|78375954,00|1646534214542|US Bank
21990232591597|4866140496885460126|69324414,00|1656052351350|BlueVine
21990232591597|4896539794370210975|92571115,00|1665386237490|US Bank
21990232591597|4898510119207185568|13600649,00|1665974442535|Fundrise
28587302368253|4911176493159165089|87620852,00|1669905051708|Fundbox
28587302368253|4906391418555083938|87669931,00|1668392804925|Capital One
24189255877149|4913146817996139683|84921125,00|1670522860423|Bank of America
24189255877149|4889784394929155236|65108747,00|1663319515088|SunTrust
24189255877149|4884154895394942117|55621519,00|1661551096161|Upstart
24189255877149|4868110821722434726|57527595,00|1656693720736|Roofstock
76077|4737224957551979687|44854861,00|1616422198102|State Farm Bank
76077|4669952438118132904|76248266,00|1595819959893|US Bank
76077|4692470436254985385|5770090,00|1602701468311|Citibank
15393162794942|4820823025635044522|97919559,00|1642109491655|OnDeck
15393162794942|4799430927405034667|45381569,00|1635550949558|RealtyMogul
26078|4917087467670088876|58291027,00|1671702510520|Capital One
4398046547182|4717521709182233773|89240153,00|1610389132699|Marcus by Goldman Sachs
4398046547182|4847844623399267502|14171170,00|1650473940767|PNC Bank
4398046547182|4813504676240567471|64118383,00|1639849386898|RealtyMogul
4398046547182|4738069382482111664|18151634,00|1616709777281|Upgrade
26388279122702|4894006519579815089|64901170,00|1664591827219|Kabbage
76078|4783949803685948594|69820730,00|1630846440673|Funding Circle
76078|4697818460812487859|42302740,00|1604379993444|Upgrade
76078|4879651295767571636|34070676,00|1660212946861|OneMain Financial
6597069792735|4724840058576710837|54713241,00|1612634163282|US Bank
8796093058287|4746795106760142006|48724538,00|1619348488402|Upgrade
8796093058287|4729625133180791991|17043635,00|1614145846982|Upgrade
2199023321631|4718084659135655096|21942039,00|1610558888865|Chase Bank
10995116353839|4898791594183896249|95491883,00|1666063913741|Patch of Land
10995116353839|4887814070092180666|60755053,00|1662715173224|US Bank
8796093028288|4803653052055694523|80951982,00|1636884708438|Capital One
8796093028288|4882466045534678204|5553790,00|1661052237156|RealtyMogul
8796093028288|4733565782854741181|13709795,00|1615301431299|BlueVine
8796093028288|4811534351403592894|4694003,00|1639263420657|Fundbox
19791209316048|4843341023771897023|29738369,00|1649022535079|Avant
19791209316048|4875147696140201152|29163277,00|1658797117780|Earnest
26388279102704|4880495720697703617|4460907,00|1660476189180|Bank of America
26388279102704|4881621620604546242|68188758,00|1660817533929|Peerform
26388279102704|4903858143764688067|8897153,00|1667644948878|Kabbage
26388279112704|4889502919952444612|61654613,00|1663262927519|SunTrust
21990232621600|4882184570557967557|54181047,00|1660977520790|TD Bank
21990232621600|4847000198469135558|59157015,00|1650195788118|LendingClub
21990232621600|4870081146559409351|10122888,00|1657259538543|Bank of America
19791209376048|4919620742460484808|99663931,00|1672506262915|State Farm Bank
19791209376048|4845029873632160969|46322766,00|1649599689880|Navy Federal Credit Union
19791209376048|4897384219300342986|1022336,00|1665665581252|Marcus by Goldman Sachs
4398046517185|4887814070092180683|51287631,00|1662682936145|Peerform
4398046517185|4762276230479228108|23211589,00|1624130057638|State Farm Bank
17592186060497|4802808627125562573|18235587,00|1636559593711|Earnest
26388279092705|4909206168322190542|81678126,00|1669330867413|LendingClub
10995116343841|4786483078476344527|65328521,00|1631614916112|Rocket Loans
10995116343841|4876836546000465104|40292165,00|1659337284644|Marcus by Goldman Sachs
10995116343841|4909206168322190545|83327753,00|1669295692317|Fundbox
8796093098289|4746513631783431378|32384637,00|1619308584059|Best Egg
8796093098289|4859666572421115091|18283141,00|1654057276869|Wells Fargo
8796093098289|4894569469533236436|58313025,00|1664804057077|Prosper
10995116283842|4761431805549096149|22983025,00|1623929642735|Navy Federal Credit Union
10995116283842|4916243042739956950|28053809,00|1671465547672|Chase Bank
24189255837154|4874584746186779863|21538324,00|1658675498683|Wells Fargo
24189255837154|4883310470464810200|84092497,00|1661349725486|Prosper
24189255837154|4888095545068891353|98595991,00|1662825553093|Best Egg
24189255837154|4871488521442962650|4631617,00|1657658551874|Fundrise
36082|4663197038677077211|86627168,00|1593713204377|Citibank
4398046557186|4897102744323632348|25886210,00|1665548147521|Funding Circle
4398046557186|4840526274004790493|55059493,00|1648189678857|SunTrust
4398046557186|4708233034950782174|44128975,00|1607547787397|BlueVine
4398046557186|4862199847211511007|18344455,00|1654843823008|Prosper
13194139609394|4914272717902982368|29094219,00|1670835120474|Prosper
13194139609394|4830674649819917537|19972245,00|1645133027285|US Bank
13194139609394|4855162972793744610|1519211,00|1652688346654|Peerform
10995116293843|4741447082202639587|28614921,00|1617750058755|Citibank
15393162814947|4848970523306110180|37384743,00|1650802989854|Citibank
15393162824947|4791268153080425701|96182342,00|1633078508637|Wells Fargo
15393162824947|4845874298562292966|43128610,00|1649795243516|Avant
15393162824947|4811815826380303591|17449200,00|1639394964960|Earnest
15393162824947|4867829346745724136|87026288,00|1656542061442|OneMain Financial
17592186110499|4848689048329399529|24261282,00|1650699760234|State Farm Bank
17592186110499|4839681849074658538|63976711,00|1647887585782|Roofstock
17592186110499|4794927327777664235|3443179,00|1634214520401|State Farm Bank
10995116283844|4868392296699145452|6117199,00|1656762941455|SunTrust
28587302328261|4906954368508505325|10789192,00|1668616525776|SunTrust
28587302328261|4911176493159165166|99967274,00|1669860587771|Avant
28587302328261|4892036194742840559|98405628,00|1664049385086|OnDeck
24189255827157|4918213367576931568|37153387,00|1672039210568|Discover
8796093048293|4821948925541887217|66254085,00|1642511259359|Wells Fargo
8796093048293|4864170172048485618|75261211,00|1655463750806|US Bank
8796093048293|4805904851869379827|85605216,00|1637508805970|Capital One
8796093048293|4744543306946456820|78224863,00|1618722570706|Fundbox
4398046547189|4697255510859066613|84330171,00|1604141655728|RealtyMogul
4398046547189|4733847257831451894|38280638,00|1615388644291|Bank of America
4398046547189|4823637775402151159|9513586,00|1642995058986|Upgrade
4398046547189|4887251120138759416|16208874,00|1662529771225|Patch of Land
6597069812741|4728780708250660089|33136078,00|1613861508763|LendingClub
4398046567189|4733565782854741242|66312507,00|1615291751300|Kabbage
4398046567189|4891473244789419259|46159455,00|1663883000432|LendingClub
30786325643813|4917368942646799612|4230195,00|1671792910642|PNC Bank
30786325643813|4918494842553642237|68004120,00|1672169805457|Fundbox
30786325643813|4919620742460484862|57819830,00|1672520235114|Avant
30786325643813|4915117142833114367|67726233,00|1671140970109|US Bank
13194139609397|4816319426007674112|52082599,00|1640791147535|Kabbage
26388279072710|4898510119207185665|4131531,00|1666017182474|SunTrust
4398046527190|4765935405176466690|46665622,00|1625265993069|Marcus by Goldman Sachs
2199023291638|4691063061371432195|19000005,00|1602265069667|Best Egg
2199023291638|4713299584531574020|69403649,00|1609110489431|Discover
28587302378262|4905828468601662725|60480694,00|1668284388931|Navy Federal Credit Union
28587302378262|4918494842553642246|77126516,00|1672150241587|Bank of America
8796093088294|4888939969999023367|79525280,00|1663038810951|Fundrise
8796093088294|4709077459880914184|56801716,00|1607760586850|Wells Fargo
10995116283847|4735817582668426505|5506161,00|1616052122094|Fundrise
10995116283847|4810689926473461002|56778833,00|1639014940141|Capital One
10995116283847|4786201603499633931|9846574,00|1631498563289|SunTrust
21990232571607|4900761919020870924|73727176,00|1666665038306|SunTrust
24189255837159|4904702568694820109|3913923,00|1667910368864|TD Bank
24189255837159|4906391418555084046|76642196,00|1668411109020|Patch of Land
8796093068295|4885843745255206159|59715634,00|1662067285802|Discover
8796093068295|4830111699866496272|92535439,00|1644961724433|American Express
8796093068295|4726528908436974865|42518291,00|1613155722444|Patch of Land
2199023321639|4697536985835777298|14602895,00|1604218745128|Marcus by Goldman Sachs
2199023321639|4654189839422336275|73103626,00|1590911726081|US Bank
2199023321639|4851222323119795476|91793970,00|1651449001176|Funding Circle
19791209306056|4904702568694820117|41611995,00|1667927995033|LendingClub
19791209306056|4861636897258089750|66063501,00|1654715752768|Kabbage
19791209306056|4818289750844648727|59284114,00|1641382927637|Kabbage
6597069782744|4855725922747165976|40241437,00|1652854797002|Bank of America
13194139559400|4854881497817034009|51399144,00|1652608558490|Upstart
13194139559400|4760305905642253594|18690618,00|1623576278732|BlueVine
13194139559400|4846155773539003675|52691433,00|1649918477807|Rocket Loans
13194139559400|4855444447770455324|22968771,00|1652760647607|Peerform
28587302368264|4912583868042718493|49017326,00|1670299016933|Avant
28587302368264|4908361743392058654|84134046,00|1668997130057|Funding Circle
28587302368264|4897947169253764383|84804209,00|1665807011204|Bank of America
19791209326057|4884717845348363552|67416399,00|1661790417938|Prosper
19791209326057|4837711524237684001|88555881,00|1647361699752|Best Egg
19791209326057|4837148574284262690|38405535,00|1647143295440|Upstart
19791209326057|4859103622467693859|61501689,00|1653931800307|Upgrade
8796093058297|4773816704524365092|25127358,00|1627684813183|Kabbage
8796093058297|4874303271210069285|25337508,00|1658542872051|Avant
8796093058297|4869518196605988134|42233122,00|1657073644860|BlueVine
24189255867161|4880214245720993063|99282929,00|1660353808886|PNC Bank
24189255867161|4871769996419673384|46840255,00|1657774351508|Kabbage
24189255867161|4889784394929155369|77887336,00|1663321611008|Fundrise
6597069832745|4882466045534678314|15359872,00|1661044669309|PNC Bank
6090|4876273596047043883|7028652,00|1659212545632|Peerform
6090|4750735756434091308|65208606,00|1620588749638|Funding Circle
6090|4662634088723655981|34533665,00|1593501846400|Avant
15393162804954|4875147696140201262|31671148,00|1658849047984|Marcus by Goldman Sachs
24189255857162|4878525395860729135|75574680,00|1659870289015|Fundrise
24189255857162|4908924693345479984|43182169,00|1669162953485|Prosper
8796093078298|4756928205921725745|37068852,00|1622515317197|Fundbox
15393162854954|4850659373166374194|12188676,00|1651259110427|TD Bank
15393162854954|4814630576147410227|18721501,00|1640190045268|Peerform
15393162864954|4859948047397825844|28617859,00|1654150658603|Navy Federal Credit Union
26388279072715|4872332946373094709|56020419,00|1657976959597|Capital One
15393162824955|4806186326846090550|57841207,00|1637614803863|Chase Bank
15393162824955|4852911172980059447|74752836,00|1652034382480|Earnest
15393162824955|4810408451496750392|25283471,00|1638891470868|Best Egg
8796093068299|4876836546000465209|98363972,00|1659311512213|PNC Bank
10995116333851|4869518196605988154|58480680,00|1657073525285|Discover
21990232621611|4911176493159165243|12188486,00|1669903543326|SoFi
21990232621611|4865577546932038972|59451332,00|1655923747467|OneMain Financial
13194139609403|4873740321256647997|99884813,00|1658429190590|Patch of Land
13194139609403|4823356300425440574|51720487,00|1642925607358|OneMain Financial
30786325583820|4919339267483774271|94479968,00|1672370452193|Patch of Land
30786325583820|4913428292972850496|41759238,00|1670573673012|RealtyMogul
30786325583820|4916805992693378369|11354154,00|1671647286510|Citibank
6597069782748|4814912051124120898|5935712,00|1640334936375|Rocket Loans
6597069782748|4836022674377420099|43169862,00|1646788273614|LendingClub
6597069782748|4713018109554863428|77853146,00|1608975657731|Fundrise
6597069782748|4837148574284262725|88670667,00|1647123115059|Fundrise
19791209346060|4831800549726760262|98774433,00|1645510661030|LendingClub
19791209346060|4888658495022312775|68254865,00|1663001913358|Earnest
66092|4709077459880914248|31450543,00|1607809156776|Fundbox
10995116353852|4803090102102273353|92280925,00|1636664270282|Citibank
26388279102717|4875992121070333258|65897637,00|1659045599908|State Farm Bank
26388279102717|4882466045534678347|83589405,00|1661055014513|LendingClub
26388279102717|4875992121070333260|24062619,00|1659057668965|Marcus by Goldman Sachs
26388279112717|4882466045534678349|27062619,00|1661103738353|TD Bank
19791209356061|4900480444044160334|70391008,00|1666592593936|LendingClub
6597069832749|4854318547863612751|27808132,00|1652407879010|Capital One
6597069832749|4889784394929155408|7209193,00|1663300743635|US Bank
6597069832749|4730188083134213457|20622471,00|1614308994104|LendingClub
6597069832749|4766779830106598738|25264580,00|1625536193702|Avant
19791209326062|4828422850006232403|97478349,00|1644480483290|Chase Bank
28587302368270|4913428292972850516|47285493,00|1670547703294|SoFi
6597069782751|4787327503406476629|92355903,00|1631807045711|Capital One
21990232581615|4895413894463368534|78250579,00|1665089748415|OnDeck
21990232581615|4864733122001907031|39484598,00|1655658320417|Bank of America
21990232581615|4828141375029521752|83882453,00|1644351568388|Marcus by Goldman Sachs
21990232581615|4908643218368769369|49234988,00|1669126043476|Rocket Loans
15393162834959|4850377898189663578|87092531,00|1651224726055|Kabbage
15393162834959|4890628819859287387|84640402,00|1663605636185|Funding Circle
15393162834959|4861355422281379164|17809143,00|1654569664913|Earnest
15393162834959|4873740321256648029|68620404,00|1658407496987|Navy Federal Credit Union
17592186110512|4866140496885460318|7841292,00|1656075332644|Chase Bank
17592186110512|4819415650751491423|35179252,00|1641718708606|American Express
21990232631616|4912865343019429216|61491282,00|1670453687304|Kabbage
8796093028305|4775505554384629089|85952191,00|1628179233801|Bank of America
8796093028305|4813786151217278306|80329581,00|1639971587157|Roofstock
21990232581617|4840244799028079971|14052326,00|1648093585465|OneMain Financial
2199023271650|4869236721629277540|60506779,00|1657025057720|Funding Circle
2199023271650|4702040585463147877|83472318,00|1605622198532|SunTrust
2199023271650|4835459724423998822|30540944,00|1646672584166|Chase Bank
17592186070514|4888658495022312807|81836069,00|1662960503221|Discover
17592186070514|4903013718834556264|13367764,00|1667344765604|Citibank
21990232591618|4885280795301784937|22608356,00|1661966298527|LendingClub
21990232591618|4893443569626393962|84204348,00|1664434300381|RealtyMogul
21990232591618|4886406695208627563|71749486,00|1662323370884|Marcus by Goldman Sachs
28587302378274|4914835667856403820|38410965,00|1670999038296|LendingClub
28587302378274|4917931892600221037|89552552,00|1671996461249|Avant
28587302378274|4912865343019429230|15219323,00|1670443228644|RealtyMogul
28587302378274|4910332068229033327|49881408,00|1669623980981|Capital One
24189255877170|4861355422281379184|77107978,00|1654618336259|SoFi
24189255877170|4871207046466252145|36336206,00|1657634150576|Discover
24189255877170|4903295193811266930|73170547,00|1667471504615|TD Bank
16099|4637019865842986355|8923408,00|1585654711826|Avant
13194139559411|4850377898189663604|27158126,00|1651247441345|PNC Bank
13194139559411|4831800549726760309|53702988,00|1645511971626|Bank of America
13194139559411|4763120655409360246|64759489,00|1624429011559|Fundbox
6597069802755|4804778951962537335|84427929,00|1637238328632|LightStream
24189255857171|4884717845348363640|81073510,00|1661789726547|Avant
4398046567203|4742010032156061049|46357845,00|1617930447495|US Bank
4398046567203|4707951559974071674|76199807,00|1607441564548|OnDeck
4398046567203|4734691682761583995|30662710,00|1615677187660|Wells Fargo
8796093088307|4769594579873705340|8585927,00|1626352704661|Fundbox
8796093088307|4764246555316202877|20781151,00|1624734212389|Kabbage
8796093088307|4900198969067449726|90604806,00|1666505855248|Citibank
26388279142723|4914272717902982527|60752754,00|1670875905551|Best Egg
26388279142723|4909487643298901376|97382446,00|1669416987992|TD Bank
26388279142723|4880495720697703809|92186645,00|1660499857903|LendingPoint
2199023271652|4875992121070333314|18748864,00|1659088720124|Wells Fargo
2199023271652|4699507310672752003|90882516,00|1604843465299|Avant
2199023271652|4713581059508284804|43222598,00|1609144801574|SunTrust
2199023271652|4876273596047043973|15438194,00|1659198254767|OneMain Financial
28587302348276|4902169293904424326|77740391,00|1667092661206|Bank of America
2199023301652|4867829346745724295|10133523,00|1656535872080|Kabbage
2199023301652|4859103622467693960|99368452,00|1653929137347|Bank of America
2199023301652|4743980356993035657|8143006,00|1618496092277|State Farm Bank
2199023301652|4896539794370211210|80472710,00|1665368072642|SoFi
24189255887172|4860792472327957899|5846265,00|1654433832253|Discover
24189255887172|4861636897258089868|95501625,00|1654694120688|LightStream
24189255887172|4852911172980059533|66887318,00|1652022941842|State Farm Bank
24189255887172|4848689048329399694|50284491,00|1650660780622|Chase Bank
8796093028309|4729062183227370895|11580498,00|1613909695743|Earnest
8796093028309|4763120655409360272|57458439,00|1624363048183|Prosper
8796093028309|4918494842553642385|69666536,00|1672100152680|Roofstock
21990232571621|4885280795301784978|2123416,00|1661917662310|Bank of America
21990232571621|4916805992693378451|93525120,00|1671597778248|Earnest
21990232571621|4870925571489541524|8462753,00|1657548143881|Earnest
6597069802757|4901043393997581717|44467454,00|1666775486503|Upgrade
8796093078309|4900480444044160406|10300660,00|1666577222765|Capital One
8796093078309|4807030751776222615|376927,00|1637935168863|Upstart
2199023321653|4843903973725318552|43008954,00|1649251005328|Capital One
10995116293862|4846718723492425113|86604228,00|1650047393087|PNC Bank
10995116293862|4873177371303226778|25767983,00|1658252760328|Discover
10995116293862|4778601779128446363|32161200,00|1629139953592|Fundrise
10995116293862|4808438126659775900|53927664,00|1638303711533|Patch of Land
10995116343862|4912865343019429277|46310919,00|1670390602027|Fundbox
24189255887174|4904421093718109598|71999458,00|1667849327147|OneMain Financial
24189255837175|4883591945441521055|97239748,00|1661442501345|Kabbage
24189255837175|4904984043671530912|63660801,00|1667949802345|Citibank
24189255837175|4904702568694820257|60368204,00|1667876482811|US Bank
24189255837175|4865577546932039074|47629172,00|1655914173418|Navy Federal Credit Union
6597069802759|4746232156806720931|7711783,00|1619189983805|Kabbage
6597069802759|4823356300425440676|256235,00|1642924820914|Funding Circle
4398046557207|4910613543205744037|71440811,00|1669706075142|Avant
4398046567207|4701196160533015974|75370058,00|1605346947507|Best Egg
4398046567207|4905546993624952231|13674886,00|1668135288481|Upstart
4398046567207|4792957002940689832|78053794,00|1633543862932|BlueVine
4398046567207|4860792472327957929|98331462,00|1654394256289|Prosper
24189255887175|4901324868974292394|76977750,00|1666857730821|SunTrust
15393162794968|4789579303220161963|95559822,00|1632511819455|Capital One
15393162794968|4785075703592791468|82253658,00|1631181801631|Wells Fargo
15393162794968|4858540672514272685|23674281,00|1653750641381|State Farm Bank
15393162794968|4914554192879693230|31299472,00|1670913387668|Fundrise
16104|4848970523306110383|51265043,00|1650820563876|American Express
16104|4917650417623510448|76676773,00|1671909595461|Capital One
13194139579416|4910050593252322737|20424016,00|1669559745338|Citibank
13194139579416|4754394931131329970|15011794,00|1621727995706|RealtyMogul
13194139579416|4878525395860729267|97901209,00|1659836833620|Capital One
17592186110520|4805341901915958708|93795526,00|1637391439643|OnDeck
8796093098312|4897665694277053877|77179583,00|1665701422055|Upstart
6597069772761|4847281673445846454|34903004,00|1650243613802|SunTrust
17592186070521|4810126976520039863|21669667,00|1638814635772|Earnest
17592186070521|4911739443112586680|89855204,00|1670049314732|Roofstock
17592186070521|4915961567763246521|48409522,00|1671373557671|OneMain Financial
17592186070521|4877962445907307962|64138808,00|1659666604235|RealtyMogul
28587302358281|4904421093718109627|37381286,00|1667832704652|Best Egg
28587302358281|4908361743392058812|71638842,00|1669045409884|SunTrust
4398046587209|4660945238863392189|9480210,00|1592996356641|Kabbage
4398046587209|4696974035882356158|4679305,00|1604060090987|RealtyMogul
4398046587209|4828704324982943167|63820744,00|1644597706244|Discover
21990232561626|4895976844416789952|73106939,00|1665249990002|RealtyMogul
6597069792762|4689374211511168449|56869089,00|1601724265563|BlueVine
6597069792762|4829830224889785794|68155629,00|1644887962019|Funding Circle
6597069792762|4767342780060020163|56997370,00|1625707039371|Bank of America
19791209336074|4907798793438637508|48957299,00|1668870188659|Prosper
19791209336074|4839681849074658757|55610194,00|1647930779658|Chase Bank
10995116353866|4801964202195430854|25560305,00|1636299519573|Bank of America
19791209316075|4869236721629277639|36455392,00|1657028451817|RealtyMogul
19791209346075|4868673771675856328|16370120,00|1656822039849|SunTrust
15393162844971|4861073947304668617|5181960,00|1654471221353|Prosper
15393162844971|4828422850006232522|3795443,00|1644462633648|LightStream
2199023321659|4791831103033847243|67669097,00|1633198738951|Patch of Land
24189255887179|4884999320325074380|92321231,00|1661861493755|Marcus by Goldman Sachs
24189255887179|4880495720697703885|86126761,00|1660440130986|Upgrade
24189255887179|4910050593252322766|20019874,00|1669569864619|Avant
24189255887179|4896821269346921935|62145311,00|1665482436302|LightStream
19791209306076|4887251120138759632|6978348,00|1662584599631|Earnest
19791209306076|4896821269346921937|92487854,00|1665486104234|BlueVine
19791209306076|4904702568694820306|34811281,00|1667877370501|Avant
19791209306076|4888939969999023571|20755981,00|1663038304193|PNC Bank
15393162804972|4894850944509947348|57976737,00|1664893933334|US Bank
15393162804972|4778320304151735765|75094890,00|1629088422786|OneMain Financial
15393162804972|4855444447770455510|73771851,00|1652801037919|Upstart
15393162804972|4825608100239125975|76141848,00|1643579071897|Marcus by Goldman Sachs
26108|4732158407971188184|2196663,00|1614905101444|Upgrade
26108|4720617933926051289|20218228,00|1611379053272|RealtyMogul
4398046547212|4907517318461926874|73931393,00|1668800592717|Discover
4398046547212|4800275352335166939|62409515,00|1635854819302|Peerform
4398046547212|4749328381550538204|16009179,00|1620153576226|LendingClub
4398046547212|4903013718834556381|67431203,00|1667415865635|Roofstock
6597069822764|4720899408902761950|81346511,00|1611471676255|Patch of Land
26388279132732|4893725044603104735|93527699,00|1664552408655|Kabbage
15393162794973|4839400374097948128|52351839,00|1647853499127|State Farm Bank
21990232601629|4857696247584140769|72314950,00|1653429828257|OnDeck
21990232601629|4886406695208627682|59469868,00|1662292230119|LendingClub
21990232601629|4887814070092180963|98548339,00|1662734450492|Navy Federal Credit Union
10995116333869|4760305905642253796|10566481,00|1623503055998|RealtyMogul
6597069842765|4832082024703471077|57534093,00|1645563383057|OnDeck
6597069842765|4850940848143085030|14897104,00|1651377670679|PNC Bank
24189255817182|4874584746186780135|17805413,00|1658659194820|TD Bank
4398046527214|4885562270278495720|66721209,00|1662012119551|OnDeck
13194139559422|4792675527963979241|23759335,00|1633477531205|Roofstock
13194139559422|4834052349540445674|65429184,00|1646237725308|Upgrade
2199023291662|4644056740260752875|9516686,00|1587817469052|Upstart
2199023291662|4731595458017766892|31051228,00|1614704032167|LendingPoint
2199023301662|4890910294835998189|78940345,00|1663654309921|Patch of Land
2199023301662|4744543306946457070|63429988,00|1618660180670|OnDeck
2199023301662|4886969645162049007|40941053,00|1662466332921|LendingPoint
21990232611630|4883873420418231792|30378734,00|1661469580572|Upstart
2199023321662|4723432683693157873|7456439,00|1612222745964|Navy Federal Credit Union
19791209326079|4895132419486658034|71609946,00|1665001393086|Earnest
19791209326079|4895413894463368691|35234448,00|1665028631731|Fundbox
19791209326079|4907235843485216244|96928868,00|1668651884906|Roofstock
6597069802767|4721462358856183285|20369538,00|1611615823155|Peerform
6597069802767|4696692560905645558|29774676,00|1604028805325|PNC Bank
4398046577215|4688529786581036535|31763586,00|1601446385859|Fundbox
4398046577215|4707670084997361144|75147991,00|1607402271458|State Farm Bank
10995116353871|4828422850006232569|95016990,00|1644509490993|Funding Circle
16112|4777757354198314490|14136364,00|1628934943149|US Bank
13194139589424|4908924693345480187|71815733,00|1669190867220|Fundrise
10995116283873|4777475879221603836|92074757,00|1628789731274|Capital One
8796093038321|4842778073818476029|14524703,00|1648870353119|LightStream
8796093038321|4748202481643695614|28664247,00|1619846113104|Citibank
13194139559425|4879088345814150655|46005704,00|1660023252592|Roofstock
13194139559425|4748202481643695616|64106161,00|1619856207950|Best Egg
13194139559425|4774379654477786625|59445407,00|1627869996153|State Farm Bank
13194139559425|4904139618741399042|68178855,00|1667702771064|American Express
4398046547217|4681492912163270147|34531333,00|1599331438127|OneMain Financial
4398046547217|4739476757365665284|11193755,00|1617167160359|OnDeck
4398046547217|4803090102102273541|36072031,00|1636693828459|Rocket Loans
4398046547217|4700351735602884102|65817467,00|1605123897181|RealtyMogul
13194139589425|4889502919952444935|20324586,00|1663275819410|SoFi
13194139589425|4862481322188221960|2631930,00|1654893217259|Best Egg
2199023331665|4844748398655450633|43772200,00|1649470622997|Rocket Loans
26388279092738|4881340145627835914|70383841,00|1660744417544|Avant
2199023291666|4848689048329399819|76668625,00|1650708542664|Capital One
21990232601634|4870925571489541644|28371829,00|1657569666967|US Bank
21990232601634|4868392296699145741|50382940,00|1656749337584|OnDeck
21990232601634|4908361743392058894|77072604,00|1669008614228|SoFi
21990232601634|4914554192879693327|3083598,00|1670940569000|Upstart
21990232611634|4905546993624952336|15354481,00|1668172999083|Wells Fargo
21990232611634|4846718723492425233|11626238,00|1650126236085|State Farm Bank
21990232611634|4879088345814150674|49347232,00|1660037703959|Upstart
21990232611634|4866984921815592467|57590437,00|1656324774107|TD Bank
10995116353874|4820541550658334228|95559461,00|1642041084877|RealtyMogul
19791209316083|4893162094649683477|74181851,00|1664340061209|US Bank
6597069802771|4834052349540445718|18754490,00|1646229544487|Citibank
21990232621635|4867829346745724439|42478438,00|1656558811477|American Express
13194139559428|4757491155875147288|11167513,00|1622705186986|OnDeck
13194139559428|4763683605362781721|39538515,00|1624576905299|American Express
13194139559428|4802808627125562906|14967133,00|1636570275393|Upstart
17592186080532|4816882375961095707|26332230,00|1640881234965|Rocket Loans
24189255857188|4884717845348363804|75764829,00|1661743022105|OneMain Financial
10995116303877|4881903095581257245|25738456,00|1660907474846|TD Bank
10995116303877|4917368942646799902|23529287,00|1671772728182|Discover
10995116303877|4918776317530353183|97648123,00|1672239892720|LightStream
10995116303877|4899917494090739232|86892374,00|1666458165097|LightStream
17592186080533|4783386853732527649|38348978,00|1630604483101|Fundbox
13194139579429|4902732243857845794|35642706,00|1667289426156|US Bank
13194139579429|4910050593252322851|94602515,00|1669511079326|Earnest
24189255877189|4859666572421115428|67950259,00|1654109952557|LendingClub
13194139609429|4784794228616080933|51291356,00|1631067276905|Navy Federal Credit Union
13194139609429|4801682727218720294|6712246,00|1636270735099|Patch of Land
13194139609429|4775224079407918631|83044610,00|1628142531223|TD Bank
17592186050534|4844466923678740008|84915437,00|1649378677733|Fundbox
4398046537222|4782823903779106345|60209455,00|1630490191250|Bank of America
24189255847190|4852066748049927722|84146460,00|1651708500604|Kabbage
24189255847190|4853474122933481003|55776134,00|1652150561742|BlueVine
24189255847190|4918494842553642540|71856461,00|1672142857946|Fundbox
2199023301670|4717521709182234157|79071896,00|1610415531419|RealtyMogul
4398046587222|4811815826380303918|65141528,00|1639361051351|Navy Federal Credit Union
8796093028327|4883591945441521199|70391224,00|1661400113774|RealtyMogul
8796093028327|4787890453359898160|29351545,00|1632041425823|Prosper
8796093028327|4910895018182454833|89316930,00|1669779860876|PNC Bank
8796093028327|4917087467670089266|70193285,00|1671702537996|Wells Fargo
28587302338295|4913146817996140083|73936681,00|1670504843406|SoFi
8796093048327|4755239356061462068|6926035,00|1621995052559|Bank of America
6597069802775|4698944360719330869|3293607,00|1604669580405|Wells Fargo
6597069802775|4860792472327958070|21944352,00|1654387347387|American Express
6597069802775|4730469558110924343|79492552,00|1614393656804|Chase Bank
6597069802775|4844185448702029368|686441,00|1649340533408|Capital One
2199023311671|4820260075681623609|87620644,00|1641918520016|OnDeck
28587302388295|4916243042739957306|9857559,00|1671483606237|RealtyMogul
30786325583848|4919339267483774523|2975892,00|1672374495626|Rocket Loans
2199023291672|4870925571489541692|62452194,00|1657544926889|Chase Bank
19791209346088|4844466923678740029|10956417,00|1649400401169|Earnest
19791209346088|4850659373166374462|92583488,00|1651298421496|American Express
15393162844984|4833770874563735103|21674097,00|1646087158261|LendingClub
15393162844984|4887814070092181056|75576208,00|1662694949241|Bank of America
15393162844984|4883028995488099905|34372643,00|1661249660068|Upstart
17592186110536|4817163850937806402|80956349,00|1641022357380|Roofstock
17592186110536|4875147696140201539|7645448,00|1658819275488|OneMain Financial
28587302328297|4903858143764688452|11075637,00|1667663937937|Upstart
21990232591641|4849251998282821189|5209425,00|1650828332108|Marcus by Goldman Sachs
21990232591641|4872895896326516294|54167592,00|1658118714805|Best Egg
21990232591641|4864451647025196615|4885839,00|1655499595725|Avant
24189255857193|4904984043671531080|67200578,00|1667995208265|Earnest
24189255857193|4918776317530353225|82857777,00|1672245543847|State Farm Bank
24189255857193|4866703446838881866|9526665,00|1656197699144|BlueVine
6597069822777|4841933648888344139|81954209,00|1648578930895|Bank of America
6597069822777|4779164729081867852|56846763,00|1629305448424|Fundbox
17592186120537|4901324868974292557|43311935,00|1666872176082|Citibank
4398046527226|4777194404244893262|23193911,00|1628723839931|Bank of America
28587302348298|4903013718834556495|40942297,00|1667370718894|SoFi
8796093068330|4798023552521481808|61532374,00|1635118214365|Marcus by Goldman Sachs
8796093068330|4758898530758700625|91059625,00|1623120755380|SunTrust
8796093068330|4803934527032405586|44696187,00|1636913523803|OneMain Financial
8796093068330|4824482200332283475|21583792,00|1643261410727|Earnest
28587302378298|4912865343019429460|6555938,00|1670419616073|Upgrade
10995116343882|4818852700798070357|424666,00|1641517520985|OnDeck
28587302398298|4894569469533236822|85994896,00|1664793763989|Peerform
13194139539435|4901324868974292567|56534929,00|1666855708640|Capital One
13194139539435|4863888697071775320|68102964,00|1655394607648|BlueVine
24189255847195|4872332946373095001|78748545,00|1657937702489|American Express
24189255847195|4913428292972850778|43547222,00|1670558766393|Chase Bank
24189255847195|4913428292972850779|43914133,00|1670620258419|Funding Circle
8796093068331|4807875176706354780|91552476,00|1638120840859|OneMain Financial
4398046577227|4684307661930376797|22790941,00|1600234695811|Kabbage
2199023331675|4851785273073217118|14051046,00|1651631708723|Earnest
2199023331675|4731876932994477663|87601025,00|1614812288314|Navy Federal Credit Union
2199023331675|4823637775402151520|51245734,00|1642968852887|Best Egg
2199023331675|4909487643298901601|83945463,00|1669357172626|PNC Bank
6124|4748765431597117026|32713855,00|1620037849597|American Express
6124|4879088345814150755|43637672,00|1660039748205|PNC Bank
6124|4720054983972630116|95926348,00|1611215922706|LendingClub
17592186070540|4807030751776222821|78689983,00|1637889825720|Wells Fargo
17592186070540|4846155773539004006|75564445,00|1649954379764|Rocket Loans
17592186070540|4854600022840323687|62560586,00|1652468371467|Roofstock
17592186070540|4877680970930597480|68080342,00|1659612712699|LendingClub
8796093058332|4805623376892669545|62340157,00|1637481556853|Capital One
8796093058332|4772972279594233450|54200697,00|1627473635914|TD Bank
8796093058332|4822511875495308907|56897690,00|1642617009741|Roofstock
8796093068332|4743980356993035884|73898038,00|1618557389294|US Bank
8796093068332|4726247433460264557|97514355,00|1613045567833|Bank of America
6597069822780|4854318547863613038|63714517,00|1652388927808|OneMain Financial
66124|4757209680898436719|24124989,00|1622593537709|Chase Bank
17592186120540|4876555071023754864|5196511,00|1659213648411|Citibank
19791209316093|4872895896326516337|13994986,00|1658123980068|OneMain Financial
17592186070541|4910050593252322930|64668309,00|1669568614747|Bank of America
17592186070541|4871488521442963059|19333386,00|1657683012609|Peerform
26388279102749|4911739443112586868|55196738,00|1670027865623|Funding Circle
30786325623853|4917650417623510645|92449469,00|1671922918738|Marcus by Goldman Sachs
30786325623853|4917368942646799990|78210129,00|1671810206654|Rocket Loans
56125|4741728557179350647|65456977,00|1617874373327|Upgrade
56125|4761150330572385912|53960130,00|1623823387778|State Farm Bank
56125|4739476757365665401|43377647,00|1617126481649|Citibank
56125|4767905730013441658|52200673,00|1625846364101|Discover
66125|4613657442776002171|95780649,00|1578527844950|Rocket Loans
66125|4619849892263636604|25694547,00|1580363771432|Navy Federal Credit Union
66125|4639271665656671869|19825113,00|1586396505624|LightStream
13194139609437|4859666572421115518|72809845,00|1654032400798|Chase Bank
13194139609437|4847563148422557311|25343972,00|1650313043860|LightStream
13194139609437|4839400374097948288|36505435,00|1647825419864|LendingClub
13194139539438|4790142253173583489|37370190,00|1632681868152|TD Bank
13194139559438|4788734878290030210|67783648,00|1632237380319|Peerform
15393162824990|4892880619672972931|97705526,00|1664263385365|American Express
24189255857198|4869799671582699140|5706644,00|1657170595632|Roofstock
8796093088334|4906954368508505733|72210156,00|1668617237836|Capital One
4398046587230|4833207924610313862|91283205,00|1645970497727|SunTrust
4398046587230|4709921884811046535|34555800,00|1608085237694|Bank of America
15393162794991|4813504676240567944|29601325,00|1639907150428|Best Egg
15393162794991|4872051471396384393|28744085,00|1657861419099|LightStream
6597069782783|4910332068229033610|74168397,00|1669597103019|RealtyMogul
6597069782783|4836022674377420427|54525105,00|1646831092574|LightStream
6597069782783|4813786151217278604|97270079,00|1639974136075|Best Egg
24189255837199|4882466045534678669|71516927,00|1661104064199|Rocket Loans
24189255837199|4894006519579815566|91927697,00|1664648346950|SoFi
24189255837199|4875992121070333583|5527961,00|1659070664913|BlueVine
21990232591647|4866703446838881936|64232565,00|1656224470799|American Express
21990232591647|4900480444044160657|16338826,00|1666567630564|Peerform
21990232591647|4901324868974292626|94973825,00|1666834919073|SoFi
21990232591647|4886969645162049171|26258564,00|1662429292426|State Farm Bank
28587302368303|4910613543205744276|92654684,00|1669730458666|US Bank
28587302368303|4899073069160607381|19504509,00|1666193488025|American Express
26388279122751|4901887818927713942|49979604,00|1667004170928|SoFi
26388279122751|4893443569626394263|24166603,00|1664485280637|Bank of America
26388279122751|4879932770744282776|4526166,00|1660300886310|Patch of Land
26388279122751|4911739443112586905|79434731,00|1670026624558|BlueVine
21990232561648|4847000198469136026|81064188,00|1650208181290|Best Egg
21990232561648|4901324868974292635|11238104,00|1666909256888|Earnest
21990232561648|4852911172980059804|69718126,00|1651984146345|OneMain Financial
21990232561648|4907235843485216413|60842994,00|1668667265947|Marcus by Goldman Sachs
8796093058336|4779727679035289246|10180328,00|1629475281353|Rocket Loans
8796093058336|4824482200332283551|9137983,00|1643263120329|OnDeck
10995116303889|4811534351403593376|83002743,00|1639290776620|Roofstock
10995116303889|4833489399587024545|1649472,00|1646028541494|Prosper
24189255847201|4904984043671531170|84774179,00|1668027244411|Upgrade
24189255847201|4918213367576932003|75770356,00|1672062699080|PNC Bank
24189255847201|4906672893531795108|47981965,00|1668491047677|Kabbage
24189255847201|4904421093718109861|16931938,00|1667850026456|OnDeck
2199023301681|4663478513653788326|97549018,00|1593777059822|Fundbox
10995116333889|4913428292972850855|25058749,00|1670595765902|PNC Bank
4398046577233|4812660251310436008|56253276,00|1639662291777|Citibank
4398046577233|4897102744323632809|67771050,00|1665595527414|BlueVine
4398046577233|4828985799959654058|69093722,00|1644644959104|Citibank
2199023331681|4646308540074438315|27430149,00|1588513935454|OnDeck
2199023331681|4731876932994477740|97455903,00|1614763629233|LightStream
2199023331681|4829548749913075373|21962892,00|1644854110151|Navy Federal Credit Union
10995116283890|4892317669719551662|40905320,00|1664122022239|Chase Bank
10995116283890|4805904851869380271|34211065,00|1637534352854|Bank of America
10995116283890|4799712402381745840|66560913,00|1635668096371|Fundbox
19791209316098|4835741199400709809|72520293,00|1646700866792|Roofstock
19791209316098|4912020918089297586|23715050,00|1670183070886|Chase Bank
19791209316098|4893443569626394291|61119520,00|1664414830107|Best Egg
19791209316098|4894850944509947572|85194121,00|1664900611218|Fundrise
8796093048338|4846718723492425397|98127474,00|1650052874986|Upgrade
28587302358306|4905828468601663158|77992544,00|1668284294767|LightStream
46130|4862762797164932791|90372863,00|1655031625749|Prosper
46130|4678396687419453112|69979032,00|1598382287278|State Farm Bank
19791209356098|4907517318461927097|11077691,00|1668751326512|LendingPoint
21990232621650|4884154895394942650|58615168,00|1661582459476|BlueVine
21990232621650|4886125220231917243|15928986,00|1662197868031|Patch of Land
28587302338307|4903576668787977916|29002123,00|1667586616561|Capital One
6597069832787|4860229522374536893|44848860,00|1654249730658|State Farm Bank
28587302398307|4919620742460485310|72283322,00|1672462828196|Fundbox
28587302398307|4906391418555084479|1976149,00|1668462038250|Earnest
19791209326100|4871488521442963136|51835713,00|1657705231296|Citibank
19791209336100|4875992121070333633|84744426,00|1659073212090|Upgrade
10995116343892|4894006519579815618|47310681,00|1664621982112|RealtyMogul
6597069772789|4866984921815592643|12200525,00|1656353013717|State Farm Bank
6597069772789|4843341023771897540|51743217,00|1649061770744|Peerform
6597069772789|4777475879221604037|74054891,00|1628807275107|American Express
26388279082757|4912020918089297606|93557095,00|1670163562235|Fundrise
28587302348309|4908080268415348423|22385152,00|1668932042268|Patch of Land
28587302368309|4907798793438637768|12346411,00|1668813224957|Earnest
28587302368309|4913428292972850889|55786180,00|1670606034167|OnDeck
2199023261686|4717521709182234314|11046149,00|1610414430275|OneMain Financial
26388279092758|4897947169253764811|3818584,00|1665845801417|Bank of America
26388279092758|4896539794370211532|56004079,00|1665424504446|Fundbox
26388279092758|4917087467670089421|18755443,00|1671739575185|Roofstock
26388279092758|4902169293904424654|31868964,00|1667126119228|Bank of America
17592186080550|4917087467670089423|75212994,00|1671744487415|American Express
17592186080550|4823356300425440976|77349961,00|1642932993268|LightStream
17592186080550|4811534351403593425|39353625,00|1639307243143|US Bank
17592186080550|4869518196605988562|57755331,00|1657118609718|State Farm Bank
15393162834998|4855725922747166419|88927213,00|1652874159669|Upgrade
15393162834998|4835741199400709844|94530344,00|1646728164831|SunTrust
19791209356102|4823919250378862293|80772847,00|1643058369333|Best Egg
19791209356102|4884154895394942678|86118197,00|1661558655099|Prosper
19791209356102|4875147696140201687|44944110,00|1658829743558|LendingClub
19791209356102|4869799671582699224|5367338,00|1657194538392|State Farm Bank
15393162864998|4777757354198314713|61577049,00|1628876533517|SoFi
15393162864998|4780009154011999962|28509518,00|1629619303901|Fundbox
17592186050551|4794645852800954075|64923568,00|1634072183771|Prosper
10995116293895|4872614421349805788|18285718,00|1658072961177|LendingClub
17592186070551|4897384219300343517|99895050,00|1665683576339|OnDeck
2199023301687|4863044272141643486|22123273,00|1655138123646|Wells Fargo
4398046577239|4839118899121237727|54163541,00|1647720282496|SoFi
4398046577239|4783105378755817184|54164074,00|1630515123947|Prosper
4398046577239|4720617933926051553|1347082,00|1611339818891|LightStream
4398046577239|4749046906573827810|10441768,00|1620088195390|Fundrise
24189255887207|4906954368508505827|6363005,00|1668571311383|TD Bank
21990232571656|4850659373166374628|12316316,00|1651262141852|Bank of America
17592186070552|4825889575215836901|41629708,00|1643723237730|OneMain Financial
17592186070552|4873740321256648422|56172747,00|1658349435415|Navy Federal Credit Union
17592186070552|4858822147490983655|20820348,00|1653814353228|Best Egg
13194139569448|4888095545068891880|50947567,00|1662813528725|American Express
13194139569448|4783105378755817193|69127349,00|1630545694769|Funding Circle
13194139569448|4893443569626394346|39461613,00|1664441030797|US Bank
13194139569448|4899636019114028779|23700253,00|1666329401806|PNC Bank
24189255857208|4859103622467694316|28108792,00|1653934110286|SunTrust
24189255857208|4871207046466252525|54884414,00|1657573380648|LightStream
24189255857208|4912583868042718958|51538923,00|1670362842677|Wells Fargo
24189255857208|4857414772607430383|1252826,00|1653365303747|Marcus by Goldman Sachs
26388279132760|4915961567763246832|31603570,00|1671405286153|Rocket Loans
26388279132760|4893162094649683697|66853896,00|1664324185835|OnDeck
26388279132760|4888658495022313202|91093576,00|1663005565552|BlueVine
26388279132760|4881058670651125491|78996479,00|1660604639226|SoFi
13194139609448|4888095545068891892|34040094,00|1662806808663|Patch of Land
13194139609448|4794927327777664757|16632462,00|1634198476309|TD Bank
13194139609448|4900480444044160758|22589382,00|1666630661869|Patch of Land
13194139609448|4874303271210069751|74495926,00|1658526412806|Kabbage
6597069772793|4811534351403593464|70862170,00|1639278184528|Citibank
6597069772793|4856851822654009081|6694550,00|1653212866242|OnDeck
8796093038345|4859666572421115642|57349269,00|1654060768384|Capital One
8796093038345|4784512753639370491|34184821,00|1631005986885|BlueVine
8796093038345|4898228644230475516|24705520,00|1665903184892|Chase Bank
36137|4633923641099169533|58789475,00|1584689979035|American Express
36137|4821104500611755774|36943673,00|1642257231132|TD Bank
13194139599449|4826452525169258239|12801104,00|1643842048421|Upgrade
21990232561658|4850096423212953344|33782229,00|1651162204059|SoFi
21990232561658|4860510997351247617|24512410,00|1654310346358|SunTrust
21990232561658|4890910294835998466|99568499,00|1663663898952|RealtyMogul
13194139549450|4782542428802395907|564171,00|1630376107615|Fundrise
26138|4807593701729644292|85577010,00|1638111888303|State Farm Bank
26138|4856288872700587781|91913662,00|1652989987909|Capital One
26138|4875429171116912390|68994402,00|1658949891274|Kabbage
26138|4794364377824243463|70050465,00|1634015669412|Patch of Land
15393162825002|4908361743392059144|71224735,00|1669039927354|Earnest
15393162825002|4790423728150294281|14340970,00|1632751229445|Chase Bank
26388279112762|4912020918089297674|77638090,00|1670188572087|Prosper
28587302378314|4906672893531795211|44647851,00|1668474022341|Chase Bank
28587302378314|4899636019114028812|19863883,00|1666383327193|OneMain Financial
66138|4841089223958212365|53852738,00|1648401270169|PNC Bank
8796093098346|4737506432528690958|4001772,00|1616543393934|Best Egg
19791209306107|4819134175774781199|93645497,00|1641624611629|Best Egg
19791209306107|4856570347677298448|12742648,00|1653139374031|LightStream
19791209306107|4825608100239126289|17098291,00|1643565697930|Upstart
19791209306107|4893725044603105042|79338625,00|1664489554590|Fundrise
16139|4693314861185117971|27366580,00|1602980704391|OnDeck
28587302388315|4917087467670089492|8981678,00|1671747294688|Navy Federal Credit Union
28587302388315|4904139618741399317|58383437,00|1667755623305|Upgrade
28587302388315|4896258319393500950|439873,00|1665334489747|TD Bank
2199023261692|4767061305083309847|32413842,00|1625591638305|PNC Bank
2199023261692|4638427240726540056|66753644,00|1586091231557|State Farm Bank
26140|4665448838490763033|13238668,00|1594384368664|Fundrise
21990232591660|4877680970930597658|41276684,00|1659641226503|Rocket Loans
21990232591660|4917931892600221467|3498535,00|1672011521729|Kabbage
21990232591660|4915680092786536220|47403960,00|1671311273052|Bank of America
2199023301692|4736943482575269661|16375975,00|1616377742532|OneMain Financial
2199023301692|4898228644230475550|71275974,00|1665956223725|Peerform
15393162845004|4837992999214395167|51236385,00|1647451429295|LightStream
15393162845004|4832363499680182048|22127117,00|1645643521321|Earnest
15393162845004|4881340145627836193|92968193,00|1660762647779|Funding Circle
10995116293901|4793238477917400866|16632447,00|1633685306414|SoFi
10995116293901|4915398617809825571|33674896,00|1671185333945|Roofstock
10995116293901|4780290628988710692|24979266,00|1629669298357|SunTrust
19791209356109|4837992999214395173|70919256,00|1647387775356|SoFi
66141|4847563148422557478|31618766,00|1650369768084|Marcus by Goldman Sachs
66141|4806186326846091047|51204760,00|1637615721550|Wells Fargo
66141|4886406695208628008|6239047,00|1662298543485|Earnest
66141|4661789663793524521|98028299,00|1593316296764|Chase Bank
10995116283902|4807030751776223018|26491658,00|1637925617581|Wells Fargo
17592186060558|4858540672514273067|80887199,00|1653705511922|Citibank
21990232581662|4843059548795186988|1330350,00|1648995158818|BlueVine
10995116313902|4760587380618964781|91701705,00|1623652912807|Wells Fargo
10995116313902|4789579303220162350|5984500,00|1632500175674|American Express
10995116313902|4908361743392059183|45062481,00|1669069485563|Prosper
26388279112766|4919620742460485424|11895076,00|1672520574166|Patch of Land
26388279112766|4909487643298901809|95390068,00|1669364555167|SunTrust
26388279112766|4912583868042719026|83403748,00|1670346769376|LightStream
2199023311694|4864451647025196851|51950020,00|1655530220543|Upstart
15393162855006|4872614421349805876|59029115,00|1658012822182|SoFi
15393162855006|4862199847211511605|17363525,00|1654807546892|Prosper
15393162855006|4824763675308994358|31381518,00|1643323813139|Roofstock
15393162855006|4884717845348364087|17524677,00|1661732852876|Navy Federal Credit Union
76142|4751298706387513144|65904393,00|1620769847312|American Express
76142|4807593701729644345|65623008,00|1638084639705|Wells Fargo
2199023281695|4699507310672752442|25271857,00|1604904093106|Upgrade
2199023281695|4795771752707796795|22148239,00|1634450608628|LendingPoint
2199023281695|4810689926473461564|81290232,00|1638998276603|LendingClub
28587302358319|4909769118275612477|43554028,00|1669457636143|State Farm Bank
28587302358319|4908361743392059198|88882544,00|1668986124475|Roofstock
28587302358319|4905828468601663295|31333720,00|1668278663376|American Express
8796093068351|4866703446838882112|67809206,00|1656205961676|Marcus by Goldman Sachs
56143|4657849014119575361|54116237,00|1592075121145|Wells Fargo
56143|4835459724423999298|98796171,00|1646609275227|Navy Federal Credit Union
19791209366111|4836867099307552579|25538460,00|1647078299112|Fundrise
28587302328320|4911176493159165764|89899955,00|1669863409353|Chase Bank
28587302338320|4916524517716668229|76837943,00|1671537103767|Peerform
8796093048352|4907798793438637894|5231582,00|1668821431863|Rocket Loans
15393162825008|4783949803685949255|45278449,00|1630815648834|Fundrise
24189255877216|4869799671582699336|15691277,00|1657161438425|Marcus by Goldman Sachs
24189255877216|4909769118275612489|26919088,00|1669447436419|Rocket Loans
24189255877216|4917368942646800202|84952105,00|1671801736268|Fundbox
24189255887216|4879369820790861643|99687581,00|1660113539957|Citibank
19791209306113|4854881497817034572|41383525,00|1652561678342|State Farm Bank
28587302338321|4902732243857846093|64412580,00|1667326928919|Chase Bank
28587302338321|4912302393066008398|28484624,00|1670219901148|Prosper
28587302338321|4919339267483774799|44566898,00|1672441955157|Avant
28587302338321|4904421093718110032|42726527,00|1667840600445|PNC Bank
19791209326113|4847281673445846865|44751210,00|1650288359930|Citibank
30786325633873|4915961567763246930|1757539,00|1671347772789|RealtyMogul
30786325633873|4911176493159165779|91933080,00|1669927067404|Rocket Loans
30786325633873|4912865343019429716|45813730,00|1670388408541|American Express
30786325653873|4917087467670089557|74455633,00|1671717397118|Fundrise
21990232571666|4830111699866496854|29342184,00|1644996810207|Navy Federal Credit Union
2199023281698|4675300462675636055|60408901,00|1597432733016|Wells Fargo
6597069812802|4733002832901320536|33666880,00|1615192321372|State Farm Bank
2199023311698|4741447082202640217|66315973,00|1617780438924|Upgrade
2199023311698|4776349979314761562|57008403,00|1628510081271|Fundrise
2199023311698|4765935405176467291|63077035,00|1625242337844|Rocket Loans
2199023311698|4711610734671310684|33118128,00|1608539346766|Navy Federal Credit Union
24189255877218|4874303271210069853|5372180,00|1658593645370|SunTrust
24189255877218|4877399495953887070|96250487,00|1659527087653|Funding Circle
19791209376114|4870081146559410015|29535054,00|1657300797307|Rocket Loans
19791209376114|4816600900984385376|35544391,00|1640846989242|Wells Fargo
19791209306115|4824763675308994401|2310808,00|1643359956700|OnDeck
46147|4761994755502518114|58693047,00|1624068051166|LendingPoint
19791209366115|4812941726287146851|10491808,00|1639700298146|LendingPoint
76147|4885843745255206756|85225829,00|1662150772519|Fundrise
2199023291700|4738913807412244325|52309873,00|1616935053315|LendingClub
2199023291700|4797460602568060774|9872038,00|1634932115751|American Express
2199023291700|4775787029361340263|95136555,00|1628334404820|Best Egg
2199023291700|4809282551589908328|20833275,00|1638588166480|OneMain Financial
10995116323908|4844185448702029673|26395504,00|1649344084534|PNC Bank
10995116323908|4751580181364223850|67095803,00|1620863489358|SoFi
15393162795013|4814349101170700139|87307834,00|1640166980943|Peerform
15393162795013|4845592823585582956|89976226,00|1649747453792|Discover
15393162795013|4847844623399268205|90825753,00|1650460270938|Capital One
8796093038357|4892599144696262510|75765173,00|1664197881774|Kabbage
8796093038357|4722869733739736943|73422406,00|1612027452472|Earnest
17592186080565|4809564026566618992|3583255,00|1638686030575|Prosper
17592186080565|4828422850006232945|88689316,00|1644473364019|Chase Bank
17592186080565|4900198969067450226|69109256,00|1666543495032|Navy Federal Credit Union
17592186080565|4854881497817034611|26214474,00|1652630356791|Patch of Land
24189255867221|4901887818927714164|16770286,00|1667073673046|BlueVine
6597069842805|4893162094649683829|16118749,00|1664370017710|LendingClub
15393162805014|4824763675308994422|16238543,00|1643386706742|SoFi
15393162805014|4866140496885460855|41615094,00|1656064331525|Upgrade
15393162805014|4822793350472019832|1010751,00|1642705224151|Peerform
15393162805014|4890347344882577273|39880065,00|1663523781430|US Bank
30786325643878|4919057792507064186|40704319,00|1672328939049|Chase Bank
13194139609462|4845311348608872315|70868531,00|1649652106859|LendingClub
13194139609462|4850659373166374780|16930708,00|1651298515274|Marcus by Goldman Sachs
6597069772807|4777194404244893565|33117499,00|1628734208080|Kabbage
6597069782807|4818571225821359998|48729779,00|1641476970633|Navy Federal Credit Union
6597069782807|4839681849074659199|1690294,00|1647924139362|LendingClub
26151|4821948925541887872|99635989,00|1642512963712|SoFi
4398046567255|4834333824517156737|10769575,00|1646269630540|RealtyMogul
21990232621671|4898510119207186306|23277922,00|1665991219969|PNC Bank
10995116303912|4863607222095064963|69223235,00|1655278807635|US Bank
21990232591672|4883310470464810884|70375311,00|1661316648481|LendingClub
4398046557256|4740321182295797637|96347826,00|1617380562403|OneMain Financial
30786325633880|4919057792507064198|62486874,00|1672336308012|Roofstock
21990232631672|4914554192879693703|92125792,00|1670902638546|Avant
21990232631672|4919339267483774856|46839149,00|1672429952585|Patch of Land
21990232561673|4892880619672973193|89650747,00|1664244244034|Avant
8796093038361|4909206168322191242|20122891,00|1669269217585|Marcus by Goldman Sachs
8796093038361|4800275352335167371|11572129,00|1635780063521|Bank of America
8796093038361|4801964202195431308|76797056,00|1636300941185|Fundrise
15393162815017|4801964202195431309|91459362,00|1636305372366|Capital One
15393162815017|4861918372234801038|7408047,00|1654802218427|Fundrise
15393162815017|4798305027498192783|74660848,00|1635208891044|Rocket Loans
15393162815017|4910332068229033872|59639340,00|1669660030424|Chase Bank
6597069812809|4850377898189664145|64640848,00|1651244090436|Marcus by Goldman Sachs
21990232611673|4907235843485216658|9509007,00|1668659250471|TD Bank
21990232611673|4885280795301785491|32255353,00|1661946097496|LendingClub
15393162795018|4870925571489542036|58944697,00|1657498135380|Bank of America
15393162795018|4879088345814151061|72651495,00|1660000337135|Bank of America
21990232581674|4865577546932039574|42781901,00|1655881548247|Kabbage
17592186080570|4810408451496750999|55963105,00|1638951743520|Fundrise
17592186080570|4822230400518598552|80247918,00|1642596293419|SunTrust
26388279112778|4919620742460485529|31324289,00|1672496374795|State Farm Bank
4398046577258|4754676406108041114|90987124,00|1621811745632|SoFi
4398046577258|4757772630851858331|62828479,00|1622789561746|Fundrise
76154|4807875176706355100|23311694,00|1638175658331|Discover
19791209306123|4839681849074659229|80518972,00|1647969321800|Upstart
2199023281707|4872051471396384670|47339433,00|1657844695745|Bank of America
2199023321707|4784794228616081311|53949191,00|1631073767750|US Bank
15393162865019|4817726800891228064|58153855,00|1641146147008|Chase Bank
21990232571676|4872332946373095329|82345254,00|1657938803293|Patch of Land
26156|4812378776333725602|222848,00|1639548107251|Upstart
26156|4808719601636487075|83923909,00|1638437945397|SoFi
19791209376124|4852911172980060068|83684295,00|1652013327691|Capital One
15393162795021|4790705203127005093|95894913,00|1632886519394|Navy Federal Credit Union
6597069782813|4766498355129888678|49026,00|1625430777632|Funding Circle
10995116303917|4759180005735411623|65592223,00|1623154452415|Upstart
10995116303917|4778038829175025576|50617618,00|1629001255579|Citibank
8796093058365|4898791594183897001|60586574,00|1666122736431|RealtyMogul
8796093058365|4919057792507064234|62986197,00|1672327058954|Chase Bank
17592186090573|4904984043671531435|25273673,00|1667966950645|American Express
17592186090573|4808156651683065772|71579788,00|1638209094817|LendingClub
17592186090573|4877118020977176493|12101725,00|1659472166075|RealtyMogul
17592186090573|4864451647025196974|55999273,00|1655524785290|Fundbox
2199023311709|4785357178569502639|24577230,00|1631227289475|Chase Bank
2199023311709|4913428292972851120|46520117,00|1670575557163|PNC Bank
2199023311709|4880495720697704369|80277910,00|1660463949275|SunTrust
2199023311709|4910332068229033906|75886727,00|1669669398688|Kabbage
2199023321709|4666293263420895155|32566368,00|1594644298161|TD Bank
2199023321709|4744824781923168180|91819313,00|1618785733544|SunTrust
6597069842813|4841652173911633845|70971596,00|1648536772652|TD Bank
28587302388334|4919339267483774902|88564288,00|1672376853559|Upgrade
28587302388334|4907235843485216695|86473422,00|1668695222330|American Express
28587302388334|4909206168322191288|85780323,00|1669291439644|LendingClub
28587302388334|4910895018182455225|3904216,00|1669793670594|OneMain Financial
28587302398334|4919057792507064250|50883993,00|1672306461881|SoFi
28587302398334|4907798793438638011|59261238,00|1668859910170|Fundrise
26388279072783|4908080268415348668|20925501,00|1668922565578|Upstart
21990232571679|4856851822654009277|70735316,00|1653233365447|OnDeck
21990232571679|4910050593252323262|15736404,00|1669578094575|Upstart
21990232571679|4849533473259532223|33000212,00|1650968759384|BlueVine
2199023301711|4900480444044160960|23652543,00|1666569001766|LendingPoint
2199023301711|4898791594183897025|68279394,00|1666061211656|LendingPoint
4398046567263|4784512753639370690|85360839,00|1630942747173|Patch of Land
4398046567263|4892317669719551939|92462329,00|1664069964970|SunTrust
4398046567263|4888939969999024068|42243988,00|1663103613437|SoFi
4398046567263|4745387731876589509|86620422,00|1618996912946|BlueVine
13194139599471|4786201603499634630|687339,00|1631454094404|OneMain Financial
13194139599471|4789016353266741191|91370455,00|1632370634699|Bank of America
13194139599471|4910895018182455240|31547605,00|1669823692625|Roofstock
13194139599471|4831237599773339593|35649845,00|1645291305992|Marcus by Goldman Sachs
15393162865023|4804778951962537930|97711938,00|1637172756080|Chase Bank
26160|4861918372234801099|59607401,00|1654777244905|Kabbage
2199023291712|4764809505269624780|53557912,00|1624897754634|Rocket Loans
2199023291712|4781135053918842829|84456597,00|1629902576273|Rocket Loans
46160|4811815826380304334|90620982,00|1639380962953|Earnest
4398046567264|4874303271210069967|34230815,00|1658592280456|LendingClub
4398046567264|4855725922747166672|4284201,00|1652826140102|Discover
4398046567264|4756646730945015761|17761395,00|1622376727315|Peerform
17592186110576|4828141375029522386|59065466,00|1644350832060|Peerform
17592186110576|4897665694277054419|26819158,00|1665756540830|Funding Circle
17592186110576|4815193526100832212|84918643,00|1640384972030|Rocket Loans
17592186110576|4862481322188222421|97534772,00|1654964511737|PNC Bank
4398046587264|4832363499680182230|63583856,00|1645685266875|Peerform
4398046587264|4667700638304448471|14400422,00|1595126162046|Kabbage
4398046587264|4740039707319087064|94504314,00|1617274588686|Funding Circle
4398046587264|4845029873632161753|37889331,00|1649560116155|Chase Bank
26388279072785|4883873420418232282|62084871,00|1661523532891|Navy Federal Credit Union
26388279072785|4881903095581257691|49472086,00|1660897503760|LightStream
26388279072785|4878806870837440476|33440712,00|1659911386002|American Express
4398046547265|4753269031224487901|89018777,00|1621387883678|RealtyMogul
4398046547265|4862199847211511774|93837693,00|1654883851663|Earnest
4398046547265|4885562270278496223|83089514,00|1662042535102|RealtyMogul
4398046547265|4815193526100832224|83353523,00|1640400211286|Marcus by Goldman Sachs
19791209346129|4876273596047044577|72305755,00|1659139698070|Navy Federal Credit Union
19791209346129|4904421093718110178|14543865,00|1667778577340|SoFi
19791209346129|4872051471396384739|99377052,00|1657879547706|Wells Fargo
19791209346129|4830393174843207652|88305752,00|1645107093686|Earnest
13194139589473|4821667450565177317|74793437,00|1642359429341|Fundrise
13194139589473|4789016353266741222|45166446,00|1632376251774|Upgrade
17592186110577|4841652173911633895|13672825,00|1648521881935|US Bank
19791209326130|4906109943578374120|94369318,00|1668346013513|SunTrust
19791209326130|4843059548795187177|89489941,00|1648986942195|Fundrise
13194139589474|4880214245720993770|50303869,00|1660342987777|Navy Federal Credit Union
13194139589474|4886125220231917547|37771410,00|1662200292907|State Farm Bank
13194139599474|4917087467670089708|80357657,00|1671725362086|LendingPoint
13194139609474|4753831981177909229|91611626,00|1621557617712|OneMain Financial
13194139609474|4787327503406477294|96871850,00|1631811707796|Capital One
13194139609474|4827296950099390447|10344114,00|1644118439926|Rocket Loans
6163|4723995633646579696|42964097,00|1612428161363|SoFi
6163|4701477635509727217|32720554,00|1605464467503|Upgrade
17592186070579|4877118020977176562|7689944,00|1659459429095|Patch of Land
17592186070579|4899073069160607731|59576400,00|1666172178390|Discover
17592186070579|4802527152148852724|71386782,00|1636531361427|US Bank
19791209346131|4827859900052811765|81357115,00|1644324135141|Marcus by Goldman Sachs
19791209346131|4853192647956770806|58778836,00|1652083944125|PNC Bank
19791209346131|4897947169253765111|63200842,00|1665786348011|Bank of America
19791209346131|4875429171116912632|1301274,00|1658898593601|Patch of Land
4398046567267|4702322060439859193|30511145,00|1605715480195|Kabbage
4398046567267|4695285186022092794|45675035,00|1603594244775|Discover
15393162795028|4913146817996140539|50577153,00|1670511737227|LendingClub
15393162795028|4825889575215837180|76654036,00|1643669445638|Upstart
21990232621684|4866140496885460989|56956126,00|1656024575241|Navy Federal Credit Union
17592186050581|4845874298562293758|76517033,00|1649873612667|BlueVine
10995116293925|4897665694277054463|95779460,00|1665773406012|Discover
10995116293925|4860229522374537216|22353924,00|1654269051571|Bank of America
10995116303925|4802527152148852737|42175872,00|1636475584782|Avant
10995116303925|4833770874563735554|57011487,00|1646100041669|Discover
10995116303925|4872051471396384771|63204229,00|1657891751596|Upgrade
10995116303925|4905265518648242180|89173488,00|1668099611401|Marcus by Goldman Sachs
24189255847237|4866703446838882309|42061861,00|1656272050643|RealtyMogul
24189255847237|4885280795301785606|44999664,00|1661956649457|American Express
6597069812821|4813786151217278983|57255831,00|1639972017439|Patch of Land
6597069812821|4830393174843207688|67597242,00|1645110161037|PNC Bank
6597069812821|4715832859321970697|99022385,00|1609891224035|American Express
28587302378341|4891473244789420042|82705624,00|1663834833782|State Farm Bank
28587302378341|4918494842553643019|57822841,00|1672156422887|Upgrade
28587302378341|4905828468601663500|68351379,00|1668253119216|Patch of Land
16166|4796616177637928973|85452656,00|1634710073648|Avant
19791209326134|4912302393066008590|65622794,00|1670212302339|Fundrise
19791209326134|4854037072886902799|70133628,00|1652355304565|Upgrade
19791209326134|4849251998282821648|81855599,00|1650907140893|TD Bank
19791209326134|4881621620604547089|24486452,00|1660845077332|PNC Bank
24189255867238|4900198969067450386|41157792,00|1666481893507|Capital One
76166|4898791594183897107|57218232,00|1666109461327|Fundbox
76166|4742010032156061716|8947428,00|1617942844136|US Bank
76166|4765935405176467477|21239873,00|1625286719361|Wells Fargo
28587302368343|4907235843485216790|93839293,00|1668687614417|Marcus by Goldman Sachs
13194139599479|4768750154943574039|74916071,00|1626176590679|BlueVine
4398046587271|4881058670651125784|18146222,00|1660616474000|PNC Bank
4398046587271|4679241112349585433|79148459,00|1598632740225|Bank of America
4398046587271|4766779830106599450|33188605,00|1625537446146|Marcus by Goldman Sachs
4398046587271|4845592823585583131|68500706,00|1649728930676|Upgrade
8796093078376|4718647609089077276|55064006,00|1610699656935|OnDeck
21990232621688|4903013718834556957|8644746,00|1667395164740|Navy Federal Credit Union
21990232621688|4853474122933481502|80640311,00|1652206487858|LightStream
19791209376136|4818852700798070815|57057208,00|1641490078371|PNC Bank
19791209376136|4826171050192547872|27551893,00|1643765661012|Earnest
4398046537273|4769313104896995361|3547886,00|1626330763593|Bank of America
4398046537273|4902169293904424994|688886,00|1667098067187|LendingPoint
4398046537273|4827859900052811811|95648240,00|1644294040792|Upstart
19791209346137|4819134175774781476|26922240,00|1641601591260|Wells Fargo
28587302378345|4915680092786536485|91893589,00|1671278010774|Upgrade
28587302378345|4908924693345480742|16247352,00|1669159549224|Citibank
15393162855033|4772972279594233895|96796495,00|1627436612611|Patch of Land
15393162855033|4868110821722435624|38804857,00|1656676240276|Navy Federal Credit Union
15393162855033|4866703446838882345|43344834,00|1656193573189|American Express
15393162855033|4919057792507064362|30354059,00|1672286621818|Wells Fargo
10995116353929|4891191769812709419|60412747,00|1663765690700|BlueVine
28587302328346|4910050593252323372|64433033,00|1669572655265|Funding Circle
17592186060586|4919620742460485677|87955313,00|1672515479861|SoFi
17592186060586|4852629698003349550|44747196,00|1651911838524|PNC Bank
17592186060586|4906109943578374191|90301973,00|1668367773313|State Farm Bank
17592186060586|4887532595115470896|6436578,00|1662625085740|Best Egg
21990232581690|4851785273073217585|11742859,00|1651617364368|Marcus by Goldman Sachs
21990232581690|4864170172048486450|10766740,00|1655409390095|American Express
21990232581690|4869799671582699571|32352275,00|1657168265985|OnDeck
13194139569482|4899917494090739764|97606426,00|1666441245757|Peerform
13194139569482|4825608100239126581|27084212,00|1643619094724|Navy Federal Credit Union
13194139569482|4834333824517156918|20290037,00|1646282747160|Avant
13194139569482|4790142253173583927|49894725,00|1632725277038|Roofstock
4398046557274|4693596336161828920|82586009,00|1603072791399|Upstart
19791209356138|4877680970930597945|7621437,00|1659602815772|SunTrust
19791209356138|4837711524237684794|48897944,00|1647313714734|Navy Federal Credit Union
19791209356138|4832082024703471675|71692550,00|1645587676139|Avant
19791209356138|4886125220231917628|65108869,00|1662177774884|Prosper
10995116303931|4737506432528691261|46279638,00|1616522591813|Fundrise
28587302358347|4909487643298902078|61295425,00|1669370846076|OnDeck
28587302358347|4898791594183897151|8776590,00|1666050808364|US Bank
28587302358347|4908361743392059456|43029880,00|1668996547848|Rocket Loans
28587302358347|4905546993624952897|24696228,00|1668144181524|Roofstock
15393162835035|4829267274936365122|6935949,00|1644744876433|American Express
15393162835035|4899354544137318467|67910132,00|1666286229650|RealtyMogul
13194139589483|4856288872700588100|97669152,00|1653033619584|Kabbage
13194139589483|4838837424144527429|73718494,00|1647700686089|OneMain Financial
13194139589483|4847844623399268422|11244907,00|1650432351342|Discover
13194139589483|4867266396792303687|87427697,00|1656397637499|Fundrise
30786325643899|4918494842553643080|13105667,00|1672132138568|OnDeck
8796093028380|4846155773539004489|68741713,00|1649892439750|BlueVine
8796093028380|4721180883879473226|13919428,00|1611480393109|Capital One
8796093028380|4734128732808163403|66761840,00|1615482780893|Wells Fargo
13194139549484|4857696247584141388|17914124,00|1653465787944|Navy Federal Credit Union
13194139549484|4796616177637929037|55732564,00|1634729983906|OnDeck
13194139549484|4868673771675856974|41325112,00|1656855868029|BlueVine
13194139549484|4761994755502518351|85438993,00|1624059322496|Fundrise
17592186070588|4851503798096506960|84783862,00|1651542990571|Best Egg
13194139579484|4750454281457381457|14829237,00|1620500290462|Citibank
13194139579484|4807593701729644626|86861159,00|1638060181845|BlueVine
10995116333932|4889784394929156179|87462724,00|1663286310814|Kabbage
10995116333932|4778883254105157716|11781554,00|1629268634328|Kabbage
10995116333932|4851785273073217621|90500648,00|1651655954113|Funding Circle
26388279132796|4881058670651125846|76651411,00|1660643935900|Funding Circle
26388279142796|4914554192879693911|36397099,00|1670904277501|Best Egg
26388279142796|4919620742460485720|8070308,00|1672525267276|SoFi
26173|4903858143764688985|88294665,00|1667637914685|Roofstock
13194139579485|4915398617809825882|25232417,00|1671200360139|Avant
13194139579485|4913709767949561947|75856429,00|1670680293808|OnDeck
28587302388349|4898510119207186524|74420758,00|1665977790902|Avant
28587302388349|4902450768881135709|40613268,00|1667187830089|Upgrade
28587302388349|4903013718834557022|26686382,00|1667408009644|Bank of America
28587302388349|4910895018182455391|59761635,00|1669825911970|OneMain Financial
17592186120589|4830111699866497120|89213827,00|1644949164384|Navy Federal Credit Union
17592186120589|4811252876426883169|83839179,00|1639215175267|Chase Bank
13194139569486|4803653052055695458|83984500,00|1636898605595|Roofstock
13194139569486|4913146817996140643|12555158,00|1670469538268|Peerform
56174|4907235843485216868|73336477,00|1668723236547|Discover
56174|4915398617809825893|82248848,00|1671223445812|Peerform
56174|4625760866774560870|786172,00|1582239872658|Kabbage
56174|4794082902847533159|50661338,00|1633939151602|Navy Federal Credit Union
21990232621694|4839963324051370088|50675498,00|1648020472932|LendingPoint
21990232621694|4912302393066008681|37925267,00|1670235000439|Prosper
21990232621694|4885843745255207018|19412033,00|1662115345140|Bank of America
21990232621694|4914272717902983275|33463879,00|1670883565514|Avant
24189255817247|4901324868974293100|96029609,00|1666906577018|Navy Federal Credit Union
10995116293935|4790705203127005293|10649176,00|1632878183951|Upstart
6597069792831|4740602657272508526|34293655,00|1617481909914|SoFi
21990232591695|4906391418555084911|15614517,00|1668384203577|Roofstock
21990232591695|4878243920884019312|77601523,00|1659805005877|Navy Federal Credit Union
21990232591695|4861918372234801265|71520324,00|1654733780812|Bank of America
21990232591695|4889502919952445554|91664084,00|1663271480660|OneMain Financial
2199023301727|4841652173911634035|98158995,00|1648574691072|Citibank
13194139589487|4830956124796629108|57350300,00|1645263741903|LendingClub
13194139589487|4886688170185338997|13810948,00|1662399002714|State Farm Bank
4398046587279|4730469558110924918|25995356,00|1614339007007|American Express
4398046587279|4693033386208407671|96455380,00|1602848046470|TD Bank
4398046587279|4828985799959654520|2812136,00|1644640741125|Funding Circle
2199023281728|4863325747118354553|56131402,00|1655189774131|Peerform
30786325623904|4912302393066008698|18708363,00|1670267395400|Rocket Loans
30786325623904|4916524517716668539|51596343,00|1671501031178|Avant
24189255877248|4916524517716668540|45059242,00|1671528330985|PNC Bank
8796093098384|4852629698003349629|16115493,00|1651948348413|Discover
10995116283937|4744261831969747070|43735035,00|1618620837201|RealtyMogul
10995116283937|4740602657272508543|34838546,00|1617507089234|Peerform
10995116283937|4871769996419674240|91973400,00|1657825398394|Citibank
6597069822833|4843903973725319297|82707148,00|1649200095684|PNC Bank
6597069842833|4907517318461927554|23535173,00|1668766814220|Kabbage
6597069842833|4799430927405035651|6638139,00|1635546122630|LendingPoint
21990232571698|4905546993624952964|71902811,00|1668128457049|Peerform
24189255857250|4881621620604547205|84057048,00|1660827368474|Chase Bank
66178|4738913807412244614|77110548,00|1616932243283|TD Bank
66178|4664322938583920775|47406498,00|1594054900711|Bank of America
66178|4886688170185339016|8658402,00|1662401783065|LendingClub
66178|4643775265284042889|53596043,00|1587704268501|American Express
30786325613907|4919339267483775114|9895845,00|1672377045291|Citibank
30786325613907|4919057792507064459|55547405,00|1672287809120|Fundbox
30786325613907|4919620742460485772|53928485,00|1672523630047|Roofstock
19791209346147|4868673771675857037|51133136,00|1656815444825|Patch of Land
19791209346147|4918494842553643150|44513322,00|1672155163055|Roofstock
19791209346147|4828141375029522575|74526609,00|1644360540639|Earnest
19791209346147|4853474122933481616|61210487,00|1652172669692|Upstart
24189255867251|4890910294835998865|51868223,00|1663654675774|State Farm Bank
24189255867251|4867829346745725074|16177166,00|1656549471443|PNC Bank
21990232621699|4871207046466252947|61331691,00|1657615518217|Fundbox
8796093028388|4868955246652567700|47352533,00|1656943247940|RealtyMogul
6597069782836|4867266396792303765|46072173,00|1656399263109|Marcus by Goldman Sachs
6597069782836|4744543306946457750|99918612,00|1618664763312|US Bank
6597069782836|4691907486301565079|69658297,00|1602512470665|LightStream
6597069782836|4757209680898437272|62821932,00|1622621212823|Roofstock
2199023281732|4756365255968305305|59803886,00|1622298468073|LightStream
2199023281732|4666574738397606042|39179400,00|1594713056386|SoFi
2199023281732|4811534351403593883|65764935,00|1639271973505|PNC Bank
2199023281732|4892036194742841500|63425815,00|1664035277481|Patch of Land
30786325613908|4916243042739957917|85380233,00|1671431315463|Rocket Loans
30786325613908|4916243042739957918|14832550,00|1671492181327|Fundrise
15393162845044|4772409329640812703|85774409,00|1627232727009|LendingPoint
4398046577284|4832644974656893088|88486565,00|1645802093275|LendingPoint
4398046577284|4855725922747166881|2106711,00|1652827026671|OnDeck
13194139609492|4893162094649684130|11127625,00|1664369286646|Marcus by Goldman Sachs
13194139539493|4882747520511389859|20599282,00|1661138694061|Kabbage
13194139539493|4783668328709238948|43902489,00|1630684663831|Best Egg
13194139539493|4899636019114029221|27987350,00|1666306661755|Prosper
13194139539493|4768750154943574182|21236844,00|1626114585175|LendingClub
4398046527285|4795208802754375847|77016879,00|1634293812588|SunTrust
26388279102805|4892036194742841512|80874635,00|1664044011004|Earnest
13194139609493|4855444447770456233|99192016,00|1652760027096|LightStream
26388279072806|4915117142833115306|66186429,00|1671107198491|OnDeck
26388279072806|4888658495022313643|31462499,00|1662989341958|Patch of Land
26388279072806|4919057792507064492|46024124,00|1672288098756|Wells Fargo
26388279072806|4909487643298902189|94398275,00|1669343008314|Roofstock
30786325623910|4919339267483775150|73556288,00|1672430381746|Roofstock
30786325623910|4915117142833115311|43387648,00|1671133135014|American Express
30786325623910|4914554192879694000|93232727,00|1670915788735|LendingPoint
8796093078390|4857977722560852145|68179949,00|1653517224823|LendingClub
28587302328359|4900761919020871858|48055823,00|1666660424337|SunTrust
21990232581703|4875429171116912819|55491695,00|1658939470225|Discover
21990232581703|4890065869905866932|26410738,00|1663374498795|Peerform
21990232581703|4871769996419674293|47421526,00|1657818021357|SunTrust
24189255857255|4909769118275612854|1594542,00|1669455935222|Funding Circle
56183|4899073069160607927|48262444,00|1666147543397|Rocket Loans
56183|4818289750844649656|57414954,00|1641396895346|Earnest
15393162795048|4910332068229034169|84902780,00|1669615889378|Discover
15393162805048|4802808627125563578|80354017,00|1636569757625|Roofstock
2199023281736|4703729435323412667|33474624,00|1606123499488|TD Bank
36184|4682055862116692156|49824737,00|1599487807289|Capital One
36184|4783386853732528317|89454742,00|1630589099661|Fundbox
36184|4766216880153178302|62614124,00|1625351618022|Roofstock
36184|4915961567763247295|63780192,00|1671335856243|Avant
10995116323944|4853755597910192320|36383517,00|1652272322119|Avant
10995116323944|4897665694277054657|10644470,00|1665773013858|OnDeck
10995116323944|4795208802754375874|41039440,00|1634306356583|OneMain Financial
10995116323944|4841370698934923459|23927549,00|1648485856854|State Farm Bank
13194139589496|4799993877358457028|74222544,00|1635722522438|Fundrise
13194139589496|4787608978383188165|56383546,00|1631900891856|Upgrade
13194139589496|4787890453359898822|27463910,00|1631979215740|Patch of Land
19791209326153|4840244799028080839|33948330,00|1648100878247|Best Egg
19791209326153|4868110821722435784|22276631,00|1656651559074|Bank of America
19791209326153|4857696247584141513|72629839,00|1653460927193|Discover
8796093068393|4808719601636487370|39477693,00|1638428008193|Patch of Land
8796093068393|4841370698934923467|8360449,00|1648415261007|Kabbage
6597069832841|4758898530758701260|88461702,00|1623142738474|Prosper
17592186050602|4817445325914517709|10656619,00|1641105331121|BlueVine
26186|4789016353266741454|64318997,00|1632397758147|RealtyMogul
26186|4654471314399047887|8618917,00|1590999828211|SunTrust
26388279112810|4888095545068892368|43524289,00|1662834564452|Best Egg
26388279112810|4879088345814151377|26936009,00|1660022493974|Roofstock
26388279112810|4874584746186780882|42557876,00|1658619333137|Roofstock
24189255867258|4899354544137318611|43599543,00|1666224974395|Funding Circle
24189255867258|4857414772607430868|79790453,00|1653353491294|Prosper
19791209366154|4874303271210070229|46326847,00|1658573424424|Avant
2199023331738|4822793350472020182|90864674,00|1642696247004|Avant
2199023261739|4662352613746946263|67333780,00|1593417106435|PNC Bank
8796093038395|4908643218368770264|93336465,00|1669139071776|OnDeck
8796093038395|4896539794370212057|98776332,00|1665399671800|Kabbage
8796093038395|4778601779128447194|37117000,00|1629189161540|Wells Fargo
8796093038395|4854318547863613659|23962490,00|1652427969131|Bank of America
8796093048395|4702322060439859420|9851604,00|1605711603128|Avant
8796093048395|4809564026566619357|41978814,00|1638681855440|PNC Bank
15393162835051|4856007397723877598|6320315,00|1652952436364|Kabbage
30786325633915|4919339267483775199|8268596,00|1672359823347|Prosper
30786325633915|4916805992693379296|38410624,00|1671622893377|Kabbage
6597069772844|4749609856527249633|92754856,00|1620250429354|TD Bank
28587302358364|4909769118275612898|48745291,00|1669490662984|Capital One
28587302358364|4909206168322191587|64881560,00|1669288248314|SoFi
28587302358364|4908643218368770276|22441792,00|1669105054837|Avant
8796093078396|4822230400518598885|16363257,00|1642606268408|Patch of Land
8796093078396|4752424606294356198|23188068,00|1621140166616|Funding Circle
8796093078396|4760587380618965223|14001187,00|1623657511817|Fundrise
8796093078396|4796053227684507880|66912078,00|1634519636458|Best Egg
4398046577292|4776631454291472617|23941951,00|1628583320189|US Bank
15393162865052|4918213367576932586|19915401,00|1672062498250|Avant
2199023271741|4889502919952445675|42645086,00|1663258028316|US Bank
24189255837261|4856851822654009580|39310656,00|1653181999403|LendingClub
24189255837261|4867547871769014509|94924100,00|1656470191728|Navy Federal Credit Union
17592186080605|4908924693345480942|20456151,00|1669214560311|Chase Bank
10995116323949|4886406695208628463|33895344,00|1662264342909|US Bank
28587302388365|4903295193811267824|65670546,00|1667470412875|Fundrise
28587302388365|4902732243857846513|87475101,00|1667320043942|Fundbox
28587302388365|4915117142833115378|36985750,00|1671090313230|Earnest
28587302388365|4909206168322191603|94712524,00|1669277333744|TD Bank
10995116353949|4802527152148852980|92442859,00|1636546615649|Peerform
6597069782846|4732158407971188981|14565360,00|1614857992034|RealtyMogul
8796093048398|4864451647025197302|73097295,00|1655545761249|LendingClub
8796093048398|4866984921815593207|59825895,00|1656308556135|Earnest
8796093058398|4875147696140202232|68062859,00|1658820581698|Citibank
8796093058398|4906954368508506361|26513104,00|1668578394628|State Farm Bank
8796093058398|4810408451496751354|47137993,00|1638918112830|PNC Bank
8796093058398|4820823025635045627|26497429,00|1642156073159|Navy Federal Credit Union
28587302368366|4914272717902983420|10156097,00|1670826185129|LightStream
28587302368366|4901043393997582589|32669783,00|1666804761373|Chase Bank
28587302368366|4899636019114029310|1097404,00|1666382302890|Prosper
28587302368366|4901606343951003903|69676880,00|1666956711759|Chase Bank
8796093088398|4889502919952445696|40398825,00|1663222075217|Roofstock
8796093088398|4739476757365666049|7997328,00|1617164862614|Upstart
8796093088398|4914554192879694082|23482742,00|1670909145287|Kabbage
21990232571711|4912583868042719491|51902275,00|1670349821616|Earnest
21990232571711|4868392296699146500|46235475,00|1656726465138|Best Egg
21990232571711|4892036194742841605|63721854,00|1664010337174|TD Bank
21990232571711|4840244799028080902|17574683,00|1648094764511|Discover
24189255867263|4893162094649684231|92616985,00|1664366058061|US Bank
13194139599503|4862481322188222728|24824414,00|1654936121961|LendingClub
13194139599503|4787327503406477577|34192375,00|1631869578004|Prosper
15393162865055|4819978600704913674|9712269,00|1641846994952|Funding Circle
19791209306160|4915398617809826059|47987666,00|1671159632411|Upstart
19791209306160|4832926449633603852|87762593,00|1645830368893|Peerform
19791209306160|4826452525169258765|60760639,00|1643867519617|Fundrise
19791209316160|4873740321256648974|26727949,00|1658370768876|Fundrise
19791209316160|4848970523306111247|33005166,00|1650792129853|SunTrust
19791209326160|4863325747118354704|80895583,00|1655192616301|SoFi
19791209326160|4873458846279938321|83768230,00|1658273156818|Rocket Loans
19791209326160|4835459724423999762|75937360,00|1646630537438|LendingPoint
13194139599504|4811534351403594003|61000230,00|1639311202819|Bank of America
13194139599504|4877118020977176852|28994697,00|1659389407138|RealtyMogul
13194139609504|4810971401450172693|12619003,00|1639110540987|Citibank
30786325583921|4918776317530353942|63042129,00|1672203281693|Marcus by Goldman Sachs
30786325583921|4919339267483775255|30382894,00|1672362498918|Avant
30786325583921|4919620742460485912|31305007,00|1672479218868|American Express
30786325583921|4919620742460485913|77775184,00|1672482840722|Chase Bank
24189255837265|4904421093718110490|55534648,00|1667855844778|Capital One
24189255837265|4907517318461927707|4951748,00|1668739958770|Funding Circle
24189255837265|4889784394929156380|24960197,00|1663311805912|Navy Federal Credit Union
24189255837265|4909769118275612957|92503155,00|1669439523927|Navy Federal Credit Union
46193|4838274474191106334|53334375,00|1647453581128|Roofstock
46193|4879369820790862111|98756970,00|1660160677894|Upgrade
46193|4646590015051149600|67308371,00|1588600639215|LendingPoint
17592186100609|4864733122001908001|96693830,00|1655648282823|Wells Fargo
17592186100609|4843059548795187490|36129030,00|1648947913746|OnDeck
17592186100609|4906109943578374435|82017112,00|1668323576006|OneMain Financial
76193|4691626011324854564|9161221,00|1602423485643|LendingClub
76193|4640116090586804517|55943804,00|1586650496227|Best Egg
2199023281746|4704573860253544742|8255380,00|1606387401543|Citibank
2199023281746|4710484834764468519|20286128,00|1608203972621|Upstart
2199023281746|4806749276799512872|95821800,00|1637815293010|Upgrade
8796093068402|4854318547863613737|16689447,00|1652422853470|BlueVine
21990232621714|4834896774470578474|66335520,00|1646492891108|Upgrade
21990232621714|4893162094649684267|85000035,00|1664389873730|OneMain Financial
13194139609506|4779727679035289900|84582253,00|1629499340130|Earnest
13194139609506|4775224079407919405|70812799,00|1628123774869|SunTrust
13194139609506|4801964202195431726|17318462,00|1636351291142|Discover
13194139609506|4794645852800954671|19967814,00|1634101821642|Wells Fargo
30786325603923|4919057792507064624|75257892,00|1672342437697|Upgrade
30786325603923|4919057792507064625|81985,00|1672277981454|LendingPoint
30786325603923|4917931892600222002|47882779,00|1671978381941|SunTrust
30786325603923|4918494842553643315|85853091,00|1672146860452|Rocket Loans
19791209346163|4863607222095065396|2918568,00|1655240700388|Earnest
19791209346163|4882184570557968693|57069991,00|1660946513341|Citibank
26388279132819|4901324868974293302|70949027,00|1666824725337|Fundrise
26388279132819|4881903095581258039|47965808,00|1660889656578|LendingClub
4398046527300|4716677284252102968|22322283,00|1610103864900|LendingClub
4398046527300|4665167363514052921|6321251,00|1594323560519|SunTrust
4398046527300|4793238477917401402|99569132,00|1633667370997|LendingClub
4398046527300|4719492034019209531|2959844,00|1611022796271|Avant
19791209326164|4854881497817035068|23610909,00|1652630100278|OneMain Financial
28587302368372|4907798793438638397|72293882,00|1668827212976|Marcus by Goldman Sachs
28587302368372|4903858143764689214|51081109,00|1667602372244|Upgrade
26388279132820|4893725044603105599|83111363,00|1664509261706|Upstart
6597069792853|4791268153080426816|82560671,00|1633012661072|Capital One
4398046547301|4843903973725319489|85086379,00|1649265122341|Prosper
4398046547301|4881903095581258050|48607924,00|1660867064098|Funding Circle
4398046547301|4890628819859288387|35202208,00|1663562893668|Upgrade
15393162835061|4913991242926272836|87142914,00|1670777115854|Upgrade
17592186100613|4791268153080426821|63203865,00|1633071205262|Best Egg
17592186100613|4913709767949562182|64301447,00|1670649899305|Funding Circle
17592186100613|4851222323119796551|69250099,00|1651451104642|Wells Fargo
17592186100613|4836022674377421128|80956913,00|1646763080805|OneMain Financial
21990232621717|4908924693345481033|30009142,00|1669174598465|OneMain Financial
21990232621717|4902450768881135946|55751525,00|1667190345773|Bank of America
21990232621717|4846155773539004747|7929267,00|1649954837683|OneMain Financial
21990232621717|4915398617809826124|50897371,00|1671230943088|US Bank
26388279142821|4913146817996140877|19363661,00|1670518106512|Fundbox
26388279142821|4891473244789420366|76993619,00|1663800557925|LendingClub
26388279142821|4892599144696262991|85241296,00|1664168109614|State Farm Bank
28587302348374|4905265518648242512|84567704,00|1668113156376|SunTrust
10995116313958|4825326625262416209|80318076,00|1643520519963|Prosper
10995116313958|4802808627125563730|67624371,00|1636587954370|Upgrade
10995116313958|4799993877358457171|2766223,00|1635767815078|Fundbox
10995116313958|4746513631783432532|65559485,00|1619310031815|Fundrise
30786325623926|4919057792507064661|75832781,00|1672311393134|LightStream
10995116333958|4912865343019430230|29380871,00|1670406809226|Earnest
10995116333958|4747358056713564503|66091971,00|1619578138167|Discover
10995116333958|4787890453359898968|37122090,00|1632007081749|Upgrade
15393162805063|4850096423212953945|21217791,00|1651139053430|BlueVine
15393162805063|4832082024703471962|46608339,00|1645607737994|US Bank
8796093048407|4911739443112587611|14997604,00|1670094333384|Upgrade
8796093048407|4903295193811267932|59455648,00|1667431082832|Chase Bank
8796093048407|4796053227684507997|49572421,00|1634516882284|Patch of Land
26388279112823|4908361743392059742|80561089,00|1669044258339|Roofstock
13194139539512|4870925571489542495|92864863,00|1657545931564|Avant
15393162805064|4865859021908750688|73677904,00|1655998596520|LendingClub
15393162805064|4860510997351248225|71317643,00|1654286566728|SoFi
2199023291752|4919339267483775330|51421262,00|1672419386424|Upstart
2199023291752|4890628819859288419|65645834,00|1663578122433|Upgrade
46200|4788453403313320292|52329423,00|1632159643988|Marcus by Goldman Sachs
46200|4903858143764689253|48956657,00|1667609663833|Bank of America
46200|4724558583600001382|84928993,00|1612527008743|Wells Fargo
46200|4881621620604547431|16906962,00|1660833691173|TD Bank
8796093028409|4831237599773340008|8707269,00|1645368456687|Upgrade
8796093028409|4917368942646800745|41611734,00|1671829268302|Earnest
26201|4786201603499635050|42475899,00|1631500736803|Funding Circle
26201|4755239356061462891|76921107,00|1621988847772|SoFi
24189255847273|4875710646093623660|32470293,00|1659024145682|Bank of America
24189255857273|4912865343019430253|49812913,00|1670448560646|RealtyMogul
24189255857273|4909769118275613038|86587257,00|1669470050825|Capital One
24189255857273|4858259197537562991|22385315,00|1653675836238|LendingClub
24189255857273|4895413894463369584|87161614,00|1665017914933|Citibank
10995116333961|4772972279594234225|93885687,00|1627471404962|Peerform
10995116333961|4875992121070334322|73119995,00|1659043756555|BlueVine
19791209366169|4824200725355573619|14993361,00|1643146235675|TD Bank
19791209366169|4853474122933481844|8948228,00|1652122321450|Upstart
19791209366169|4900761919020872053|21832000,00|1666706598156|SunTrust
8796093028410|4853192647956771190|79831651,00|1652078858716|LendingClub
8796093028410|4718366134112366967|42098724,00|1610665099954|LendingPoint
8796093028410|4906391418555085176|58814703,00|1668460050572|Earnest
8796093028410|4757209680898437497|28193456,00|1622610322168|Best Egg
28587302338378|4919620742460486010|93629657,00|1672454739958|US Bank
28587302338378|4891754719766131067|16255555,00|1663944451465|Fundbox
28587302338378|4910613543205745020|60809903,00|1669732958977|US Bank
30786325603930|4918776317530354045|80803098,00|1672270782967|State Farm Bank
30786325603930|4918494842553643390|37421374,00|1672100301274|LendingClub
30786325603930|4917650417623511423|49137422,00|1671914716456|State Farm Bank
36202|4713299584531575168|59546012,00|1609094354176|Upgrade
36202|4628857091518378369|39473397,00|1583145031135|LendingPoint
36202|4839963324051370370|10883853,00|1648005121272|LendingPoint
36202|4854037072886903171|36152508,00|1652352226121|TD Bank
4398046557306|4895695369440080260|21104564,00|1665142970988|Navy Federal Credit Union
4398046557306|4897102744323633541|61620257,00|1665548707886|Earnest
24189255867274|4859385097444405638|18092521,00|1653976678366|LightStream
2199023321754|4730469558110925191|74425591,00|1614364558667|Upgrade
2199023321754|4866421971862172040|95814680,00|1656138149016|Capital One
2199023321754|4676426362582479241|21597618,00|1597749917803|Capital One
2199023321754|4719492034019209610|46701534,00|1611037275401|Rocket Loans
76202|4708795984904204683|8468287,00|1607696963790|US Bank
76202|4865296071955329420|68384451,00|1655824024648|Prosper
76202|4800838302288589197|94180997,00|1636011060093|Rocket Loans
17592186060619|4842496598841766286|40803019,00|1648812180861|Wells Fargo
46203|4637301340819698063|57285419,00|1585777519049|LendingPoint
46203|4689937161464590736|72648664,00|1601947335014|Kabbage
21990232611723|4869518196605989265|13850273,00|1657121155841|OnDeck
21990232611723|4837430049260974482|55689921,00|1647229786481|US Bank
13194139599515|4871488521442963859|12479429,00|1657689628196|TD Bank
26388279142827|4899917494090740116|62737871,00|1666439247794|Best Egg
24189255817276|4883873420418232725|75231096,00|1661524548550|Fundbox
24189255817276|4883028995488100758|52776374,00|1661242729191|State Farm Bank
24189255817276|4874303271210070423|60359879,00|1658596153683|Upstart
17592186060620|4901606343951004056|28891082,00|1666947524818|OnDeck
17592186060620|4907235843485217177|996972,00|1668660693843|Earnest
17592186060620|4841089223958213018|98515525,00|1648320529424|PNC Bank
17592186060620|4906109943578374555|52321316,00|1668335116128|Avant
2199023301756|4902450768881136028|79849293,00|1667175289058|Marcus by Goldman Sachs
2199023301756|4751861656340935069|99221443,00|1620940374450|Wells Fargo
30786325633932|4913428292972851614|53235695,00|1670557342864|Prosper
6597069792861|4781135053918843295|94638014,00|1629934840750|Best Egg
2199023291757|4668263588257870240|71722271,00|1595274836698|Upstart
19791209346173|4855162972793745825|89230232,00|1652677746670|Upgrade
2199023331757|4841089223958213026|20000636,00|1648403563414|LendingPoint
2199023331757|4881621620604547491|13830187,00|1660785957516|Discover
2199023331757|4813786151217279396|3226043,00|1640004276426|Citibank
2199023331757|4821385975588467109|69627251,00|1642326801033|Funding Circle
24189255817278|4880495720697704870|85716879,00|1660447606140|Roofstock
24189255827278|4895413894463369639|80183091,00|1665042664789|TD Bank
24189255827278|4909487643298902440|27480148,00|1669381072854|RealtyMogul
24189255827278|4895132419486658985|46147367,00|1664995576579|RealtyMogul
26388279112830|4904421093718110634|26257560,00|1667812996681|Chase Bank
6597069822862|4774379654477787563|31136948,00|1627906282686|Patch of Land
6597069822862|4726247433460265388|36045752,00|1613076936472|Capital One
6597069822862|4744824781923168685|34913171,00|1618819285155|SunTrust
24189255817279|4903576668787978670|6405889,00|1667552253461|Best Egg
24189255817279|4917931892600222127|15998375,00|1672002039956|OnDeck
24189255817279|4857414772607431088|33144280,00|1653368864278|Patch of Land
26388279082831|4895976844416790961|77569214,00|1665194381342|Discover
26388279082831|4893725044603105714|75860510,00|1664567752731|Earnest
26388279122831|4891754719766131123|32691805,00|1663897626909|Fundrise
26388279122831|4910613543205745076|84390972,00|1669754865272|Chase Bank
26388279122831|4891754719766131125|32380264,00|1663922190325|LightStream
6208|4647997389934703030|42212720,00|1588999374864|Citibank
13194139549520|4776631454291472823|40439193,00|1628522976853|Citibank
8796093048416|4918213367576932792|85345919,00|1672071196056|RealtyMogul
21990232591728|4836022674377421241|76279189,00|1646800493964|State Farm Bank
46208|4725403008530133434|71011685,00|1612814236453|Citibank
8796093078416|4907798793438638523|61285392,00|1668873997999|LightStream
8796093078416|4758054105828569532|4039411,00|1622881467982|LendingClub
8796093078416|4906109943578374589|47036318,00|1668343205519|Fundrise
8796093078416|4756646730945016254|177968,00|1622423510475|Navy Federal Credit Union
26388279132832|4885562270278496703|16893339,00|1662064616063|OnDeck
26388279132832|4905265518648242624|21404223,00|1668112445337|Avant
26388279132832|4919057792507064769|82227973,00|1672357783144|Chase Bank
26388279132832|4912865343019430338|45607406,00|1670435228884|PNC Bank
24189255887280|4901043393997582787|16800212,00|1666781433174|LendingClub
24189255887280|4869518196605989316|37088777,00|1657111511382|Capital One
2199023261761|4797179127591350725|23224230,00|1634847966258|Earnest
36209|4760868855595676102|10529498,00|1623677037847|LendingClub
28587302368385|4911457968135877063|21117073,00|1669995683617|Citibank
28587302368385|4910050593252323784|32903185,00|1669575774964|Wells Fargo
28587302368385|4917931892600222153|60436985,00|1672005367020|RealtyMogul
28587302368385|4905828468601663946|33300041,00|1668224479625|American Express
28587302378385|4919057792507064779|2772216,00|1672338714130|LightStream
28587302378385|4910050593252323788|63013395,00|1669523744790|Peerform
6597069772866|4693877811138539981|9002580,00|1603163080767|US Bank
6597069772866|4836867099307553230|63645745,00|1647101399925|American Express
6597069772866|4724277108623290831|81411180,00|1612475208804|Fundrise
13194139549522|4794082902847533520|8007693,00|1633932887861|Prosper
13194139549522|4758335580805280209|2758592,00|1622941104680|Rocket Loans
13194139549522|4780009154012000722|40414818,00|1629627092853|RealtyMogul
36210|4718366134112367059|37118945,00|1610666629185|LendingClub
36210|4772972279594234324|66713308,00|1627431507744|SoFi
36210|4822230400518599125|10720555,00|1642606047010|TD Bank
24189255857282|4888095545068892630|57826548,00|1662807383398|Upgrade
24189255857282|4886125220231918039|28059037,00|1662230080655|LightStream
24189255857282|4907517318461927896|1670719,00|1668746821809|Capital One
15393162855074|4898791594183897561|76578084,00|1666084300213|Best Egg
15393162855074|4825889575215837658|23426733,00|1643700122141|Best Egg
15393162855074|4889784394929156571|41332016,00|1663341060329|PNC Bank
15393162805075|4809564026566619612|7278216,00|1638643372412|LendingPoint
15393162805075|4856570347677299165|24744823,00|1653145467996|Citibank
15393162805075|4850659373166375390|16763460,00|1651309314894|SoFi
15393162805075|4781979478848975327|79405453,00|1630238980245|State Farm Bank
19791209326179|4813504676240568800|26915569,00|1639855137112|Navy Federal Credit Union
4398046557315|4901887818927714785|37456037,00|1667016040615|LendingClub
4398046557315|4670796863048266210|1531431,00|1596065607097|Marcus by Goldman Sachs
24189255877283|4884717845348364771|34967754,00|1661780804023|Peerform
76211|4905265518648242660|36910624,00|1668098907585|SoFi
76211|4664041463607210469|12683340,00|1593974042779|Rocket Loans
2199023271764|4913709767949562342|90339692,00|1670661745228|Chase Bank
19791209326180|4907235843485217255|74013552,00|1668675772555|Upstart
19791209326180|4907798793438638568|59924709,00|1668826193235|Avant
19791209326180|4919620742460486121|89555848,00|1672526948508|Patch of Land
19791209326180|4861636897258090986|80457375,00|1654700865449|LendingClub
21990232601732|4838555949167817195|98916271,00|1647563943817|Earnest
21990232601732|4870644096512831980|20047472,00|1657440706055|Best Egg
21990232601732|4877680970930598381|86588021,00|1659620128815|Marcus by Goldman Sachs
21990232601732|4864733122001908206|83781179,00|1655618241612|Discover
4398046567316|4821385975588467183|37425938,00|1642267086698|Fundrise
4398046567316|4851503798096507376|85746303,00|1651581734533|Upgrade
4398046567316|4869236721629278705|20896048,00|1657028366344|RealtyMogul
4398046567316|4805341901915959794|64038372,00|1637338646325|LendingClub
30786325643940|4918213367576932851|38230666,00|1672040978817|Funding Circle
15393162865076|4895976844416791028|55719173,00|1665254388336|Fundrise
4398046517317|4781135053918843381|2971081,00|1629955899987|OnDeck
13194139549525|4788734878290031094|94576560,00|1632308935344|Capital One
13194139549525|4858540672514273783|86999385,00|1653679386556|Fundbox
13194139549525|4886125220231918072|62081351,00|1662239011340|Bank of America
26213|4842496598841766393|92745678,00|1648763609868|Best Egg
26213|4794364377824244218|49078495,00|1634004462784|Capital One
28587302368389|4910895018182455803|35618520,00|1669838407784|Funding Circle
28587302368389|4893162094649684476|78690478,00|1664353897574|Best Egg
28587302368389|4905546993624953341|1019560,00|1668157986549|US Bank
28587302368389|4914835667856404990|70789715,00|1671041445168|LendingClub
10995116333973|4790705203127005695|42827843,00|1632895837329|State Farm Bank
2199023321765|4852066748049928704|73963512,00|1651742779034|State Farm Bank
2199023321765|4861073947304669697|6486456,00|1654536467950|US Bank
13194139549526|4823919250378863106|80753681,00|1643107960670|American Express
24189255837286|4898791594183897603|47649949,00|1666070601621|SunTrust
24189255837286|4900198969067450884|72588537,00|1666556527541|OnDeck
24189255837286|4890347344882577925|50922311,00|1663455228047|LendingPoint
21990232591734|4879932770744283654|31693937,00|1660291095467|TD Bank
21990232591734|4916243042739958279|9410452,00|1671487682462|Fundrise
21990232591734|4916243042739958280|53691857,00|1671411011117|Rocket Loans
6597069812870|4826452525169259017|16800513,00|1643823811522|Rocket Loans
6597069812870|4860792472327959050|32149244,00|1654428557234|US Bank
6597069812870|4883310470464811531|36839834,00|1661345259802|Marcus by Goldman Sachs
6597069812870|4860229522374537740|99562055,00|1654216421914|RealtyMogul
10995116333974|4779446204058579469|49417693,00|1629419365785|US Bank
6597069832870|4912302393066009102|41621642,00|1670253413143|Earnest
6597069832870|4890065869905867279|71951058,00|1663422803225|LightStream
6597069832870|4875992121070334480|63645093,00|1659056542369|Best Egg
24189255887286|4887532595115471377|29522763,00|1662627512841|Avant
24189255887286|4879088345814151698|5070663,00|1660053619263|Prosper
24189255887286|4882747520511390227|55565680,00|1661143717224|Earnest
24189255887286|4876555071023755796|35983904,00|1659260433427|Citibank
21990232561735|4902732243857846805|97866057,00|1667275477897|Navy Federal Credit Union
21990232561735|4904421093718110742|65344863,00|1667780780818|LendingPoint
21990232561735|4888095545068892695|93609616,00|1662769243128|SoFi
28587302338391|4914272717902983704|15573040,00|1670859938177|BlueVine
28587302338391|4913146817996141081|84457377,00|1670520423857|American Express
26388279092839|4911457968135877146|88234537,00|1669945792766|Wells Fargo
26388279112839|4899636019114029595|95021543,00|1666369459877|OnDeck
19791209356183|4836022674377421340|81243166,00|1646800719050|Wells Fargo
26388279132839|4876273596047045149|61442690,00|1659135212238|Earnest
26388279132839|4906109943578374686|32405472,00|1668351394589|LightStream
26388279132839|4877962445907309087|87105965,00|1659730016917|Rocket Loans
26388279132839|4875710646093623840|11456411,00|1659006524349|Funding Circle
6597069792872|4789860778196873761|56422073,00|1632590948101|Chase Bank
6597069792872|4817163850937807394|71900396,00|1640989970164|PNC Bank
6597069792872|4837992999214395939|1276943,00|1647427425412|BlueVine
6597069792872|4870081146559410724|47641821,00|1657234489155|Funding Circle
4398046557320|4794364377824244261|47028315,00|1634040333541|OnDeck
4398046557320|4728780708250661414|96065312,00|1613834643664|Earnest
4398046557320|4756928205921727015|19415440,00|1622543167521|American Express
28587302378392|4908643218368770600|92256932,00|1669128593593|Navy Federal Credit Union
28587302378392|4909487643298902569|46364354,00|1669417435248|Upstart
30786325583945|4919620742460486186|93630412,00|1672452070794|RealtyMogul
30786325583945|4917087467670090283|2709127,00|1671688800750|Earnest
30786325613945|4917650417623511596|79275435,00|1671904199760|Discover
26388279112841|4919620742460486189|65861651,00|1672447177920|Roofstock
19791209356185|4911457968135877166|61814786,00|1669968774499|Prosper
19791209356185|4917650417623511599|76799753,00|1671893411627|US Bank
19791209356185|4909769118275613232|4833450,00|1669426339335|State Farm Bank
19791209356185|4913991242926273073|53828440,00|1670738379222|Rocket Loans
26388279132841|4912583868042719794|55457414,00|1670315814803|Bank of America
26388279132841|4904984043671532083|93091604,00|1667986656501|Peerform
2199023261770|4759180005735412276|48201961,00|1623164416799|RealtyMogul
2199023271770|4703729435323413045|89776574,00|1606161052415|Earnest
24189255837290|4891754719766131254|98159870,00|1663912255919|PNC Bank
24189255837290|4866421971862172215|60144853,00|1656135351888|SoFi
24189255837290|4882466045534679608|54804927,00|1661054262843|SoFi
24189255837290|4859948047397827129|79352077,00|1654190854100|Fundrise
6597069802874|4715832859321971258|96154201,00|1609898010644|Roofstock
6597069802874|4790705203127005755|43455510,00|1632843799272|BlueVine
6597069802874|4874584746186781244|4765847,00|1658637908674|Wells Fargo
6597069802874|4837430049260974653|86385935,00|1647230523984|Citibank
21990232601738|4909487643298902590|49785900,00|1669345904367|RealtyMogul
21990232601738|4831800549726761535|31860552,00|1645523723150|Patch of Land
21990232601738|4907235843485217344|46310772,00|1668644692790|Chase Bank
21990232601738|4907517318461928001|62351999,00|1668782819216|Discover
2199023321770|4890628819859288642|18410583,00|1663599684269|OneMain Financial
6597069842874|4813223201263858243|33283128,00|1639776601698|Funding Circle
26388279072843|4900480444044161604|16849819,00|1666597244539|American Express
26388279072843|4889784394929156677|86018128,00|1663336709903|Wells Fargo
26388279072843|4890910294835999302|80062935,00|1663701323823|LightStream
28587302338395|4919339267483775559|63388993,00|1672413519246|Best Egg
13194139559531|4774942604431209032|83740191,00|1628053341199|Bank of America
13194139559531|4843622498748609097|2682551,00|1649116139866|Roofstock
17592186080635|4891473244789420618|8408612,00|1663812245814|RealtyMogul
17592186080635|4848126098375979595|30613375,00|1650549022498|Prosper
17592186080635|4915680092786537036|23523707,00|1671249838063|Marcus by Goldman Sachs
17592186080635|4831800549726761549|97713462,00|1645515483048|SunTrust
24189255857291|4883028995488100942|39338394,00|1661246281355|Marcus by Goldman Sachs
24189255857291|4894569469533237839|31827211,00|1664761894042|US Bank
10995116333979|4881903095581258320|44303975,00|1660908213181|Prosper
10995116333979|4837430049260974673|32666229,00|1647264884255|Discover
2199023261772|4848407573352690258|172280,00|1650608590917|American Express
19791209316188|4861073947304669779|14450413,00|1654514200766|State Farm Bank
19791209316188|4836304149354132052|22462719,00|1646924050200|RealtyMogul
30786325603948|4919620742460486229|75041366,00|1672483191361|Patch of Land
36220|4806467801822802518|61693080,00|1637689676998|SunTrust
28587302378396|4909206168322191959|31262310,00|1669248899227|SoFi
30786325653948|4916243042739958360|410455,00|1671463394344|Prosper
30786325653948|4913146817996141145|73193715,00|1670515264564|Chase Bank
30786325653948|4919339267483775578|85829643,00|1672381663369|State Farm Bank
30786325653948|4917931892600222299|91324174,00|1671997803429|Fundbox
15393162805085|4894850944509948508|96631541,00|1664879418491|SunTrust
15393162805085|4895695369440080477|23180474,00|1665163100183|Fundrise
15393162805085|4814349101170700894|82334022,00|1640134730380|Best Egg
26388279092845|4881058670651126367|59014934,00|1660671342806|TD Bank
6597069812877|4745669206853300832|36293200,00|1619051663894|SoFi
19791209356189|4839118899121238625|52264261,00|1647773849379|American Express
19791209356189|4894287994556527202|77845852,00|1664707429720|Fundbox
19791209356189|4913709767949562467|55475736,00|1670685281259|Capital One
19791209356189|4835741199400710756|5619545,00|1646744098011|Kabbage
6597069832877|4772690804617523813|84047593,00|1627328750945|Citibank
6597069832877|4878525395860730470|26642124,00|1659858440014|Roofstock
6597069832877|4883028995488100967|76775268,00|1661250826745|PNC Bank
2199023331773|4746795106760143464|69088594,00|1619358549873|Discover
10995116293982|4752424606294356585|11354216,00|1621113299754|Peerform
10995116293982|4742010032156062314|22375046,00|1617955186952|State Farm Bank
10995116293982|4877680970930598507|58431706,00|1659609870880|LendingClub
10995116293982|4807030751776223852|90250007,00|1637871963591|American Express
13194139559534|4869799671582700141|65381563,00|1657209076561|Bank of America
21990232601742|4872332946373096046|99092512,00|1657981129459|BlueVine
24189255877294|4872332946373096047|20361703,00|1657937966176|TD Bank
36223|4713018109554864752|7234986,00|1608997111083|Rocket Loans
36223|4651093614678520433|43388752,00|1589983493028|Citibank
36223|4864170172048487026|95768078,00|1655456444030|Roofstock
36223|4705418285183677043|82015692,00|1606661417959|Fundrise
10995116333983|4782260953825686132|61255534,00|1630329358775|American Express
10995116333983|4781698003872264821|76848586,00|1630128110600|State Farm Bank
10995116333983|4851785273073218166|40637937,00|1651637565345|Patch of Land
21990232631743|4855444447770456695|9622362,00|1652728292046|PNC Bank
21990232631743|4905265518648242808|97553866,00|1668040555033|Marcus by Goldman Sachs
21990232631743|4898510119207187065|78681045,00|1666034341642|Fundbox
15393162795088|4851222323119796858|85758933,00|1651456114107|Discover
15393162795088|4834896774470578811|36487087,00|1646418180540|PNC Bank
15393162795088|4905828468601664124|2992380,00|1668232363352|Marcus by Goldman Sachs
15393162795088|4791549628057137789|1085286,00|1633127639436|American Express
13194139549536|4848126098375979646|52131791,00|1650533014819|Discover
13194139549536|4877118020977177215|66194954,00|1659420093981|Marcus by Goldman Sachs
19791209336192|4808719601636487808|99990974,00|1638404444615|Prosper
19791209336192|4839118899121238657|75253238,00|1647732160741|Peerform
26388279112848|4888658495022314114|92864107,00|1662934433943|Best Egg
15393162845088|4769313104896995971|24961867,00|1626281944266|Bank of America
15393162845088|4808156651683066500|38064467,00|1638263295820|Citibank
15393162845088|4851222323119796869|48411816,00|1651469642374|Navy Federal Credit Union
15393162845088|4898791594183897734|48515609,00|1666059640420|LightStream
19791209376192|4867547871769014919|89634717,00|1656481300242|Upstart
19791209376192|4886969645162050184|28411057,00|1662455210784|Bank of America
24189255827297|4912302393066009225|92213035,00|1670269248124|BlueVine
24189255827297|4891754719766131338|17062053,00|1663940559331|Prosper
24189255827297|4866703446838882955|10339964,00|1656239931164|US Bank
21990232591745|4850377898189664908|77623308,00|1651212908307|US Bank
10995116333985|4842496598841766541|86980425,00|1648822183230|Peerform
10995116333985|4919339267483775630|37866800,00|1672372385667|Kabbage
19791209376193|4904139618741400207|49373672,00|1667694838602|Patch of Land
19791209376193|4906109943578374800|58508417,00|1668368326965|Kabbage
24189255817298|4890065869905867409|67388140,00|1663398079755|LendingPoint
24189255817298|4899636019114029714|14664560,00|1666334168513|Patch of Land
4398046527330|4824763675308995219|10804755,00|1643319609968|LendingPoint
13194139559538|4919057792507064980|24000555,00|1672301003743|Fundbox
13194139559538|4905828468601664149|62990127,00|1668209833315|Capital One
13194139559538|4824200725355573910|27287569,00|1643132784101|Prosper
13194139559538|4760868855595676311|60342148,00|1623709385621|Peerform
21990232601746|4848689048329400984|71902022,00|1650658138723|Prosper
21990232601746|4916243042739958425|1981922,00|1671463823195|Fundrise
21990232601746|4879651295767573146|52476054,00|1660201456406|SoFi
21990232601746|4883873420418232987|45167566,00|1661514616259|Chase Bank
2199023311778|4675300462675636892|42310622,00|1597400088233|LendingPoint
2199023311778|4863607222095065757|3090968,00|1655262954815|LendingClub
2199023311778|4727654808343818910|37344801,00|1613486537712|LendingClub
2199023311778|4680648487233139359|71181658,00|1599093483675|Fundbox
6597069772883|4692751911231697568|17299410,00|1602805662835|Patch of Land
6597069772883|4863888697071776417|60050475,00|1655357231983|Capital One
6597069772883|4872051471396385442|30270298,00|1657867060303|Rocket Loans
6597069772883|4735254632715006627|23579616,00|1615836007209|Discover
16227|4811815826380305060|91772523,00|1639323798343|Kabbage
16227|4738632332435534501|34270687,00|1616863815945|Fundrise
16227|4859666572421116582|64377647,00|1654110364013|Kabbage
16227|4671359813001687719|83967829,00|1596192719773|Patch of Land
28587302348403|4909487643298902696|71579603,00|1669405831437|TD Bank
28587302348403|4918213367576933033|32162964,00|1672074619183|LightStream
19791209346195|4913709767949562538|4429384,00|1670664876852|Citibank
4398046567331|4905265518648242859|74333284,00|1668117334253|Prosper
4398046567331|4787608978383188652|79784661,00|1631927701713|SunTrust
8796093088435|4888377020045603501|69274006,00|1662883614824|OneMain Financial
8796093088435|4799430927405036206|85218963,00|1635555317951|Prosper
8796093088435|4759742955688833711|24306526,00|1623351268001|Marcus by Goldman Sachs
8796093088435|4893725044603105968|40725501,00|1664508118712|LendingPoint
28587302398403|4913428292972851889|40258744,00|1670561673337|LightStream
2199023261780|4772409329640813234|40050015,00|1627298901145|Capital One
2199023261780|4675018987698926259|75882084,00|1597345895854|Chase Bank
2199023261780|4827578425076101812|71766313,00|1644170473914|Wells Fargo
21990232581748|4835459724424000181|24870538,00|1646647050091|TD Bank
21990232581748|4897665694277055158|11906964,00|1665721860005|Chase Bank
30786325613956|4919620742460486327|1077843,00|1672492935008|Capital One
30786325613956|4919339267483775672|40187449,00|1672379238483|OneMain Financial
30786325613956|4919620742460486329|6055147,00|1672522402166|Fundrise
28587302388404|4911176493159166650|65674192,00|1669889442137|Rocket Loans
28587302388404|4908361743392060091|55532864,00|1669008797033|Prosper
28587302388404|4909206168322192060|7408632,00|1669252921715|Avant
28587302388404|4916524517716669117|23891177,00|1671532835449|Peerform
24189255817301|4876836546000466622|40624653,00|1659353343045|LendingPoint
24189255817301|4873740321256649407|77845226,00|1658387303800|Fundrise
6597069782885|4829548749913076416|3395737,00|1644851470059|Citibank
13194139579541|4813223201263858369|11438285,00|1639826428040|Bank of America
6597069822885|4739758232342377154|46587448,00|1617194508335|TD Bank
6597069832885|4910050593252324035|95386157,00|1669528048984|Avant
30786325653957|4918213367576933060|8126728,00|1672056957709|RealtyMogul
30786325653957|4919057792507065029|85109477,00|1672319790004|Patch of Land
30786325653957|4915398617809826502|166320,00|1671186464683|LightStream
2199023261782|4786201603499635399|87481896,00|1631490674184|Discover
2199023261782|4780572103965422280|9398090,00|1629759701440|LendingPoint
4398046547334|4849814948236243657|35216305,00|1651035267798|Avant
4398046547334|4822511875495310026|54832997,00|1642654859654|Marcus by Goldman Sachs
4398046547334|4814630576147411659|89436537,00|1640206414670|Fundrise
8796093068438|4716958759228814028|42590844,00|1610231505646|PNC Bank
19791209356198|4861918372234801869|20629711,00|1654760727605|RealtyMogul
66230|4898510119207187150|21712411,00|1665987077394|Kabbage
66230|4827296950099391183|81468843,00|1644116359122|American Express
8796093098438|4860792472327959248|53316251,00|1654402325897|Rocket Loans
28587302328407|4902732243857846993|7065733,00|1667293767275|Fundbox
26231|4716395809275392722|81711322,00|1610063363471|PNC Bank
26231|4871488521442964179|97616572,00|1657708905323|Fundbox
21990232591751|4880495720697705172|17130656,00|1660494562076|Rocket Loans
4398046557335|4762557705455940309|15493086,00|1624267846730|Citibank
56231|4872614421349806806|89425622,00|1658019300228|Navy Federal Credit Union
21990232561752|4869518196605989591|11994652,00|1657093857039|LightStream
21990232561752|4854600022840324824|69531798,00|1652521604461|PNC Bank
4398046537336|4806749276799513305|35087227,00|1637798376177|Rocket Loans
6597069802888|4875429171116913370|31440070,00|1658916665852|Upgrade
6597069802888|4887251120138760923|11668577,00|1662520541890|Citibank
15393162845096|4842496598841766620|44432281,00|1648766722056|TD Bank
15393162845096|4915961567763247837|93219947,00|1671339671784|TD Bank
15393162845096|4868110821722436318|17018498,00|1656659164220|Discover
15393162845096|4783668328709239519|95159368,00|1630747855176|RealtyMogul
17592186060649|4904421093718110944|53205597,00|1667831944296|Capital One
24189255837305|4903858143764689633|63374773,00|1667683857471|Upstart
26388279102857|4889221444975735522|1874350,00|1663154436205|Best Egg
26388279102857|4913991242926273251|66304182,00|1670754335847|Prosper
8796093078441|4880495720697705188|64006504,00|1660490363854|SoFi
8796093078441|4909206168322192101|15013202,00|1669249042058|SoFi
26388279132857|4909487643298902758|69741213,00|1669393226115|TD Bank
10995116353993|4809282551589909223|46493532,00|1638575296677|LendingClub
10995116353993|4845592823585583848|37395725,00|1649785323786|Patch of Land
6234|4653345414492205801|96183224,00|1590693610097|State Farm Bank
6234|4702040585463149290|70900100,00|1605666953883|Bank of America
6234|4689374211511169771|23819433,00|1601769628234|American Express
6234|4702322060439859948|25505574,00|1605707391336|Rocket Loans
26388279122858|4888377020045603565|6864928,00|1662900528796|Wells Fargo
26388279122858|4907517318461928174|32004829,00|1668726466561|BlueVine
8796093088442|4822511875495310063|70303849,00|1642629216549|Roofstock
8796093088442|4791268153080427248|46906893,00|1633023504862|Avant
4398046557339|4843903973725319921|60477513,00|1649217158685|Upstart
4398046557339|4739476757365666546|65753652,00|1617150579754|Upstart
4398046557339|4730469558110925555|30352731,00|1614379217497|Kabbage
4398046557339|4707388610020651764|55502727,00|1607259044846|TD Bank
28587302398411|4915398617809826549|50717414,00|1671198111145|Wells Fargo
28587302398411|4910050593252324086|52679986,00|1669532409613|State Farm Bank
28587302398411|4913428292972851959|73194513,00|1670566477490|BlueVine
28587302398411|4899354544137319160|20528990,00|1666259012427|Wells Fargo
26388279082860|4917087467670090489|30043586,00|1671698105959|SunTrust
26388279082860|4901887818927715066|97987427,00|1667057847109|Patch of Land
10995116303996|4725403008530133755|26280064,00|1612826601845|Peerform
10995116303996|4836585624330842876|47830089,00|1646971453144|PNC Bank
10995116303996|4909487643298902781|12300948,00|1669385223794|SoFi
28587302358412|4910613543205745406|68564230,00|1669725333728|Patch of Land
17592186110652|4895976844416791295|86165287,00|1665262351624|Navy Federal Credit Union
17592186110652|4848970523306111744|42266362,00|1650782875658|Chase Bank
10995116353996|4913146817996141313|29656701,00|1670522683304|Marcus by Goldman Sachs
10995116353996|4866703446838883074|42105729,00|1656267920660|Upgrade
17592186050653|4786201603499635459|35174989,00|1631515631728|Patch of Land
17592186050653|4805341901915960068|62060852,00|1637348741248|State Farm Bank
17592186050653|4812378776333726469|7777150,00|1639529185877|RealtyMogul
10995116293997|4865014596978619142|2008558,00|1655710140906|TD Bank
30786325613965|4915680092786537223|7826819,00|1671273573607|Patch of Land
30786325613965|4916524517716669192|15943894,00|1671523143334|OneMain Financial
13194139579549|4903013718834557705|52541463,00|1667401113961|Chase Bank
13194139579549|4838837424144528138|58187045,00|1647678172931|TD Bank
24189255867309|4916243042739958539|56904392,00|1671461073288|LendingClub
24189255867309|4910613543205745420|91635096,00|1669702108737|Capital One
15393162865101|4868392296699147021|4060890,00|1656733241323|Fundbox
24189255817310|4913428292972851982|34050135,00|1670620482645|SoFi
21990232571758|4859666572421116687|82179787,00|1654056140344|Earnest
21990232571758|4865296071955329808|17619730,00|1655793815278|PNC Bank
21990232571758|4907798793438638865|92528094,00|1668833970667|Chase Bank
21990232571758|4904702568694821650|70189525,00|1667923126066|Bank of America
13194139569550|4750454281457382163|53153659,00|1620526446121|RealtyMogul
13194139569550|4776068504338051860|24973108,00|1628406781647|Fundrise
13194139569550|4868673771675857685|16978800,00|1656868572665|Chase Bank
13194139569550|4830393174843208470|53833083,00|1645116461824|Fundrise
13194139609550|4766216880153178903|72823515,00|1625314309123|RealtyMogul
13194139609550|4916524517716669208|65263845,00|1671495394802|Best Egg
4398046517343|4869236721629279001|32011907,00|1657038751746|RealtyMogul
4398046517343|4893725044603106074|8023453,00|1664527527350|BlueVine
28587302338415|4901606343951004443|16517249,00|1666929069513|State Farm Bank
15393162815103|4768750154943574812|76832891,00|1626152999330|Upstart
15393162815103|4866984921815593757|44809976,00|1656337714860|PNC Bank
15393162815103|4845874298562294558|99542476,00|1649789174028|Citibank
15393162815103|4885843745255207711|78127149,00|1662119201029|Rocket Loans
13194139569551|4803090102102274848|88549331,00|1636728773707|BlueVine
19791209346207|4913991242926273313|75286425,00|1670788203186|BlueVine
19791209346207|4889502919952446242|19328180,00|1663220876884|Avant
19791209346207|4882466045534679843|29841831,00|1661066232416|Capital One
56239|4735254632715006756|8329086,00|1615854723247|Chase Bank
8796093088447|4829267274936365861|70649791,00|1644722903637|SunTrust
8796093088447|4727373333367108390|87872293,00|1613413930967|Marcus by Goldman Sachs
8796093088447|4915117142833115943|8523969,00|1671074252764|Fundrise
6597069842895|4811815826380305192|5523449,00|1639323675143|Upstart
6597069842895|4778883254105158441|92458819,00|1629238512044|Best Egg
6597069842895|4823356300425442090|34012172,00|1642927793737|Funding Circle
6597069842895|4772127854664102699|39471804,00|1627205956509|BlueVine
2199023261792|4721180883879473964|24817575,00|1611561553373|Fundbox
16240|4686559461744063277|82210401,00|1600897203639|Kabbage
16240|4682055862116692782|31374174,00|1599526947454|LendingPoint
17592186070656|4845592823585583919|94904022,00|1649777165682|OnDeck
17592186070656|4863044272141644592|56736077,00|1655120488830|BlueVine
17592186070656|4909206168322192177|58577753,00|1669293974779|Funding Circle
4398046577344|4883028995488101170|56180609,00|1661261390957|Roofstock
4398046517345|4756928205921727283|65086160,00|1622485073465|LendingClub
4398046517345|4750454281457382196|24107801,00|1620526325062|Peerform
4398046517345|4772409329640813365|50894416,00|1627247698733|LendingClub
2199023281793|4714706959415128886|63599110,00|1609527360999|Earnest
28587302358417|4914554192879694647|87738046,00|1670924724833|Peerform
2199023321793|4717521709182235448|64087504,00|1610382646327|LendingPoint
2199023331793|4775224079407919929|27178643,00|1628138322531|RealtyMogul
26388279072866|4879369820790862650|99076038,00|1660106244129|Best Egg
26388279072866|4881340145627837243|38556872,00|1660755133935|US Bank
26388279072866|4881058670651126588|88092227,00|1660604006864|Funding Circle
21990232571762|4866140496885461821|79927947,00|1656079963320|Fundrise
21990232571762|4867829346745725758|33450056,00|1656537335420|US Bank
21990232571762|4900480444044161855|53065870,00|1666646996426|LightStream
21990232571762|4854037072886903616|42502301,00|1652363214449|Upgrade
2199023301794|4740039707319087937|71246796,00|1617320425453|RealtyMogul
56242|4823356300425442114|85802429,00|1642928020749|LightStream
2199023271795|4912302393066009411|15886648,00|1670232014169|TD Bank
21990232581763|4847281673445847876|90929756,00|1650223619830|SoFi
21990232591763|4884717845348365125|31065095,00|1661724749123|SunTrust
21990232591763|4914272717902984006|47486969,00|1670825989003|Wells Fargo
28587302368419|4908924693345481543|72174939,00|1669179629540|Upstart
28587302328420|4897665694277055304|567849,00|1665763531493|Rocket Loans
28587302328420|4900761919020872521|25431600,00|1666723123481|Best Egg
28587302328420|4912583868042720074|63051277,00|1670311968089|Upstart
28587302328420|4910332068229034827|62549223,00|1669596897222|Kabbage
24189255827316|4903013718834557772|84541861,00|1667361088955|LightStream
24189255827316|4864451647025197901|62918873,00|1655526905593|PNC Bank
4398046547348|4696974035882357582|82909701,00|1604119105491|Citibank
17592186090660|4856288872700588879|63214925,00|1653042065203|Earnest
17592186090660|4871207046466253648|35349714,00|1657582277983|Funding Circle
17592186090660|4880214245720994641|94582765,00|1660415413545|PNC Bank
56244|4812941726287147858|19706395,00|1639706830553|Marcus by Goldman Sachs
56244|4727654808343819091|43238286,00|1613501437423|Fundbox
15393162855108|4787327503406478164|5613692,00|1631872322177|SoFi
15393162855108|4901324868974293845|71399210,00|1666875081719|TD Bank
15393162855108|4855444447770456918|62178951,00|1652735506034|Upgrade
24189255817317|4898791594183897943|38956303,00|1666068050956|Capital One
24189255817317|4918494842553643864|79348370,00|1672132604459|RealtyMogul
24189255817317|4890910294835999577|30488117,00|1663635131374|LendingPoint
24189255817317|4869799671582700378|57506100,00|1657157857341|SoFi
28587302358421|4913146817996141403|58681097,00|1670495340424|Discover
28587302358421|4912865343019430748|80617669,00|1670445517814|Peerform
28587302358421|4903013718834557789|27824449,00|1667383347728|Capital One
28587302358421|4905828468601664350|22844207,00|1668226708734|OneMain Financial
21990232601765|4835459724424000351|85728940,00|1646622542813|Best Egg
15393162865109|4839118899121238880|22465580,00|1647759911706|Fundrise
15393162865109|4871488521442964321|88296970,00|1657730755140|Avant
15393162865109|4790423728150295394|35383790,00|1632795965016|Earnest
15393162795110|4781698003872265059|43672836,00|1630142586188|Discover
24189255827318|4853755597910192996|86524576,00|1652233097946|Best Egg
24189255827318|4886688170185339749|91222668,00|1662412637773|LendingClub
24189255827318|4888377020045603686|34514171,00|1662898786246|SunTrust
24189255827318|4878806870837441383|18771267,00|1659941065817|Rocket Loans
10995116304006|4900761919020872552|44996251,00|1666733194884|Fundbox
10995116314006|4750454281457382249|64118737,00|1620547148291|BlueVine
26388279122870|4897665694277055338|41757964,00|1665744101981|Earnest
26388279122870|4908361743392060267|52229870,00|1669039085069|Bank of America
2199023331798|4814349101170701164|38864472,00|1640162409828|OnDeck
2199023331798|4757772630851859309|75629047,00|1622759654734|PNC Bank
2199023331798|4795208802754376558|58994817,00|1634273454722|Patch of Land
19791209316215|4868955246652568431|12137588,00|1656903922263|Rocket Loans
19791209316215|4848126098375979888|75576935,00|1650503039010|TD Bank
19791209316215|4875147696140202865|31123887,00|1658792248078|Kabbage
8796093048455|4850096423212954482|86837689,00|1651128541243|TD Bank
8796093048455|4906672893531796339|9241481,00|1668535686960|Funding Circle
2199023291799|4870081146559411060|54080832,00|1657278849542|Earnest
15393162835111|4893725044603106165|7799458,00|1664495273112|LendingClub
15393162835111|4905546993624953718|83892976,00|1668173767070|SoFi
15393162835111|4845874298562294647|81860337,00|1649864049387|Earnest
15393162835111|4902450768881136504|24066049,00|1667208769081|OneMain Financial
10995116284008|4807312226752934777|66486030,00|1638020394213|Peerform
28587302348424|4900761919020872570|46330409,00|1666731003925|Bank of America
4398046547352|4685433561837220731|58642167,00|1600542680806|LendingClub
4398046547352|4699225835696042876|20292485,00|1604777388261|Wells Fargo
4398046547352|4673048662861951869|28152606,00|1596705460728|Upgrade
15393162855112|4827015475122680702|55284260,00|1644062558485|Marcus by Goldman Sachs
15393162855112|4772690804617524095|19403149,00|1627380677057|American Express
15393162855112|4843903973725320064|77871459,00|1649250679376|Patch of Land
15393162855112|4849251998282822529|8794424,00|1650905944809|Kabbage
76248|4648841814864835458|85800557,00|1589336698025|State Farm Bank
6249|4811815826380305283|50505870,00|1639387240788|Fundbox
4398046527353|4909769118275613572|62568368,00|1669503150009|SunTrust
30786325603977|4916243042739958661|35792753,00|1671429480720|RealtyMogul
30786325603977|4915680092786537350|85340975,00|1671301475585|Upgrade
10995116334009|4896821269346923399|94763810,00|1665522562825|Marcus by Goldman Sachs
17592186110665|4842778073818477448|45033914,00|1648864404915|Avant
76249|4885562270278497161|50604477,00|1662052150304|State Farm Bank
